[harness] tree 8130e4d
[SIM_TUNE] {"DAWN_LIVE":1,"STATE_RECORDS":1,"LAND_KNOW":1,"PEER_SEATS":1,"FOUND_DRIFT":1,"ABSORB_ORG_ERA":1,"TRIBUTE_UP":0.33,"ENGULF":8,"FEAR_REACH":1,"WAR_FINISH":1,"SMALL_WAR":8,"RELIEF_REACH":1,"EXCH_WAVE":3,"TECH_USE":1,"VASSAL_LEVY":0.5,"DISSOLVE_CORE":1,"SETT_STRIDE":3,"TRADE_STRIDE":5}
[peopleSim] hearth pin Nile picked at tile (138,40) (27.0E 30.0N) — maturity deferred to the stagger law
[peopleSim] hearth pin Mesopotamia picked at tile (149,38) (43.5E 33.0N) — maturity deferred to the stagger law
[peopleSim] hearth pin Indus picked at tile (167,41) (70.5E 28.5N) — maturity deferred to the stagger law
[peopleSim] hearth pin Yellow River picked at tile (196,38) (114.0E 33.0N) — maturity deferred to the stagger law
[peopleSim] hearth candidate at (138,40) (27.0E 30.0N) score 6.39 pkg=wheat(suit 0.92) — ARMED: ~974y of peopled-basin time from maturity
[peopleSim] hearth candidate at (149,38) (43.5E 33.0N) score 4.32 pkg=wheat(suit 0.69) — ARMED: ~1311y of peopled-basin time from maturity
[peopleSim] hearth candidate at (167,41) (70.5E 28.5N) score 6.34 pkg=wheat(suit 0.98) — ARMED: ~922y of peopled-basin time from maturity
[peopleSim] hearth candidate at (196,38) (114.0E 33.0N) score 4.11 pkg=rice(suit 0.81) — ARMED: ~3106y of peopled-basin time from maturity
[peopleSim] hearth candidate at (58,38) (-93.0E 33.0N) score 5.34 pkg=maize(suit 0.87) — ARMED: ~5148y of peopled-basin time from maturity
[peopleSim] hearth candidate at (111,53) (-13.5E 10.5N) score 1.76 pkg=sorghum(suit 0.64) — ARMED: ~3133y of peopled-basin time from maturity
[peopleSim] hearth candidate at (140,73) (30.0E -19.5N) score 1.32 pkg=tubers(suit 0.93) — ARMED: ~3243y of peopled-basin time from maturity
[peopleSim] hearth candidate at (77,72) (-64.5E -18.0N) score 0.87 pkg=tubers(suit 0.57) — ARMED: ~5283y of peopled-basin time from maturity
[peopleSim] hearth candidate at (31,23) (-133.5E 55.5N) score 0.50 — ARMED: ~13000y of peopled-basin time from maturity
[peopleSim] hearth candidate at (117,23) (-4.5E 55.5N) score 0.50 — ARMED: ~13000y of peopled-basin time from maturity

=== EGYPT AUTOPSY  480x240 (tw=240)  seed 8817  box lon 24..36 lat 20..33 (66 land tiles) ===
  step | box: sett  Σpeople | largest (people/urban  fed  dis  org) cid | realm@box: id  boxT  worldT   km²  mem  cap/load  fronts | field: Σpop  Σcap
[popField] worker pool engaged: 4 bands
[transHeap] step=24 cap=1024 peakN=0 pushes=0 (0.0MB backing)
   100 |   0       0 |   (none) |         (no realm owns the box) | 6017 19605
   200 |   0       0 |   (none) |         (no realm owns the box) | 6149 19605
   300 |   0       0 |   (none) |         (no realm owns the box) | 6282 19605
   400 |   0       0 |   (none) |         (no realm owns the box) | 6414 19605
   500 |   0       0 |   (none) |         (no realm owns the box) | 6547 19605
   600 |   0       0 |   (none) |         (no realm owns the box) | 6681 19605
   700 |   0       0 |   (none) |         (no realm owns the box) | 6814 19605
   800 |   0       0 |   (none) |         (no realm owns the box) | 6949 19605
   900 |   0       0 |   (none) |         (no realm owns the box) | 7084 19605
  1000 |   0       0 |   (none) |         (no realm owns the box) | 7219 19605
  1100 |   0       0 |   (none) |         (no realm owns the box) | 7355 19605
  1200 |   0       0 |   (none) |         (no realm owns the box) | 7491 19605
  1300 |   0       0 |   (none) |         (no realm owns the box) | 7628 19605
  1400 |   0       0 |   (none) |         (no realm owns the box) | 7765 19605
  1500 |   0       0 |   (none) |         (no realm owns the box) | 7902 19605
  1600 |   0       0 |   (none) |         (no realm owns the box) | 8039 19605
  1700 |   0       0 |   (none) |         (no realm owns the box) | 8177 19605
  1800 |   0       0 |   (none) |         (no realm owns the box) | 8315 19605
  1900 |   0       0 |   (none) |         (no realm owns the box) | 8452 19605
  2000 |   0       0 |   (none) |         (no realm owns the box) | 8590 19605
  2100 |   0       0 |   (none) |         (no realm owns the box) | 8729 19605
  2200 |   0       0 |   (none) |         (no realm owns the box) | 8867 19605
  2300 |   0       0 |   (none) |         (no realm owns the box) | 9005 19605
  2400 |   0       0 |   (none) |         (no realm owns the box) | 9143 19605
  2500 |   0       0 |   (none) |         (no realm owns the box) | 9280 19605
  2600 |   0       0 |   (none) |         (no realm owns the box) | 9418 19605
  2700 |   0       0 |   (none) |         (no realm owns the box) | 9555 19605
  2800 |   0       0 |   (none) |         (no realm owns the box) | 9692 19605
  2900 |   0       0 |   (none) |         (no realm owns the box) | 9829 19605
  3000 |   0       0 |   (none) |         (no realm owns the box) | 9965 19605
  3100 |   0       0 |   (none) |         (no realm owns the box) | 10101 19605
  3200 |   0       0 |   (none) |         (no realm owns the box) | 10237 19605
  3300 |   0       0 |   (none) |         (no realm owns the box) | 10372 19605
  3400 |   0       0 |   (none) |         (no realm owns the box) | 10506 19605
  3500 |   0       0 |   (none) |         (no realm owns the box) | 10640 19605
  3600 |   0       0 |   (none) |         (no realm owns the box) | 10773 19605
  3700 |   0       0 |   (none) |         (no realm owns the box) | 10905 19605
  3800 |   0       0 |   (none) |         (no realm owns the box) | 11037 19605
  3900 |   0       0 |   (none) |         (no realm owns the box) | 11168 19605
  4000 |   0       0 |   (none) |         (no realm owns the box) | 11298 19605
  4100 |   0       0 |   (none) |         (no realm owns the box) | 11427 19605
  4200 |   0       0 |   (none) |         (no realm owns the box) | 11555 19605
  4300 |   0       0 |   (none) |         (no realm owns the box) | 11682 19605
  4400 |   0       0 |   (none) |         (no realm owns the box) | 11808 19605
  4500 |   0       0 |   (none) |         (no realm owns the box) | 11934 19605
  4600 |   0       0 |   (none) |         (no realm owns the box) | 12058 19605
  4700 |   0       0 |   (none) |         (no realm owns the box) | 12181 19605
  4800 |   0       0 |   (none) |         (no realm owns the box) | 12303 19605
  4900 |   0       0 |   (none) |         (no realm owns the box) | 12424 19605
  5000 |   0       0 |   (none) |         (no realm owns the box) | 12544 19605
  5100 |   0       0 |   (none) |         (no realm owns the box) | 12662 19605
  5200 |   0       0 |   (none) |         (no realm owns the box) | 12780 19605
  5300 |   0       0 |   (none) |         (no realm owns the box) | 12896 19605
  5400 |   0       0 |   (none) |         (no realm owns the box) | 13010 19605
  5500 |   0       0 |   (none) |         (no realm owns the box) | 13124 19605
  5600 |   0       0 |   (none) |         (no realm owns the box) | 13236 19605
  5700 |   0       0 |   (none) |         (no realm owns the box) | 13347 19605
  5800 |   0       0 |   (none) |         (no realm owns the box) | 13457 19605
  5900 |   0       0 |   (none) |         (no realm owns the box) | 13565 19605
  6000 |   0       0 |   (none) |         (no realm owns the box) | 13672 19605
  6100 |   0       0 |   (none) |         (no realm owns the box) | 13778 19605
  6200 |   0       0 |   (none) |         (no realm owns the box) | 13882 19605
  6300 |   0       0 |   (none) |         (no realm owns the box) | 13985 19605
  6400 |   0       0 |   (none) |         (no realm owns the box) | 14086 19605
  6500 |   0       0 |   (none) |         (no realm owns the box) | 14187 19605
  6600 |   0       0 |   (none) |         (no realm owns the box) | 14285 19605
  6700 |   0       0 |   (none) |         (no realm owns the box) | 14383 19605
  6800 |   0       0 |   (none) |         (no realm owns the box) | 14478 19605
  6900 |   0       0 |   (none) |         (no realm owns the box) | 14573 19605
  7000 |   0       0 |   (none) |         (no realm owns the box) | 14666 19605
  7100 |   0       0 |   (none) |         (no realm owns the box) | 14758 19605
  7200 |   0       0 |   (none) |         (no realm owns the box) | 14848 19605
  7300 |   0       0 |   (none) |         (no realm owns the box) | 14937 19605
  7400 |   0       0 |   (none) |         (no realm owns the box) | 15025 19605
[peopleSim] AGRICULTURE INVENTED at (167,41) (70.5E 28.5N) — the basin farms; a city will rise when its market gathers one (score 6.34)
[peopleSim] AGRICULTURE INVENTED at (138,40) (27.0E 30.0N) — the basin farms; a city will rise when its market gathers one (score 6.39)
  7500 |   0       0 |   (none) |         (no realm owns the box) | 15111 19605
  7600 |   0       0 |   (none) |         (no realm owns the box) | 15195 19605
  7700 |   0       0 |   (none) |         (no realm owns the box) | 15279 19605
  7800 |   0       0 |   (none) |         (no realm owns the box) | 15361 19605
  7900 |   0       0 |   (none) |         (no realm owns the box) | 15442 19605
  8000 |   0       0 |   (none) |         (no realm owns the box) | 15521 19605
  8100 |   0       0 |   (none) |         (no realm owns the box) | 16230 323940
  8200 |   0       0 |   (none) |         (no realm owns the box) | 17199 323940
  8300 |   0       0 |   (none) |         (no realm owns the box) | 18288 323940
  8400 |   0       0 |   (none) |         (no realm owns the box) | 19498 323940
  8500 |   0       0 |   (none) |         (no realm owns the box) | 20835 323940
  8600 |   0       0 |   (none) |         (no realm owns the box) | 22302 323940
  8700 |   0       0 |   (none) |         (no realm owns the box) | 23905 336894
  8800 |   0       0 |   (none) |         (no realm owns the box) | 25653 336894
  8900 |   0       0 |   (none) |         (no realm owns the box) | 27527 336894
  9000 |   0       0 |   (none) |         (no realm owns the box) | 29537 336894
  9100 |   0       0 |   (none) |         (no realm owns the box) | 31679 336894
  9200 |   0       0 |   (none) |         (no realm owns the box) | 33955 336894
  9300 |   0       0 |   (none) |         (no realm owns the box) | 36372 336894
  9400 |   0       0 |   (none) |         (no realm owns the box) | 38945 350201
  9500 |   0       0 |   (none) |         (no realm owns the box) | 41691 350201
  9600 |   0       0 |   (none) |         (no realm owns the box) | 44600 350201
  9700 |   0       0 |   (none) |         (no realm owns the box) | 47672 350201
  9800 |   0       0 |   (none) |         (no realm owns the box) | 50910 350201
  9900 |   0       0 |   (none) |         (no realm owns the box) | 54315 350201
 10000 |   0       0 |   (none) |         (no realm owns the box) | 57888 350201
 10100 |   0       0 |   (none) |         (no realm owns the box) | 61670 363354
 10200 |   0       0 |   (none) |         (no realm owns the box) | 65654 363354
 10300 |   0       0 |   (none) |         (no realm owns the box) | 69829 363354
 10400 |   0       0 |   (none) |         (no realm owns the box) | 74192 363354
 10500 |   0       0 |   (none) |         (no realm owns the box) | 78739 363354
 10600 |   0       0 |   (none) |         (no realm owns the box) | 83469 363354
 10700 |   0       0 |   (none) |         (no realm owns the box) | 88385 377370
 10800 |   0       0 |   (none) |         (no realm owns the box) | 93558 377370
 10900 |   0       0 |   (none) |         (no realm owns the box) | 98932 377370
 11000 |   0       0 |   (none) |         (no realm owns the box) | 104494 377370
 11100 |   0       0 |   (none) |         (no realm owns the box) | 110233 377370
 11200 |   0       0 |   (none) |         (no realm owns the box) | 116140 377370
 11300 |   0       0 |   (none) |         (no realm owns the box) | 122204 377370
 11400 |   0       0 |   (none) |         (no realm owns the box) | 128469 386108
 11500 |   0       0 |   (none) |         (no realm owns the box) | 134954 386110
 11600 |   0       0 |   (none) |         (no realm owns the box) | 141572 386115
 11700 |   0       0 |   (none) |         (no realm owns the box) | 148300 386124
 11800 |   0       0 |   (none) |         (no realm owns the box) | 155119 386159
 11900 |   0       0 |   (none) |         (no realm owns the box) | 162020 386337
 12000 |   0       0 |   (none) |         (no realm owns the box) | 168998 386675
 12100 |   0       0 |   (none) |         (no realm owns the box) | 176176 394582
 12200 |   0       0 |   (none) |         (no realm owns the box) | 183450 395232
 12300 |   0       0 |   (none) |         (no realm owns the box) | 190759 396125
 12400 |   0       0 |   (none) |         (no realm owns the box) | 198087 397315
[peopleSim] AGRICULTURE INVENTED at (149,38) (43.5E 33.0N) — the basin farms; a city will rise when its market gathers one (score 4.32)
 12500 |   0       0 |   (none) |         (no realm owns the box) | 205429 398975
 12600 |   0       0 |   (none) |         (no realm owns the box) | 212790 401249
 12700 |   0       0 |   (none) |         (no realm owns the box) | 220203 412062
 12800 |   0       0 |   (none) |         (no realm owns the box) | 227880 415168
 12900 |   0       0 |   (none) |         (no realm owns the box) | 235596 418845
 13000 |   0       0 |   (none) |         (no realm owns the box) | 243361 423057
 13100 |   0       0 |   (none) |         (no realm owns the box) | 251179 427769
 13200 |   0       0 |   (none) |         (no realm owns the box) | 259055 432944
 13300 |   0       0 |   (none) |         (no realm owns the box) | 266998 438551
 13400 |   0       0 |   (none) |         (no realm owns the box) | 275146 453084
 13500 |   2      30 | Ňěňní         15/    0 0.00 0.00 0.28 c-1 |         (no realm owns the box) | 283548 459241
 13600 |   6    8962 | Ňěňní       5679/  330 0.99 0.00 0.28 c-1 |         (no realm owns the box) | 291485 467498
 13700 |  10    9975 | Ňěňní       5816/  338 0.99 0.00 0.29 c-1 |         (no realm owns the box) | 298950 474273
 13800 |  14   10345 | Ňěňní       5968/  347 1.00 0.04 0.29 c-1 |         (no realm owns the box) | 306785 481384
 13900 |  18   10698 | Ňěňní       6125/  356 1.00 0.04 0.29 c-1 |         (no realm owns the box) | 314856 488776
 14000 |  22   11049 | Ňěňní       6286/  365 1.00 0.04 0.30 c-1 |         (no realm owns the box) | 323137 496465
 14100 |  25   11401 | Ňěňní       6454/  374 0.83 0.08 0.31 c-1 |         (no realm owns the box) | 331862 513733
 14200 |  26   11761 | Ňěňní       6654/  384 0.74 0.08 0.31 c-1 |         (no realm owns the box) | 340705 521694
 14300 |  26   12080 | Ňěňní       6827/  394 0.65 0.08 0.32 c-1 |         (no realm owns the box) | 349627 529895
 14400 |  27   12382 | Ňěňní       6990/  403 0.57 0.11 0.32 c-1 |         (no realm owns the box) | 357956 538509
 14500 |  28   12664 | Ňěňní       7130/  412 0.53 0.11 0.33 c-1 |         (no realm owns the box) | 365129 547056
 14600 |  32   11884 | Ňěňní       6318/  421 0.48 0.11 0.34 c-1 |         (no realm owns the box) | 372752 556473
 14700 |  37   12244 | Ňěňní       6459/  429 0.44 0.15 0.34 c-1 |         (no realm owns the box) | 381020 568432
 14800 |  40   12563 | Ňěňní       6598/  438 0.42 0.15 0.35 c-1 |         (no realm owns the box) | 389135 577307
 14900 |  41   12815 | Ňěňní       6641/  446 0.54 0.15 0.35 c1 |         (no realm owns the box) | 393002 554259
 15000 |  41   13072 | Ňěňní       6737/  452 0.64 0.19 0.36 c1 |    1   20     20   501k    1  -/-   0 | 399111 563673
 15100 |  42   13373 | Ňěňní       6871/  460 0.73 0.19 0.37 c1 |    1   20     20   501k    1  -/-   0 | 406300 569613
 15200 |  40   13586 | Ňěňní       6624/  470 0.79 0.19 0.37 c1 |    1   23     23   577k    1  -/-   0 | 393269 578142
 15300 |  41   14690 | Ňěňní      10165/  458 0.83 0.22 0.38 c1 |    1   22     22   550k    1  -/-   0 | 395814 585093
 15400 |  35   14858 | Ňěňní      10478/   47 0.60 0.22 0.39 c1 |    1   22     22   550k    3  16/0   1 | 403760 602461
 15500 |  39   13864 | Fùlpū       8964/  167 0.04 0.21 0.37 c7 |    1   18     18   451k   16  27/62   1 | 397805 618322
 15600 |  35   14723 | Fùlpū       9185/  415 0.03 0.25 0.37 c7 |    1   21     21   525k   16  27/62   1 | 411281 617546
 15700 |  39   14459 | Fùlpū       9358/  112 0.10 0.25 0.38 c7 |    1   20     20   500k   16  11/60   0 | 405772 624260
 15800 |  39   14741 | Fùlpū       9559/  148 0.22 0.25 0.38 c7 |    1   20     20   500k   16  13/60   0 | 415032 631427
 15900 |  43   15442 | Fùlpū      10186/  461 0.44 0.29 0.38 c7 |    1   21     21   525k   16  13/60   0 | 431542 639844
 16000 |  43   15737 | Fùlpū      10401/  234 0.60 0.29 0.39 c7 |    1   20     20   500k   15  9/60   0 | 428625 646744
 16100 |  47   16072 | Fùlpū      10644/  154 0.72 0.29 0.39 c7 |    1   20     20   500k   13  9/47   0 | 434525 667930
 16200 |  47   18576 | Fùlpū      11274/  515 0.80 0.32 0.40 c7 |    1   21     21   525k   13  9/47   0 | 454474 676330
 16300 |  48   17945 | Fùlpū      11510/  347 0.85 0.32 0.40 c7 |    1   22     22   550k   12  8/41   0 | 453468 689811
 16400 |  42   18619 | Fùlpū      11751/  165 0.79 0.32 0.41 c7 |    1   22     22   550k    5  16/9   0 | 427488 695830
 16500 |  46   16682 | Fùlpū       8540/  560 0.85 0.36 0.41 c7 |    7   16     37   971k   38  9/87   0 | 447143 685280
 16600 |  46   15728 | Fùlpū       7716/  361 0.89 0.36 0.42 c7 |    7   17     27   704k   45  18/115   0 | 441365 699088
 16700 |  48   16223 | Fùlpū       8126/  157 0.92 0.36 0.43 c7 |    7   17     27   704k   43  5/89   0 | 444516 704215
 16800 |  48   13076 | Fùlpū       4982/  583 0.83 0.39 0.43 c7 |   49   15     15   377k    2  6/0   1 | 464176 709368
 16900 |  48   12278 | Fùlpū       4088/  540 0.74 0.39 0.44 c7 |   49   14     14   351k    2  50/0   1 | 472875 715974
 17000 |  49   12606 | Fùlpū       4374/  390 0.57 0.39 0.44 c7 |   49   15     15   377k    2  49/0   0 | 480317 708699
 17100 |  51   12441 | Fùlpū       4149/  666 0.41 0.41 0.45 c7 |   49   15     15   377k    2  49/0   0 | 493452 708878
 17200 |  48   11786 | Ňěňní       3615/  539 0.03 0.39 0.38 c49 |   49   17     17   427k    4  34/4   0 | 499089 732411
 17300 |  52   11858 | Ňěňní       3961/  570 0.02 0.39 0.39 c49 |   49   16     16   402k    9  31/13   0 | 522335 742783
 17400 |  48   12160 | Ňěňní       4088/  586 0.11 0.42 0.41 c49 |   49   16     16   402k    9  31/13   0 | 535027 763540
 17500 |  52   12185 | Ňěňní       4176/  596 0.14 0.42 0.42 c49 |   49   19     19   475k    9  22/14   0 | 539514 762559
 17600 |  48   11349 | Ňěňní       4166/  159 0.10 0.42 0.43 c49 |   49   18     18   450k   10  26/15   0 | 533884 768895
 17700 |  53   11330 | Ňěňní       4014/   74 0.07 0.44 0.44 c49 |   49   18     18   450k   10  26/15   0 | 527064 768167
 17800 |  52   12790 | Ňěňní       4365/  492 0.05 0.44 0.45 c49 |   49   14     14   349k   14  280/23   1 | 536978 748537
 17900 |  55   12271 | Moessyomoe    4196/  699 0.31 0.22 0.52 c115 |  215   17     17   433k    2  44/0   0 | 545228 762617
 18000 |  55   12270 | Lụ̄nlākò   4047/  688 0.65 0.06 0.46 c215 |  215   19     19   484k    2  44/0   0 | 553260 773858
 18100 |  55   12237 | Lụ̄nlākò   3906/  112 0.46 0.06 0.47 c215 |  215   19     19   484k    5  21/3   4 | 555811 789785
 18200 |  57    9091 | Lụ̄nlākò   4027/  590 0.33 0.06 0.48 c215 |  215   20     20   510k    7  83/9   0 | 578484 811509
 18300 |  57   10074 | Lụ̄nlākò   4449/  788 0.27 0.11 0.49 c215 |  211   11     11   266k    0  -/-   0 | 594182 808426
 18400 |  60   10080 | Lụ̄nlākò   4416/  811 0.19 0.11 0.50 c215 |  211   11     11   266k    2  44/0   0 | 583356 815290
 18500 |  59   10854 | Lòtākú     3665/  840 0.29 0.07 0.50 c235 |   88   13     14   341k    1  9/2   0 | 580311 823786
 18600 |  59   16101 | Hǐlňà       3712/  839 0.17 0.13 0.50 c240 |   88   16     16   391k    1  9/2   0 | 586262 858931
 18700 |  60   12804 | Hǐlňà       3641/  778 0.22 0.13 0.51 c240 |   88   16     16   391k    2  72/0   0 | 589634 835331
 18800 |  57    9629 | Bamdu         3453/  679 0.15 0.15 0.56 c88 |   88   16     20   488k    3  32/1   0 | 614435 879341
[peopleSim] AGRICULTURE INVENTED at (196,38) (114.0E 33.0N) — the basin farms; a city will rise when its market gathers one (score 4.11)
 18900 |  27   13256 | Yútrụ̄ị    3845/  936 0.89 0.03 0.52 c276 |  276   26     26   669k    1  -/-   0 | 617952 822458
[peopleSim] AGRICULTURE INVENTED at (111,53) (-13.5E 10.5N) — the basin farms; a city will rise when its market gathers one (score 1.76)
 19000 |  34   13107 | Bamdu         3589/   98 0.27 0.20 0.57 c88 |  276   26     26   669k    4  32/1   0 | 605890 830627
 19100 |  35   16583 | Yútrụ̄ị    5324/  799 0.46 0.03 0.53 c276 |  276   20     20   515k    4  52/2   0 | 600678 818039
[peopleSim] AGRICULTURE INVENTED at (140,73) (30.0E -19.5N) — the basin farms; a city will rise when its market gathers one (score 1.32)
 19200 |  39    9609 | Yútrụ̄ị    3918/  833 0.33 0.06 0.53 c276 |  276   20     20   515k    4  52/2   0 | 597188 962589
 19300 |  43   14463 | Tasrifughazy  4744/  852 0.38 0.04 0.46 c365 |  365   20     20   499k    4  21/2   2 | 607010 894782
 19400 |  46   14629 | Ňěňní       4986/  270 0.03 0.51 0.43 c276 |  365   20     20   499k    8  31/11   0 | 618744 907099
 19500 |  50   14388 | Ňěňní       5010/  382 0.19 0.53 0.44 c276 |  365   10     10   250k    8  31/11   0 | 607745 909436
 19600 |  54   14250 | Yútrụ̄ị    4623/ 1058 0.09 0.07 0.53 c341 |  448   19     21   540k    1  -/-   0 | 624586 863860
 19700 |  58   14187 | Yútrụ̄ị    4464/  960 0.07 0.07 0.54 c341 |  448   19     21   540k    5  26/5   2 | 621891 868833
 19800 |  62   18547 | Ìltù        5399/  971 0.85 0.06 0.55 c448 |  365   17     17   429k    8  28/15   0 | 625240 864780
[peopleSim] hearth candidate at (117,23) (-4.5E 55.5N) stood down — the farming package arrived before it was invented
 19900 |  62   14251 | Ìltù        4625/  434 0.68 0.06 0.55 c448 |  448   22     24   618k    5  27/1   2 | 590142 868356
 20000 |  56   13711 | Ìltù        4539/  731 0.49 0.06 0.56 c448 |  448   22     24   618k    5  66/1   2 | 581456 870853
 20100 |  27   13130 | Ìltù        4901/  832 0.35 0.11 0.56 c448 |  448   22     24   618k    5  66/1   2 | 581163 785169
 20200 |  31   13067 | Ìltù        4811/  583 0.25 0.11 0.56 c448 |  448   23     25   643k    8  60/5   1 | 576493 786494
 20300 |  35   13289 | Ìltù        5007/  224 0.18 0.11 0.57 c448 |  448   23     25   643k   15  52/18   0 | 584872 790138
 20400 |  39   11475 | Ňěňní       5335/  538 0.01 0.54 0.37 c448 |  365   22     23   579k    1  22/12   0 | 618183 1015821
 20500 |  44   14358 | Yútrụ̄ị    4665/  991 0.01 0.18 0.35 c305 |  365   20     21   529k    1  22/12   0 | 627109 972612
 20600 |  48   14156 | Ìltù        4473/  971 0.07 0.15 0.58 c464 |  504   11     11   267k    2  25/0   1 | 627358 858539
 20700 |  51   14240 | Ìltù        4087/  878 0.20 0.19 0.59 c464 |  504   11     11   267k    2  25/0   1 | 615970 852229
 20800 |  54   13737 | Sǎfǎkò     2795/  917 0.51 0.04 0.59 c664 |  504   13     13   316k    3  52/1   0 | 620483 851649
 20900 |  58   15244 | Sǎfǎkò     2674/  267 0.36 0.04 0.61 c664 |  504   13     13   316k    5  34/11   0 | 630540 893531
 21000 |  62   15492 | Sǎfǎkò     2635/  267 0.26 0.09 0.62 c664 |  504   13     13   316k    5  34/11   0 | 647514 866865
[peopleSim] hearth candidate at (31,23) (-133.5E 55.5N) stood down — the farming package arrived before it was invented
 21100 |  66   12876 | Ǎịmrà      2209/ 1017 0.01 0.32 0.40 c464 |    1   18     21   534k    3  28/0   2 | 622244 842963
 21200 |  65   12151 | Zyep'atzyugg  4463/  511 0.34 0.03 0.60 c1 |  700   23     32   808k    1  -/-   0 | 604193 893918
 21300 |  49   12078 | Zyep'atzyugg  4396/  761 0.25 0.06 0.61 c1 |    1   28     31   778k    5  62/4   2 | 604001 889329
 21400 |  54   14795 | Ňěňní       6035/  709 0.04 0.56 0.35 c1 |    1   21     22   557k    4  49/4   1 | 605429 1034733
 21500 |  58   15256 | Ňěňní       5116/  763 0.14 0.56 0.37 c1 |    1   21     24   608k   13  44/319   0 | 602422 895077
 21600 |  63   15466 | Ňěňní       5720/  848 0.13 0.58 0.39 c1 |   88   13     15   366k    4  42/3   1 | 606978 881502
 21700 |  64   15896 | Ňěňní       6259/  931 0.10 0.58 0.41 c1 |   88   13     15   366k    4  24/20   2 | 641480 871993
 21800 |  52   18683 | Zyep'atzyugg  4483/  860 0.05 0.10 0.64 c746 |  837    9      9   226k    2  45/0   0 | 629056 780038
 21900 |  55   19728 | Ìltù        4309/  810 0.05 0.30 0.56 c829 |  676   13     16   415k    1  -/-   0 | 602842 800334
 22000 |  59   19703 | Ìltù        4769/  734 0.14 0.30 0.58 c829 |  676   13     16   415k    5  34/4   2 | 584353 761556
 22100 |  60   16645 | Zyep'atzyugy  3852/  385 0.12 0.07 0.66 c837 |  676   17     20   516k    6  105/11   0 | 607204 964296
[peopleSim] hearth candidate at (58,38) (-93.0E 33.0N) stood down — the farming package arrived before it was invented
[transHeap] step=22200 cap=2048 peakN=1104 pushes=8755 (0.0MB backing)
 22200 |  62   19582 | Lụ̄nlākò   4728/ 1107 0.16 0.40 0.28 c930 |  676   18     22   568k    6  105/11   0 | 606972 883994
 22300 |  62   16350 | Lụ̄nlākò   5521/ 1144 0.19 0.40 0.30 c930 |  676   18     21   542k    9  38/20   0 | 608696 891760
 22400 |  61    9189 | Fùppīkú    2932/  293 0.01 0.28 0.57 c700 |  900   15     18   454k    2  23/0   4 | 593618 933055
 22500 |  53    8659 | Fùppīkú    2926/  293 0.01 0.32 0.59 c700 |  837   24     25   619k    2  1/0   0 | 596515 945963
 22600 |  55    8596 | Fùppīkú    2920/  292 0.00 0.32 0.61 c700 |  837   24     25   619k    6  26/5   3 | 602108 939577
 22700 |  57   14483 | Ňěňní       6190/ 1122 0.03 0.58 0.19 c215 |  215   18     18   456k    4  26/4   0 | 648413 898353
 22800 |  62   18610 | Ňěňní       8316/ 1050 0.03 0.59 0.21 c215 | 1062   11     12   291k    3  22/2   3 | 695979 1123765
 22900 |  63   19193 | Lụ̄nlākò   6009/ 1120 0.03 0.42 0.36 c1158 | 1158   17     24   614k    1  -/-   0 | 724027 1027761
 23000 |  59   19604 | Yuposryamfap  6256/ 1295 0.14 0.16 0.33 c933 | 1158   17     24   614k    7  47/44   0 | 682835 1020386
 23100 |  54   23423 | Lụ̄nlākò   6497/  896 0.35 0.45 0.40 c1158 | 1155   19     29   747k    1  -/-   0 | 695037 1032095
 23200 |  58   24286 | Yuposryamfap  6409/  641 0.10 0.21 0.37 c933 | 1062   14     15   368k    9  27/73   0 | 681711 836674
 23300 |  60   22313 | Yuposryamfap  6404/  640 0.07 0.21 0.38 c933 | 1062   14     15   368k   14  23/89   0 | 627027 825417
 23400 |  63   26779 | Yuposryamfap  6399/  640 0.05 0.25 0.41 c933 |  676   12     12   309k    5  37/11   0 | 626442 769571
[peopleSim] hearth candidate at (77,72) (-64.5E -18.0N) stood down — the farming package arrived before it was invented
 23500 |  63   23339 | Yuposryamfap  6395/  639 0.03 0.25 0.43 c933 | 1062   15     16   392k   17  18/89   1 | 600385 686951
 23600 |  55   20395 | Yuposryamfap  6391/  639 0.03 0.25 0.45 c933 | 1062   15     16   392k   16  62/70   1 | 578842 688344
 23700 |  58   18992 | Yuposryamfap  6388/  639 0.02 0.29 0.47 c933 |  676   12     14   361k    2  90/0   0 | 547060 701432
 23800 |  60   22612 | Yuposryamfap  6385/  638 0.01 0.29 0.49 c933 | 1262   20     22   560k    1  -/-   0 | 543932 905983
 23900 |  62   22681 | Yuposryamfap  6516/  652 0.01 0.29 0.51 c933 | 1262   20     22   560k    1  -/-   0 | 551055 894557
 24000 |  64   21455 | Yuposryamfap  6519/  652 0.01 0.33 0.53 c933 |  907   16     16   406k    2  1/0   0 | 566647 976565
 24100 |  62   24249 | Yuposryamfap  6500/  650 0.00 0.33 0.55 c933 |  907   17     18   456k    5  36/2   2 | 541732 643016
 24200 |  48   23833 | Yuposryamfap  6483/  648 0.00 0.33 0.57 c933 |  907   19     20   506k    7  49/9   0 | 523175 639536
 24300 |  52   22779 | Yuposryamfap  6468/  647 0.00 0.37 0.59 c933 |  907   19     20   506k    7  49/9   0 | 496965 639464
 24400 |  51   14442 | Pithamb       3518/  352 0.03 0.19 0.76 c1270 |  907   19     20   506k   14  27/77   1 | 482449 902938
 24500 |  51   13730 | Ňěňní       3918/  608 0.05 0.58 0.28 c907 | 1441   16     19   487k    1  -/-   0 | 489400 880724
 24600 |  55   14214 | Ňěňní       4467/  706 0.04 0.59 0.23 c1220 | 1441   16     19   487k    1  -/-   0 | 528758 882142
 24700 |  57   14230 | Pithamb       3461/  346 0.01 0.23 0.77 c1270 | 1198   17     24   609k    4  53/3   0 | 537009 757819
 24800 |  57   13660 | Pithamb       3164/  316 0.01 0.23 0.78 c1270 | 1441   21     23   591k    1  -/-   0 | 527157 837444
 24900 |  54   13537 | Ǔptǔkú     3100/  671 0.15 0.12 0.73 c1441 | 1441   21     23   591k    1  -/-   0 | 537231 818851
 25000 |  52   12150 | Ǔptǔkú     3760/  631 0.11 0.12 0.74 c1441 |  676   27     29   744k    2  76/0   0 | 504066 631014

=== THE EVENT LOG, EGYPT BOX, steps 9000+ (the sim's own record — not inferred) ===
  -- complete type histogram (3057 events; the listing below may truncate) --
       968  settlement.founded
       521  war.began
       309  war.ended
       237  settlement.abandoned
       150  settlement.dissolved
       103  market.dearth
       101  polity.submitted
       100  plague.outbreak
        94  settlement.withered
        81  polity.ended
        64  settlement.annexed
        58  war.indemnity
        51  settlement.tier
        46  polity.shattered
        45  polity.seceded
        43  succession.crisis
        25  famine.struck
        14  polity.receded
        13  settlement.lapsed
        11  polity.restored
         8  town.planted
         7  polity.founded
         3  slave.revolt
         2  polity.tablet
         2  plague.virginSoil
         1  war.claimWon
   13500  settlement.founded     s=1 sName=Ňěňní kind=cradle
          └ Ňěňní was founded at the dawn of civilisation.
   13500  settlement.founded     s=1 sName=Ňěňní city=1
          └ The city of Ňěňní arose.
   13500  settlement.founded     s=2 sName=Fùlpū kind=crystallized
          └ Fùlpū was founded.
   13500  settlement.founded     s=2 sName=Fùlpū city=1
          └ The city of Fùlpū arose.
   13525  settlement.founded     s=3 sName=Kèňtọ̄ị kind=crystallized
          └ Kèňtọ̄ị was founded.
   13525  settlement.founded     s=3 sName=Kèňtọ̄ị city=1
          └ The city of Kèňtọ̄ị arose.
   13537  settlement.tier        s=2 sName=Fùlpū
          └ Fùlpū grew into a metropolis (408,000 souls).
   13550  settlement.founded     s=4 sName=Fōnfǐu kind=crystallized
          └ Fōnfǐu was founded.
   13550  settlement.founded     s=4 sName=Fōnfǐu city=1
          └ The city of Fōnfǐu arose.
   13575  settlement.founded     s=5 sName=Nāthị̌ kind=crystallized
          └ Nāthị̌ was founded.
   13575  settlement.founded     s=5 sName=Nāthị̌ city=1
          └ The city of Nāthị̌ arose.
   13576  market.dearth          s=2 sName=Fùlpū
          └ Dearth in Fùlpū — bread at famine prices in the market.
   13600  settlement.founded     s=6 sName=Lǎxkòu kind=crystallized
          └ Lǎxkòu was founded.
   13600  settlement.founded     s=6 sName=Lǎxkòu city=1
          └ The city of Lǎxkòu arose.
   13600  polity.founded         how=tribal from=-1 name=Thaphobya
          └ Thaphobya took their valley as a nation of the land.
   13625  settlement.founded     s=8 sName=Sǔsfá kind=crystallized
          └ Sǔsfá was founded.
   13625  settlement.founded     s=8 sName=Sǔsfá city=1
          └ The city of Sǔsfá arose.
   13650  settlement.founded     s=9 sName=Fǒptàị kind=crystallized
          └ Fǒptàị was founded.
   13650  settlement.founded     s=9 sName=Fǒptàị city=1
          └ The city of Fǒptàị arose.
   13675  settlement.founded     s=10 sName=Ňúpīkò kind=crystallized
          └ Ňúpīkò was founded.
   13675  settlement.founded     s=10 sName=Ňúpīkò city=1
          └ The city of Ňúpīkò arose.
   13700  settlement.founded     s=11 sName=Ňǐlňà kind=crystallized
          └ Ňǐlňà was founded.
   13700  settlement.founded     s=11 sName=Ňǐlňà city=1
          └ The city of Ňǐlňà arose.
   13725  settlement.founded     s=12 sName=Xòufpù kind=crystallized
          └ Xòufpù was founded.
   13725  settlement.founded     s=12 sName=Xòufpù city=1
          └ The city of Xòufpù arose.
   13750  settlement.founded     s=13 sName=Lǎlpù kind=crystallized
          └ Lǎlpù was founded.
   13750  settlement.founded     s=13 sName=Lǎlpù city=1
          └ The city of Lǎlpù arose.
   13775  settlement.founded     s=14 sName=Tàstù kind=crystallized
          └ Tàstù was founded.
   13775  settlement.founded     s=14 sName=Tàstù city=1
          └ The city of Tàstù arose.
   13800  settlement.founded     s=15 sName=Ňěxkòu kind=crystallized
          └ Ňěxkòu was founded.
   13800  settlement.founded     s=15 sName=Ňěxkòu city=1
          └ The city of Ňěxkòu arose.
   13825  settlement.founded     s=16 sName=Nīpsē kind=crystallized
          └ Nīpsē was founded.
   13825  settlement.founded     s=16 sName=Nīpsē city=1
          └ The city of Nīpsē arose.
   13850  settlement.founded     s=17 sName=Lẹ́fị̌kú kind=crystallized
          └ Lẹ́fị̌kú was founded.
   13850  settlement.founded     s=17 sName=Lẹ́fị̌kú city=1
          └ The city of Lẹ́fị̌kú arose.
   13875  settlement.founded     s=18 sName=Fōnfǐu kind=crystallized
          └ Fōnfǐu was founded.
   13875  settlement.founded     s=18 sName=Fōnfǐu city=1
          └ The city of Fōnfǐu arose.
   13900  settlement.founded     s=19 sName=Hǐlhụ̌ kind=crystallized
          └ Hǐlhụ̌ was founded.
   13900  settlement.founded     s=19 sName=Hǐlhụ̌ city=1
          └ The city of Hǐlhụ̌ arose.
   13925  settlement.founded     s=20 sName=Xóuňpì kind=crystallized
          └ Xóuňpì was founded.
   13925  settlement.founded     s=20 sName=Xóuňpì city=1
          └ The city of Xóuňpì arose.
   13950  settlement.founded     s=21 sName=Lá kind=crystallized
          └ Lá was founded.
   13950  settlement.founded     s=21 sName=Lá city=1
          └ The city of Lá arose.
   13975  settlement.founded     s=22 sName=Lụ́ňpì kind=crystallized
          └ Lụ́ňpì was founded.
   13975  settlement.founded     s=22 sName=Lụ́ňpì city=1
          └ The city of Lụ́ňpì arose.
   14000  settlement.founded     s=23 sName=Mīnglì kind=crystallized
          └ Mīnglì was founded.
   14000  settlement.founded     s=23 sName=Mīnglì city=1
          └ The city of Mīnglì arose.
   14025  settlement.founded     s=24 sName=Ňúpī kind=crystallized
          └ Ňúpī was founded.
   14025  settlement.founded     s=24 sName=Ňúpī city=1
          └ The city of Ňúpī arose.
   14050  settlement.founded     s=25 sName=Lǎtlà kind=crystallized
          └ Lǎtlà was founded.
   14050  settlement.founded     s=25 sName=Lǎtlà city=1
          └ The city of Lǎtlà arose.
   14075  settlement.founded     s=26 sName=Xòutà kind=crystallized
          └ Xòutà was founded.
   14075  settlement.founded     s=26 sName=Xòutà city=1
          └ The city of Xòutà arose.
   14175  settlement.founded     s=27 sName=Fòutrọ̌ị kind=crystallized
          └ Fòutrọ̌ị was founded.
   14175  settlement.founded     s=27 sName=Fòutrọ̌ị city=1
          └ The city of Fòutrọ̌ị arose.
   14325  settlement.founded     s=28 sName=Pọ̄ịtrọ́ịkò kind=crystallized
          └ Pọ̄ịtrọ́ịkò was founded.
   14325  settlement.founded     s=28 sName=Pọ̄ịtrọ́ịkò city=1
          └ The city of Pọ̄ịtrọ́ịkò arose.
   14410  market.dearth          s=2 sName=Fùlpū
          └ Dearth in Fùlpū — bread at famine prices in the market.
   14500  settlement.founded     s=29 sName=Kèlhụ̌ kind=crystallized
          └ Kèlhụ̌ was founded.
   14500  settlement.founded     s=29 sName=Kèlhụ̌ city=1
          └ The city of Kèlhụ̌ arose.
   14525  settlement.founded     s=31 sName=Sùlhụ̌ kind=crystallized
          └ Sùlhụ̌ was founded.
   14525  settlement.founded     s=31 sName=Sogyoepa city=1
          └ The city of Sogyoepa arose.
   14550  settlement.founded     s=32 sName=Omomessi kind=crystallized
          └ Omomessi was founded.
   14550  settlement.founded     s=32 sName=Omomessi city=1
          └ The city of Omomessi arose.
   14575  settlement.founded     s=33 sName=Dumomoi kind=crystallized
          └ Dumomoi was founded.
   14575  settlement.founded     s=33 sName=Dumomoi city=1
          └ The city of Dumomoi arose.
   14600  settlement.founded     s=34 sName=Dosudu kind=crystallized
          └ Dosudu was founded.
   14600  settlement.founded     s=34 sName=Dosudu city=1
          └ The city of Dosudu arose.
   14625  settlement.founded     s=35 sName=Umkyoi kind=crystallized
          └ Umkyoi was founded.
   14625  settlement.founded     s=35 sName=Umkyoi city=1
          └ The city of Umkyoi arose.
   14650  settlement.founded     s=36 sName=Rimmopuiky kind=crystallized
          └ Rimmopuiky was founded.
   14650  settlement.founded     s=36 sName=Rimmopuiky city=1
          └ The city of Rimmopuiky arose.
   14675  settlement.founded     s=37 sName=Mumommoe kind=crystallized
          └ Mumommoe was founded.
   14675  settlement.founded     s=37 sName=Mumommoe city=1
          └ The city of Mumommoe arose.
   14675  settlement.founded     s=38 sName=Tàịňnī kind=crystallized
          └ Tàịňnī was founded.
   14675  settlement.founded     s=38 sName=Tàịňnī city=1
          └ The city of Tàịňnī arose.
   14700  settlement.founded     s=39 sName=Nokyopa kind=crystallized
          └ Nokyopa was founded.
   14700  settlement.founded     s=39 sName=Nokyopa city=1
          └ The city of Nokyopa arose.
   14725  settlement.founded     s=40 sName=Bommodu kind=crystallized
          └ Bommodu was founded.
   14725  settlement.founded     s=40 sName=Bommodu city=1
          └ The city of Bommodu arose.
   14750  settlement.founded     s=41 sName=Pomponsomdu kind=crystallized
          └ Pomponsomdu was founded.
   14750  settlement.founded     s=41 sName=Pomponsomdu city=1
          └ The city of Pomponsomdu arose.
   14775  settlement.founded     s=42 sName=Togyomuky kind=crystallized
          └ Togyomuky was founded.
   14775  settlement.founded     s=42 sName=Togyomuky city=1
          └ The city of Togyomuky arose.
   14900  settlement.founded     s=43 sName=Èňkū kind=crystallized
          └ Èňkū was founded.
   14900  settlement.founded     s=43 sName=Èňkū city=1
          └ The city of Èňkū arose.
   15025  settlement.founded     s=44 sName=Pismoe kind=crystallized
          └ Pismoe was founded.
   15025  settlement.founded     s=44 sName=Pismoe city=1
          └ The city of Pismoe arose.
   15100  polity.founded         how=tribal from=-1 name=Nosyus
          └ Nosyus took their valley as a nation of the land.
   15120  polity.tablet          s=2 sName=Fùlpū name=Thaphobya
          └ The court of Fùlpū took up the tablet — Thaphobya became a state of rolls, tax and law.
   15120  polity.tablet          s=44 sName=Pismoe name=Nosyus
          └ The court of Pismoe took up the tablet — Nosyus became a state of rolls, tax and law.
   15125  settlement.founded     s=46 sName=Zyibayamphibta kind=crystallized
          └ Zyibayamphibta was founded.
   15125  settlement.founded     s=46 sName=Zyibayamphibta city=1
          └ The city of Zyibayamphibta arose.
   15189  settlement.tier        s=1 sName=Ňěňní
          └ Ňěňní grew into a metropolis (469,000 souls).
   15195  settlement.dissolved   s=5 why=core sName=Nāthị̌
          └ Nāthị̌ faded back into the countryside.
   15196  settlement.dissolved   s=4 why=core sName=Fōnfǐu
          └ Fōnfǐu faded back into the countryside.
   15197  settlement.dissolved   s=3 why=core sName=Kèňtọ̄ị
          └ Kèňtọ̄ị faded back into the countryside.
   15225  settlement.founded     s=47 sName=Fōnkū kind=crystallized
          └ Fōnkū was founded.
   15225  settlement.founded     s=47 sName=Fōnkū city=1
          └ The city of Fōnkū arose.
   15298  market.dearth          s=2 sName=Fùlpū
          └ Dearth in Fùlpū — bread at famine prices in the market.
   15300  war.began              from=1 to=45 name=Ňěňnílě
          └ Marched to war against Nosyus.
   15300  war.began              from=7 to=1 name=Thaphobya
          └ Marched to war against Ňěňnílě.
   15325  settlement.founded     s=49 sName=Ňú kind=crystallized
          └ Ňú was founded.
   15325  settlement.founded     s=49 sName=Ňú city=1
          └ The city of Ňú arose.
   15335  market.dearth          s=1 sName=Ňěňní
          └ Dearth in Ňěňní — bread at famine prices in the market.
   15375  settlement.founded     s=50 sName=Sommosoedu kind=crystallized
          └ Sommosoedu was founded.
   15375  settlement.founded     s=50 sName=Sommosoedu city=1
          └ The city of Sommosoedu arose.
   15386  settlement.dissolved   s=14 why=core sName=Tàstù
          └ Tàstù faded back into the countryside.
   15387  settlement.dissolved   s=13 why=core sName=Lǎlpù
          └ Lǎlpù faded back into the countryside.
   15388  settlement.dissolved   s=12 why=core sName=Xòufpù
          └ Xòufpù faded back into the countryside.
   15389  settlement.dissolved   s=11 why=core sName=Ňǐlňà
          └ Ňǐlňà faded back into the countryside.
   15390  settlement.dissolved   s=10 why=core sName=Ňúpīkò
          └ Ňúpīkò faded back into the countryside.
   15391  settlement.dissolved   s=9 why=core sName=Fǒptàị
          └ Fǒptàị faded back into the countryside.
   15392  settlement.dissolved   s=8 why=core sName=Sǔsfá
          └ Sǔsfá faded back into the countryside.
   15394  settlement.dissolved   s=6 why=core sName=Lǎxkòu
          └ Lǎxkòu faded back into the countryside.
   15400  famine.struck          
          └ A famine gripped the land.
   15400  famine.struck          
          └ A famine gripped the land.
   15400  famine.struck          
          └ A famine gripped the land.
   15400  famine.struck          
          └ A famine gripped the land.
   15400  war.began              from=1 to=7 name=Ňěňnílě
          └ Marched to war against Thaphobya.
   15400  polity.shattered       s=31 sName=Sogyoepa to=1 toName=Ňěňnílě
          └ Its capital Sogyoepa fell to Ňěňnílě — the realm collapsed.
   15400  polity.ended           how=conquest byName=Ňěňnílě name=Nosyus
          └ Fell to Ňěňnílě and was erased from the map.
   15425  settlement.founded     s=51 sName=Mīnglì kind=crystallized
          └ Mīnglì was founded.
   15425  settlement.founded     s=51 sName=Mīnglì city=1
          └ The city of Mīnglì arose.
   15450  settlement.founded     s=52 sName=Ňúpīkò kind=crystallized
          └ Ňúpīkò was founded.
   15450  settlement.founded     s=52 sName=Ňúpīkò city=1
          └ The city of Ňúpīkò arose.
   15450  war.began              from=1 to=30 name=Ňěňnílě
          └ Marched to war against Pomponsom as the succession failed.
   15475  settlement.founded     s=53 sName=Kēmpéü kind=crystallized
          └ Kēmpéü was founded.
   15475  settlement.founded     s=53 sName=Kēmpéü city=1
          └ The city of Kēmpéü arose.
   15491  settlement.tier        s=30 sName=Pomponsom
          └ Pomponsom grew into a metropolis (349,000 souls).
   15500  settlement.founded     s=54 sName=Ngàịtlà kind=crystallized
          └ Ngàịtlà was founded.
   15500  settlement.founded     s=54 sName=Ngàịtlà city=1
          └ The city of Ngàịtlà arose.
   15500  war.ended              how=siegeLifted to=7 toName=Thaphobya name=Ňěňnílě
          └ The war with Ňěňnílě ended.
   15525  settlement.founded     s=56 sName=Nị́nfǐu kind=crystallized
          └ Nị́nfǐu was founded.
   15525  settlement.founded     s=56 sName=Nị́nfǐu city=1
          └ The city of Nị́nfǐu arose.
   15550  settlement.founded     s=57 sName=Lọ̌ňākò kind=crystallized
          └ Lọ̌ňākò was founded.
   15550  settlement.founded     s=57 sName=Lọ̌ňākò city=1
          └ The city of Lọ̌ňākò arose.
   15575  settlement.founded     s=58 sName=Hùstù kind=crystallized
          └ Hùstù was founded.
   15575  settlement.founded     s=58 sName=Hùstù city=1
          └ The city of Hùstù arose.
   15578  settlement.dissolved   s=22 why=core sName=Lụ́ňpì
          └ Lụ́ňpì faded back into the countryside.
   15579  settlement.dissolved   s=21 why=core sName=Lá
          └ Lá faded back into the countryside.
   15580  settlement.dissolved   s=20 why=core sName=Xóuňpì
          └ Xóuňpì faded back into the countryside.
   15581  settlement.dissolved   s=19 why=core sName=Hǐlhụ̌
          └ Hǐlhụ̌ faded back into the countryside.
   15582  settlement.dissolved   s=18 why=core sName=Fōnfǐu
          └ Fōnfǐu faded back into the countryside.
   15583  settlement.dissolved   s=17 why=core sName=Lẹ́fị̌kú
          └ Lẹ́fị̌kú faded back into the countryside.
   15584  settlement.dissolved   s=16 why=core sName=Nīpsē
          └ Nīpsē faded back into the countryside.
   15585  settlement.dissolved   s=15 why=core sName=Ňěxkòu
          └ Ňěxkòu faded back into the countryside.
   15600  settlement.founded     s=59 sName=Ngàịlňà kind=crystallized
          └ Ngàịlňà was founded.
   15600  settlement.founded     s=59 sName=Ngàịlňà city=1
          └ The city of Ngàịlňà arose.
   15625  settlement.founded     s=60 sName=Nǎnfǐu kind=crystallized
          └ Nǎnfǐu was founded.
   15625  settlement.founded     s=60 sName=Nǎnfǐu city=1
          └ The city of Nǎnfǐu arose.
   15650  settlement.founded     s=61 sName=Lụ̀kú kind=crystallized
          └ Lụ̀kú was founded.
   15650  settlement.founded     s=61 sName=Lụ̀kú city=1
          └ The city of Lụ̀kú arose.
   15675  settlement.founded     s=62 sName=Tǎkú kind=crystallized
          └ Tǎkú was founded.
   15675  settlement.founded     s=62 sName=Tǎkú city=1
          └ The city of Tǎkú arose.
   15700  settlement.founded     s=63 sName=Fǒptàị kind=crystallized
          └ Fǒptàị was founded.
   15700  settlement.founded     s=63 sName=Fǒptàị city=1
          └ The city of Fǒptàị arose.
   15725  settlement.founded     s=64 sName=Tǎxkòu kind=crystallized
          └ Tǎxkòu was founded.
   15725  settlement.founded     s=64 sName=Tǎxkòu city=1
          └ The city of Tǎxkòu arose.
   15750  settlement.founded     s=65 sName=Xóuňtọ̄ị kind=crystallized
          └ Xóuňtọ̄ị was founded.
   15750  settlement.founded     s=65 sName=Xóuňtọ̄ị city=1
          └ The city of Xóuňtọ̄ị arose.
   15774  settlement.dissolved   s=26 why=core sName=Xòutà
          └ Xòutà faded back into the countryside.
   15775  settlement.dissolved   s=25 why=core sName=Lǎtlà
          └ Lǎtlà faded back into the countryside.
   15775  settlement.founded     s=66 sName=Fóunlà kind=crystallized
          └ Fóunlà was founded.
   15775  settlement.founded     s=66 sName=Fóunlà city=1
          └ The city of Fóunlà arose.
   15776  settlement.dissolved   s=24 why=core sName=Ňúpī
          └ Ňúpī faded back into the countryside.
   15777  settlement.dissolved   s=23 why=core sName=Mīnglì
          └ Mīnglì faded back into the countryside.
   15800  settlement.founded     s=67 sName=Kèhtà kind=crystallized
          └ Kèhtà was founded.
   15800  settlement.founded     s=67 sName=Kèhtà city=1
          └ The city of Kèhtà arose.
   15825  settlement.founded     s=68 sName=Sǎfǎkú kind=crystallized
          └ Sǎfǎkú was founded.
   15825  settlement.founded     s=68 sName=Sǎfǎkú city=1
          └ The city of Sǎfǎkú arose.
   15850  settlement.founded     s=69 sName=Pékfèkú kind=crystallized
          └ Pékfèkú was founded.
   15850  settlement.founded     s=69 sName=Pékfèkú city=1
          └ The city of Pékfèkú arose.
   15875  settlement.founded     s=70 sName=Pòukú kind=crystallized
          └ Pòukú was founded.
   15875  settlement.founded     s=70 sName=Pòukú city=1
          └ The city of Pòukú arose.
   15900  settlement.founded     s=71 sName=Sīuppè kind=crystallized
          └ Sīuppè was founded.
   15900  settlement.founded     s=71 sName=Sīuppè city=1
          └ The city of Sīuppè arose.
   15925  settlement.founded     s=72 sName=Lá kind=crystallized
          └ Lá was founded.
   15925  settlement.founded     s=72 sName=Lá city=1
          └ The city of Lá arose.
   15934  settlement.withered    s=47 sName=Fōnkū
          └ Fōnkū withered away and was abandoned.
   15937  polity.seceded         from=1 fromName=Ňěňnílě
          └ Broke away from Ňěňnílě in a war of secession.
   15950  settlement.founded     s=73 sName=Hǔňpì kind=crystallized
          └ Hǔňpì was founded.
   15950  settlement.founded     s=73 sName=Hǔňpì city=1
          └ The city of Hǔňpì arose.
   15972  settlement.dissolved   s=28 why=core sName=Pọ̄ịtrọ́ịkò
          └ Pọ̄ịtrọ́ịkò faded back into the countryside.
   15973  settlement.dissolved   s=27 why=core sName=Fòutrọ̌ị
          └ Fòutrọ̌ị faded back into the countryside.
   16000  settlement.founded     s=74 sName=Kèlpì kind=crystallized
          └ Kèlpì was founded.
   16000  settlement.founded     s=74 sName=Kèlpì city=1
          └ The city of Kèlpì arose.
   16025  settlement.founded     s=75 sName=Xóutrọ̌ị kind=crystallized
          └ Xóutrọ̌ị was founded.
   16025  settlement.founded     s=75 sName=Xóutrọ̌ị city=1
          └ The city of Xóutrọ̌ị arose.
   16050  settlement.founded     s=76 sName=Sismoibadu kind=crystallized
          └ Sismoibadu was founded.
   16050  settlement.founded     s=76 sName=Sismoibadu city=1
          └ The city of Sismoibadu arose.
   16050  settlement.founded     s=77 sName=Kèhtà kind=crystallized
          └ Kèhtà was founded.
   16050  settlement.founded     s=77 sName=Kèhtà city=1
          └ The city of Kèhtà arose.
   16075  settlement.founded     s=78 sName=Pọ́nlà kind=crystallized
          └ Pọ́nlà was founded.
   16075  settlement.founded     s=78 sName=Pọ́nlà city=1
          └ The city of Pọ́nlà arose.
   16100  war.began              from=30 to=31 name=Pomponsom
          └ Marched to war against Sogyoepasyusa.
   16100  war.began              from=1 to=31 name=Ňěňnílě
          └ Marched to war against Sogyoepasyusa.
   16129  settlement.tier        s=31 sName=Sogyoepa
          └ Sogyoepa grew into a metropolis (667,000 souls).
   16130  market.dearth          s=31 sName=Sogyoepa
          └ Dearth in Sogyoepa — bread at famine prices in the market.
   16150  war.began              from=30 to=76 name=Pomponsom
          └ Marched to war against Sismoibadusyusa.
   16150  war.began              from=1 to=76 name=Ňěňnílě
          └ Marched to war against Sismoibadusyusa.
   16168  settlement.dissolved   s=32 why=core sName=Omomessi
          └ Omomessi faded back into the countryside.
   16171  settlement.dissolved   s=29 why=core sName=Kèlhụ̌
          └ Kèlhụ̌ faded back into the countryside.
   16200  plague.outbreak        s=1 sName=Ňěňní
          └ Plague broke out in Ňěňní and swept through the realm.
   16200  settlement.founded     s=79 sName=Memosegyem kind=crystallized
          └ Memosegyem was founded.
   16200  settlement.founded     s=79 sName=Memosegyem city=1
          └ The city of Memosegyem arose.
   16200  settlement.founded     s=80 sName=Ǔltǔkò kind=crystallized
          └ Ǔltǔkò was founded.
   16200  settlement.founded     s=80 sName=Ǔltǔkò city=1
          └ The city of Ǔltǔkò arose.
   16209  succession.crisis      name=Sismoibadusyusa
          └ The royal line failed — an interregnum of rival claimants.
   16225  settlement.founded     s=81 sName=Sǐunlà kind=crystallized
          └ Sǐunlà was founded.
   16225  settlement.founded     s=81 sName=Sǐunlà city=1
          └ The city of Sǐunlà arose.
   16250  polity.shattered       s=76 sName=Sismoibadu to=30 toName=Pomponsom
          └ Its capital Sismoibadu fell to Pomponsom — the realm collapsed.
   16250  polity.ended           how=conquest byName=Pomponsom name=Sismoibadusyusa
          └ Fell to Pomponsom and was erased from the map.
   16250  polity.shattered       s=76 sName=Sismoibadu to=1 toName=Ňěňnílě
          └ Its capital Sismoibadu fell to Ňěňnílě — the realm collapsed.
   16275  settlement.founded     s=82 sName=Pụ̌mrá city=1
          └ The city of Pụ̌mrá arose.
   16275  settlement.founded     s=83 sName=Xụ̀ffí city=1
          └ The city of Xụ̀ffí arose.
   16300  settlement.founded     s=84 sName=Ňǐlpù city=1
          └ The city of Ňǐlpù arose.
   16300  war.began              from=31 to=1 name=Sogyoepasyusa
          └ Marched to war against Ňěňnílě as the succession failed.
   16320  settlement.founded     s=85 sName=Bomogypa kind=planted
          └ Bomogypa was founded.
   16320  town.planted           s=85 sName=Bomogypa
          └ The crown chartered Bomogypa to govern the countryside.
   16325  settlement.founded     s=86 sName=Pīüffìrụ́ city=1
          └ The city of Pīüffìrụ́ arose.
   16331  market.dearth          s=1 sName=Ňěňní
          └ Dearth in Ňěňní — bread at famine prices in the market.
   16334  succession.crisis      name=Ňěňnílě
          └ The royal line failed — an interregnum of rival claimants.
   16350  settlement.founded     s=87 sName=Tị̌ city=1
          └ The city of Tị̌ arose.
   16359  settlement.dissolved   s=41 why=core sName=Pomponsomdu
          └ Pomponsomdu faded back into the countryside.
   16360  settlement.dissolved   s=40 why=core sName=Bommodu
          └ Bommodu faded back into the countryside.
   16361  settlement.dissolved   s=39 why=core sName=Nokyopa
          └ Nokyopa faded back into the countryside.
   16362  settlement.dissolved   s=38 why=core sName=Tàịňnī
          └ Tàịňnī faded back into the countryside.
   16363  settlement.dissolved   s=37 why=core sName=Mumommoe
          └ Mumommoe faded back into the countryside.
   16364  settlement.dissolved   s=36 why=core sName=Rimmopuiky
          └ Rimmopuiky faded back into the countryside.
   16365  settlement.dissolved   s=35 why=core sName=Umkyoi
          └ Umkyoi faded back into the countryside.
   16366  settlement.dissolved   s=34 why=core sName=Dosudu
          └ Dosudu faded back into the countryside.
   16367  settlement.dissolved   s=33 why=core sName=Dumomoi
          └ Dumomoi faded back into the countryside.
   16375  settlement.founded     s=88 sName=Puikypa kind=crystallized
          └ Puikypa was founded.
   16375  settlement.founded     s=88 sName=Puikypa city=1
          └ The city of Puikypa arose.
   16375  settlement.founded     s=89 sName=Pụ̄lhụ̀rụ́ kind=crystallized
          └ Pụ̄lhụ̀rụ́ was founded.
   16375  settlement.founded     s=89 sName=Pụ̄lhụ̀rụ́ city=1
          └ The city of Pụ̄lhụ̀rụ́ arose.
   16375  settlement.founded     s=90 sName=Ǎ city=1
          └ The city of Ǎ arose.
   16387  polity.seceded         from=1 fromName=Ňěňnílě
          └ Broke away from Ňěňnílě in a war of secession.
   16400  settlement.founded     s=92 sName=Moessyo kind=crystallized
          └ Moessyo was founded.
   16400  settlement.founded     s=92 sName=Moessyo city=1
          └ The city of Moessyo arose.
   16400  settlement.founded     s=93 sName=Fóurụ́ city=1
          └ The city of Fóurụ́ arose.
   16416  settlement.lapsed      s=85 sName=Bomogypa from=31 fromName=Sogyoepasyusa
          └ Bomogypa slipped free of Sogyoepasyusa.
   16416  polity.receded         s=85 n=1 sName=Bomogypa name=Sogyoepasyusa
          └ The grip of Sogyoepasyusa failed, and the marches beyond Bomogypa were left to their own devices.
   16417  settlement.tier        s=83 sName=Xụ̀ffí
          └ Xụ̀ffí grew into a metropolis (413,000 souls).
   16425  settlement.founded     s=95 sName=Epem kind=crystallized
          └ Epem was founded.
   16425  settlement.founded     s=95 sName=Epem city=1
          └ The city of Epem arose.
   16425  settlement.founded     s=96 sName=Xūkóu city=1
          └ The city of Xūkóu arose.
   16434  succession.crisis      name=Ňěňnílě
          └ The royal line failed — an interregnum of rival claimants.
   16450  settlement.founded     s=98 sName=Momotesuim kind=crystallized
          └ Momotesuim was founded.
   16450  settlement.founded     s=98 sName=Momotesuim city=1
          └ The city of Momotesuim arose.
   16450  settlement.founded     s=99 sName=Pīüffì city=1
          └ The city of Pīüffì arose.
   16450  war.began              from=31 to=30 name=Sogyoepasyusa
          └ Marched to war against Pomponsom.
   16475  settlement.founded     s=101 sName=Nomonokyo kind=crystallized
          └ Nomonokyo was founded.
   16475  settlement.founded     s=101 sName=Nomonokyo city=1
          └ The city of Nomonokyo arose.
   16475  settlement.founded     s=102 sName=Pụ́ltà city=1
          └ The city of Pụ́ltà arose.
   16500  settlement.founded     s=105 sName=Fị̀ptàị kind=crystallized
          └ Fị̀ptàị was founded.
   16500  settlement.founded     s=105 sName=Fị̀ptàị city=1
          └ The city of Fị̀ptàị arose.
   16500  settlement.founded     s=106 sName=Ìlpù city=1
          └ The city of Ìlpù arose.
   16525  settlement.founded     s=109 sName=Pụ́ptàị city=1
          └ The city of Pụ́ptàị arose.
   16537  polity.seceded         from=7 fromName=Thaphobya
          └ Broke away from Thaphobya in a war of secession.
   16537  polity.seceded         from=31 fromName=Sogyoepasyusa
          └ Broke away from Sogyoepasyusa in a war of secession.
   16550  settlement.founded     s=112 sName=Fụ̀ịlňà city=1
          └ The city of Fụ̀ịlňà arose.
   16550  war.began              from=7 to=49 name=Thaphobya
          └ Marched to war against Ňú.
   16557  settlement.dissolved   s=43 why=core sName=Èňkū
          └ Èňkū faded back into the countryside.
   16558  settlement.dissolved   s=42 why=core sName=Togyomuky
          └ Togyomuky faded back into the countryside.
   16560  settlement.lapsed      s=82 sName=Pụ̌mrá from=7 fromName=Thaphobya
          └ Pụ̌mrá slipped free of Thaphobya.
   16560  polity.receded         s=82 n=1 sName=Pụ̌mrá name=Thaphobya
          └ The grip of Thaphobya failed, and the marches beyond Pụ̌mrá were left to their own devices.
   16561  settlement.tier        s=49 sName=Ňú
          └ Ňú grew into a metropolis (599,000 souls).
   16575  settlement.founded     s=115 sName=Moessyomoe kind=crystallized
          └ Moessyomoe was founded.
   16575  settlement.founded     s=115 sName=Moessyomoe city=1
          └ The city of Moessyomoe arose.
   16575  settlement.founded     s=116 sName=Tīrụ́ kind=crystallized
          └ Tīrụ́ was founded.
   16575  settlement.founded     s=116 sName=Tīrụ́ city=1
          └ The city of Tīrụ́ arose.
   16575  settlement.founded     s=117 sName=Sǔtū city=1
          └ The city of Sǔtū arose.
   16583  market.dearth          s=49 sName=Ňú
          └ Dearth in Ňú — bread at famine prices in the market.
   16600  war.began              from=31 to=49 name=Sogyoepasyusa
          └ Marched to war against Ňú.
   16600  war.began              from=1 to=49 name=Ňěňnílě
          └ Marched to war against Ňú.
   16600  war.ended              how=faded to=45 toName=Nosyus name=Ňěňnílě
          └ The war with Ňěňnílě ended; some 95 soldiers never came home.
   16650  settlement.founded     s=127 sName=Fị̀thị̌ kind=crystallized
          └ Fị̀thị̌ was founded.
   16650  settlement.founded     s=127 sName=Fị̀thị̌ city=1
          └ The city of Fị̀thị̌ arose.
   16650  settlement.founded     s=128 sName=Sǔsfá city=1
          └ The city of Sǔsfá arose.
   16650  war.began              from=49 to=31 name=Ňú
          └ Marched to war against Sogyoepasyusa.
   16687  polity.seceded         from=7 fromName=Thaphobya
          └ Broke away from Thaphobya in a war of secession.
   16700  settlement.founded     s=136 sName=Ommonokyo kind=crystallized
          └ Ommonokyo was founded.
   16700  settlement.founded     s=136 sName=Ommonokyo city=1
          └ The city of Ommonokyo arose.
   16700  settlement.founded     s=137 sName=Síukfí city=1
          └ The city of Síukfí arose.
   16700  war.began              from=31 to=92 name=Sogyoepasyusa
          └ Marched to war against Moessyosyus.
   16700  war.began              from=49 to=92 name=Ňú
          └ Marched to war against Moessyosyus.
   16705  market.dearth          s=92 sName=Moessyo
          └ Dearth in Moessyo — bread at famine prices in the market.
   16750  war.began              from=31 to=115 name=Sogyoepasyusa
          └ Marched to war against Moessyomoe.
   16750  war.began              from=49 to=115 name=Ňú
          └ Marched to war against Moessyomoe.
   16750  war.began              from=82 to=128 name=Pụ̌mrálǐ
          └ Marched to war against Sǔsfálǐā.
   16754  settlement.dissolved   s=46 why=core sName=Zyibayamphibta
          └ Zyibayamphibta faded back into the countryside.
   16756  settlement.dissolved   s=44 why=core sName=Pismoe
          └ Pismoe faded back into the countryside.
   16800  settlement.founded     s=149 sName=Moemotesuim kind=crystallized
          └ Moemotesuim was founded.
   16800  settlement.founded     s=149 sName=Moemotesuim city=1
          └ The city of Moemotesuim arose.
   16800  settlement.founded     s=150 sName=Sùňtụ̌ị kind=crystallized
          └ Sùňtụ̌ị was founded.
   16800  settlement.founded     s=150 sName=Sùňtụ̌ị city=1
          └ The city of Sùňtụ̌ị arose.
   16800  war.ended              how=siegeLifted to=49 toName=Ňú name=Sogyoepasyusa
          └ The war with Sogyoepasyusa ended.
   16800  war.indemnity          to=49 toName=Ňú name=Sogyoepasyusa
          └ Sogyoepasyusa paid a heavy indemnity to Ňú at the peace.
   16837  polity.submitted       how=submission to=83 toName=Xụ̀ffílǐ name=Pụ̌mrálǐ
          └ Facing hopeless odds, the court of Pụ̌mrálǐ bowed to Xụ̀ffílǐ — keeping its throne at the price of tribute.
   16837  polity.seceded         from=7 fromName=Thaphobya
          └ Broke away from Thaphobya in a war of secession.
   16849  settlement.tier        s=84 sName=Ňǐlpù
          └ Ňǐlpù grew into a metropolis (1,057,000 souls).
   16880  market.dearth          s=115 sName=Moessyomoe
          └ Dearth in Moessyomoe — bread at famine prices in the market.
   16925  settlement.founded     s=157 sName=Pị̀xàkò kind=crystallized
          └ Pị̀xàkò was founded.
   16925  settlement.founded     s=157 sName=Pị̀xàkò city=1
          └ The city of Pị̀xàkò arose.
   16950  settlement.founded     s=159 sName=Nị̀tlà city=1
          └ The city of Nị̀tlà arose.
   16950  war.began              from=115 to=31 name=Moessyomoe
          └ Marched to war against Sogyoepasyusa.
   16950  war.began              from=128 to=7 name=Sǔsfálǐā
          └ Marched to war against Thaphobya.
   16950  war.ended              how=siegeLifted to=115 toName=Moessyomoe name=Sogyoepasyusa
          └ The war with Sogyoepasyusa ended.
   16950  war.ended              how=siegeLifted to=115 toName=Moessyomoe name=Ňú
          └ The war with Ňú ended.
   16964  market.dearth          s=31 sName=Sogyoepa
          └ Dearth in Sogyoepa — bread at famine prices in the market.
   16975  settlement.founded     s=161 sName=Fǒlpì city=1
          └ The city of Fǒlpì arose.
   16978  market.dearth          s=2 sName=Fùlpū
          └ Dearth in Fùlpū — bread at famine prices in the market.
   16987  polity.submitted       how=submission to=83 toName=Xụ̀ffílǐ name=Sǔtūlǐā
          └ Facing hopeless odds, the court of Sǔtūlǐā bowed to Xụ̀ffílǐ — keeping its throne at the price of tribute.
   16993  settlement.tier        s=86 sName=Pīüffìrụ́
          └ Pīüffìrụ́ grew into a metropolis (1,115,000 souls).
   17000  settlement.founded     s=162 sName=Lǎrá city=1
          └ The city of Lǎrá arose.
   17000  war.began              from=1 to=115 name=Ňěňnílě
          └ Marched to war against Moessyomoe.
   17000  war.began              from=49 to=1 name=Ňú
          └ Marched to war against Ňěňnílě.
   17000  war.began              from=82 to=161 name=Pụ̌mrálǐ
          └ Marched to war against Fǒlpìlǐ.
   17025  settlement.founded     s=163 sName=Bommodu kind=crystallized
          └ Bommodu was founded.
   17025  settlement.founded     s=163 sName=Bommodu city=1
          └ The city of Bommodu arose.
   17025  settlement.founded     s=164 sName=Hóulhụ̌ city=1
          └ The city of Hóulhụ̌ arose.
   17050  settlement.founded     s=166 sName=Sǔstù kind=crystallized
          └ Sǔstù was founded.
   17050  settlement.founded     s=166 sName=Sǔstù city=1
          └ The city of Sǔstù arose.
   17050  settlement.founded     s=167 sName=Hìutlà city=1
          └ The city of Hìutlà arose.
   17050  war.began              from=128 to=161 name=Sǔsfálǐā
          └ Marched to war against Fǒlpìlǐ.
   17050  war.ended              how=siegeLifted to=128 toName=Sǔsfálǐā name=Pụ̌mrálǐ
          └ The war with Pụ̌mrálǐ ended.
   17075  settlement.founded     s=168 sName=Fùlpūrụ́ city=1
          └ The city of Fùlpūrụ́ arose.
   17100  settlement.founded     s=169 sName=Ngàịltù city=1
          └ The city of Ngàịltù arose.
   17100  polity.shattered       s=1 sName=Ňěňní to=49 toName=Ňú
          └ Its capital Ňěňní fell to Ňú — the realm collapsed.
   17100  polity.ended           how=conquest byName=Ňú name=Ňěňnílě
          └ Fell to Ňú and was erased from the map.
   17100  war.ended              how=sackedIntoTribute to=161 toName=Fǒlpìlǐ name=Pụ̌mrálǐ
          └ The war with Pụ̌mrálǐ ended.
   17100  polity.submitted       how=sackedIntoTribute to=82 toName=Pụ̌mrálǐ name=Fǒlpìlǐ
          └ Facing hopeless odds, the court of Fǒlpìlǐ bowed to Pụ̌mrálǐ — keeping its throne at the price of tribute.
   17137  settlement.tier        s=161 sName=Fǒlpì
          └ Fǒlpì grew into a metropolis (1,162,000 souls).
   17137  polity.submitted       how=submission to=83 toName=Xụ̀ffílǐ name=Sìpúkú
          └ Facing hopeless odds, the court of Sìpúkú bowed to Xụ̀ffílǐ — keeping its throne at the price of tribute.
   17144  settlement.dissolved   s=56 why=core sName=Nị́nfǐu
          └ Nị́nfǐu faded back into the countryside.
   17146  settlement.dissolved   s=54 why=core sName=Ngàịtlà
          └ Ngàịtlà faded back into the countryside.
   17147  settlement.dissolved   s=53 why=core sName=Kēmpéü
          └ Kēmpéü faded back into the countryside.
   17148  settlement.dissolved   s=52 why=core sName=Ňúpīkò
          └ Ňúpīkò faded back into the countryside.
   17149  settlement.dissolved   s=51 why=core sName=Mīnglì
          └ Mīnglì faded back into the countryside.
   17150  settlement.dissolved   s=50 why=core sName=Sommosoedu
          └ Sommosoedu faded back into the countryside.
   17150  war.began              from=49 to=7 name=Ňú
          └ Marched to war against Thaphobya.
   17165  market.dearth          s=1 sName=Ňěňní
          └ Dearth in Ňěňní — bread at famine prices in the market.
   17175  settlement.founded     s=171 sName=Siimmiu kind=crystallized
          └ Siimmiu was founded.
   17175  settlement.founded     s=171 sName=Siimmiu city=1
          └ The city of Siimmiu arose.
   17175  settlement.founded     s=172 sName=Nǔfīukú kind=crystallized
          └ Nǔfīukú was founded.
   17175  settlement.founded     s=172 sName=Nǔfīukú city=1
          └ The city of Nǔfīukú arose.
   17200  settlement.founded     s=173 sName=Tị̄lā kind=crystallized
          └ Tị̄lā was founded.
   17200  settlement.founded     s=173 sName=Tị̄lā city=1
          └ The city of Tị̄lā arose.
   17200  settlement.founded     s=174 sName=Lǐfpú city=1
          └ The city of Lǐfpú arose.
   17225  settlement.founded     s=175 sName=Lōu kind=crystallized
          └ Lōu was founded.
   17225  settlement.founded     s=175 sName=Lōu city=1
          └ The city of Lōu arose.
   17250  settlement.founded     s=176 sName=Tàịňnī kind=crystallized
          └ Tàịňnī was founded.
   17250  settlement.founded     s=176 sName=Tàịňnī city=1
          └ The city of Tàịňnī arose.
   17275  settlement.founded     s=177 sName=Lụ̀fpù kind=crystallized
          └ Lụ̀fpù was founded.
   17275  settlement.founded     s=177 sName=Lụ̀fpù city=1
          └ The city of Lụ̀fpù arose.
   17280  settlement.founded     s=180 sName=Ìtrụ̄ị kind=planted
          └ Ìtrụ̄ị was founded.
   17280  town.planted           s=180 sName=Ìtrụ̄ị
          └ The crown planted Ìtrụ̄ị to hold the march.
   17300  settlement.founded     s=181 sName=Hǔlpù kind=crystallized
          └ Hǔlpù was founded.
   17300  settlement.founded     s=181 sName=Hǔlpù city=1
          └ The city of Hǔlpù arose.
   17300  war.began              from=31 to=85 name=Sogyoepasyusa
          └ Marched to war against Bomogypasyus.
   17325  settlement.founded     s=184 sName=Fùlpūkò kind=crystallized
          └ Fùlpūkò was founded.
   17325  settlement.founded     s=184 sName=Fùlpūkò city=1
          └ The city of Fùlpūkò arose.
   17336  settlement.dissolved   s=64 why=core sName=Tǎxkòu
          └ Tǎxkòu faded back into the countryside.
   17337  settlement.dissolved   s=63 why=core sName=Fǒptàị
          └ Fǒptàị faded back into the countryside.
   17338  settlement.dissolved   s=62 why=core sName=Tǎkú
          └ Tǎkú faded back into the countryside.
   17339  settlement.dissolved   s=61 why=core sName=Lụ̀kú
          └ Lụ̀kú faded back into the countryside.
   17340  settlement.dissolved   s=60 why=core sName=Nǎnfǐu
          └ Nǎnfǐu faded back into the countryside.
   17341  settlement.dissolved   s=59 why=core sName=Ngàịlňà
          └ Ngàịlňà faded back into the countryside.
   17342  settlement.dissolved   s=58 why=core sName=Hùstù
          └ Hùstù faded back into the countryside.
   17343  settlement.dissolved   s=57 why=core sName=Lọ̌ňākò
          └ Lọ̌ňākò faded back into the countryside.
   17350  settlement.founded     s=186 sName=Nị̌stù kind=crystallized
          └ Nị̌stù was founded.
   17350  settlement.founded     s=186 sName=Nị̌stù city=1
          └ The city of Nị̌stù arose.
   17350  war.began              from=85 to=31 name=Bomogypasyus
          └ Marched to war against Sogyoepasyusa as the succession failed.
   17375  settlement.founded     s=189 sName=Lụ̄pā kind=crystallized
          └ Lụ̄pā was founded.
   17375  settlement.founded     s=189 sName=Lụ̄pā city=1
          └ The city of Lụ̄pā arose.
   17400  settlement.founded     s=191 sName=Fùppīkò kind=crystallized
          └ Fùppīkò was founded.
   17400  settlement.founded     s=191 sName=Fùppīkò city=1
          └ The city of Fùppīkò arose.
   17425  settlement.tier        s=180 sName=Ìtrụ̄ị
          └ Ìtrụ̄ị grew into a city (89,000 souls).
   17425  settlement.founded     s=194 sName=Pụ́tlà kind=crystallized
          └ Pụ́tlà was founded.
   17425  settlement.founded     s=194 sName=Pụ́tlà city=1
          └ The city of Pụ́tlà arose.
   17437  polity.seceded         from=7 fromName=Thaphobya
          └ Broke away from Thaphobya in a war of secession.
   17450  settlement.founded     s=197 sName=Fóunlà kind=crystallized
          └ Fóunlà was founded.
   17450  settlement.founded     s=197 sName=Fóunlà city=1
          └ The city of Fóunlà arose.
   17450  war.ended              how=faded to=76 toName=Sismoibadusyusa name=Pomponsom
          └ The war with Pomponsom ended; some 29 soldiers never came home.
   17450  war.ended              how=faded to=76 toName=Sismoibadusyusa name=Ňěňnílě
          └ The war with Ňěňnílě ended; some 23 soldiers never came home.
   17475  settlement.founded     s=199 sName=Lǎlpù kind=crystallized
          └ Lǎlpù was founded.
   17475  settlement.founded     s=199 sName=Lǎlpù city=1
          └ The city of Lǎlpù arose.
   17500  settlement.founded     s=201 sName=Hìuňní kind=crystallized
          └ Hìuňní was founded.
   17500  settlement.founded     s=201 sName=Hìuňní city=1
          └ The city of Hìuňní arose.
   17525  settlement.founded     s=203 sName=Lụ̄ňārụ́ kind=crystallized
          └ Lụ̄ňārụ́ was founded.
   17525  settlement.founded     s=203 sName=Lụ̄ňārụ́ city=1
          └ The city of Lụ̄ňārụ́ arose.
   17528  settlement.dissolved   s=72 why=core sName=Lá
          └ Lá faded back into the countryside.
   17529  settlement.dissolved   s=71 why=core sName=Sīuppè
          └ Sīuppè faded back into the countryside.
   17530  settlement.dissolved   s=70 why=core sName=Pòukú
          └ Pòukú faded back into the countryside.
   17531  settlement.dissolved   s=69 why=core sName=Pékfèkú
          └ Pékfèkú faded back into the countryside.
   17532  settlement.dissolved   s=68 why=core sName=Sǎfǎkú
          └ Sǎfǎkú faded back into the countryside.
   17533  settlement.dissolved   s=67 why=core sName=Kèhtà
          └ Kèhtà faded back into the countryside.
   17534  settlement.dissolved   s=66 why=core sName=Fóunlà
          └ Fóunlà faded back into the countryside.
   17535  settlement.dissolved   s=65 why=core sName=Xóuňtọ̄ị
          └ Xóuňtọ̄ị faded back into the countryside.
   17550  settlement.founded     s=205 sName=Ngàịltù kind=crystallized
          └ Ngàịltù was founded.
   17550  settlement.founded     s=205 sName=Ngàịltù city=1
          └ The city of Ngàịltù arose.
   17550  polity.shattered       s=30 sName=Pomponsom to=31 toName=Sogyoepasyusa
          └ Its capital Pomponsom fell to Sogyoepasyusa — the realm collapsed.
   17550  polity.ended           how=conquest byName=Sogyoepasyusa name=Pomponsom
          └ Fell to Sogyoepasyusa and was erased from the map.
   17568  polity.seceded         how=receded from=161 fromName=Fǒlpìlǐ
          └ Broke away from Fǒlpìlǐ in a war of secession.
   17568  polity.receded         s=180 n=1 sName=Ìtrụ̄ị name=Fǒlpìlǐ
          └ The grip of Fǒlpìlǐ failed, and the marches beyond Ìtrụ̄ị were left to their own devices.
   17569  settlement.tier        s=115 sName=Moessyomoe
          └ Moessyomoe grew into a metropolis (669,000 souls).
   17575  settlement.founded     s=206 sName=Lụ̀tà kind=crystallized
          └ Lụ̀tà was founded.
   17575  settlement.founded     s=206 sName=Lụ̀tà city=1
          └ The city of Lụ̀tà arose.
   17587  polity.submitted       how=submission to=161 toName=Fǒlpìlǐ name=Ňǐlpùlǐā
          └ Facing hopeless odds, the court of Ňǐlpùlǐā bowed to Fǒlpìlǐ — keeping its throne at the price of tribute.
   17587  polity.submitted       how=submission to=161 toName=Fǒlpìlǐ name=Hìutlàlǐ
          └ Facing hopeless odds, the court of Hìutlàlǐ bowed to Fǒlpìlǐ — keeping its throne at the price of tribute.
   17587  polity.seceded         from=7 fromName=Thaphobya
          └ Broke away from Thaphobya in a war of secession.
   17600  settlement.founded     s=207 sName=Ǎịmrà kind=crystallized
          └ Ǎịmrà was founded.
   17600  settlement.founded     s=207 sName=Ǎịmrà city=1
          └ The city of Ǎịmrà arose.
   17600  war.began              from=82 to=90 name=Pụ̌mrálǐ
          └ Marched to war against Ǎ.
   17625  settlement.founded     s=209 sName=Lụ̌mpíü kind=crystallized
          └ Lụ̌mpíü was founded.
   17625  settlement.founded     s=209 sName=Lụ̌mpíü city=1
          └ The city of Lụ̌mpíü arose.
   17650  settlement.founded     s=210 sName=Hóuptàị kind=crystallized
          └ Hóuptàị was founded.
   17650  settlement.founded     s=210 sName=Hóuptàị city=1
          └ The city of Hóuptàị arose.
   17650  war.began              from=7 to=90 name=Thaphobya
          └ Marched to war against Ǎ.
   17675  settlement.founded     s=211 sName=Rimoyipim kind=crystallized
          └ Rimoyipim was founded.
   17675  settlement.founded     s=211 sName=Rimoyipim city=1
          └ The city of Rimoyipim arose.
   17675  settlement.founded     s=212 sName=Pụ̀rsī kind=crystallized
          └ Pụ̀rsī was founded.
   17675  settlement.founded     s=212 sName=Pụ̀rsī city=1
          └ The city of Pụ̀rsī arose.
   17700  settlement.founded     s=214 sName=Pị̀pǒukú kind=crystallized
          └ Pị̀pǒukú was founded.
   17700  settlement.founded     s=214 sName=Pị̀pǒukú city=1
          └ The city of Pị̀pǒukú arose.
   17700  war.ended              how=siegeLifted to=49 toName=Ňú name=Thaphobya
          └ The war with Thaphobya ended.
   17713  settlement.tier        s=90 sName=Ǎ
          └ Ǎ grew into a metropolis (1,055,000 souls).
   17722  settlement.dissolved   s=78 why=core sName=Pọ́nlà
          └ Pọ́nlà faded back into the countryside.
   17723  settlement.dissolved   s=77 why=core sName=Kèhtà
          └ Kèhtà faded back into the countryside.
   17724  settlement.dissolved   s=76 why=core sName=Sismoibadu
          └ Sismoibadu faded back into the countryside.
   17725  settlement.dissolved   s=75 why=core sName=Xóutrọ̌ị
          └ Xóutrọ̌ị faded back into the countryside.
   17725  settlement.founded     s=215 sName=Lụ̄nlākò kind=crystallized
          └ Lụ̄nlākò was founded.
   17725  settlement.founded     s=215 sName=Lụ̄nlākò city=1
          └ The city of Lụ̄nlākò arose.
   17726  settlement.dissolved   s=74 why=core sName=Kèlpì
          └ Kèlpì faded back into the countryside.
   17727  settlement.dissolved   s=73 why=core sName=Hǔňpì
          └ Hǔňpì faded back into the countryside.
   17737  polity.submitted       how=submission to=161 toName=Fǒlpìlǐ name=Fị́sī
          └ Facing hopeless odds, the court of Fị́sī bowed to Fǒlpìlǐ — keeping its throne at the price of tribute.
   17737  polity.seceded         from=31 fromName=Sogyoepasyusa
          └ Broke away from Sogyoepasyusa in a war of secession.
   17750  settlement.founded     s=216 sName=Umobimgyi kind=crystallized
          └ Umobimgyi was founded.
   17750  settlement.founded     s=216 sName=Umobimgyi city=1
          └ The city of Umobimgyi arose.
   17750  settlement.founded     s=217 sName=Hǐusfá kind=crystallized
          └ Hǐusfá was founded.
   17750  settlement.founded     s=217 sName=Hǐusfá city=1
          └ The city of Hǐusfá arose.
   17750  war.began              from=115 to=85 name=Moessyomoe
          └ Marched to war against Bomogypasyus.
   17750  war.began              from=85 to=115 name=Bomogypasyus
          └ Marched to war against Moessyomoe.
   17750  war.began              from=49 to=73 name=Ňú
          └ Marched to war against Hǔňpìlǐā.
   17750  war.began              from=128 to=73 name=Sǔsfálǐā
          └ Marched to war against Hǔňpìlǐā.
   17760  settlement.founded     s=219 sName=Xụ́lňà kind=planted
          └ Xụ́lňà was founded.
   17760  town.planted           s=219 sName=Xụ́lňà
          └ The crown chartered Xụ́lňà to govern the countryside.
   17775  settlement.founded     s=222 sName=Lǐfpúkú kind=crystallized
          └ Lǐfpúkú was founded.
   17775  settlement.founded     s=222 sName=Lǐfpúkú city=1
          └ The city of Lǐfpúkú arose.
   17783  market.dearth          s=115 sName=Moessyomoe
          └ Dearth in Moessyomoe — bread at famine prices in the market.
   17800  settlement.founded     s=225 sName=Ǎịmràkú kind=crystallized
          └ Ǎịmràkú was founded.
   17800  settlement.founded     s=225 sName=Ǎịmràkú city=1
          └ The city of Ǎịmràkú arose.
   17800  war.began              from=49 to=161 name=Ňú
          └ Marched to war against Fǒlpìlǐ.
   17812  market.dearth          s=2 sName=Fùlpū
          └ Dearth in Fùlpū — bread at famine prices in the market.
   17825  settlement.founded     s=229 sName=Nīlhụ̌ kind=crystallized
          └ Nīlhụ̌ was founded.
   17825  settlement.founded     s=229 sName=Nīlhụ̌ city=1
          └ The city of Nīlhụ̌ arose.
   17850  settlement.founded     s=232 sName=Rōtōukú kind=crystallized
          └ Rōtōukú was founded.
   17850  settlement.founded     s=232 sName=Rōtōukú city=1
          └ The city of Rōtōukú arose.
   17856  settlement.lapsed      s=219 sName=Xụ́lňà from=49 fromName=Ňú
          └ Xụ́lňà slipped free of Ňú.
   17856  polity.receded         s=219 n=1 sName=Xụ́lňà name=Ňú
          └ The grip of Ňú failed, and the marches beyond Xụ́lňà were left to their own devices.
   17856  polity.founded         how=frontier from=-1 name=Xụ́lňàlǐ
          └ Xụ́lňà declared itself a sovereign realm.
   17875  settlement.founded     s=235 sName=Lòtākú kind=crystallized
          └ Lòtākú was founded.
   17875  settlement.founded     s=235 sName=Lòtākú city=1
          └ The city of Lòtākú arose.
   17887  polity.submitted       how=union to=73 toName=Hǔňpìlǐā name=Pīüffìkòlǐā
          └ In the troubles of the succession, the court of Pīüffìkòlǐā joined its crown to Hǔňpìlǐā — one senior throne, two realms.
   17888  market.dearth          s=166 sName=Sǔstù
          └ Dearth in Sǔstù — bread at famine prices in the market.
   17900  war.began              from=115 to=88 name=Moessyomoe
          └ Marched to war against Sogyoepa.
   17900  war.began              from=49 to=88 name=Ňú
          └ Marched to war against Sogyoepa.
   17900  war.began              from=161 to=215 name=Fǒlpìlǐ
          └ Marched to war against Lụ̄nlākòlǐā.
   17900  war.began              from=73 to=215 name=Hǔňpìlǐā
          └ Marched to war against Lụ̄nlākòlǐā.
   17900  war.began              from=128 to=215 name=Sǔsfálǐā
          └ Marched to war against Lụ̄nlākòlǐā.
   17919  settlement.dissolved   s=81 why=core sName=Sǐunlà
          └ Sǐunlà faded back into the countryside.
   17920  settlement.dissolved   s=80 why=core sName=Ǔltǔkò
          └ Ǔltǔkò faded back into the countryside.
   17921  settlement.dissolved   s=79 why=core sName=Memosegyem
          └ Memosegyem faded back into the countryside.
   17934  succession.crisis      name=Hǔňpìlǐā
          └ The royal line failed — an interregnum of rival claimants.
   17950  settlement.founded     s=239 sName=Bamdu kind=crystallized
          └ Bamdu was founded.
   17950  settlement.founded     s=239 sName=Bamdu city=1
          └ The city of Bamdu arose.
   17950  settlement.founded     s=240 sName=Hǐlňà kind=crystallized
          └ Hǐlňà was founded.
   17950  settlement.founded     s=240 sName=Hǐlňà city=1
          └ The city of Hǐlňà arose.
   17950  war.began              from=49 to=215 name=Ňú
          └ Marched to war against Lụ̄nlākòlǐā.
   17950  war.began              from=161 to=73 name=Fǒlpìlǐ
          └ Marched to war against Hǔňpìlǐā as the succession failed.
   17975  settlement.founded     s=243 sName=Līütlàrụ́ kind=crystallized
          └ Līütlàrụ́ was founded.
   17975  settlement.founded     s=243 sName=Līütlàrụ́ city=1
          └ The city of Līütlàrụ́ arose.
   18000  war.began              from=161 to=180 name=Fǒlpìlǐ
          └ Marched to war against Ìtrụ̄ịlǐ.
   18000  war.ended              how=siegeLifted to=115 toName=Moessyomoe name=Bomogypasyus
          └ The war with Bomogypasyus ended.
   18002  market.dearth          s=31 sName=Sogyoepa
          └ Dearth in Sogyoepa — bread at famine prices in the market.
   18025  settlement.founded     s=248 sName=Lóupíkú kind=crystallized
          └ Lóupíkú was founded.
   18025  settlement.founded     s=248 sName=Lóupíkú city=1
          └ The city of Lóupíkú arose.
   18031  market.dearth          s=215 sName=Lụ̄nlākò
          └ Dearth in Lụ̄nlākò — bread at famine prices in the market.
   18032  market.dearth          s=1 sName=Ňěňní
          └ Dearth in Ňěňní — bread at famine prices in the market.
   18037  polity.submitted       how=submission to=161 toName=Fǒlpìlǐ name=Ìtrụ̄ịlǐ
          └ Facing hopeless odds, the court of Ìtrụ̄ịlǐ bowed to Fǒlpìlǐ — keeping its throne at the price of tribute.
   18037  polity.submitted       how=submission to=161 toName=Fǒlpìlǐ name=Xụ̌mrálǐ
          └ Facing hopeless odds, the court of Xụ̌mrálǐ bowed to Fǒlpìlǐ — keeping its throne at the price of tribute.
   18037  polity.submitted       how=submission to=161 toName=Fǒlpìlǐ name=Fùppīrụ́lǐ
          └ Facing hopeless odds, the court of Fùppīrụ́lǐ bowed to Fǒlpìlǐ — keeping its throne at the price of tribute.
   18037  polity.submitted       how=submission to=161 toName=Fǒlpìlǐ name=Kóptàịlǐā
          └ Facing hopeless odds, the court of Kóptàịlǐā bowed to Fǒlpìlǐ — keeping its throne at the price of tribute.
   18037  polity.submitted       how=union to=115 toName=Moessyomoe name=Sogyoepasyusa
          └ In the troubles of the succession, the court of Sogyoepasyusa joined its crown to Moessyomoe — one senior throne, two realms.
   18037  war.ended              how=union to=215 toName=Lụ̄nlākòlǐā name=Hǔňpìlǐā
          └ The war with Hǔňpìlǐā ended.
   18037  polity.submitted       how=union to=215 toName=Lụ̄nlākòlǐā name=Hǔňpìlǐā
          └ In the troubles of the succession, the court of Hǔňpìlǐā joined its crown to Lụ̄nlākòlǐā — one senior throne, two realms.
   18037  settlement.annexed     s=30 sName=Pomponsom from=31 fromName=Sogyoepasyusa to=115 toName=Moessyomoe
          └ Peacefully absorbed Pomponsom from Sogyoepasyusa.
   18037  settlement.annexed     s=95 sName=Epem from=31 fromName=Sogyoepasyusa to=115 toName=Moessyomoe
          └ Peacefully absorbed Epem from Sogyoepasyusa.
   18037  settlement.annexed     s=98 sName=Momotesuim from=31 fromName=Sogyoepasyusa to=115 toName=Moessyomoe
          └ Peacefully absorbed Momotesuim from Sogyoepasyusa.
   18037  polity.ended           how=integrated byName=Moessyomoe name=Sogyoepasyusa
          └ Dissolved — its last cities scattered or fell silent.
   18037  settlement.annexed     s=31 sName=Sogyoepa from=88 fromName=Sogyoepa to=115 toName=Moessyomoe
          └ Peacefully absorbed Sogyoepa from Sogyoepa.
   18050  settlement.founded     s=251 sName=Nāňní city=1
          └ The city of Nāňní arose.
   18050  war.began              from=49 to=219 name=Ňú
          └ Marched to war against Xụ́lňàlǐ.
   18050  war.began              from=7 to=219 name=Thaphobya
          └ Marched to war against Xụ́lňàlǐ.
   18050  war.began              from=82 to=219 name=Pụ̌mrálǐ
          └ Marched to war against Xụ́lňàlǐ.
   18098  settlement.dissolved   s=102 why=core sName=Pụ́ltà
          └ Pụ́ltà faded back into the countryside.
   18099  settlement.dissolved   s=101 why=core sName=Nomonokyo
          └ Nomonokyo faded back into the countryside.
   18101  settlement.dissolved   s=99 why=core sName=Pīüffì
          └ Pīüffì faded back into the countryside.
   18102  settlement.dissolved   s=98 why=core sName=Momotesuim
          └ Momotesuim faded back into the countryside.
   18104  settlement.dissolved   s=96 why=core sName=Xūkóu
          └ Xūkóu faded back into the countryside.
   18105  settlement.dissolved   s=95 why=core sName=Epem
          └ Epem faded back into the countryside.
   18107  settlement.dissolved   s=93 why=core sName=Fóurụ́
          └ Fóurụ́ faded back into the countryside.
   18111  settlement.dissolved   s=89 why=core sName=Pụ̄lhụ̀rụ́
          └ Pụ̄lhụ̀rụ́ faded back into the countryside.
   18112  settlement.dissolved   s=88 why=core sName=Puikypa
          └ Puikypa faded back into the countryside.
   18113  settlement.dissolved   s=87 why=core sName=Tị̌
          └ Tị̌ faded back into the countryside.
   18125  settlement.founded     s=255 sName=Bi kind=crystallized
          └ Bi was founded.
   18125  settlement.founded     s=255 sName=Bi city=1
          └ The city of Bi arose.
   18125  settlement.founded     s=256 sName=Kùrụ́ kind=crystallized
          └ Kùrụ́ was founded.
   18125  settlement.founded     s=256 sName=Kùrụ́ city=1
          └ The city of Kùrụ́ arose.
   18125  settlement.founded     s=257 sName=Ňǐlňà city=1
          └ The city of Ňǐlňà arose.
   18145  settlement.abandoned   s=49 sName=Ňú
          └ Ňú was abandoned.
   18145  settlement.tier        s=112 sName=Fụ̀ịlňà
          └ Fụ̀ịlňà grew into a metropolis (1,192,000 souls).
   18150  settlement.founded     s=259 sName=Suimowumkyui kind=crystallized
          └ Suimowumkyui was founded.
   18150  settlement.founded     s=259 sName=Suimowumkyui city=1
          └ The city of Suimowumkyui arose.
   18150  settlement.founded     s=260 sName=Pǐrí kind=crystallized
          └ Pǐrí was founded.
   18150  settlement.founded     s=260 sName=Pǐrí city=1
          └ The city of Pǐrí arose.
   18150  settlement.founded     s=261 sName=Xụ̌mrá city=1
          └ The city of Xụ̌mrá arose.
   18150  war.began              from=73 to=159 name=Hǔňpìlǐā
          └ Marched to war against Nị̀tlàlǐ.
   18150  war.began              from=180 to=159 name=Ìtrụ̄ịlǐ
          └ Marched to war against Nị̀tlàlǐ.
   18150  war.began              from=82 to=159 name=Pụ̌mrálǐ
          └ Marched to war against Nị̀tlàlǐ.
   18150  war.ended              how=siegeLifted to=115 toName=Moessyomoe name=Sogyoepa
          └ The war with Sogyoepa ended.
   18150  war.indemnity          to=88 toName=Sogyoepa name=Moessyomoe
          └ Moessyomoe paid a heavy indemnity to Sogyoepa at the peace.
   18175  settlement.founded     s=263 sName=Tisuim kind=crystallized
          └ Tisuim was founded.
   18175  settlement.founded     s=263 sName=Tisuim city=1
          └ The city of Tisuim arose.
   18175  settlement.founded     s=264 sName=Ngàịňní city=1
          └ The city of Ngàịňní arose.
   18187  polity.submitted       how=submission to=161 toName=Fǒlpìlǐ name=Pīüffìrụ́lǐ
          └ Facing hopeless odds, the court of Pīüffìrụ́lǐ bowed to Fǒlpìlǐ — keeping its throne at the price of tribute.
   18187  polity.seceded         from=115 fromName=Moessyomoe
          └ Broke away from Moessyomoe in a war of secession.
   18187  polity.seceded         from=215 fromName=Lụ̄nlākòlǐā
          └ Broke away from Lụ̄nlākòlǐā in a war of secession.
   18200  settlement.founded     s=266 sName=Imomuisium kind=crystallized
          └ Imomuisium was founded.
   18200  settlement.founded     s=266 sName=Imomuisium city=1
          └ The city of Imomuisium arose.
   18200  settlement.founded     s=267 sName=Īmlà kind=crystallized
          └ Īmlà was founded.
   18200  settlement.founded     s=267 sName=Īmlà city=1
          └ The city of Īmlà arose.
   18200  settlement.founded     s=268 sName=Tǐrụ́ city=1
          └ The city of Tǐrụ́ arose.
   18200  war.began              from=215 to=49 name=Lụ̄nlākòlǐā
          └ Marched to war against Ňú.
   18225  settlement.founded     s=271 sName=Xūkóukò kind=crystallized
          └ Xūkóukò was founded.
   18225  settlement.founded     s=271 sName=Xūkóukò city=1
          └ The city of Xūkóukò arose.
   18250  settlement.founded     s=273 sName=Lāpá kind=crystallized
          └ Lāpá was founded.
   18250  settlement.founded     s=273 sName=Lāpá city=1
          └ The city of Lāpá arose.
   18250  war.began              from=159 to=215 name=Nị̀tlàlǐ
          └ Marched to war against Lụ̄nlākòlǐā.
   18250  war.began              from=215 to=159 name=Lụ̄nlākòlǐā
          └ Marched to war against Nị̀tlàlǐ.
   18273  settlement.dissolved   s=127 why=core sName=Fị̀thị̌
          └ Fị̀thị̌ faded back into the countryside.
   18284  settlement.dissolved   s=116 why=core sName=Tīrụ́
          └ Tīrụ́ faded back into the countryside.
   18289  settlement.tier        s=166 sName=Sǔstù
          └ Sǔstù grew into a metropolis (935,000 souls).
   18289  settlement.tier        s=215 sName=Lụ̄nlākò
          └ Lụ̄nlākò grew into a metropolis (778,000 souls).
   18291  settlement.dissolved   s=109 why=core sName=Pụ́ptàị
          └ Pụ́ptàị faded back into the countryside.
   18294  settlement.dissolved   s=106 why=core sName=Ìlpù
          └ Ìlpù faded back into the countryside.
   18295  settlement.dissolved   s=105 why=core sName=Fị̀ptàị
          └ Fị̀ptàị faded back into the countryside.
   18300  settlement.founded     s=276 sName=Túkò kind=crystallized
          └ Túkò was founded.
   18300  settlement.founded     s=276 sName=Túkò city=1
          └ The city of Túkò arose.
   18300  settlement.founded     s=277 sName=Lǐfpúkú city=1
          └ The city of Lǐfpúkú arose.
   18300  war.began              from=161 to=128 name=Fǒlpìlǐ
          └ Marched to war against Sǔsfálǐā.
   18300  war.ended              how=faded to=49 toName=Ňú name=Ňěňnílě
          └ The war with Ňěňnílě ended; some 49 soldiers never came home.
   18300  war.ended              how=faded to=161 toName=Fǒlpìlǐ name=Pụ̌mrálǐ
          └ The war with Pụ̌mrálǐ ended; some 10 soldiers never came home.
   18300  war.ended              how=siegeLifted to=219 toName=Xụ́lňàlǐ name=Ňú
          └ The war with Ňú ended.
   18300  war.ended              how=siegeLifted to=219 toName=Xụ́lňàlǐ name=Pụ̌mrálǐ
          └ The war with Pụ̌mrálǐ ended.
   18325  settlement.founded     s=282 sName=Xóulpì kind=crystallized
          └ Xóulpì was founded.
   18325  settlement.founded     s=282 sName=Xóulpì city=1
          └ The city of Xóulpì arose.
   18325  settlement.founded     s=283 sName=Nāxkū city=1
          └ The city of Nāxkū arose.
   18337  polity.submitted       how=submission to=215 toName=Lụ̄nlākòlǐā name=Sogyoepa
          └ Facing hopeless odds, the court of Sogyoepa bowed to Lụ̄nlākòlǐā — keeping its throne at the price of tribute.
   18337  polity.submitted       how=union to=128 toName=Sǔsfálǐā name=Ǎ
          └ In the troubles of the succession, the court of Ǎ joined its crown to Sǔsfálǐā — one senior throne, two realms.
   18337  settlement.annexed     s=90 sName=Ǎ from=90 fromName=Ǎ to=128 toName=Sǔsfálǐā
          └ Peacefully absorbed Ǎ from Ǎ.
   18337  polity.ended           how=integrated byName=Sǔsfálǐā name=Ǎ
          └ Dissolved — its last cities scattered or fell silent.
   18337  polity.seceded         from=159 fromName=Nị̀tlàlǐ
          └ Broke away from Nị̀tlàlǐ in a war of secession.
   18337  polity.seceded         from=215 fromName=Lụ̄nlākòlǐā
          └ Broke away from Lụ̄nlākòlǐā in a war of secession.
   18337  settlement.annexed     s=30 sName=Pomponsom from=115 fromName=Moessyomoe to=211 toName=Moessyomoesyus
          └ Peacefully absorbed Pomponsom from Moessyomoe.
   18337  settlement.annexed     s=31 sName=Sogyoepa from=115 fromName=Moessyomoe to=211 toName=Moessyomoesyus
          └ Peacefully absorbed Sogyoepa from Moessyomoe.
   18350  settlement.founded     s=286 sName=Lǎptàị kind=crystallized
          └ Lǎptàị was founded.
   18350  settlement.founded     s=286 sName=Lǎptàị city=1
          └ The city of Lǎptàị arose.
   18350  settlement.founded     s=287 sName=Xóuňpì city=1
          └ The city of Xóuňpì arose.
   18350  war.began              from=211 to=115 name=Moessyomoesyus
          └ Marched to war against Moessyomoe.
   18350  war.began              from=161 to=235 name=Fǒlpìlǐ
          └ Marched to war against Lòtākú.
   18350  war.began              from=211 to=85 name=Moessyomoesyus
          └ Marched to war against Bomogypasyus.
   18375  settlement.founded     s=291 sName=Nìlīrụ́ kind=crystallized
          └ Nìlīrụ́ was founded.
   18375  settlement.founded     s=291 sName=Nìlīrụ́ city=1
          └ The city of Nìlīrụ́ arose.
   18375  settlement.founded     s=292 sName=Sīuppì city=1
          └ The city of Sīuppì arose.
   18400  war.began              from=215 to=235 name=Lụ̄nlākòlǐā
          └ Marched to war against Lòtākú.
   18433  settlement.tier        s=235 sName=Lòtākú
          └ Lòtākú grew into a metropolis (834,000 souls).
   18450  settlement.dissolved   s=150 why=core sName=Sùňtụ̌ị
          └ Sùňtụ̌ị faded back into the countryside.
   18450  settlement.founded     s=303 sName=Tìttíu city=1
          └ The city of Tìttíu arose.
   18450  polity.shattered       s=1 sName=Ňěňní to=215 toName=Lụ̄nlākòlǐā
          └ Its capital Ňěňní fell to Lụ̄nlākòlǐā — the realm collapsed.
   18450  polity.ended           how=conquest byName=Lụ̄nlākòlǐā name=Ňú
          └ Fell to Lụ̄nlākòlǐā and was erased from the map.
   18450  polity.restored        from=49 fromName=Ňú name=Ňěňnílě
          └ The old nation rose again, casting off Ňú.
   18463  settlement.dissolved   s=137 why=core sName=Síukfí
          └ Síukfí faded back into the countryside.
   18464  settlement.dissolved   s=136 why=core sName=Ommonokyo
          └ Ommonokyo faded back into the countryside.
   18475  settlement.founded     s=305 sName=Ǔltǔkò city=1
          └ The city of Ǔltǔkò arose.
   18487  polity.submitted       how=submission to=161 toName=Fǒlpìlǐ name=Thaphobya
          └ Facing hopeless odds, the court of Thaphobya bowed to Fǒlpìlǐ — keeping its throne at the price of tribute.
   18500  settlement.founded     s=308 sName=Bumdu kind=crystallized
          └ Bumdu was founded.
   18500  settlement.founded     s=308 sName=Bumdu city=1
          └ The city of Bumdu arose.
   18500  war.began              from=215 to=240 name=Lụ̄nlākòlǐā
          └ Marched to war against Hǐlňà.
   18500  war.began              from=268 to=240 name=Nị̀tlà
          └ Marched to war against Hǐlňà.
   18500  war.began              from=215 to=219 name=Lụ̄nlākòlǐā
          └ Marched to war against Xụ́lňàlǐ.
   18583  market.dearth          s=239 sName=Bamdu
          └ Dearth in Bamdu — bread at famine prices in the market.
   18600  plague.outbreak        s=181 sName=Hǔlpù
          └ Plague broke out in Hǔlpù and swept through the realm.
   18600  plague.outbreak        s=206 sName=Lụ̀tà
          └ Plague broke out in Lụ̀tà and swept through the realm.
   18600  plague.outbreak        s=207 sName=Ǎịmrà
          └ Plague broke out in Ǎịmrà and swept through the realm.
   18600  plague.outbreak        s=216 sName=Umobimgyi
          └ Plague broke out in Umobimgyi and swept through the realm.
   18600  plague.outbreak        s=217 sName=Hǐusfá
          └ Plague broke out in Hǐusfá and swept through the realm.
   18600  plague.outbreak        s=219 sName=Xụ́lňà
          └ Plague broke out in Xụ́lňà and swept through the realm.
   18600  plague.outbreak        s=235 sName=Lòtākú
          └ Plague broke out in Lòtākú and swept through the realm.
   18600  plague.outbreak        s=240 sName=Hǐlňà
          └ Plague broke out in Hǐlňà and swept through the realm.
   18600  plague.outbreak        s=261 sName=Xụ̌mrá
          └ Plague broke out in Xụ̌mrá and swept through the realm.
   18600  plague.outbreak        s=276 sName=Túkò
          └ Plague broke out in Túkò and swept through the realm.
   18600  plague.outbreak        s=282 sName=Xóulpì
          └ Plague broke out in Xóulpì and swept through the realm.
   18600  plague.outbreak        s=287 sName=Xóuňpì
          └ Plague broke out in Xóuňpì and swept through the realm.
   18600  plague.outbreak        s=303 sName=Tìttíu
          └ Plague broke out in Tìttíu and swept through the realm.
   18600  plague.outbreak        s=305 sName=Ǔltǔkò
          └ Plague broke out in Ǔltǔkò and swept through the realm.
   18600  plague.outbreak        s=308 sName=Bumdu
          └ Plague broke out in Bumdu and swept through the realm.
   18600  plague.virginSoil      s=219 sName=Xụ́lňà mortality=0.67
          └ A pestilence unknown to Xụ́lňà came ashore with the strangers, and they had no defence against it.
   18600  settlement.founded     s=322 sName=Fùlpū city=1
          └ The city of Fùlpū arose.
   18600  war.began              from=215 to=1 name=Lụ̄nlākòlǐā
          └ Marched to war against Ňěňnílě.
   18600  war.began              from=161 to=282 name=Fǒlpìlǐ
          └ Marched to war against Xóulpìlǐ.
   18600  war.began              from=180 to=282 name=Ìtrụ̄ịlǐ
          └ Marched to war against Xóulpìlǐ.
   18600  war.ended              how=faded to=85 toName=Bomogypasyus name=Sogyoepasyusa
          └ The war with Sogyoepasyusa ended; some 1 soldiers never came home.
   18600  war.ended              how=siegeLifted to=211 toName=Moessyomoesyus name=Bomogypasyus
          └ The war with Bomogypasyus ended.
   18611  market.dearth          s=235 sName=Lòtākú
          └ Dearth in Lòtākú — bread at famine prices in the market.
   18617  market.dearth          s=115 sName=Moessyomoe
          └ Dearth in Moessyomoe — bread at famine prices in the market.
   18625  settlement.founded     s=324 sName=Lụ̄ňākú city=1
          └ The city of Lụ̄ňākú arose.
   18634  succession.crisis      name=Lòtākú
          └ The royal line failed — an interregnum of rival claimants.
   18636  settlement.dissolved   s=164 why=core sName=Hóulhụ̌
          └ Hóulhụ̌ faded back into the countryside.
   18637  settlement.dissolved   s=163 why=core sName=Bommodu
          └ Bommodu faded back into the countryside.
   18637  polity.submitted       how=submission to=88 toName=Sogyoepa name=Bomogypasyus
          └ Facing hopeless odds, the court of Bomogypasyus bowed to Sogyoepa — keeping its throne at the price of tribute.
   18637  polity.submitted       how=submission to=305 toName=Ǔltǔkò name=Nị̀tlàlǐ
          └ Facing hopeless odds, the court of Nị̀tlàlǐ bowed to Ǔltǔkò — keeping its throne at the price of tribute.
   18638  settlement.dissolved   s=162 why=core sName=Lǎrá
          └ Lǎrá faded back into the countryside.
   18643  settlement.dissolved   s=157 why=core sName=Pị̀xàkò
          └ Pị̀xàkò faded back into the countryside.
   18646  market.dearth          s=2 sName=Fùlpū
          └ Dearth in Fùlpū — bread at famine prices in the market.
   18646  plague.outbreak        s=31 sName=Sogyoepa
          └ Plague broke out in Sogyoepa and swept through the realm.
   18650  settlement.founded     s=325 sName=Tigypa kind=crystallized
          └ Tigypa was founded.
   18650  settlement.founded     s=325 sName=Tigypa city=1
          └ The city of Tigypa arose.
   18650  settlement.founded     s=326 sName=Yùffí kind=crystallized
          └ Yùffí was founded.
   18650  settlement.founded     s=326 sName=Suimonukyu city=1
          └ The city of Suimonukyu arose.
   18650  settlement.founded     s=327 sName=Xūkóurụ́ city=1
          └ The city of Xūkóurụ́ arose.
   18650  war.began              from=211 to=88 name=Moessyomoesyus
          └ Marched to war against Sogyoepa.
   18650  war.began              from=305 to=282 name=Ǔltǔkò
          └ Marched to war against Xóulpìlǐ.
   18650  war.began              from=215 to=272 name=Lụ̄nlākòlǐā
          └ Marched to war against Nùkú.
   18655  plague.outbreak        s=2 sName=Fùlpū
          └ Plague broke out in Fùlpū and swept through the realm.
   18675  settlement.founded     s=330 sName=Fụ̀ịlpì city=1
          └ The city of Fụ̀ịlpì arose.
   18700  settlement.founded     s=331 sName=Rimmosiim kind=crystallized
          └ Rimmosiim was founded.
   18700  settlement.founded     s=331 sName=Rimmosiim city=1
          └ The city of Rimmosiim arose.
   18700  settlement.founded     s=332 sName=Pụ́lhụ̌ city=1
          └ The city of Pụ́lhụ̌ arose.
   18700  war.ended              how=sackedIntoTribute to=282 toName=Xóulpìlǐ name=Fǒlpìlǐ
          └ The war with Fǒlpìlǐ ended.
   18700  polity.submitted       how=sackedIntoTribute to=161 toName=Fǒlpìlǐ name=Xóulpìlǐ
          └ Facing hopeless odds, the court of Xóulpìlǐ bowed to Fǒlpìlǐ — keeping its throne at the price of tribute.
   18700  polity.shattered       s=282 sName=Xóulpì to=180 toName=Ìtrụ̄ịlǐ
          └ Its capital Xóulpì fell to Ìtrụ̄ịlǐ — the realm collapsed.
   18700  polity.ended           how=conquest byName=Ìtrụ̄ịlǐ name=Xóulpìlǐ
          └ Fell to Ìtrụ̄ịlǐ and was erased from the map.
   18700  war.ended              how=siegeLifted to=219 toName=Xụ́lňàlǐ name=Lụ̄nlākòlǐā
          └ The war with Lụ̄nlākòlǐā ended; some 5 soldiers never came home.
   18709  succession.crisis      name=Tìttíu
          └ The royal line failed — an interregnum of rival claimants.
   18721  settlement.tier        s=305 sName=Ǔltǔkò
          └ Ǔltǔkò grew into a metropolis (1,147,000 souls).
   18725  settlement.founded     s=334 sName=Pīüffìkú city=1
          └ The city of Pīüffìkú arose.
   18750  market.dearth          s=240 sName=Hǐlňà
          └ Dearth in Hǐlňà — bread at famine prices in the market.
   18750  settlement.founded     s=336 sName=Pórākú city=1
          └ The city of Pórākú arose.
   18750  war.began              from=219 to=1 name=Xụ́lňàlǐ
          └ Marched to war against Ňěňnílě.
   18750  war.began              from=215 to=276 name=Lụ̄nlākòlǐā
          └ Marched to war against Túkòlǐ.
   18750  war.began              from=305 to=276 name=Ǔltǔkò
          └ Marched to war against Túkòlǐ.
   18750  war.began              from=303 to=276 name=Tìttíu
          └ Marched to war against Túkòlǐ.
   18750  war.ended              how=faded to=31 toName=Sogyoepasyusa name=Pomponsom
          └ The war with Pomponsom ended; some 25 soldiers never came home.
   18751  market.dearth          s=149 sName=Moemotesuim
          └ Dearth in Moemotesuim — bread at famine prices in the market.
   18753  market.dearth          s=207 sName=Ǎịmrà
          └ Dearth in Ǎịmrà — bread at famine prices in the market.
   18775  settlement.founded     s=338 sName=Pīüffìrụ́ city=1
          └ The city of Pīüffìrụ́ arose.
   18784  succession.crisis      name=Hǐlňà
          └ The royal line failed — an interregnum of rival claimants.
   18784  succession.crisis      name=Tìttíu
          └ The royal line failed — an interregnum of rival claimants.
   18787  polity.submitted       how=submission to=305 toName=Ǔltǔkò name=Nùkú
          └ Facing hopeless odds, the court of Nùkú bowed to Ǔltǔkò — keeping its throne at the price of tribute.
   18787  polity.submitted       how=submission to=305 toName=Ǔltǔkò name=Tìttíu
          └ Facing hopeless odds, the court of Tìttíu bowed to Ǔltǔkò — keeping its throne at the price of tribute.
   18787  polity.seceded         from=215 fromName=Lụ̄nlākòlǐā
          └ Broke away from Lụ̄nlākòlǐā in a war of secession.
   18788  settlement.abandoned   s=205 sName=Ngàịltù
          └ Ngàịltù was abandoned.
   18789  settlement.tier        s=207 sName=Ǎịmrà
          └ Ǎịmrà grew into a metropolis (873,000 souls).
   18789  settlement.tier        s=240 sName=Hǐlňà
          └ Hǐlňà grew into a metropolis (777,000 souls).
   18792  settlement.abandoned   s=181 sName=Hǔlpù
          └ Hǔlpù was abandoned.
   18798  settlement.abandoned   s=191 sName=Fùppīkò
          └ Fùppīkò was abandoned.
   18798  settlement.abandoned   s=194 sName=Pụ́tlà
          └ Pụ́tlà was abandoned.
   18800  settlement.founded     s=341 sName=Yútrụ̄ị kind=crystallized
          └ Yútrụ̄ị was founded.
   18800  settlement.founded     s=341 sName=Yútrụ̄ị city=1
          └ The city of Yútrụ̄ị arose.
   18809  succession.crisis      name=Lòtākú
          └ The royal line failed — an interregnum of rival claimants.
   18813  settlement.abandoned   s=217 sName=Hǐusfá
          └ Hǐusfá was abandoned.
   18814  settlement.abandoned   s=225 sName=Ǎịmràkú
          └ Ǎịmràkú was abandoned.
   18819  settlement.abandoned   s=184 sName=Fùlpūkò
          └ Fùlpūkò was abandoned.
   18819  settlement.abandoned   s=186 sName=Nị̌stù
          └ Nị̌stù was abandoned.
   18819  settlement.abandoned   s=189 sName=Lụ̄pā
          └ Lụ̄pā was abandoned.
   18819  settlement.abandoned   s=197 sName=Fóunlà
          └ Fóunlà was abandoned.
   18819  settlement.abandoned   s=199 sName=Lǎlpù
          └ Lǎlpù was abandoned.
   18819  settlement.abandoned   s=203 sName=Lụ̄ňārụ́
          └ Lụ̄ňārụ́ was abandoned.
   18819  settlement.abandoned   s=209 sName=Lụ̌mpíü
          └ Lụ̌mpíü was abandoned.
   18819  settlement.abandoned   s=210 sName=Hóuptàị
          └ Hóuptàị was abandoned.
   18819  settlement.abandoned   s=212 sName=Pụ̀rsī
          └ Pụ̀rsī was abandoned.
   18819  settlement.abandoned   s=214 sName=Pị̀pǒukú
          └ Pị̀pǒukú was abandoned.
   18819  settlement.abandoned   s=216 sName=Umobimgyi
          └ Umobimgyi was abandoned.
   18819  settlement.abandoned   s=222 sName=Lǐfpúkú
          └ Lǐfpúkú was abandoned.
   18819  settlement.abandoned   s=232 sName=Rōtōukú
          └ Rōtōukú was abandoned.
   18819  settlement.abandoned   s=251 sName=Nāňní
          └ Nāňní was abandoned.
   18819  settlement.abandoned   s=255 sName=Bi
          └ Bi was abandoned.
   18819  settlement.abandoned   s=257 sName=Ňǐlňà
          └ Ňǐlňà was abandoned.
   18819  settlement.abandoned   s=267 sName=Īmlà
          └ Īmlà was abandoned.
   18820  settlement.abandoned   s=201 sName=Hìuňní
          └ Hìuňní was abandoned.
   18825  settlement.founded     s=345 sName=Nāňní kind=crystallized
          └ Nāňní was founded.
   18825  settlement.founded     s=345 sName=Nāňní city=1
          └ The city of Nāňní arose.
   18826  settlement.abandoned   s=243 sName=Līütlàrụ́
          └ Līütlàrụ́ was abandoned.
   18826  settlement.abandoned   s=261 sName=Xụ̌mrá
          └ Xụ̌mrá was abandoned.
   18826  settlement.abandoned   s=264 sName=Ngàịňní
          └ Ngàịňní was abandoned.
   18826  settlement.abandoned   s=271 sName=Xūkóukò
          └ Xūkóukò was abandoned.
   18826  settlement.abandoned   s=282 sName=Xóulpì
          └ Xóulpì was abandoned.
   18826  settlement.dissolved   s=174 why=core sName=Lǐfpú
          └ Lǐfpú faded back into the countryside.
   18827  settlement.dissolved   s=173 why=core sName=Tị̄lā
          └ Tị̄lā faded back into the countryside.
   18828  settlement.dissolved   s=172 why=core sName=Nǔfīukú
          └ Nǔfīukú faded back into the countryside.
   18829  settlement.dissolved   s=171 why=core sName=Siimmiu
          └ Siimmiu faded back into the countryside.
   18831  settlement.dissolved   s=169 why=core sName=Ngàịltù
          └ Ngàịltù faded back into the countryside.
   18832  settlement.dissolved   s=168 why=core sName=Fùlpūrụ́
          └ Fùlpūrụ́ faded back into the countryside.
   18833  settlement.dissolved   s=167 why=core sName=Hìutlà
          └ Hìutlà faded back into the countryside.
   18839  settlement.abandoned   s=206 sName=Lụ̀tà
          └ Lụ̀tà was abandoned.
   18839  settlement.abandoned   s=229 sName=Nīlhụ̌
          └ Nīlhụ̌ was abandoned.
   18839  settlement.abandoned   s=248 sName=Lóupíkú
          └ Lóupíkú was abandoned.
   18839  settlement.abandoned   s=256 sName=Kùrụ́
          └ Kùrụ́ was abandoned.
   18839  settlement.abandoned   s=259 sName=Suimowumkyui
          └ Suimowumkyui was abandoned.
   18839  settlement.abandoned   s=260 sName=Pǐrí
          └ Pǐrí was abandoned.
   18839  settlement.abandoned   s=263 sName=Tisuim
          └ Tisuim was abandoned.
   18839  settlement.abandoned   s=266 sName=Imomuisium
          └ Imomuisium was abandoned.
   18839  settlement.abandoned   s=273 sName=Lāpá
          └ Lāpá was abandoned.
   18839  settlement.abandoned   s=276 sName=Túkò
          └ Túkò was abandoned.
   18839  settlement.abandoned   s=277 sName=Lǐfpúkú
          └ Lǐfpúkú was abandoned.
   18839  settlement.abandoned   s=283 sName=Nāxkū
          └ Nāxkū was abandoned.
   18839  settlement.abandoned   s=286 sName=Lǎptàị
          └ Lǎptàị was abandoned.
   18839  settlement.abandoned   s=292 sName=Sīuppì
          └ Sīuppì was abandoned.
   18839  settlement.abandoned   s=303 sName=Tìttíu
          └ Tìttíu was abandoned.
   18839  settlement.abandoned   s=308 sName=Bumdu
          └ Bumdu was abandoned.
   18842  settlement.abandoned   s=287 sName=Xóuňpì
          └ Xóuňpì was abandoned.
   18842  settlement.abandoned   s=291 sName=Nìlīrụ́
          └ Nìlīrụ́ was abandoned.
   18850  settlement.founded     s=348 sName=Masmowumkyui kind=crystallized
          └ Masmowumkyui was founded.
   18850  settlement.founded     s=348 sName=Masmowumkyui city=1
          └ The city of Masmowumkyui arose.
   18850  settlement.founded     s=349 sName=Kīmrá kind=crystallized
          └ Kīmrá was founded.
   18850  settlement.founded     s=349 sName=Kīmrá city=1
          └ The city of Kīmrá arose.
   18850  settlement.founded     s=350 sName=Lá city=1
          └ The city of Lá arose.
   18850  war.began              from=1 to=215 name=Ňěňnílě
          └ Marched to war against Lụ̄nlākòlǐā.
   18850  war.began              from=305 to=180 name=Ǔltǔkò
          └ Marched to war against Ìtrụ̄ịlǐ.
   18850  war.ended              how=siegeLifted to=215 toName=Lụ̄nlākòlǐā name=Ňěňnílě
          └ The war with Ňěňnílě ended.
   18850  war.indemnity          to=1 toName=Ňěňnílě name=Lụ̄nlākòlǐā
          └ Lụ̄nlākòlǐā paid a heavy indemnity to Ňěňnílě at the peace.
   18865  settlement.tier        s=322 sName=Fùlpū
          └ Fùlpū grew into a metropolis (852,000 souls).
   18865  settlement.tier        s=341 sName=Yútrụ̄ị
          └ Yútrụ̄ị grew into a metropolis (1,015,000 souls).
   18866  market.dearth          s=1 sName=Ňěňní
          └ Dearth in Ňěňní — bread at famine prices in the market.
   18875  settlement.founded     s=356 sName=Imosumsusa kind=crystallized
          └ Imosumsusa was founded.
   18875  settlement.founded     s=356 sName=Imosumsusa city=1
          └ The city of Imosumsusa arose.
   18875  settlement.founded     s=357 sName=Pīüffìkú kind=crystallized
          └ Pīüffìkú was founded.
   18875  settlement.founded     s=357 sName=Pīüffìkú city=1
          └ The city of Pīüffìkú arose.
   18875  settlement.founded     s=358 sName=Lārsī city=1
          └ The city of Lārsī arose.
   18884  succession.crisis      name=Túkòlǐ
          └ The royal line failed — an interregnum of rival claimants.
   18900  market.dearth          s=348 sName=Masmowumkyui
          └ Dearth in Masmowumkyui — bread at famine prices in the market.
   18900  famine.struck          
          └ A famine gripped the land.
   18900  famine.struck          
          └ A famine gripped the land.
   18900  famine.struck          
          └ A famine gripped the land.
   18900  famine.struck          
          └ A famine gripped the land.
   18900  famine.struck          
          └ A famine gripped the land.
   18900  famine.struck          
          └ A famine gripped the land.
   18900  famine.struck          
          └ A famine gripped the land.
   18900  famine.struck          
          └ A famine gripped the land.
   18900  famine.struck          
          └ A famine gripped the land.
   18900  famine.struck          
          └ A famine gripped the land.
   18900  famine.struck          
          └ A famine gripped the land.
   18900  famine.struck          
          └ A famine gripped the land.
   18900  famine.struck          
          └ A famine gripped the land.
   18900  famine.struck          
          └ A famine gripped the land.
   18900  famine.struck          
          └ A famine gripped the land.
   18900  famine.struck          
          └ A famine gripped the land.
   18900  famine.struck          
          └ A famine gripped the land.
   18900  famine.struck          
          └ A famine gripped the land.
   18900  famine.struck          
          └ A famine gripped the land.
   18900  famine.struck          
          └ A famine gripped the land.
   18900  famine.struck          
          └ A famine gripped the land.
   18900  settlement.founded     s=364 sName=Buimmiu kind=crystallized
          └ Buimmiu was founded.
   18900  settlement.founded     s=364 sName=Buimmiu city=1
          └ The city of Buimmiu arose.
   18900  settlement.founded     s=365 sName=Ipimmiu kind=crystallized
          └ Ipimmiu was founded.
   18900  settlement.founded     s=365 sName=Tasrifughazydat city=1
          └ The city of Tasrifughazydat arose.
   18900  settlement.founded     s=366 sName=Lákò city=1
          └ The city of Lákò arose.
   18913  market.dearth          s=341 sName=Yútrụ̄ị
          └ Dearth in Yútrụ̄ị — bread at famine prices in the market.
   18925  settlement.founded     s=371 sName=Mimosituiky kind=crystallized
          └ Mimosituiky was founded.
   18925  settlement.founded     s=371 sName=Mimosituiky city=1
          └ The city of Mimosituiky arose.
   18925  settlement.founded     s=372 sName=Sismuiba kind=crystallized
          └ Sismuiba was founded.
   18925  settlement.founded     s=372 sName=Bobabomp city=1
          └ The city of Bobabomp arose.
   18925  settlement.founded     s=373 sName=Xóuthị̌ city=1
          └ The city of Xóuthị̌ arose.
   18937  polity.submitted       how=submission to=305 toName=Ǔltǔkò name=Xụ́lňàlǐ
          └ Facing hopeless odds, the court of Xụ́lňàlǐ bowed to Ǔltǔkò — keeping its throne at the price of tribute.
   18937  polity.submitted       how=submission to=305 toName=Ǔltǔkò name=Ìtrụ̄ịlǐ
          └ Facing hopeless odds, the court of Ìtrụ̄ịlǐ bowed to Ǔltǔkò — keeping its throne at the price of tribute.
   18937  polity.seceded         from=211 fromName=Moessyomoesyus
          └ Broke away from Moessyomoesyus in a war of secession.
   18937  settlement.annexed     s=335 sName=Íffú from=335 fromName=Íffúlǐ to=219 toName=Xụ́lňàlǐ
          └ Peacefully absorbed Íffú from Íffúlǐ.
   18937  polity.ended           how=dissolved name=Tìttíu
          └ Dissolved — its last cities scattered or fell silent.
   18950  settlement.founded     s=378 sName=Umkyui kind=crystallized
          └ Umkyui was founded.
   18950  settlement.founded     s=378 sName=Umkyui city=1
          └ The city of Umkyui arose.
   18950  settlement.founded     s=379 sName=Sismuiba kind=crystallized
          └ Sismuiba was founded.
   18950  settlement.founded     s=379 sName=Phuthghat city=1
          └ The city of Phuthghat arose.
   18950  settlement.founded     s=380 sName=Pụ̀ffí city=1
          └ The city of Pụ̀ffí arose.
   18950  war.began              from=276 to=219 name=Túkòlǐ
          └ Marched to war against Xụ́lňàlǐ as the succession failed.
   18950  war.began              from=88 to=276 name=Sogyoepa
          └ Marched to war against Túkòlǐ as the succession failed.
   18952  plague.outbreak        s=92 sName=Moessyo
          └ Plague broke out in Moessyo and swept through the realm.
   18975  settlement.founded     s=384 sName=Padumiu kind=crystallized
          └ Padumiu was founded.
   18975  settlement.founded     s=384 sName=Padumiu city=1
          └ The city of Padumiu arose.
   18975  settlement.founded     s=385 sName=Rimmopuiky kind=crystallized
          └ Rimmopuiky was founded.
   18975  settlement.founded     s=385 sName=Yayamdat city=1
          └ The city of Yayamdat arose.
   18975  settlement.founded     s=386 sName=Lụ̀fpù city=1
          └ The city of Lụ̀fpù arose.
   19000  settlement.founded     s=389 sName=Dumomuisium kind=crystallized
          └ Dumomuisium was founded.
   19000  settlement.founded     s=389 sName=Yayamfap city=1
          └ The city of Yayamfap arose.
   19000  settlement.founded     s=390 sName=Sǎfǎrụ́ city=1
          └ The city of Sǎfǎrụ́ arose.
   19000  war.began              from=276 to=267 name=Túkòlǐ
          └ Marched to war against Lụ̄nlākò.
   19000  war.ended              how=siegeLifted to=276 toName=Túkòlǐ name=Lụ̄nlākòlǐā
          └ The war with Lụ̄nlākòlǐā ended.
   19000  war.ended              how=siegeLifted to=305 toName=Ǔltǔkò name=Túkòlǐ
          └ The war with Túkòlǐ ended.
   19000  war.indemnity          to=305 toName=Ǔltǔkò name=Túkòlǐ
          └ Túkòlǐ paid a heavy indemnity to Ǔltǔkò at the peace.
   19008  settlement.lapsed      s=335 sName=Íffú from=219 fromName=Xụ́lňàlǐ
          └ Íffú slipped free of Xụ́lňàlǐ.
   19008  polity.receded         s=335 n=1 sName=Íffú name=Xụ́lňàlǐ
          └ The grip of Xụ́lňàlǐ failed, and the marches beyond Íffú were left to their own devices.
   19023  settlement.dissolved   s=177 why=core sName=Lụ̀fpù
          └ Lụ̀fpù faded back into the countryside.
   19024  settlement.dissolved   s=176 why=core sName=Tàịňnī
          └ Tàịňnī faded back into the countryside.
   19025  settlement.dissolved   s=175 why=core sName=Lōu
          └ Lōu faded back into the countryside.
   19025  settlement.founded     s=394 sName=Imomumum kind=crystallized
          └ Imomumum was founded.
   19025  settlement.founded     s=394 sName=Yoph city=1
          └ The city of Yoph arose.
   19025  settlement.founded     s=395 sName=Pụ́tlà city=1
          └ The city of Pụ́tlà arose.
   19036  market.dearth          s=215 sName=Lụ̄nlākò
          └ Dearth in Lụ̄nlākò — bread at famine prices in the market.
   19050  settlement.founded     s=398 sName=Simowu kind=crystallized
          └ Simowu was founded.
   19050  settlement.founded     s=398 sName=Zomfapud city=1
          └ The city of Zomfapud arose.
   19050  settlement.founded     s=399 sName=Xūkóukú city=1
          └ The city of Xūkóukú arose.
   19050  war.began              from=88 to=372 name=Sogyoepa
          └ Marched to war against Bobabomptaya.
   19050  war.began              from=219 to=372 name=Xụ́lňàlǐ
          └ Marched to war against Bobabomptaya.
   19050  war.began              from=215 to=372 name=Lụ̄nlākòlǐā
          └ Marched to war against Bobabomptaya.
   19050  war.began              from=276 to=372 name=Túkòlǐ
          └ Marched to war against Bobabomptaya.
   19050  war.began              from=267 to=215 name=Lụ̄nlākò
          └ Marched to war against Lụ̄nlākòlǐā.
   19075  settlement.founded     s=402 sName=Imoti kind=crystallized
          └ Imoti was founded.
   19075  settlement.founded     s=402 sName=Zomathik city=1
          └ The city of Zomathik arose.
   19075  settlement.founded     s=403 sName=Pòkú city=1
          └ The city of Pòkú arose.
   19084  succession.crisis      name=Sogyoepa
          └ The royal line failed — an interregnum of rival claimants.
   19087  polity.submitted       how=submission to=305 toName=Ǔltǔkò name=Moessyomoesyus
          └ Facing hopeless odds, the court of Moessyomoesyus bowed to Ǔltǔkò — keeping its throne at the price of tribute.
   19087  polity.seceded         from=88 fromName=Sogyoepa
          └ Broke away from Sogyoepa in a war of secession.
   19087  settlement.annexed     s=30 sName=Pomponsom from=30 fromName=Pomponsom to=211 toName=Moessyomoesyus
          └ Peacefully absorbed Pomponsom from Pomponsom.
   19087  settlement.annexed     s=31 sName=Sogyoepa from=30 fromName=Pomponsom to=211 toName=Moessyomoesyus
          └ Peacefully absorbed Sogyoepa from Pomponsom.
   19087  settlement.annexed     s=335 sName=Íffú from=335 fromName=Íffúlǐ to=219 toName=Xụ́lňàlǐ
          └ Peacefully absorbed Íffú from Íffúlǐ.
   19087  polity.ended           how=dissolved name=Pomponsom
          └ Dissolved — its last cities scattered or fell silent.
   19100  settlement.founded     s=405 sName=Muimodu kind=crystallized
          └ Muimodu was founded.
   19100  settlement.founded     s=405 sName=Bamsrazathdat city=1
          └ The city of Bamsrazathdat arose.
   19100  settlement.founded     s=406 sName=Xòunlà city=1
          └ The city of Xòunlà arose.
   19100  war.began              from=88 to=30 name=Sogyoepa
          └ Marched to war against Pomponsom.
   19125  settlement.founded     s=408 sName=Mumum kind=crystallized
          └ Mumum was founded.
   19125  settlement.founded     s=408 sName=Gatammolz city=1
          └ The city of Gatammolz arose.
   19125  settlement.founded     s=409 sName=Kùkú city=1
          └ The city of Kùkú arose.
   19150  settlement.founded     s=411 sName=Simotisuim kind=crystallized
          └ Simotisuim was founded.
   19150  settlement.founded     s=411 sName=Thamb city=1
          └ The city of Thamb arose.
   19150  settlement.founded     s=412 sName=Tàthị̀kò city=1
          └ The city of Tàthị̀kò arose.
   19150  polity.shattered       s=372 sName=Bobabomp to=88 toName=Sogyoepa
          └ Its capital Bobabomp fell to Sogyoepa — the realm collapsed.
   19150  polity.ended           how=conquest byName=Sogyoepa name=Bobabomptaya
          └ Fell to Sogyoepa and was erased from the map.
   19150  polity.shattered       s=372 sName=Bobabomp to=219 toName=Xụ́lňàlǐ
          └ Its capital Bobabomp fell to Xụ́lňàlǐ — the realm collapsed.
   19150  polity.shattered       s=1 sName=Ňěňní to=267 toName=Lụ̄nlākò
          └ Its capital Ňěňní fell to Lụ̄nlākò — the realm collapsed.
   19150  polity.ended           how=conquest byName=Lụ̄nlākò name=Lụ̄nlākòlǐā
          └ Fell to Lụ̄nlākò and was erased from the map.
   19150  polity.submitted       how=inherited to=267 toName=Lụ̄nlākò name=Hǔňpìlǐā
          └ Facing hopeless odds, the court of Hǔňpìlǐā bowed to Lụ̄nlākò — keeping its throne at the price of tribute.
   19150  polity.shattered       s=372 sName=Bobabomp to=276 toName=Túkòlǐ
          └ Its capital Bobabomp fell to Túkòlǐ — the realm collapsed.
   19152  settlement.lapsed      s=30 sName=Pomponsom from=211 fromName=Moessyomoesyus
          └ Pomponsom slipped free of Moessyomoesyus.
   19152  polity.receded         s=30 n=1 sName=Pomponsom name=Moessyomoesyus
          └ The grip of Moessyomoesyus failed, and the marches beyond Pomponsom were left to their own devices.
   19152  settlement.lapsed      s=335 sName=Íffú from=219 fromName=Xụ́lňàlǐ
          └ Íffú slipped free of Xụ́lňàlǐ.
   19152  polity.receded         s=335 n=1 sName=Íffú name=Xụ́lňàlǐ
          └ The grip of Xụ́lňàlǐ failed, and the marches beyond Íffú were left to their own devices.
   19175  settlement.founded     s=414 sName=Muissyu kind=crystallized
          └ Muissyu was founded.
   19175  settlement.founded     s=414 sName=Ghat city=1
          └ The city of Ghat arose.
   19175  settlement.founded     s=415 sName=Sánúkò city=1
          └ The city of Sánúkò arose.
   19179  settlement.tier        s=239 sName=Bamdu
          └ Bamdu grew into a metropolis (675,000 souls).
   19200  settlement.founded     s=417 sName=Sismuiba kind=crystallized
          └ Sismuiba was founded.
   19200  settlement.founded     s=417 sName=Zyoyyamfap city=1
          └ The city of Zyoyyamfap arose.
   19200  settlement.founded     s=418 sName=Hòunlà city=1
          └ The city of Hòunlà arose.
   19200  war.began              from=88 to=365 name=Sogyoepa
          └ Marched to war against Tasrifughazydattaya.
   19200  war.began              from=276 to=365 name=Túkòlǐ
          └ Marched to war against Tasrifughazydattaya.
   19200  war.ended              how=faded to=215 toName=Lụ̄nlākòlǐā name=Fǒlpìlǐ
          └ The war with Fǒlpìlǐ ended.
   19200  war.ended              how=faded to=215 toName=Lụ̄nlākòlǐā name=Sǔsfálǐā
          └ The war with Sǔsfálǐā ended.
   19225  settlement.founded     s=422 sName=Pụ́lpù kind=crystallized
          └ Pụ́lpù was founded.
   19225  settlement.founded     s=422 sName=Pụ́lpù city=1
          └ The city of Pụ́lpù arose.
   19225  settlement.founded     s=423 sName=Ngàlǐu city=1
          └ The city of Ngàlǐu arose.
   19237  polity.submitted       how=submission to=305 toName=Ǔltǔkò name=Sǔtūlǐā
          └ Facing hopeless odds, the court of Sǔtūlǐā bowed to Ǔltǔkò — keeping its throne at the price of tribute.
   19237  settlement.annexed     s=1 sName=Ňěňní from=267 fromName=Lụ̄nlākò to=276 toName=Túkòlǐ
          └ Peacefully absorbed Ňěňní from Lụ̄nlākò.
   19237  settlement.annexed     s=335 sName=Íffú from=335 fromName=Íffúlǐ to=219 toName=Xụ́lňàlǐ
          └ Peacefully absorbed Íffú from Íffúlǐ.
   19237  polity.restored        from=-1 name=Pomponsom
          └ The old nation rose again.
   19250  settlement.founded     s=425 sName=Sùppì kind=crystallized
          └ Sùppì was founded.
   19250  settlement.founded     s=425 sName=Sùppì city=1
          └ The city of Sùppì arose.
   19250  settlement.founded     s=426 sName=Nīppì city=1
          └ The city of Nīppì arose.
   19250  war.began              from=88 to=348 name=Sogyoepa
          └ Marched to war against Masmowumkyui.
   19250  war.began              from=348 to=88 name=Masmowumkyui
          └ Marched to war against Sogyoepa as the succession failed.
   19250  war.began              from=267 to=365 name=Lụ̄nlākò
          └ Marched to war against Tasrifughazydattaya.
   19250  war.began              from=305 to=82 name=Ǔltǔkò
          └ Marched to war against Pụ̌mrálǐ.
   19250  war.ended              how=siegeLifted to=276 toName=Túkòlǐ name=Lụ̄nlākò
          └ The war with Lụ̄nlākò ended.
   19250  war.indemnity          to=267 toName=Lụ̄nlākò name=Túkòlǐ
          └ Túkòlǐ paid a heavy indemnity to Lụ̄nlākò at the peace.
   19275  settlement.founded     s=428 sName=Fụ̀ịppì kind=crystallized
          └ Fụ̀ịppì was founded.
   19275  settlement.founded     s=428 sName=Fụ̀ịppì city=1
          └ The city of Fụ̀ịppì arose.
   19275  settlement.founded     s=429 sName=Fụ̀ịlsī city=1
          └ The city of Fụ̀ịlsī arose.
   19296  settlement.lapsed      s=335 sName=Íffú from=219 fromName=Xụ́lňàlǐ
          └ Íffú slipped free of Xụ́lňàlǐ.
   19296  polity.receded         s=335 n=1 sName=Íffú name=Xụ́lňàlǐ
          └ The grip of Xụ́lňàlǐ failed, and the marches beyond Íffú were left to their own devices.
   19296  polity.founded         how=frontier from=-1 name=Suimoyipim
          └ Suimoyipim declared itself a sovereign realm.
   19297  settlement.tier        s=365 sName=Tasrifughazydat
          └ Tasrifughazydat grew into a metropolis (839,000 souls).
   19300  settlement.founded     s=430 sName=Xụ̄nglì kind=crystallized
          └ Xụ̄nglì was founded.
   19300  settlement.founded     s=430 sName=Xụ̄nglì city=1
          └ The city of Xụ̄nglì arose.
   19300  settlement.founded     s=431 sName=Hǔtà city=1
          └ The city of Hǔtà arose.
   19300  war.began              from=85 to=30 name=Bomogypasyus
          └ Marched to war against Pomponsom under the banner of the faith.
   19300  war.began              from=1 to=365 name=Ňěňnílě
          └ Marched to war against Tasrifughazydattaya.
   19300  war.began              from=276 to=1 name=Túkòlǐ
          └ Marched to war against Ňěňnílě.
   19325  settlement.founded     s=432 sName=Ìühụ̌kò kind=crystallized
          └ Ìühụ̌kò was founded.
   19325  settlement.founded     s=432 sName=Ìühụ̌kò city=1
          └ The city of Ìühụ̌kò arose.
   19327  market.dearth          s=365 sName=Tasrifughazydat
          └ Dearth in Tasrifughazydat — bread at famine prices in the market.
   19350  settlement.founded     s=433 sName=Nāthị̌ kind=crystallized
          └ Nāthị̌ was founded.
   19350  settlement.founded     s=433 sName=Nāthị̌ city=1
          └ The city of Nāthị̌ arose.
   19350  war.began              from=365 to=348 name=Tasrifughazydattaya
          └ Marched to war against Masmowumkyui.
   19350  war.began              from=30 to=85 name=Pomponsom
          └ Marched to war against Bomogypasyus as the succession failed.
   19350  war.began              from=82 to=305 name=Pụ̌mrálǐ
          └ Marched to war against Ǔltǔkò.
   19350  war.began              from=276 to=272 name=Túkòlǐ
          └ Marched to war against Nùkú as the succession failed.
   19375  settlement.founded     s=434 sName=Pụ̀rsī kind=crystallized
          └ Pụ̀rsī was founded.
   19375  settlement.founded     s=434 sName=Pụ̀rsī city=1
          └ The city of Pụ̀rsī arose.
   19381  settlement.dissolved   s=219 why=core sName=Xụ́lňà
          └ Xụ́lňà faded back into the countryside.
   19387  polity.submitted       how=submission to=305 toName=Ǔltǔkò name=Kìtlàlǐ
          └ Facing hopeless odds, the court of Kìtlàlǐ bowed to Ǔltǔkò — keeping its throne at the price of tribute.
   19387  polity.seceded         from=276 fromName=Túkòlǐ
          └ Broke away from Túkòlǐ in a war of secession.
   19387  polity.ended           how=dissolved name=Xụ́lňàlǐ
          └ Dissolved — its last cities scattered or fell silent.
   19389  settlement.dissolved   s=211 why=core sName=Rimoyipim
          └ Rimoyipim faded back into the countryside.
   19400  settlement.founded     s=435 sName=Hóuňtụ̌ị kind=crystallized
          └ Hóuňtụ̌ị was founded.
   19400  settlement.founded     s=435 sName=Hóuňtụ̌ị city=1
          └ The city of Hóuňtụ̌ị arose.
   19400  war.ended              how=faded to=159 toName=Nị̀tlàlǐ name=Hǔňpìlǐā
          └ The war with Hǔňpìlǐā ended.
   19400  war.ended              how=faded to=180 toName=Ìtrụ̄ịlǐ name=Nị̀tlàlǐ
          └ The war with Nị̀tlàlǐ ended.
   19417  market.dearth          s=239 sName=Bamdu
          └ Dearth in Bamdu — bread at famine prices in the market.
   19425  settlement.founded     s=439 sName=Sùttīu kind=crystallized
          └ Sùttīu was founded.
   19425  settlement.founded     s=439 sName=Sùttīu city=1
          └ The city of Sùttīu arose.
   19441  settlement.tier        s=348 sName=Masmowumkyui
          └ Masmowumkyui grew into a metropolis (667,000 souls).
   19450  settlement.founded     s=442 sName=Ǔltǔrụ́ kind=crystallized
          └ Ǔltǔrụ́ was founded.
   19450  settlement.founded     s=442 sName=Ǔltǔrụ́ city=1
          └ The city of Ǔltǔrụ́ arose.
   19450  settlement.founded     s=443 sName=Xōukfí city=1
          └ The city of Xōukfí arose.
   19450  war.began              from=30 to=420 name=Pomponsom
          └ Marched to war against Suimoyipim.
   19450  war.began              from=365 to=420 name=Tasrifughazydattaya
          └ Marched to war against Suimoyipim.
   19450  war.ended              how=faded to=159 toName=Nị̀tlàlǐ name=Pụ̌mrálǐ
          └ The war with Pụ̌mrálǐ ended.
   19451  market.dearth          s=115 sName=Moessyomoe
          └ Dearth in Moessyomoe — bread at famine prices in the market.
   19475  settlement.founded     s=444 sName=Pīüffìrụ́ kind=crystallized
          └ Pīüffìrụ́ was founded.
   19475  settlement.founded     s=444 sName=Pīüffìrụ́ city=1
          └ The city of Pīüffìrụ́ arose.
   19480  market.dearth          s=2 sName=Fùlpū
          └ Dearth in Fùlpū — bread at famine prices in the market.
   19500  settlement.founded     s=445 sName=Tàrụ́ kind=crystallized
          └ Tàrụ́ was founded.
   19500  settlement.founded     s=445 sName=Tàrụ́ city=1
          └ The city of Tàrụ́ arose.
   19500  settlement.founded     s=446 sName=Ǎịmràkò city=1
          └ The city of Ǎịmràkò arose.
   19500  war.began              from=365 to=267 name=Tasrifughazydattaya
          └ Marched to war against Lụ̄nlākò.
   19525  settlement.founded     s=448 sName=Pítīkò kind=crystallized
          └ Pítīkò was founded.
   19525  settlement.founded     s=448 sName=Pítīkò city=1
          └ The city of Pítīkò arose.
   19537  polity.submitted       how=submission to=305 toName=Ǔltǔkò name=Pomponsom
          └ Facing hopeless odds, the court of Pomponsom bowed to Ǔltǔkò — keeping its throne at the price of tribute.
   19537  polity.submitted       how=submission to=305 toName=Ǔltǔkò name=Nị̀tlà
          └ Facing hopeless odds, the court of Nị̀tlà bowed to Ǔltǔkò — keeping its throne at the price of tribute.
   19550  settlement.founded     s=449 sName=Xụ́ptàị kind=crystallized
          └ Xụ́ptàị was founded.
   19550  settlement.founded     s=449 sName=Xụ́ptàị city=1
          └ The city of Xụ́ptàị arose.
   19550  war.began              from=305 to=341 name=Ǔltǔkò
          └ Marched to war against Yútrụ̄ị.
   19550  war.ended              how=siegeLifted to=348 toName=Masmowumkyui name=Sogyoepa
          └ The war with Sogyoepa ended.
   19559  succession.crisis      name=Pomponsom
          └ The royal line failed — an interregnum of rival claimants.
   19575  settlement.founded     s=450 sName=Nīlňà kind=crystallized
          └ Nīlňà was founded.
   19575  settlement.founded     s=450 sName=Nīlňà city=1
          └ The city of Nīlňà arose.
   19584  market.dearth          s=240 sName=Hǐlňà
          └ Dearth in Hǐlňà — bread at famine prices in the market.
   19585  market.dearth          s=149 sName=Moemotesuim
          └ Dearth in Moemotesuim — bread at famine prices in the market.
   19600  settlement.founded     s=452 sName=Sīuňpì kind=crystallized
          └ Sīuňpì was founded.
   19600  settlement.founded     s=452 sName=Sīuňpì city=1
          └ The city of Sīuňpì arose.
   19600  war.began              from=305 to=448 name=Ǔltǔkò
          └ Marched to war against Pítīkòlǐ.
   19600  war.began              from=180 to=448 name=Ìtrụ̄ịlǐ
          └ Marched to war against Pítīkòlǐ.
   19600  war.ended              how=faded to=161 toName=Fǒlpìlǐ name=Sǔsfálǐā
          └ The war with Sǔsfálǐā ended.
   19600  war.ended              how=siegeLifted to=365 toName=Tasrifughazydattaya name=Masmowumkyui
          └ The war with Masmowumkyui ended.
   19625  settlement.founded     s=455 sName=Pīüffìkú kind=crystallized
          └ Pīüffìkú was founded.
   19625  settlement.founded     s=455 sName=Pīüffìkú city=1
          └ The city of Pīüffìkú arose.
   19650  settlement.founded     s=456 sName=Xàkò kind=crystallized
          └ Xàkò was founded.
   19650  settlement.founded     s=456 sName=Xàkò city=1
          └ The city of Xàkò arose.
   19650  war.began              from=348 to=276 name=Masmowumkyui
          └ Marched to war against Túkòlǐ.
   19650  war.began              from=82 to=276 name=Pụ̌mrálǐ
          └ Marched to war against Túkòlǐ.
   19650  war.ended              how=faded to=215 toName=Lụ̄nlākòlǐā name=Ňú
          └ The war with Ňú ended; some 62 soldiers never came home.
   19650  war.ended              how=sackedIntoTribute to=365 toName=Tasrifughazydattaya name=Lụ̄nlākò
          └ The war with Lụ̄nlākò ended; some 1 soldiers never came home.
   19650  polity.submitted       how=sackedIntoTribute to=365 toName=Tasrifughazydattaya name=Lụ̄nlākò
          └ Facing hopeless odds, the court of Lụ̄nlākò bowed to Tasrifughazydattaya — keeping its throne at the price of tribute.
   19675  settlement.founded     s=457 sName=Làstù kind=crystallized
          └ Làstù was founded.
   19675  settlement.founded     s=457 sName=Làstù city=1
          └ The city of Làstù arose.
   19687  polity.submitted       how=submission to=305 toName=Ǔltǔkò name=Ňěňnílě
          └ Facing hopeless odds, the court of Ňěňnílě bowed to Ǔltǔkò — keeping its throne at the price of tribute.
   19687  polity.submitted       how=submission to=305 toName=Ǔltǔkò name=Moessyosyus
          └ Facing hopeless odds, the court of Moessyosyus bowed to Ǔltǔkò — keeping its throne at the price of tribute.
   19687  polity.seceded         from=211 fromName=Moessyomoesyus
          └ Broke away from Moessyomoesyus in a war of secession.
   19687  settlement.annexed     s=240 sName=Hǐlňà from=240 fromName=Hǐlňà to=272 toName=Nùkú
          └ Peacefully absorbed Hǐlňà from Hǐlňà.
   19687  polity.ended           how=dissolved name=Hǐlňà
          └ Dissolved — its last cities scattered or fell silent.
   19700  market.dearth          s=1 sName=Ňěňní
          └ Dearth in Ňěňní — bread at famine prices in the market.
   19700  settlement.founded     s=462 sName=Xóutlà kind=crystallized
          └ Xóutlà was founded.
   19700  settlement.founded     s=462 sName=Xóutlà city=1
          └ The city of Xóutlà arose.
   19700  war.began              from=365 to=88 name=Tasrifughazydattaya
          └ Marched to war against Sogyoepa.
   19700  war.began              from=267 to=448 name=Lụ̄nlākò
          └ Marched to war against Pítīkòlǐ.
   19700  polity.shattered       s=455 sName=Pīüffìkú to=305 toName=Ǔltǔkò
          └ Its capital Pīüffìkú fell to Ǔltǔkò — the realm collapsed.
   19700  polity.ended           how=conquest byName=Ǔltǔkò name=Pítīkòlǐ
          └ Fell to Ǔltǔkò and was erased from the map.
   19700  war.ended              how=sackedIntoTribute to=448 toName=Pítīkòlǐ name=Ìtrụ̄ịlǐ
          └ The war with Ìtrụ̄ịlǐ ended.
   19700  polity.submitted       how=sackedIntoTribute to=180 toName=Ìtrụ̄ịlǐ name=Pítīkòlǐ
          └ Facing hopeless odds, the court of Pítīkòlǐ bowed to Ìtrụ̄ịlǐ — keeping its throne at the price of tribute.
   19725  settlement.founded     s=464 sName=Ìltù kind=crystallized
          └ Ìltù was founded.
   19725  settlement.founded     s=464 sName=Ìltù city=1
          └ The city of Ìltù arose.
   19729  settlement.tier        s=464 sName=Ìltù
          └ Ìltù grew into a metropolis (963,000 souls).
   19734  market.dearth          s=348 sName=Masmowumkyui
          └ Dearth in Masmowumkyui — bread at famine prices in the market.
   19747  market.dearth          s=341 sName=Yútrụ̄ị
          └ Dearth in Yútrụ̄ị — bread at famine prices in the market.
   19750  settlement.founded     s=467 sName=Sí kind=crystallized
          └ Sí was founded.
   19750  settlement.founded     s=467 sName=Sí city=1
          └ The city of Sí arose.
   19750  polity.shattered       s=1 sName=Ňěňní to=348 toName=Masmowumkyui
          └ Its capital Ňěňní fell to Masmowumkyui — the realm collapsed.
   19750  polity.ended           how=conquest byName=Masmowumkyui name=Túkòlǐ
          └ Fell to Masmowumkyui and was erased from the map.
   19750  war.ended              how=siegeLifted to=420 toName=Suimoyipim name=Pomponsom
          └ The war with Pomponsom ended.
   19750  war.ended              how=siegeLifted to=420 toName=Suimoyipim name=Tasrifughazydattaya
          └ The war with Tasrifughazydattaya ended.
   19775  settlement.founded     s=469 sName=Pụ̄lhụ̀kò kind=crystallized
          └ Pụ̄lhụ̀kò was founded.
   19775  settlement.founded     s=469 sName=Pụ̄lhụ̀kò city=1
          └ The city of Pụ̄lhụ̀kò arose.
   19800  plague.outbreak        s=326 sName=Suimonukyu
          └ Plague broke out in Suimonukyu and swept through the realm.
   19800  plague.outbreak        s=336 sName=Pórākú
          └ Plague broke out in Pórākú and swept through the realm.
   19800  plague.outbreak        s=341 sName=Yútrụ̄ị
          └ Plague broke out in Yútrụ̄ị and swept through the realm.
   19800  plague.outbreak        s=345 sName=Nāňní
          └ Plague broke out in Nāňní and swept through the realm.
   19800  plague.outbreak        s=364 sName=Buimmiu
          └ Plague broke out in Buimmiu and swept through the realm.
   19800  plague.outbreak        s=365 sName=Tasrifughazydat
          └ Plague broke out in Tasrifughazydat and swept through the realm.
   19800  plague.outbreak        s=420 sName=Suimoyipim
          └ Plague broke out in Suimoyipim and swept through the realm.
   19800  plague.outbreak        s=442 sName=Ǔltǔrụ́
          └ Plague broke out in Ǔltǔrụ́ and swept through the realm.
   19800  plague.outbreak        s=444 sName=Pīüffìrụ́
          └ Plague broke out in Pīüffìrụ́ and swept through the realm.
   19800  plague.outbreak        s=445 sName=Tàrụ́
          └ Plague broke out in Tàrụ́ and swept through the realm.
   19800  plague.outbreak        s=464 sName=Ìltù
          └ Plague broke out in Ìltù and swept through the realm.
   19800  plague.virginSoil      s=326 sName=Suimonukyu mortality=0.63
          └ A pestilence unknown to Suimonukyu came ashore with the strangers, and they had no defence against it.
   19800  settlement.founded     s=472 sName=Nị́sī kind=crystallized
          └ Nị́sī was founded.
   19800  settlement.founded     s=472 sName=Nị́sī city=1
          └ The city of Nị́sī arose.
   19800  war.began              from=365 to=276 name=Tasrifughazydattaya
          └ Marched to war against Túkòlǐ.
   19825  settlement.founded     s=475 sName=Fùppīkú kind=crystallized
          └ Fùppīkú was founded.
   19825  settlement.founded     s=475 sName=Fùppīkú city=1
          └ The city of Fùppīkú arose.
   19837  polity.restored        from=-1 name=Pítīkòlǐ
          └ The old nation rose again.
   19837  polity.ended           how=dissolved name=Nị̀tlàlǐ
          └ Dissolved — its last cities scattered or fell silent.
   19850  settlement.founded     s=479 sName=Nātlà city=1
          └ The city of Nātlà arose.
   19850  war.began              from=348 to=31 name=Masmowumkyui
          └ Marched to war against Sogyoepasyusa.
   19850  war.began              from=30 to=31 name=Pomponsom
          └ Renewed the old war against Sogyoepasyusa.
   19850  war.began              from=365 to=31 name=Tasrifughazydattaya
          └ Marched to war against Sogyoepasyusa.
   19850  war.began              from=85 to=31 name=Bomogypasyus
          └ Renewed the old war against Sogyoepasyusa under the banner of the faith.
   19850  war.began              from=448 to=365 name=Pítīkòlǐ
          └ Marched to war against Tasrifughazydattaya.
   19859  succession.crisis      name=Yútrụ̄ị
          └ The royal line failed — an interregnum of rival claimants.
   19863  settlement.abandoned   s=166 sName=Sǔstù
          └ Sǔstù was abandoned.
   19874  market.dearth          s=31 sName=Sogyoepa
          └ Dearth in Sogyoepa — bread at famine prices in the market.
   19875  settlement.founded     s=482 sName=Ňǐňní city=1
          └ The city of Ňǐňní arose.
   19882  market.dearth          s=464 sName=Ìltù
          └ Dearth in Ìltù — bread at famine prices in the market.
   19900  war.began              from=88 to=31 name=Sogyoepa
          └ Marched to war against Sogyoepasyusa under the banner of the faith.
   19900  war.began              from=448 to=420 name=Pítīkòlǐ
          └ Marched to war against Suimoyipim.
   19900  war.began              from=82 to=161 name=Pụ̌mrálǐ
          └ Renewed the old war against Fǒlpìlǐ under the banner of the faith.
   19900  war.ended              how=faded to=282 toName=Xóulpìlǐ name=Ìtrụ̄ịlǐ
          └ The war with Ìtrụ̄ịlǐ ended; some 10 soldiers never came home.
   19900  war.ended              how=faded to=282 toName=Xóulpìlǐ name=Fǒlpìlǐ
          └ The war with Fǒlpìlǐ ended; some 14 soldiers never came home.
   19925  settlement.founded     s=485 sName=Yúttīu city=1
          └ The city of Yúttīu arose.
   19950  war.began              from=31 to=88 name=Sogyoepasyusa
          └ Marched to war against Sogyoepa under the banner of the faith.
   19950  war.began              from=365 to=448 name=Tasrifughazydattaya
          └ Marched to war against Pítīkòlǐ as the succession failed.
   19950  war.began              from=161 to=448 name=Fǒlpìlǐ
          └ Marched to war against Pítīkòlǐ as the succession failed.
   19950  war.began              from=448 to=161 name=Pítīkòlǐ
          └ Marched to war against Fǒlpìlǐ.
   19950  war.began              from=82 to=117 name=Pụ̌mrálǐ
          └ Marched to war against Sǔtūlǐā.
   19950  war.began              from=82 to=348 name=Pụ̌mrálǐ
          └ Marched to war against Masmowumkyui.
   19984  succession.crisis      name=Pítīkòlǐ
          └ The royal line failed — an interregnum of rival claimants.
   19987  settlement.abandoned   s=331 sName=Rimmosiim
          └ Rimmosiim was abandoned.
   19987  polity.submitted       how=submission to=305 toName=Ǔltǔkò name=Fùppīrụ́lǐ
          └ Facing hopeless odds, the court of Fùppīrụ́lǐ bowed to Ǔltǔkò — keeping its throne at the price of tribute.
   19987  polity.seceded         from=348 fromName=Masmowumkyui
          └ Broke away from Masmowumkyui in a war of secession.
   19987  polity.seceded         from=337 fromName=Tàịňnīlǐ
          └ Broke away from Tàịňnīlǐ in a war of secession.
   19987  polity.ended           how=dissolved name=Hǔňpìlǐā
          └ Dissolved — its last cities scattered or fell silent.
   19988  settlement.abandoned   s=378 sName=Umkyui
          └ Umkyui was abandoned.
   19992  settlement.abandoned   s=389 sName=Yayamfap
          └ Yayamfap was abandoned.
   19998  settlement.abandoned   s=371 sName=Mimosituiky
          └ Mimosituiky was abandoned.
   19998  settlement.abandoned   s=380 sName=Pụ̀ffí
          └ Pụ̀ffí was abandoned.
   19998  settlement.abandoned   s=405 sName=Bamsrazathdat
          └ Bamsrazathdat was abandoned.
   19998  settlement.abandoned   s=408 sName=Gatammolz
          └ Gatammolz was abandoned.
   19999  settlement.abandoned   s=357 sName=Pīüffìkú
          └ Pīüffìkú was abandoned.
   20000  settlement.founded     s=494 sName=Rimmobuimmiu kind=crystallized
          └ Rimmobuimmiu was founded.
   20000  settlement.founded     s=494 sName=Rimmobuimmiu city=1
          └ The city of Rimmobuimmiu arose.
   20000  war.began              from=272 to=348 name=Nùkú
          └ Marched to war against Masmowumkyui.
   20000  war.ended              how=siegeLifted to=365 toName=Tasrifughazydattaya name=Sogyoepa
          └ The war with Sogyoepa ended.
   20005  settlement.abandoned   s=326 sName=Suimonukyu
          └ Suimonukyu was abandoned.
   20005  settlement.abandoned   s=338 sName=Pīüffìrụ́
          └ Pīüffìrụ́ was abandoned.
   20005  settlement.abandoned   s=431 sName=Hǔtà
          └ Hǔtà was abandoned.
   20010  settlement.abandoned   s=372 sName=Bobabomp
          └ Bobabomp was abandoned.
   20013  settlement.abandoned   s=379 sName=Phuthghat
          └ Phuthghat was abandoned.
   20017  settlement.abandoned   s=305 sName=Ǔltǔkò
          └ Ǔltǔkò was abandoned.
   20019  settlement.abandoned   s=336 sName=Pórākú
          └ Pórākú was abandoned.
   20019  settlement.abandoned   s=339 sName=Lụ̄nlākú
          └ Lụ̄nlākú was abandoned.
   20019  settlement.abandoned   s=349 sName=Kīmrá
          └ Kīmrá was abandoned.
   20019  settlement.abandoned   s=364 sName=Buimmiu
          └ Buimmiu was abandoned.
   20019  settlement.abandoned   s=366 sName=Lákò
          └ Lákò was abandoned.
   20019  settlement.abandoned   s=384 sName=Padumiu
          └ Padumiu was abandoned.
   20019  settlement.abandoned   s=385 sName=Yayamdat
          └ Yayamdat was abandoned.
   20019  settlement.abandoned   s=386 sName=Lụ̀fpù
          └ Lụ̀fpù was abandoned.
   20019  settlement.abandoned   s=390 sName=Sǎfǎrụ́
          └ Sǎfǎrụ́ was abandoned.
   20019  settlement.abandoned   s=398 sName=Zomfapud
          └ Zomfapud was abandoned.
   20019  settlement.abandoned   s=402 sName=Zomathik
          └ Zomathik was abandoned.
   20019  settlement.abandoned   s=429 sName=Fụ̀ịlsī
          └ Fụ̀ịlsī was abandoned.
   20019  settlement.abandoned   s=440 sName=Lǐfpúkú
          └ Lǐfpúkú was abandoned.
   20019  settlement.abandoned   s=443 sName=Xōukfí
          └ Xōukfí was abandoned.
   20019  settlement.abandoned   s=446 sName=Ǎịmràkò
          └ Ǎịmràkò was abandoned.
   20020  settlement.abandoned   s=373 sName=Xóuthị̌
          └ Xóuthị̌ was abandoned.
   20025  settlement.founded     s=497 sName=Sismuiba kind=crystallized
          └ Sismuiba was founded.
   20025  settlement.founded     s=497 sName=Sismuiba city=1
          └ The city of Sismuiba arose.
   20025  settlement.founded     s=498 sName=Fùppīkú kind=crystallized
          └ Fùppīkú was founded.
   20025  settlement.founded     s=498 sName=Fùppīkú city=1
          └ The city of Fùppīkú arose.
   20025  settlement.founded     s=499 sName=Tǎňpì city=1
          └ The city of Tǎňpì arose.
   20026  settlement.abandoned   s=394 sName=Yoph
          └ Yoph was abandoned.
   20026  settlement.abandoned   s=411 sName=Thamb
          └ Thamb was abandoned.
   20026  settlement.abandoned   s=422 sName=Pụ́lpù
          └ Pụ́lpù was abandoned.
   20026  settlement.abandoned   s=432 sName=Ìühụ̌kò
          └ Ìühụ̌kò was abandoned.
   20026  settlement.abandoned   s=448 sName=Pítīkò
          └ Pítīkò was abandoned.
   20026  settlement.abandoned   s=457 sName=Làstù
          └ Làstù was abandoned.
   20029  settlement.abandoned   s=455 sName=Pīüffìkú
          └ Pīüffìkú was abandoned.
   20036  settlement.abandoned   s=345 sName=Nāňní
          └ Nāňní was abandoned.
   20039  settlement.abandoned   s=395 sName=Pụ́tlà
          └ Pụ́tlà was abandoned.
   20039  settlement.abandoned   s=399 sName=Xūkóukú
          └ Xūkóukú was abandoned.
   20039  settlement.abandoned   s=403 sName=Pòkú
          └ Pòkú was abandoned.
   20039  settlement.abandoned   s=406 sName=Xòunlà
          └ Xòunlà was abandoned.
   20039  settlement.abandoned   s=412 sName=Tàthị̀kò
          └ Tàthị̀kò was abandoned.
   20039  settlement.abandoned   s=414 sName=Ghat
          └ Ghat was abandoned.
   20039  settlement.abandoned   s=417 sName=Zyoyyamfap
          └ Zyoyyamfap was abandoned.
   20039  settlement.abandoned   s=418 sName=Hòunlà
          └ Hòunlà was abandoned.
   20039  settlement.abandoned   s=425 sName=Sùppì
          └ Sùppì was abandoned.
   20039  settlement.abandoned   s=426 sName=Nīppì
          └ Nīppì was abandoned.
   20039  settlement.abandoned   s=428 sName=Fụ̀ịppì
          └ Fụ̀ịppì was abandoned.
   20039  settlement.abandoned   s=430 sName=Xụ̄nglì
          └ Xụ̄nglì was abandoned.
   20039  settlement.abandoned   s=433 sName=Nāthị̌
          └ Nāthị̌ was abandoned.
   20039  settlement.abandoned   s=434 sName=Pụ̀rsī
          └ Pụ̀rsī was abandoned.
   20039  settlement.abandoned   s=435 sName=Hóuňtụ̌ị
          └ Hóuňtụ̌ị was abandoned.
   20039  settlement.abandoned   s=439 sName=Sùttīu
          └ Sùttīu was abandoned.
   20039  settlement.abandoned   s=442 sName=Ǔltǔrụ́
          └ Ǔltǔrụ́ was abandoned.
   20039  settlement.abandoned   s=444 sName=Pīüffìrụ́
          └ Pīüffìrụ́ was abandoned.
   20039  settlement.abandoned   s=445 sName=Tàrụ́
          └ Tàrụ́ was abandoned.
   20039  settlement.abandoned   s=449 sName=Xụ́ptàị
          └ Xụ́ptàị was abandoned.
   20039  settlement.abandoned   s=450 sName=Nīlňà
          └ Nīlňà was abandoned.
   20039  settlement.abandoned   s=456 sName=Xàkò
          └ Xàkò was abandoned.
   20039  settlement.abandoned   s=462 sName=Xóutlà
          └ Xóutlà was abandoned.
   20039  settlement.abandoned   s=467 sName=Sí
          └ Sí was abandoned.
   20039  settlement.abandoned   s=469 sName=Pụ̄lhụ̀kò
          └ Pụ̄lhụ̀kò was abandoned.
   20040  settlement.abandoned   s=409 sName=Kùkú
          └ Kùkú was abandoned.
   20041  settlement.abandoned   s=415 sName=Sánúkò
          └ Sánúkò was abandoned.
   20041  settlement.abandoned   s=423 sName=Ngàlǐu
          └ Ngàlǐu was abandoned.
   20044  settlement.abandoned   s=452 sName=Sīuňpì
          └ Sīuňpì was abandoned.
   20050  settlement.founded     s=504 sName=Syumomuibu kind=crystallized
          └ Syumomuibu was founded.
   20050  settlement.founded     s=504 sName=Syumomuibu city=1
          └ The city of Syumomuibu arose.
   20050  settlement.founded     s=505 sName=Fǐulpūkú kind=crystallized
          └ Fǐulpūkú was founded.
   20050  settlement.founded     s=505 sName=Fǐulpūkú city=1
          └ The city of Fǐulpūkú arose.
   20050  settlement.founded     s=506 sName=Ngàịptàị city=1
          └ The city of Ngàịptàị arose.
   20075  settlement.founded     s=513 sName=Bi kind=crystallized
          └ Bi was founded.
   20075  settlement.founded     s=513 sName=Bi city=1
          └ The city of Bi arose.
   20075  settlement.founded     s=514 sName=Fùlūkò kind=crystallized
          └ Fùlūkò was founded.
   20075  settlement.founded     s=514 sName=Fùlūkò city=1
          └ The city of Fùlūkò arose.
   20075  settlement.founded     s=515 sName=Ngàịtlà city=1
          └ The city of Ngàịtlà arose.
   20100  settlement.founded     s=520 sName=Súffí kind=crystallized
          └ Súffí was founded.
   20100  settlement.founded     s=520 sName=Súffí city=1
          └ The city of Súffí arose.
   20100  settlement.founded     s=521 sName=Ňǐltà city=1
          └ The city of Ňǐltà arose.
   20100  war.began              from=448 to=268 name=Pítīkòlǐ
          └ Marched to war against Nị̀tlà.
   20100  war.ended              how=siegeLifted to=448 toName=Pítīkòlǐ name=Tasrifughazydattaya
          └ The war with Tasrifughazydattaya ended.
   20114  settlement.dissolved   s=86 why=core sName=Pīüffìrụ́
          └ Pīüffìrụ́ faded back into the countryside.
   20119  settlement.abandoned   s=83 sName=Xụ̀ffí
          └ Xụ̀ffí was abandoned.
   20125  settlement.founded     s=528 sName=Tị̄lārụ́ kind=crystallized
          └ Tị̄lārụ́ was founded.
   20125  settlement.founded     s=528 sName=Tị̄lārụ́ city=1
          └ The city of Tị̄lārụ́ arose.
   20125  settlement.founded     s=529 sName=Násfá city=1
          └ The city of Násfá arose.
   20125  settlement.founded     s=536 sName=Nīltù city=1
          └ The city of Nīltù arose.
   20137  polity.submitted       how=submission to=305 toName=Ǔltǔkò name=Lòtākú
          └ Facing hopeless odds, the court of Lòtākú bowed to Ǔltǔkò — keeping its throne at the price of tribute.
   20137  settlement.annexed     s=420 sName=Suimoyipim from=420 fromName=Suimoyipim to=30 toName=Pomponsom
          └ Peacefully absorbed Suimoyipim from Suimoyipim.
   20137  polity.ended           how=dissolved name=Xụ̀ffílǐ
          └ Dissolved — its last cities scattered or fell silent.
   20137  polity.ended           how=dissolved name=Pīüffìrụ́lǐ
          └ Dissolved — its last cities scattered or fell silent.
   20137  polity.ended           how=dissolved name=Suimoyipim
          └ Dissolved — its last cities scattered or fell silent.
   20150  settlement.founded     s=537 sName=Ìlhụ̌ kind=crystallized
          └ Ìlhụ̌ was founded.
   20150  settlement.founded     s=537 sName=Ìlhụ̌ city=1
          └ The city of Ìlhụ̌ arose.
   20150  settlement.founded     s=538 sName=Līütlàkú city=1
          └ The city of Līütlàkú arose.
   20150  settlement.founded     s=542 sName=Ngàịttà city=1
          └ The city of Ngàịttà arose.
   20150  settlement.founded     s=545 sName=Xòunlà city=1
          └ The city of Xòunlà arose.
   20150  war.began              from=339 to=493 name=Lụ̄nlākú
          └ Marched to war against Lákú.
   20150  war.began              from=335 to=339 name=Íffúlǐ
          └ Marched to war against Lụ̄nlākú.
   20150  war.began              from=365 to=384 name=Tasrifughazydattaya
          └ Marched to war against Masmowumkyui.
   20150  war.began              from=448 to=348 name=Pítīkòlǐ
          └ Marched to war against Masmowumkyui.
   20150  war.ended              how=siegeLifted to=88 toName=Sogyoepa name=Sogyoepasyusa
          └ The war with Sogyoepasyusa ended.
   20160  settlement.founded     s=547 sName=Nị̀ňní kind=planted
          └ Nị̀ňní was founded.
   20160  town.planted           s=547 sName=Nị̀ňní
          └ The crown chartered Nị̀ňní to govern the countryside.
   20161  market.dearth          s=365 sName=Tasrifughazydat
          └ Dearth in Tasrifughazydat — bread at famine prices in the market.
   20175  settlement.founded     s=549 sName=Pụ̀nfǐu kind=crystallized
          └ Pụ̀nfǐu was founded.
   20175  settlement.founded     s=549 sName=Pụ̀nfǐu city=1
          └ The city of Pụ̀nfǐu arose.
   20175  settlement.founded     s=550 sName=Fị́sī city=1
          └ The city of Fị́sī arose.
   20175  settlement.founded     s=557 sName=Nītlà city=1
          └ The city of Nītlà arose.
   20200  settlement.founded     s=558 sName=Pụ́ňtụ̌ị kind=crystallized
          └ Pụ́ňtụ̌ị was founded.
   20200  settlement.founded     s=558 sName=Pụ́ňtụ̌ị city=1
          └ The city of Pụ́ňtụ̌ị arose.
   20200  settlement.founded     s=559 sName=Xóuňpì city=1
          └ The city of Xóuňpì arose.
   20200  settlement.founded     s=566 sName=Xòunlà city=1
          └ The city of Xòunlà arose.
   20200  war.began              from=493 to=536 name=Lákú
          └ Marched to war against Nīltùlǐ.
   20200  war.began              from=533 to=536 name=Ňìsfá
          └ Marched to war against Nīltùlǐ.
   20200  war.began              from=339 to=533 name=Lụ̄nlākú
          └ Marched to war against Ňìsfá.
   20200  war.began              from=88 to=513 name=Sogyoepa
          └ Marched to war against Bisyu.
   20200  war.began              from=348 to=513 name=Masmowumkyui
          └ Marched to war against Bisyu.
   20225  settlement.founded     s=568 sName=Xòulà kind=crystallized
          └ Xòulà was founded.
   20225  settlement.founded     s=568 sName=Xòulà city=1
          └ The city of Xòulà arose.
   20225  settlement.founded     s=569 sName=Kǐu'ìu city=1
          └ The city of Kǐu'ìu arose.
   20225  settlement.founded     s=575 sName=Nìnglì city=1
          └ The city of Nìnglì arose.
   20250  settlement.founded     s=576 sName=Tǎkū kind=crystallized
          └ Tǎkū was founded.
   20250  settlement.founded     s=576 sName=Tǎkū city=1
          └ The city of Tǎkū arose.
   20250  settlement.founded     s=577 sName=Ňǐtrụ̄ị city=1
          └ The city of Ňǐtrụ̄ị arose.
   20250  settlement.founded     s=583 sName=Ụ̀kú city=1
          └ The city of Ụ̀kú arose.
   20250  war.began              from=339 to=536 name=Lụ̄nlākú
          └ Marched to war against Nīltùlǐ.
   20250  war.began              from=365 to=513 name=Tasrifughazydattaya
          └ Marched to war against Bisyu.
   20250  war.began              from=448 to=30 name=Pítīkòlǐ
          └ Marched to war against Pomponsom.
   20250  war.began              from=448 to=117 name=Pítīkòlǐ
          └ Marched to war against Sǔtūlǐā.
   20250  polity.shattered       s=1 sName=Ňěňní to=448 toName=Pítīkòlǐ
          └ Its capital Ňěňní fell to Pítīkòlǐ — the realm collapsed.
   20250  polity.ended           how=conquest byName=Pítīkòlǐ name=Masmowumkyui
          └ Fell to Pítīkòlǐ and was erased from the map.
   20251  market.dearth          s=239 sName=Bamdu
          └ Dearth in Bamdu — bread at famine prices in the market.
   20273  settlement.dissolved   s=327 why=core sName=Xūkóurụ́
          └ Xūkóurụ́ faded back into the countryside.
   20275  settlement.dissolved   s=325 why=core sName=Tigypa
          └ Tigypa faded back into the countryside.
   20275  settlement.founded     s=584 sName=Hīfpù kind=crystallized
          └ Hīfpù was founded.
   20275  settlement.founded     s=584 sName=Hīfpù city=1
          └ The city of Hīfpù arose.
   20275  settlement.founded     s=585 sName=Píụịtrụ̀ịkò city=1
          └ The city of Píụịtrụ̀ịkò arose.
   20275  settlement.founded     s=590 sName=Tākú city=1
          └ The city of Tākú arose.
   20276  settlement.dissolved   s=324 why=core sName=Lụ̄ňākú
          └ Lụ̄ňākú faded back into the countryside.
   20285  market.dearth          s=115 sName=Moessyomoe
          └ Dearth in Moessyomoe — bread at famine prices in the market.
   20287  polity.submitted       how=submission to=305 toName=Ǔltǔkò name=Ňǐlpùlǐā
          └ Facing hopeless odds, the court of Ňǐlpùlǐā bowed to Ǔltǔkò — keeping its throne at the price of tribute.
   20300  settlement.founded     s=591 sName=Nukyupa kind=crystallized
          └ Nukyupa was founded.
   20300  settlement.founded     s=591 sName=Nukyupa city=1
          └ The city of Nukyupa arose.
   20300  settlement.founded     s=592 sName=Líụňākú kind=crystallized
          └ Líụňākú was founded.
   20300  settlement.founded     s=592 sName=Líụňākú city=1
          └ The city of Líụňākú arose.
   20300  settlement.founded     s=593 sName=Lámrá city=1
          └ The city of Lámrá arose.
   20300  war.began              from=448 to=272 name=Pítīkòlǐ
          └ Marched to war against Nùkú.
   20300  war.ended              how=sackedIntoTribute to=533 toName=Ňìsfá name=Lụ̄nlākú
          └ The war with Lụ̄nlākú ended.
   20300  polity.submitted       how=sackedIntoTribute to=339 toName=Lụ̄nlākú name=Ňìsfá
          └ Facing hopeless odds, the court of Ňìsfá bowed to Lụ̄nlākú — keeping its throne at the price of tribute.
   20300  polity.shattered       s=513 sName=Bi to=88 toName=Sogyoepa
          └ Its capital Bi fell to Sogyoepa — the realm collapsed.
   20300  polity.ended           how=conquest byName=Sogyoepa name=Bisyu
          └ Fell to Sogyoepa and was erased from the map.
   20304  settlement.lapsed      s=420 sName=Suimoyipim from=30 fromName=Pomponsom
          └ Suimoyipim slipped free of Pomponsom.
   20304  polity.receded         s=420 n=1 sName=Suimoyipim name=Pomponsom
          └ The grip of Pomponsom failed, and the marches beyond Suimoyipim were left to their own devices.
   20304  settlement.lapsed      s=547 sName=Nị̀ňní from=117 fromName=Sǔtūlǐā
          └ Nị̀ňní slipped free of Sǔtūlǐā.
   20304  polity.receded         s=547 n=1 sName=Nị̀ňní name=Sǔtūlǐā
          └ The grip of Sǔtūlǐā failed, and the marches beyond Nị̀ňní were left to their own devices.
   20325  settlement.founded     s=603 sName=Pụ́ltù kind=crystallized
          └ Pụ́ltù was founded.
   20325  settlement.founded     s=603 sName=Pụ́ltù city=1
          └ The city of Pụ́ltù arose.
   20325  settlement.founded     s=604 sName=Ǔltǔkú city=1
          └ The city of Ǔltǔkú arose.
   20325  settlement.founded     s=609 sName=Sǐňìu city=1
          └ The city of Sǐňìu arose.
   20350  settlement.founded     s=613 sName=Yùsī kind=crystallized
          └ Yùsī was founded.
   20350  settlement.founded     s=613 sName=Yùsī city=1
          └ The city of Yùsī arose.
   20350  settlement.founded     s=614 sName=Píụịtrụ̀ị city=1
          └ The city of Píụịtrụ̀ị arose.
   20350  war.began              from=536 to=493 name=Nīltùlǐ
          └ Marched to war against Lákú.
   20350  war.began              from=88 to=504 name=Sogyoepa
          └ Marched to war against Syumomuibusyu.
   20350  war.began              from=365 to=504 name=Tasrifughazydattaya
          └ Marched to war against Syumomuibusyu.
   20350  war.began              from=341 to=267 name=Yútrụ̄ị
          └ Marched to war against Lụ̄nlākò as the succession failed.
   20350  war.began              from=117 to=341 name=Sǔtūlǐā
          └ Marched to war against Yútrụ̄ị as the succession failed.
   20350  war.began              from=180 to=341 name=Ìtrụ̄ịlǐ
          └ Marched to war against Yútrụ̄ị as the succession failed.
   20350  war.ended              how=faded to=372 toName=Bobabomptaya name=Sogyoepa
          └ The war with Sogyoepa ended; some 13 soldiers never came home.
   20350  war.ended              how=faded to=267 toName=Lụ̄nlākò name=Lụ̄nlākòlǐā
          └ The war with Lụ̄nlākòlǐā ended; some 3 soldiers never came home.
   20350  war.ended              how=faded to=372 toName=Bobabomptaya name=Túkòlǐ
          └ The war with Túkòlǐ ended; some 48 soldiers never came home.
   20350  war.ended              how=faded to=372 toName=Bobabomptaya name=Xụ́lňàlǐ
          └ The war with Xụ́lňàlǐ ended; some 3 soldiers never came home.
   20375  settlement.founded     s=621 sName=Fòulpì kind=crystallized
          └ Fòulpì was founded.
   20375  settlement.founded     s=621 sName=Fòulpì city=1
          └ The city of Fòulpì arose.
   20375  settlement.founded     s=622 sName=Fǒtlà city=1
          └ The city of Fǒtlà arose.
   20388  settlement.abandoned   s=128 sName=Sǔsfá
          └ Sǔsfá was abandoned.
   20400  settlement.founded     s=627 sName=Lụ̄nlākò kind=crystallized
          └ Lụ̄nlākò was founded.
   20400  settlement.founded     s=627 sName=Lụ̄nlākò city=1
          └ The city of Lụ̄nlākò arose.
   20400  settlement.founded     s=628 sName=Hòunfǐu city=1
          └ The city of Hòunfǐu arose.
   20400  war.began              from=536 to=533 name=Nīltùlǐ
          └ Marched to war against Ňìsfá.
   20400  war.began              from=365 to=30 name=Tasrifughazydattaya
          └ Marched to war against Pomponsom.
   20400  war.began              from=267 to=341 name=Lụ̄nlākò
          └ Marched to war against Yútrụ̄ị as the succession failed.
   20400  war.ended              how=siegeLifted to=339 toName=Lụ̄nlākú name=Íffúlǐ
          └ The war with Íffúlǐ ended.
   20425  settlement.founded     s=636 sName=Mīnglìrụ́ kind=crystallized
          └ Mīnglìrụ́ was founded.
   20425  settlement.founded     s=636 sName=Mīnglìrụ́ city=1
          └ The city of Mīnglìrụ́ arose.
   20425  settlement.founded     s=637 sName=Fùppī city=1
          └ The city of Fùppī arose.
   20437  polity.submitted       how=submission to=305 toName=Ǔltǔkò name=Lárụ́
          └ Facing hopeless odds, the court of Lárụ́ bowed to Ǔltǔkò — keeping its throne at the price of tribute.
   20437  settlement.annexed     s=215 sName=Lụ̄nlākò from=267 fromName=Lụ̄nlākò to=365 toName=Tasrifughazydattaya
          └ Peacefully absorbed Lụ̄nlākò from Lụ̄nlākò.
   20437  polity.ended           how=integrated byName=Tasrifughazydattaya name=Lụ̄nlākò
          └ Dissolved — its last cities scattered or fell silent.
   20437  polity.seceded         from=448 fromName=Pítīkòlǐ
          └ Broke away from Pítīkòlǐ in a war of secession.
   20437  polity.restored        from=-1 name=Suimoyipim
          └ The old nation rose again.
   20449  settlement.tier        s=504 sName=Syumomuibu
          └ Syumomuibu grew into a metropolis (890,000 souls).
   20450  settlement.founded     s=642 sName=Umogyuma kind=crystallized
          └ Umogyuma was founded.
   20450  settlement.founded     s=642 sName=Umogyuma city=1
          └ The city of Umogyuma arose.
   20450  settlement.founded     s=643 sName=Sǎfǎ kind=crystallized
          └ Sǎfǎ was founded.
   20450  settlement.founded     s=643 sName=Sǎfǎ city=1
          └ The city of Sǎfǎ arose.
   20450  settlement.founded     s=644 sName=Pụ́ltà city=1
          └ The city of Pụ́ltà arose.
   20450  war.began              from=448 to=1 name=Pítīkòlǐ
          └ Marched to war against Ňěňnílě.
   20450  war.began              from=341 to=420 name=Yútrụ̄ị
          └ Marched to war against Suimoyipim.
   20450  war.began              from=384 to=85 name=Masmowumkyui
          └ Marched to war against Bomogypasyus.
   20450  war.began              from=30 to=478 name=Pomponsom
          └ Marched to war against Kyidu.
   20450  war.began              from=31 to=478 name=Sogyoepasyusa
          └ Marched to war against Kyidu.
   20450  war.began              from=384 to=478 name=Masmowumkyui
          └ Marched to war against Kyidu.
   20450  polity.shattered       s=621 sName=Fòulpì to=305 toName=Ǔltǔkò
          └ Its capital Fòulpì fell to Ǔltǔkò — the realm collapsed.
   20450  polity.ended           how=conquest byName=Ǔltǔkò name=Yútrụ̄ị
          └ Fell to Ǔltǔkò and was erased from the map.
   20450  polity.shattered       s=621 sName=Fòulpì to=180 toName=Ìtrụ̄ịlǐ
          └ Its capital Fòulpì fell to Ìtrụ̄ịlǐ — the realm collapsed.
   20466  settlement.dissolved   s=334 why=core sName=Pīüffìkú
          └ Pīüffìkú faded back into the countryside.
   20468  settlement.dissolved   s=332 why=core sName=Pụ́lhụ̌
          └ Pụ́lhụ̌ faded back into the countryside.
   20470  settlement.dissolved   s=330 why=core sName=Fụ̀ịlpì
          └ Fụ̀ịlpì faded back into the countryside.
   20475  settlement.founded     s=647 sName=Ňǐupī kind=crystallized
          └ Ňǐupī was founded.
   20475  settlement.founded     s=647 sName=Ňǐupī city=1
          └ The city of Ňǐupī arose.
   20475  settlement.founded     s=648 sName=Ǔltǔrụ́ city=1
          └ The city of Ǔltǔrụ́ arose.
   20475  settlement.founded     s=649 sName=Fōumpíü city=1
          └ The city of Fōumpíü arose.
   20479  market.dearth          s=215 sName=Lụ̄nlākò
          └ Dearth in Lụ̄nlākò — bread at famine prices in the market.
   20481  market.dearth          s=504 sName=Syumomuibu
          └ Dearth in Syumomuibu — bread at famine prices in the market.
   20500  settlement.founded     s=652 sName=Ìňní kind=crystallized
          └ Ìňní was founded.
   20500  settlement.founded     s=652 sName=Ìňní city=1
          └ The city of Ìňní arose.
   20500  settlement.founded     s=653 sName=Lǎüpírụ́ city=1
          └ The city of Lǎüpírụ́ arose.
   20500  settlement.founded     s=654 sName=Nīttīu city=1
          └ The city of Nīttīu arose.
   20500  settlement.founded     s=655 sName=Pīüffìkò city=1
          └ The city of Pīüffìkò arose.
   20500  war.began              from=223 to=420 name=Pūrìkúlǐ
          └ Marched to war against Suimoyipim.
   20500  war.ended              how=faded to=276 toName=Túkòlǐ name=Ňěňnílě
          └ The war with Ňěňnílě ended; some 2 soldiers never came home.
   20500  polity.shattered       s=31 sName=Sogyoepa to=365 toName=Tasrifughazydattaya
          └ Its capital Sogyoepa fell to Tasrifughazydattaya — the realm collapsed.
   20500  polity.ended           how=conquest byName=Tasrifughazydattaya name=Sogyoepasyusa
          └ Fell to Tasrifughazydattaya and was erased from the map.
   20525  settlement.abandoned   s=161 sName=Fǒlpì
          └ Fǒlpì was abandoned.
   20525  settlement.founded     s=659 sName=Līütlàkò kind=crystallized
          └ Līütlàkò was founded.
   20525  settlement.founded     s=659 sName=Līütlàkò city=1
          └ The city of Līütlàkò arose.
   20525  settlement.founded     s=660 sName=Sīuthị̌ city=1
          └ The city of Sīuthị̌ arose.
   20550  settlement.founded     s=662 sName=Lǎüpírụ́ kind=crystallized
          └ Lǎüpírụ́ was founded.
   20550  settlement.founded     s=662 sName=Lǎüpírụ́ city=1
          └ The city of Lǎüpírụ́ arose.
   20550  settlement.founded     s=663 sName=Fị̀lňà city=1
          └ The city of Fị̀lňà arose.
   20550  war.began              from=504 to=88 name=Syumomuibusyu
          └ Marched to war against Sogyoepa.
   20550  war.began              from=223 to=341 name=Pūrìkúlǐ
          └ Marched to war against Yútrụ̄ị.
   20550  war.began              from=365 to=478 name=Tasrifughazydattaya
          └ Marched to war against Kyidu.
   20550  war.ended              how=faded to=276 toName=Túkòlǐ name=Xụ́lňàlǐ
          └ The war with Xụ́lňàlǐ ended; some 2 soldiers never came home.
   20568  market.dearth          s=348 sName=Masmowumkyui
          └ Dearth in Masmowumkyui — bread at famine prices in the market.
   20575  settlement.founded     s=664 sName=Sǎfǎkò kind=crystallized
          └ Sǎfǎkò was founded.
   20575  settlement.founded     s=664 sName=Sǎfǎkò city=1
          └ The city of Sǎfǎkò arose.
   20575  settlement.founded     s=665 sName=Yúxkòu city=1
          └ The city of Yúxkòu arose.
   20581  market.dearth          s=341 sName=Yútrụ̄ị
          └ Dearth in Yútrụ̄ị — bread at famine prices in the market.
   20587  polity.seceded         from=305 fromName=Ǔltǔkò
          └ Broke away from Ǔltǔkò in a war of secession.
   20587  polity.restored        from=-1 name=Yútrụ̄ị
          └ The old nation rose again.
   20593  settlement.tier        s=648 sName=Ǔltǔrụ́
          └ Ǔltǔrụ́ grew into a metropolis (1,118,000 souls).
   20600  settlement.founded     s=667 sName=Pīüffìkú kind=crystallized
          └ Pīüffìkú was founded.
   20600  settlement.founded     s=667 sName=Pīüffìkú city=1
          └ The city of Pīüffìkú arose.
   20600  war.began              from=464 to=1 name=Ìltù
          └ Marched to war against Ňěňnílě.
   20600  war.began              from=180 to=664 name=Ìtrụ̄ịlǐ
          └ Marched to war against Sǎfǎkòlǐā.
   20600  war.ended              how=siegeLifted to=536 toName=Nīltùlǐ name=Lákú
          └ The war with Lákú ended.
   20609  succession.crisis      name=Yútrụ̄ị
          └ The royal line failed — an interregnum of rival claimants.
   20625  settlement.founded     s=671 sName=Làsfá kind=crystallized
          └ Làsfá was founded.
   20625  settlement.founded     s=671 sName=Làsfá city=1
          └ The city of Làsfá arose.
   20642  settlement.dissolved   s=358 why=core sName=Lārsī
          └ Lārsī faded back into the countryside.
   20644  settlement.dissolved   s=356 why=core sName=Imosumsusa
          └ Imosumsusa faded back into the countryside.
   20650  settlement.dissolved   s=350 why=core sName=Lá
          └ Lá faded back into the countryside.
   20650  settlement.founded     s=676 sName=Tàịrụ́ kind=crystallized
          └ Tàịrụ́ was founded.
   20650  settlement.founded     s=676 sName=Tàịrụ́ city=1
          └ The city of Tàịrụ́ arose.
   20650  settlement.founded     s=677 sName=Tàthị̀ city=1
          └ The city of Tàthị̀ arose.
   20650  settlement.founded     s=682 sName=Fị̀lhụ̌ city=1
          └ The city of Fị̀lhụ̌ arose.
   20650  war.began              from=504 to=1 name=Syumomuibusyu
          └ Marched to war against Ňěňnílě.
   20650  war.began              from=420 to=664 name=Suimoyipim
          └ Marched to war against Sǎfǎkòlǐā.
   20675  settlement.founded     s=687 sName=Pìtǎ kind=crystallized
          └ Pìtǎ was founded.
   20675  settlement.founded     s=687 sName=Pìtǎ city=1
          └ The city of Pìtǎ arose.
   20675  settlement.founded     s=694 sName=Lákú city=1
          └ The city of Lákú arose.
   20700  settlement.founded     s=699 sName=Demyump'aph kind=crystallized
          └ Demyump'aph was founded.
   20700  settlement.founded     s=699 sName=Demyump'aph city=1
          └ The city of Demyump'aph arose.
   20700  settlement.founded     s=700 sName=Lụ̀fpù city=1
          └ The city of Lụ̀fpù arose.
   20700  war.began              from=92 to=478 name=Moessyosyus
          └ Marched to war against Kyidu.
   20700  war.ended              how=truce to=478 toName=Kyidu name=Pomponsom
          └ The war with Pomponsom ended.
   20700  war.ended              how=truce to=365 toName=Tasrifughazydattaya name=Pomponsom
          └ The war with Pomponsom ended.
   20700  war.indemnity          to=30 toName=Pomponsom name=Tasrifughazydattaya
          └ Tasrifughazydattaya paid a heavy indemnity to Pomponsom at the peace.
   20700  war.ended              how=truce to=478 toName=Kyidu name=Tasrifughazydattaya
          └ The war with Tasrifughazydattaya ended; some 1 soldiers never came home.
   20700  war.ended              how=truce to=478 toName=Kyidu name=Moessyosyus
          └ The war with Moessyosyus ended.
   20700  war.ended              how=truce to=478 toName=Kyidu name=Masmowumkyui
          └ The war with Masmowumkyui ended; some 1 soldiers never came home.
   20708  market.dearth          s=31 sName=Sogyoepa
          └ Dearth in Sogyoepa — bread at famine prices in the market.
   20708  settlement.dissolved   s=92 why=core sName=Moessyo
          └ Moessyo faded back into the countryside.
   20725  settlement.founded     s=709 sName=Utumiu kind=crystallized
          └ Utumiu was founded.
   20725  settlement.founded     s=709 sName=Utumiu city=1
          └ The city of Utumiu arose.
   20725  settlement.founded     s=710 sName=Yayamfap kind=crystallized
          └ Yayamfap was founded.
   20725  settlement.founded     s=710 sName=Yayamfap city=1
          └ The city of Yayamfap arose.
   20725  settlement.founded     s=711 sName=Hōukfí city=1
          └ The city of Hōukfí arose.
   20737  slave.revolt           s=215 sName=Lụ̄nlākò
          └ The unfree of Lụ̄nlākò rose in revolt, and the labour was lost.
   20737  polity.seceded         from=161 fromName=Fǒlpìlǐ
          └ Broke away from Fǒlpìlǐ in a war of secession.
   20737  polity.ended           how=dissolved name=Moessyosyus
          └ Dissolved — its last cities scattered or fell silent.
   20738  market.dearth          s=1 sName=Ňěňní
          └ Dearth in Ňěňní — bread at famine prices in the market.
   20739  market.dearth          s=207 sName=Ǎịmrà
          └ Dearth in Ǎịmrà — bread at famine prices in the market.
   20750  settlement.founded     s=718 sName=Nimodu kind=crystallized
          └ Nimodu was founded.
   20750  settlement.founded     s=718 sName=Nimodu city=1
          └ The city of Nimodu arose.
   20750  settlement.founded     s=719 sName=Ǐkfí city=1
          └ The city of Ǐkfí arose.
   20750  war.began              from=687 to=711 name=Pìtǎ
          └ Marched to war against Hōukfílǐ.
   20750  war.began              from=677 to=711 name=Tàthị̀lǐā
          └ Marched to war against Hōukfílǐ.
   20750  war.began              from=82 to=711 name=Pụ̌mrálǐ
          └ Marched to war against Hōukfílǐ.
   20765  settlement.dissolved   s=235 why=core sName=Lòtākú
          └ Lòtākú faded back into the countryside.
   20768  market.dearth          s=664 sName=Sǎfǎkò
          └ Dearth in Sǎfǎkò — bread at famine prices in the market.
   20775  settlement.founded     s=727 sName=Rimopumpunsu kind=crystallized
          └ Rimopumpunsu was founded.
   20775  settlement.founded     s=727 sName=Rimopumpunsu city=1
          └ The city of Rimopumpunsu arose.
   20775  settlement.founded     s=728 sName=Xòunkū city=1
          └ The city of Xòunkū arose.
   20775  settlement.founded     s=732 sName=Hōukfí city=1
          └ The city of Hōukfí arose.
   20800  settlement.founded     s=735 sName=Ummosigyi kind=crystallized
          └ Ummosigyi was founded.
   20800  settlement.founded     s=735 sName=Ummosigyi city=1
          └ The city of Ummosigyi arose.
   20800  settlement.founded     s=736 sName=Īurírụ́ city=1
          └ The city of Īurírụ́ arose.
   20800  war.began              from=82 to=677 name=Pụ̌mrálǐ
          └ Marched to war against Tàthị̀lǐā.
   20800  polity.shattered       s=207 sName=Ǎịmrà to=504 toName=Syumomuibusyu
          └ Its capital Ǎịmrà fell to Syumomuibusyu — the realm collapsed.
   20800  polity.ended           how=conquest byName=Syumomuibusyu name=Ňěňnílě
          └ Fell to Syumomuibusyu and was erased from the map.
   20800  polity.shattered       s=207 sName=Ǎịmrà to=464 toName=Ìltù
          └ Its capital Ǎịmrà fell to Ìltù — the realm collapsed.
   20825  settlement.founded     s=742 sName=Imomuibu kind=crystallized
          └ Imomuibu was founded.
   20825  settlement.founded     s=742 sName=Imomuibu city=1
          └ The city of Imomuibu arose.
   20825  settlement.founded     s=743 sName=Sùtlà city=1
          └ The city of Sùtlà arose.
   20830  settlement.withered    s=542 sName=Ngàịttà
          └ Ngàịttà withered away and was abandoned.
   20850  settlement.founded     s=746 sName=Zyep'atzyugghat kind=crystallized
          └ Zyep'atzyugghat was founded.
   20850  settlement.founded     s=746 sName=Zyep'atzyugghat city=1
          └ The city of Zyep'atzyugghat arose.
   20850  settlement.founded     s=747 sName=Tị̄lārụ́ city=1
          └ The city of Tị̄lārụ́ arose.
   20850  settlement.founded     s=748 sName=Hìuhkū city=1
          └ The city of Hìuhkū arose.
   20850  war.began              from=711 to=677 name=Hōukfílǐ
          └ Marched to war against Tàthị̀lǐā.
   20850  war.ended              how=faded to=365 toName=Tasrifughazydattaya name=Lụ̄nlākò
          └ The war with Lụ̄nlākò ended; some 21 soldiers never came home.
   20850  polity.shattered       s=711 sName=Hōukfí to=82 toName=Pụ̌mrálǐ
          └ Its capital Hōukfí fell to Pụ̌mrálǐ — the realm collapsed.
   20850  polity.ended           how=conquest byName=Pụ̌mrálǐ name=Hōukfílǐ
          └ Fell to Pụ̌mrálǐ and was erased from the map.
   20875  settlement.founded     s=750 sName=Yayiyayaphdat kind=crystallized
          └ Yayiyayaphdat was founded.
   20875  settlement.founded     s=750 sName=Yayiyayaphdat city=1
          └ The city of Yayiyayaphdat arose.
   20875  settlement.founded     s=751 sName=Ǔptǔkò city=1
          └ The city of Ǔptǔkò arose.
   20881  market.dearth          s=2 sName=Fùlpū
          └ Dearth in Fùlpū — bread at famine prices in the market.
   20881  settlement.tier        s=751 sName=Ǔptǔkò
          └ Ǔptǔkò grew into a metropolis (1,278,000 souls).
   20887  war.ended              how=submission to=448 toName=Pítīkòlǐ name=Suimoyipim
          └ The war with Suimoyipim ended; some 3 soldiers never came home.
   20887  polity.submitted       how=submission to=448 toName=Pítīkòlǐ name=Suimoyipim
          └ Facing hopeless odds, the court of Suimoyipim bowed to Pítīkòlǐ — keeping its throne at the price of tribute.
   20887  polity.submitted       how=union to=322 toName=Fùlpūlǐ name=Lǎüpírụ́lǐā
          └ In the troubles of the succession, the court of Lǎüpírụ́lǐā joined its crown to Fùlpūlǐ — one senior throne, two realms.
   20887  polity.restored        from=-1 name=Ňěňnílě
          └ The old nation rose again.
   20887  polity.restored        from=-1 name=Hōukfílǐ
          └ The old nation rose again.
   20887  polity.ended           how=dissolved name=Lòtākú
          └ Dissolved — its last cities scattered or fell silent.
   20900  settlement.founded     s=754 sName=Dumomuisiumiu kind=crystallized
          └ Dumomuisiumiu was founded.
   20900  settlement.founded     s=754 sName=Dumomuisiumiu city=1
          └ The city of Dumomuisiumiu arose.
   20900  settlement.founded     s=755 sName=Lǎríkú city=1
          └ The city of Lǎríkú arose.
   20900  war.began              from=82 to=112 name=Pụ̌mrálǐ
          └ Marched to war against Fụ̀ịlňàlǐ.
   20900  war.began              from=384 to=365 name=Masmowumkyui
          └ Marched to war against Tasrifughazydattaya.
   20900  war.ended              how=faded to=448 toName=Pítīkòlǐ name=Ìtrụ̄ịlǐ
          └ The war with Ìtrụ̄ịlǐ ended; some 17 soldiers never came home.
   20900  war.ended              how=siegeLifted to=504 toName=Syumomuibusyu name=Sogyoepa
          └ The war with Sogyoepa ended.
   20917  market.dearth          s=746 sName=Zyep'atzyugghat
          └ Dearth in Zyep'atzyugghat — bread at famine prices in the market.
   20925  settlement.founded     s=760 sName=Sismomumummu kind=crystallized
          └ Sismomumummu was founded.
   20925  settlement.founded     s=760 sName=Sismomumummu city=1
          └ The city of Sismomumummu arose.
   20950  settlement.founded     s=764 sName=Pǎüpíkú kind=crystallized
          └ Pǎüpíkú was founded.
   20950  settlement.founded     s=764 sName=Pǎüpíkú city=1
          └ The city of Pǎüpíkú arose.
   20950  war.began              from=112 to=711 name=Fụ̀ịlňàlǐ
          └ Marched to war against Hōukfílǐ.
   20975  settlement.founded     s=766 sName=Lụ̄nlākò kind=crystallized
          └ Lụ̄nlākò was founded.
   20975  settlement.founded     s=766 sName=Lụ̄nlākò city=1
          └ The city of Lụ̄nlākò arose.
   20980  settlement.dissolved   s=420 why=core sName=Suimoyipim
          └ Suimoyipim faded back into the countryside.
   21000  plague.outbreak        s=472 sName=Nị́sī
          └ Plague broke out in Nị́sī and swept through the realm.
   21000  plague.outbreak        s=479 sName=Nātlà
          └ Plague broke out in Nātlà and swept through the realm.
   21000  plague.outbreak        s=482 sName=Ňǐňní
          └ Plague broke out in Ňǐňní and swept through the realm.
   21000  plague.outbreak        s=494 sName=Rimmobuimmiu
          └ Plague broke out in Rimmobuimmiu and swept through the realm.
   21000  plague.outbreak        s=497 sName=Sismuiba
          └ Plague broke out in Sismuiba and swept through the realm.
   21000  plague.outbreak        s=504 sName=Syumomuibu
          └ Plague broke out in Syumomuibu and swept through the realm.
   21000  plague.outbreak        s=536 sName=Nīltù
          └ Plague broke out in Nīltù and swept through the realm.
   21000  plague.outbreak        s=545 sName=Xòunlà
          └ Plague broke out in Xòunlà and swept through the realm.
   21000  plague.outbreak        s=621 sName=Fòulpì
          └ Plague broke out in Fòulpì and swept through the realm.
   21000  plague.outbreak        s=637 sName=Fùppī
          └ Plague broke out in Fùppī and swept through the realm.
   21000  plague.outbreak        s=643 sName=Sǎfǎ
          └ Plague broke out in Sǎfǎ and swept through the realm.
   21000  plague.outbreak        s=647 sName=Ňǐupī
          └ Plague broke out in Ňǐupī and swept through the realm.
   21000  plague.outbreak        s=648 sName=Ǔltǔrụ́
          └ Plague broke out in Ǔltǔrụ́ and swept through the realm.
   21000  plague.outbreak        s=652 sName=Ìňní
          └ Plague broke out in Ìňní and swept through the realm.
   21000  plague.outbreak        s=653 sName=Lǎüpírụ́
          └ Plague broke out in Lǎüpírụ́ and swept through the realm.
   21000  plague.outbreak        s=659 sName=Līütlàkò
          └ Plague broke out in Līütlàkò and swept through the realm.
   21000  plague.outbreak        s=662 sName=Lǎüpírụ́
          └ Plague broke out in Lǎüpírụ́ and swept through the realm.
   21000  plague.outbreak        s=664 sName=Sǎfǎkò
          └ Plague broke out in Sǎfǎkò and swept through the realm.
   21000  plague.outbreak        s=667 sName=Pīüffìkú
          └ Plague broke out in Pīüffìkú and swept through the realm.
   21000  plague.outbreak        s=671 sName=Làsfá
          └ Plague broke out in Làsfá and swept through the realm.
   21000  plague.outbreak        s=676 sName=Tàịrụ́
          └ Plague broke out in Tàịrụ́ and swept through the realm.
   21000  plague.outbreak        s=677 sName=Tàthị̀
          └ Plague broke out in Tàthị̀ and swept through the realm.
   21000  plague.outbreak        s=687 sName=Pìtǎ
          └ Plague broke out in Pìtǎ and swept through the realm.
   21000  plague.outbreak        s=700 sName=Lụ̀fpù
          └ Plague broke out in Lụ̀fpù and swept through the realm.
   21000  plague.outbreak        s=746 sName=Zyep'atzyugghat
          └ Plague broke out in Zyep'atzyugghat and swept through the realm.
   21000  plague.outbreak        s=751 sName=Ǔptǔkò
          └ Plague broke out in Ǔptǔkò and swept through the realm.
   21000  plague.outbreak        s=764 sName=Pǎüpíkú
          └ Plague broke out in Pǎüpíkú and swept through the realm.
   21000  settlement.founded     s=767 sName=Xōungfǐu kind=crystallized
          └ Xōungfǐu was founded.
   21000  settlement.founded     s=767 sName=Xōungfǐu city=1
          └ The city of Xōungfǐu arose.
   21000  war.began              from=504 to=448 name=Syumomuibusyu
          └ Marched to war against Pítīkòlǐ.
   21000  war.ended              how=faded to=365 toName=Tasrifughazydattaya name=Túkòlǐ
          └ The war with Túkòlǐ ended.
   21000  war.ended              how=faded to=348 toName=Masmowumkyui name=Túkòlǐ
          └ The war with Túkòlǐ ended; some 40 soldiers never came home.
   21000  polity.shattered       s=31 sName=Sogyoepa to=384 toName=Masmowumkyui
          └ Its capital Sogyoepa fell to Masmowumkyui — the realm collapsed.
   21000  polity.ended           how=conquest byName=Masmowumkyui name=Tasrifughazydattaya
          └ Fell to Masmowumkyui and was erased from the map.
   21025  settlement.founded     s=770 sName=Umomuimbiu kind=crystallized
          └ Umomuimbiu was founded.
   21025  settlement.founded     s=770 sName=Sigyidu city=1
          └ The city of Sigyidu arose.
   21025  settlement.founded     s=771 sName=Pǎüpíkò kind=crystallized
          └ Pǎüpíkò was founded.
   21025  settlement.founded     s=771 sName=Pǎüpíkò city=1
          └ The city of Pǎüpíkò arose.
   21037  polity.submitted       how=submission to=711 toName=Hōukfílǐ name=Līütlàkòlǐ
          └ Facing hopeless odds, the court of Līütlàkòlǐ bowed to Hōukfílǐ — keeping its throne at the price of tribute.
   21037  polity.submitted       how=union to=305 toName=Ǔltǔkò name=Sǔsfálǐā
          └ In the troubles of the succession, the court of Sǔsfálǐā joined its crown to Ǔltǔkò — one senior throne, two realms.
   21037  polity.submitted       how=union to=464 toName=Ìltù name=Yútrụ̄ị
          └ In the troubles of the succession, the court of Yútrụ̄ị joined its crown to Ìltù — one senior throne, two realms.
   21037  polity.submitted       how=union to=117 toName=Sǔtūlǐā name=Làsfá
          └ In the troubles of the succession, the court of Làsfá joined its crown to Sǔtūlǐā — one senior throne, two realms.
   21037  polity.submitted       how=union to=687 toName=Pìtǎ name=Tàthị̀lǐā
          └ In the troubles of the succession, the court of Tàthị̀lǐā joined its crown to Pìtǎ — one senior throne, two realms.
   21037  polity.submitted       how=union to=305 toName=Ǔltǔkò name=Kīụrụ́
          └ In the troubles of the succession, the court of Kīụrụ́ joined its crown to Ǔltǔkò — one senior throne, two realms.
   21037  settlement.annexed     s=671 sName=Làsfá from=671 fromName=Làsfá to=117 toName=Sǔtūlǐā
          └ Peacefully absorbed Làsfá from Làsfá.
   21037  polity.ended           how=integrated byName=Sǔtūlǐā name=Làsfá
          └ Dissolved — its last cities scattered or fell silent.
   21037  polity.ended           how=dissolved name=Suimoyipim
          └ Dissolved — its last cities scattered or fell silent.
   21050  settlement.founded     s=774 sName=Fòuxkòu kind=crystallized
          └ Fòuxkòu was founded.
   21050  settlement.founded     s=774 sName=Fòuxkòu city=1
          └ The city of Fòuxkòu arose.
   21050  war.began              from=30 to=88 name=Pomponsom
          └ Marched to war against Sogyoepa as the succession failed.
   21050  war.began              from=1 to=504 name=Ňěňnílě
          └ Marched to war against Syumomuibusyu.
   21050  war.began              from=464 to=448 name=Ìltù
          └ Marched to war against Pítīkòlǐ.
   21050  war.began              from=687 to=1 name=Pìtǎ
          └ Marched to war against Ňěňnílě.
   21050  war.began              from=711 to=687 name=Hōukfílǐ
          └ Marched to war against Pìtǎ.
   21050  war.began              from=448 to=547 name=Pítīkòlǐ
          └ Marched to war against Nị̀ňnílǐā.
   21050  war.began              from=7 to=547 name=Thaphobya
          └ Marched to war against Nị̀ňnílǐā.
   21050  war.began              from=30 to=641 name=Pomponsom
          └ Marched to war against Kyuipisyu.
   21050  war.began              from=384 to=641 name=Masmowumkyui
          └ Marched to war against Kyuipisyu.
   21050  war.began              from=211 to=641 name=Moessyomoesyus
          └ Marched to war against Kyuipisyu.
   21050  war.began              from=384 to=675 name=Masmowumkyui
          └ Marched to war against Umositui.
   21050  war.began              from=211 to=478 name=Moessyomoesyus
          └ Marched to war against Kyidu.
   21050  war.ended              how=faded to=448 toName=Pítīkòlǐ name=Ǔltǔkò
          └ The war with Ǔltǔkò ended; some 50 soldiers never came home.
   21059  succession.crisis      name=Tàthị̀lǐā
          └ The royal line failed — an interregnum of rival claimants.
   21069  market.dearth          s=687 sName=Pìtǎ
          └ Dearth in Pìtǎ — bread at famine prices in the market.
   21075  settlement.founded     s=777 sName=Lìufǒukò kind=crystallized
          └ Lìufǒukò was founded.
   21075  settlement.founded     s=777 sName=Lìufǒukò city=1
          └ The city of Lìufǒukò arose.
   21085  market.dearth          s=239 sName=Bamdu
          └ Dearth in Bamdu — bread at famine prices in the market.
   21100  war.began              from=1 to=464 name=Ňěňnílě
          └ Marched to war against Ìltù.
   21100  war.began              from=711 to=117 name=Hōukfílǐ
          └ Marched to war against Sǔtūlǐā.
   21100  war.ended              how=faded to=161 toName=Fǒlpìlǐ name=Pụ̌mrálǐ
          └ The war with Pụ̌mrálǐ ended; some 1 soldiers never came home.
   21100  war.ended              how=siegeLifted to=504 toName=Syumomuibusyu name=Ňěňnílě
          └ The war with Ňěňnílě ended; some 20 soldiers never came home.
   21100  war.ended              how=siegeLifted to=464 toName=Ìltù name=Ňěňnílě
          └ The war with Ňěňnílě ended; some 37 soldiers never came home.
   21100  war.indemnity          to=464 toName=Ìltù name=Ňěňnílě
          └ Ňěňnílě paid a heavy indemnity to Ìltù at the peace.
   21109  succession.crisis      name=Ňěňnílě
          └ The royal line failed — an interregnum of rival claimants.
   21109  succession.crisis      name=Yútrụ̄ị
          └ The royal line failed — an interregnum of rival claimants.
   21116  settlement.dissolved   s=84 why=core sName=Ňǐlpù
          └ Ňǐlpù faded back into the countryside.
   21120  settlement.founded     s=784 sName=Sò kind=planted
          └ Sò was founded.
   21120  town.planted           s=784 sName=Sò
          └ The crown chartered Sò to govern the countryside.
   21136  settlement.abandoned   s=648 sName=Ǔltǔrụ́
          └ Ǔltǔrụ́ was abandoned.
   21148  plague.outbreak        s=348 sName=Masmowumkyui
          └ Plague broke out in Masmowumkyui and swept through the realm.
   21150  war.began              from=82 to=448 name=Pụ̌mrálǐ
          └ Marched to war against Pítīkòlǐ.
   21150  war.began              from=272 to=448 name=Nùkú
          └ Marched to war against Pítīkòlǐ.
   21150  war.began              from=180 to=1 name=Ìtrụ̄ịlǐ
          └ Marched to war against Ňěňnílě as the succession failed.
   21150  polity.submitted       how=capitulation to=30 toName=Pomponsom name=Kyuipisyu
          └ Beaten in the field, the court of Kyuipisyu bent the knee to Pomponsom — a client crown under the conqueror's peace.
   21150  war.ended              how=truce to=641 toName=Kyuipisyu name=Masmowumkyui
          └ The war with Masmowumkyui ended.
   21150  war.indemnity          to=384 toName=Masmowumkyui name=Kyuipisyu
          └ Kyuipisyu paid a heavy indemnity to Masmowumkyui at the peace.
   21150  polity.shattered       s=1 sName=Ňěňní to=504 toName=Syumomuibusyu
          └ Its capital Ňěňní fell to Syumomuibusyu — the realm collapsed.
   21150  polity.ended           how=conquest byName=Syumomuibusyu name=Pítīkòlǐ
          └ Fell to Syumomuibusyu and was erased from the map.
   21150  war.ended              how=sackedIntoTribute to=464 toName=Ìltù name=Pítīkòlǐ
          └ The war with Pítīkòlǐ ended; some 7 soldiers never came home.
   21150  polity.submitted       how=sackedIntoTribute to=464 toName=Ìltù name=Pítīkòlǐ
          └ Facing hopeless odds, the court of Pítīkòlǐ bowed to Ìltù — keeping its throne at the price of tribute.
   21159  succession.crisis      name=Hōukfílǐ
          └ The royal line failed — an interregnum of rival claimants.
   21166  settlement.abandoned   s=365 sName=Tasrifughazydat
          └ Tasrifughazydat was abandoned.
   21184  succession.crisis      name=Tàthị̀lǐā
          └ The royal line failed — an interregnum of rival claimants.
   21187  polity.submitted       how=submission to=536 toName=Nīltùlǐ name=Xóulhụ̌lǐ
          └ Facing hopeless odds, the court of Xóulhụ̌lǐ bowed to Nīltùlǐ — keeping its throne at the price of tribute.
   21187  polity.submitted       how=union to=700 toName=Lụ̀fpù name=Syumomuibusyu
          └ In the troubles of the succession, the court of Syumomuibusyu joined its crown to Lụ̀fpù — one senior throne, two realms.
   21187  polity.submitted       how=union to=117 toName=Sǔtūlǐā name=Sǎfǎlǐ
          └ In the troubles of the succession, the court of Sǎfǎlǐ joined its crown to Sǔtūlǐā — one senior throne, two realms.
   21187  polity.submitted       how=union to=117 toName=Sǔtūlǐā name=Ňǐupīlǐ
          └ In the troubles of the succession, the court of Ňǐupīlǐ joined its crown to Sǔtūlǐā — one senior throne, two realms.
   21187  polity.submitted       how=union to=117 toName=Sǔtūlǐā name=Sǎfǎkòlǐā
          └ In the troubles of the succession, the court of Sǎfǎkòlǐā joined its crown to Sǔtūlǐā — one senior throne, two realms.
   21187  polity.submitted       how=union to=117 toName=Sǔtūlǐā name=Sílǐ
          └ In the troubles of the succession, the court of Sílǐ joined its crown to Sǔtūlǐā — one senior throne, two realms.
   21187  polity.submitted       how=union to=700 toName=Lụ̀fpù name=Hōukfílǐ
          └ In the troubles of the succession, the court of Hōukfílǐ joined its crown to Lụ̀fpù — one senior throne, two realms.
   21187  settlement.annexed     s=1 sName=Ňěňní from=504 fromName=Syumomuibusyu to=700 toName=Lụ̀fpù
          └ Peacefully absorbed Ňěňní from Syumomuibusyu.
   21187  settlement.annexed     s=472 sName=Nị́sī from=504 fromName=Syumomuibusyu to=700 toName=Lụ̀fpù
          └ Peacefully absorbed Nị́sī from Syumomuibusyu.
   21187  settlement.annexed     s=475 sName=Fùppīkú from=504 fromName=Syumomuibusyu to=700 toName=Lụ̀fpù
          └ Peacefully absorbed Fùppīkú from Syumomuibusyu.
   21187  settlement.annexed     s=498 sName=Fùppīkú from=504 fromName=Syumomuibusyu to=700 toName=Lụ̀fpù
          └ Peacefully absorbed Fùppīkú from Syumomuibusyu.
   21187  settlement.annexed     s=504 sName=Syumomuibu from=504 fromName=Syumomuibusyu to=700 toName=Lụ̀fpù
          └ Peacefully absorbed Syumomuibu from Syumomuibusyu.
   21187  settlement.annexed     s=505 sName=Fǐulpūkú from=504 fromName=Syumomuibusyu to=700 toName=Lụ̀fpù
          └ Peacefully absorbed Fǐulpūkú from Syumomuibusyu.
   21187  settlement.annexed     s=514 sName=Fùlūkò from=504 fromName=Syumomuibusyu to=700 toName=Lụ̀fpù
          └ Peacefully absorbed Fùlūkò from Syumomuibusyu.
   21187  settlement.annexed     s=520 sName=Súffí from=504 fromName=Syumomuibusyu to=700 toName=Lụ̀fpù
          └ Peacefully absorbed Súffí from Syumomuibusyu.
   21187  settlement.annexed     s=528 sName=Tị̄lārụ́ from=504 fromName=Syumomuibusyu to=700 toName=Lụ̀fpù
          └ Peacefully absorbed Tị̄lārụ́ from Syumomuibusyu.
   21187  settlement.annexed     s=537 sName=Ìlhụ̌ from=504 fromName=Syumomuibusyu to=700 toName=Lụ̀fpù
          └ Peacefully absorbed Ìlhụ̌ from Syumomuibusyu.
   21187  settlement.annexed     s=549 sName=Pụ̀nfǐu from=504 fromName=Syumomuibusyu to=700 toName=Lụ̀fpù
          └ Peacefully absorbed Pụ̀nfǐu from Syumomuibusyu.
   21187  settlement.annexed     s=558 sName=Pụ́ňtụ̌ị from=504 fromName=Syumomuibusyu to=700 toName=Lụ̀fpù
          └ Peacefully absorbed Pụ́ňtụ̌ị from Syumomuibusyu.
   21187  settlement.annexed     s=568 sName=Xòulà from=504 fromName=Syumomuibusyu to=700 toName=Lụ̀fpù
          └ Peacefully absorbed Xòulà from Syumomuibusyu.
   21187  settlement.annexed     s=576 sName=Tǎkū from=504 fromName=Syumomuibusyu to=700 toName=Lụ̀fpù
          └ Peacefully absorbed Tǎkū from Syumomuibusyu.
   21187  settlement.annexed     s=584 sName=Hīfpù from=504 fromName=Syumomuibusyu to=700 toName=Lụ̀fpù
          └ Peacefully absorbed Hīfpù from Syumomuibusyu.
   21187  settlement.annexed     s=592 sName=Líụňākú from=504 fromName=Syumomuibusyu to=700 toName=Lụ̀fpù
          └ Peacefully absorbed Líụňākú from Syumomuibusyu.
   21187  settlement.annexed     s=642 sName=Umogyuma from=504 fromName=Syumomuibusyu to=700 toName=Lụ̀fpù
          └ Peacefully absorbed Umogyuma from Syumomuibusyu.
   21187  settlement.annexed     s=699 sName=Demyump'aph from=504 fromName=Syumomuibusyu to=700 toName=Lụ̀fpù
          └ Peacefully absorbed Demyump'aph from Syumomuibusyu.
   21187  settlement.annexed     s=709 sName=Utumiu from=504 fromName=Syumomuibusyu to=700 toName=Lụ̀fpù
          └ Peacefully absorbed Utumiu from Syumomuibusyu.
   21187  settlement.annexed     s=710 sName=Yayamfap from=504 fromName=Syumomuibusyu to=700 toName=Lụ̀fpù
          └ Peacefully absorbed Yayamfap from Syumomuibusyu.
   21187  settlement.annexed     s=718 sName=Nimodu from=504 fromName=Syumomuibusyu to=700 toName=Lụ̀fpù
          └ Peacefully absorbed Nimodu from Syumomuibusyu.
   21187  settlement.annexed     s=727 sName=Rimopumpunsu from=504 fromName=Syumomuibusyu to=700 toName=Lụ̀fpù
          └ Peacefully absorbed Rimopumpunsu from Syumomuibusyu.
   21187  settlement.annexed     s=735 sName=Ummosigyi from=504 fromName=Syumomuibusyu to=700 toName=Lụ̀fpù
          └ Peacefully absorbed Ummosigyi from Syumomuibusyu.
   21187  settlement.annexed     s=742 sName=Imomuibu from=504 fromName=Syumomuibusyu to=700 toName=Lụ̀fpù
          └ Peacefully absorbed Imomuibu from Syumomuibusyu.
   21187  settlement.annexed     s=754 sName=Dumomuisiumiu from=504 fromName=Syumomuibusyu to=700 toName=Lụ̀fpù
          └ Peacefully absorbed Dumomuisiumiu from Syumomuibusyu.
   21187  settlement.annexed     s=760 sName=Sismomumummu from=504 fromName=Syumomuibusyu to=700 toName=Lụ̀fpù
          └ Peacefully absorbed Sismomumummu from Syumomuibusyu.
   21187  settlement.annexed     s=770 sName=Sigyidu from=504 fromName=Syumomuibusyu to=700 toName=Lụ̀fpù
          └ Peacefully absorbed Sigyidu from Syumomuibusyu.
   21187  polity.ended           how=integrated byName=Lụ̀fpù name=Syumomuibusyu
          └ Dissolved — its last cities scattered or fell silent.
   21187  settlement.annexed     s=647 sName=Ňǐupī from=647 fromName=Ňǐupīlǐ to=117 toName=Sǔtūlǐā
          └ Peacefully absorbed Ňǐupī from Ňǐupīlǐ.
   21187  polity.ended           how=integrated byName=Sǔtūlǐā name=Ňǐupīlǐ
          └ Dissolved — its last cities scattered or fell silent.
   21187  settlement.annexed     s=677 sName=Tàthị̀ from=677 fromName=Tàthị̀lǐā to=687 toName=Pìtǎ
          └ Peacefully absorbed Tàthị̀ from Tàthị̀lǐā.
   21187  polity.ended           how=integrated byName=Pìtǎ name=Tàthị̀lǐā
          └ Dissolved — its last cities scattered or fell silent.
   21187  polity.ended           how=dissolved name=Ňǐlpùlǐā
          └ Dissolved — its last cities scattered or fell silent.
   21200  war.began              from=700 to=88 name=Lụ̀fpù
          └ Marched to war against Sogyoepa as the succession failed.
   21200  war.began              from=464 to=700 name=Ìltù
          └ Marched to war against Lụ̀fpù as the succession failed.
   21200  war.began              from=180 to=700 name=Ìtrụ̄ịlǐ
          └ Marched to war against Lụ̀fpù as the succession failed.
   21200  war.began              from=700 to=272 name=Lụ̀fpù
          └ Marched to war against Nùkú.
   21200  war.began              from=700 to=547 name=Lụ̀fpù
          └ Marched to war against Nị̀ňnílǐā as the succession failed.
   21205  settlement.abandoned   s=494 sName=Rimmobuimmiu
          └ Rimmobuimmiu was abandoned.
   21205  settlement.abandoned   s=545 sName=Xòunlà
          └ Xòunlà was abandoned.
   21205  settlement.abandoned   s=636 sName=Mīnglìrụ́
          └ Mīnglìrụ́ was abandoned.
   21209  succession.crisis      name=Tàịrụ́lǐā
          └ The royal line failed — an interregnum of rival claimants.
   21211  settlement.abandoned   s=513 sName=Bi
          └ Bi was abandoned.
   21219  settlement.abandoned   s=591 sName=Nukyupa
          └ Nukyupa was abandoned.
   21219  settlement.abandoned   s=613 sName=Yùsī
          └ Yùsī was abandoned.
   21219  settlement.abandoned   s=627 sName=Lụ̄nlākò
          └ Lụ̄nlākò was abandoned.
   21220  settlement.abandoned   s=621 sName=Fòulpì
          └ Fòulpì was abandoned.
   21221  settlement.abandoned   s=485 sName=Yúttīu
          └ Yúttīu was abandoned.
   21225  settlement.founded     s=796 sName=Rimmopigyi kind=crystallized
          └ Rimmopigyi was founded.
   21225  settlement.founded     s=796 sName=Pumfunsu city=1
          └ The city of Pumfunsu arose.
   21226  settlement.abandoned   s=609 sName=Sǐňìu
          └ Sǐňìu was abandoned.
   21226  settlement.abandoned   s=644 sName=Pụ́ltà
          └ Pụ́ltà was abandoned.
   21226  settlement.abandoned   s=654 sName=Nīttīu
          └ Nīttīu was abandoned.
   21227  settlement.abandoned   s=479 sName=Nātlà
          └ Nātlà was abandoned.
   21227  settlement.abandoned   s=538 sName=Līütlàkú
          └ Līütlàkú was abandoned.
   21228  settlement.abandoned   s=742 sName=Imomuibu
          └ Imomuibu was abandoned.
   21229  settlement.abandoned   s=718 sName=Nimodu
          └ Nimodu was abandoned.
   21234  succession.crisis      name=Ňěňnílě
          └ The royal line failed — an interregnum of rival claimants.
   21236  settlement.abandoned   s=628 sName=Hòunfǐu
          └ Hòunfǐu was abandoned.
   21239  settlement.abandoned   s=497 sName=Sismuiba
          └ Sismuiba was abandoned.
   21239  settlement.abandoned   s=557 sName=Nītlà
          └ Nītlà was abandoned.
   21239  settlement.abandoned   s=566 sName=Xòunlà
          └ Xòunlà was abandoned.
   21239  settlement.abandoned   s=575 sName=Nìnglì
          └ Nìnglì was abandoned.
   21239  settlement.abandoned   s=583 sName=Ụ̀kú
          └ Ụ̀kú was abandoned.
   21239  settlement.abandoned   s=590 sName=Tākú
          └ Tākú was abandoned.
   21239  settlement.abandoned   s=642 sName=Umogyuma
          └ Umogyuma was abandoned.
   21239  settlement.abandoned   s=649 sName=Fōumpíü
          └ Fōumpíü was abandoned.
   21239  settlement.abandoned   s=655 sName=Pīüffìkò
          └ Pīüffìkò was abandoned.
   21239  settlement.abandoned   s=682 sName=Fị̀lhụ̌
          └ Fị̀lhụ̌ was abandoned.
   21239  settlement.abandoned   s=694 sName=Lákú
          └ Lákú was abandoned.
   21239  settlement.abandoned   s=699 sName=Demyump'aph
          └ Demyump'aph was abandoned.
   21239  settlement.abandoned   s=710 sName=Yayamfap
          └ Yayamfap was abandoned.
   21239  settlement.abandoned   s=727 sName=Rimopumpunsu
          └ Rimopumpunsu was abandoned.
   21239  settlement.abandoned   s=732 sName=Hōukfí
          └ Hōukfí was abandoned.
   21239  settlement.abandoned   s=735 sName=Ummosigyi
          └ Ummosigyi was abandoned.
   21239  settlement.abandoned   s=748 sName=Hìuhkū
          └ Hìuhkū was abandoned.
   21239  settlement.abandoned   s=750 sName=Yayiyayaphdat
          └ Yayiyayaphdat was abandoned.
   21239  settlement.abandoned   s=754 sName=Dumomuisiumiu
          └ Dumomuisiumiu was abandoned.
   21239  settlement.abandoned   s=760 sName=Sismomumummu
          └ Sismomumummu was abandoned.
   21239  settlement.abandoned   s=764 sName=Pǎüpíkú
          └ Pǎüpíkú was abandoned.
   21239  settlement.abandoned   s=766 sName=Lụ̄nlākò
          └ Lụ̄nlākò was abandoned.
   21244  settlement.abandoned   s=550 sName=Fị́sī
          └ Fị́sī was abandoned.
   21244  settlement.abandoned   s=660 sName=Sīuthị̌
          └ Sīuthị̌ was abandoned.
   21246  settlement.abandoned   s=472 sName=Nị́sī
          └ Nị́sī was abandoned.
   21246  settlement.abandoned   s=528 sName=Tị̄lārụ́
          └ Tị̄lārụ́ was abandoned.
   21246  settlement.abandoned   s=592 sName=Líụňākú
          └ Líụňākú was abandoned.
   21247  settlement.abandoned   s=482 sName=Ňǐňní
          └ Ňǐňní was abandoned.
   21250  settlement.founded     s=799 sName=Pumpunsu kind=crystallized
          └ Pumpunsu was founded.
   21250  settlement.founded     s=799 sName=Piuisyipa city=1
          └ The city of Piuisyipa arose.
   21250  settlement.founded     s=800 sName=Tumobuimmiu kind=crystallized
          └ Tumobuimmiu was founded.
   21250  settlement.founded     s=800 sName=Summusui city=1
          └ The city of Summusui arose.
   21250  settlement.founded     s=801 sName=Lǎptù city=1
          └ The city of Lǎptù arose.
   21250  settlement.founded     s=806 sName=Mūngụ̄ịrụ́ city=1
          └ The city of Mūngụ̄ịrụ́ arose.
   21250  war.began              from=1 to=88 name=Ňěňnílě
          └ Marched to war against Sogyoepa as the succession failed.
   21250  war.began              from=687 to=700 name=Pìtǎ
          └ Marched to war against Lụ̀fpù as the succession failed.
   21275  settlement.founded     s=809 sName=Suimokyumu kind=crystallized
          └ Suimokyumu was founded.
   21275  settlement.founded     s=809 sName=Gyamudu city=1
          └ The city of Gyamudu arose.
   21275  settlement.founded     s=810 sName=Muimoti kind=crystallized
          └ Muimoti was founded.
   21275  settlement.founded     s=810 sName=Imomiuisiu city=1
          └ The city of Imomiuisiu arose.
   21275  settlement.founded     s=811 sName=Ňīfpù city=1
          └ The city of Ňīfpù arose.
   21275  settlement.founded     s=816 sName=Xụ́tlà city=1
          └ The city of Xụ́tlà arose.
   21300  settlement.founded     s=818 sName=Numosismuiba kind=crystallized
          └ Numosismuiba was founded.
   21300  settlement.founded     s=818 sName=Muimomuissyu city=1
          └ The city of Muimomuissyu arose.
   21300  settlement.founded     s=819 sName=Bimgyi kind=crystallized
          └ Bimgyi was founded.
   21300  settlement.founded     s=819 sName=Pimomuissyu city=1
          └ The city of Pimomuissyu arose.
   21300  settlement.founded     s=820 sName=Sǎfǎ city=1
          └ The city of Sǎfǎ arose.
   21300  settlement.founded     s=824 sName=Lóupí city=1
          └ The city of Lóupí arose.
   21300  war.ended              how=truce to=700 toName=Lụ̀fpù name=Nị̀ňnílǐā
          └ The war with Nị̀ňnílǐā ended.
   21300  war.indemnity          to=700 toName=Lụ̀fpù name=Nị̀ňnílǐā
          └ Nị̀ňnílǐā paid a heavy indemnity to Lụ̀fpù at the peace.
   21300  war.ended              how=truce to=547 toName=Nị̀ňnílǐā name=Thaphobya
          └ The war with Thaphobya ended.
   21300  war.indemnity          to=7 toName=Thaphobya name=Nị̀ňnílǐā
          └ Nị̀ňnílǐā paid a heavy indemnity to Thaphobya at the peace.
   21300  war.ended              how=truce to=700 toName=Lụ̀fpù name=Ňěňnílě
          └ The war with Ňěňnílě ended; some 12 soldiers never came home.
   21300  war.ended              how=sackedIntoTribute to=700 toName=Lụ̀fpù name=Ìltù
          └ The war with Ìltù ended; some 3 soldiers never came home.
   21300  polity.submitted       how=sackedIntoTribute to=464 toName=Ìltù name=Lụ̀fpù
          └ Facing hopeless odds, the court of Lụ̀fpù bowed to Ìltù — keeping its throne at the price of tribute.
   21300  war.ended              how=siegeLifted to=687 toName=Pìtǎ name=Ňěňnílě
          └ The war with Ňěňnílě ended.
   21300  war.indemnity          to=687 toName=Pìtǎ name=Ňěňnílě
          └ Ňěňnílě paid a heavy indemnity to Pìtǎ at the peace.
   21300  war.ended              how=siegeLifted to=675 toName=Umositui name=Masmowumkyui
          └ The war with Masmowumkyui ended.
   21313  settlement.tier        s=677 sName=Tàthị̀
          └ Tàthị̀ grew into a metropolis (1,123,000 souls).
   21325  settlement.founded     s=827 sName=Imuimiu kind=crystallized
          └ Imuimiu was founded.
   21325  settlement.founded     s=827 sName=Simosismuipa city=1
          └ The city of Simosismuipa arose.
   21325  settlement.founded     s=828 sName=Bummomuimbiu kind=crystallized
          └ Bummomuimbiu was founded.
   21325  settlement.founded     s=828 sName=Sismopizyi city=1
          └ The city of Sismopizyi arose.
   21325  settlement.founded     s=829 sName=Ìppà city=1
          └ The city of Ìppà arose.
   21325  settlement.founded     s=833 sName=Ngírụ́ city=1
          └ The city of Ngírụ́ arose.
   21337  polity.submitted       how=submission to=711 toName=Hōukfílǐ name=Xártụ̀ịkú
          └ Facing hopeless odds, the court of Xártụ̀ịkú bowed to Hōukfílǐ — keeping its throne at the price of tribute.
   21337  settlement.annexed     s=672 sName=Xártụ̀ịkú from=672 fromName=Xártụ̀ịkú to=711 toName=Hōukfílǐ
          └ Peacefully absorbed Xártụ̀ịkú from Xártụ̀ịkú.
   21337  settlement.annexed     s=85 sName=Bomogypa from=85 fromName=Bomogypasyus to=30 toName=Pomponsom
          └ Peacefully absorbed Bomogypa from Bomogypasyus.
   21337  settlement.annexed     s=1 sName=Ňěňní from=700 fromName=Lụ̀fpù to=1 toName=Ňěňnílě
          └ Peacefully absorbed Ňěňní from Lụ̀fpù.
   21337  settlement.annexed     s=207 sName=Ǎịmrà from=464 fromName=Ìltù to=1 toName=Ňěňnílě
          └ Peacefully absorbed Ǎịmrà from Ìltù.
   21337  settlement.annexed     s=677 sName=Tàthị̀ from=687 fromName=Pìtǎ to=1 toName=Ňěňnílě
          └ Peacefully absorbed Tàthị̀ from Pìtǎ.
   21337  polity.ended           how=dissolved name=Fǒlpìlǐ
          └ Dissolved — its last cities scattered or fell silent.
   21350  settlement.founded     s=836 sName=Sumadu kind=crystallized
          └ Sumadu was founded.
   21350  settlement.founded     s=836 sName=Muibu city=1
          └ The city of Muibu arose.
   21350  settlement.founded     s=837 sName=Zyep'atzyugyum kind=crystallized
          └ Zyep'atzyugyum was founded.
   21350  settlement.founded     s=837 sName=Zyep'atzyugyum city=1
          └ The city of Zyep'atzyugyum arose.
   21350  settlement.founded     s=838 sName=Xóuppì city=1
          └ The city of Xóuppì arose.
   21350  settlement.founded     s=843 sName=Mị̄kú city=1
          └ The city of Mị̄kú arose.
   21350  settlement.founded     s=844 sName=Kònfǐu city=1
          └ The city of Kònfǐu arose.
   21350  war.began              from=384 to=493 name=Masmowumkyui
          └ Marched to war against Lákú as the succession failed.
   21350  war.began              from=30 to=675 name=Pomponsom
          └ Marched to war against Umositui as the succession failed.
   21350  war.began              from=305 to=464 name=Ǔltǔkò
          └ Marched to war against Ìltù.
   21350  war.began              from=687 to=464 name=Pìtǎ
          └ Marched to war against Ìltù.
   21350  war.began              from=180 to=687 name=Ìtrụ̄ịlǐ
          └ Marched to war against Pìtǎ.
   21350  war.began              from=1 to=272 name=Ňěňnílě
          └ Marched to war against Nùkú.
   21350  war.began              from=1 to=547 name=Ňěňnílě
          └ Marched to war against Nị̀ňnílǐā as the succession failed.
   21350  war.ended              how=truce to=547 toName=Nị̀ňnílǐā name=Ňěňnílě
          └ The war with Ňěňnílě ended.
   21360  settlement.dissolved   s=240 why=core sName=Hǐlňà
          └ Hǐlňà faded back into the countryside.
   21375  settlement.founded     s=845 sName=Gatammolzdat kind=crystallized
          └ Gatammolzdat was founded.
   21375  settlement.founded     s=845 sName=Gatammolzdat city=1
          └ The city of Gatammolzdat arose.
   21375  settlement.founded     s=846 sName=Ngị̌thị̌ city=1
          └ The city of Ngị̌thị̌ arose.
   21375  settlement.founded     s=849 sName=Lákú city=1
          └ The city of Lákú arose.
   21375  settlement.founded     s=853 sName=Ìthị̌ city=1
          └ The city of Ìthị̌ arose.
   21384  succession.crisis      name=Masmowumkyui
          └ The royal line failed — an interregnum of rival claimants.
   21400  settlement.founded     s=854 sName=Yomphiut'eb kind=crystallized
          └ Yomphiut'eb was founded.
   21400  settlement.founded     s=854 sName=Yomphiut'eb city=1
          └ The city of Yomphiut'eb arose.
   21400  settlement.founded     s=855 sName=Lákò city=1
          └ The city of Lákò arose.
   21400  settlement.founded     s=858 sName=Ňǐtlà city=1
          └ The city of Ňǐtlà arose.
   21400  settlement.founded     s=859 sName=Ìňní city=1
          └ The city of Ìňní arose.
   21400  war.began              from=1 to=305 name=Ňěňnílě
          └ Marched to war against Ǔltǔkò.
   21402  market.dearth          s=348 sName=Masmowumkyui
          └ Dearth in Masmowumkyui — bread at famine prices in the market.
   21425  settlement.founded     s=861 sName=Thafazib kind=crystallized
          └ Thafazib was founded.
   21425  settlement.founded     s=861 sName=Thafazib city=1
          └ The city of Thafazib arose.
   21425  settlement.founded     s=862 sName=Sǔtū city=1
          └ The city of Sǔtū arose.
   21425  settlement.founded     s=865 sName=Nītrụ̄ị city=1
          └ The city of Nītrụ̄ị arose.
   21425  settlement.founded     s=866 sName=Ụ́kò city=1
          └ The city of Ụ́kò arose.
   21450  settlement.founded     s=867 sName=Tayump'aph kind=crystallized
          └ Tayump'aph was founded.
   21450  settlement.founded     s=867 sName=Tayump'aph city=1
          └ The city of Tayump'aph arose.
   21450  settlement.founded     s=868 sName=Kúlìkú city=1
          └ The city of Kúlìkú arose.
   21450  settlement.founded     s=872 sName=Xụ̌mpíü city=1
          └ The city of Xụ̌mpíü arose.
   21450  settlement.founded     s=874 sName=Pụ̄stù city=1
          └ The city of Pụ̄stù arose.
   21450  war.began              from=790 to=339 name=Sò
          └ Marched to war against Lụ̄nlākú.
   21450  war.ended              how=faded to=448 toName=Pítīkòlǐ name=Pomponsom
          └ The war with Pomponsom ended; some 6 soldiers never came home.
   21450  war.ended              how=faded to=536 toName=Nīltùlǐ name=Lụ̄nlākú
          └ The war with Lụ̄nlākú ended.
   21450  war.ended              how=faded to=513 toName=Bisyu name=Tasrifughazydattaya
          └ The war with Tasrifughazydattaya ended.
   21450  war.ended              how=faded to=448 toName=Pítīkòlǐ name=Masmowumkyui
          └ The war with Masmowumkyui ended; some 83 soldiers never came home.
   21460  settlement.tier        s=672 sName=Xártụ̀ịkú
          └ Xártụ̀ịkú grew into a metropolis (1,021,000 souls).
   21475  settlement.founded     s=875 sName=Piythamb kind=crystallized
          └ Piythamb was founded.
   21475  settlement.founded     s=875 sName=Piythamb city=1
          └ The city of Piythamb arose.
   21475  settlement.founded     s=876 sName=Sùňní city=1
          └ The city of Sùňní arose.
   21475  settlement.founded     s=880 sName=Tánglì city=1
          └ The city of Tánglì arose.
   21486  settlement.abandoned   s=90 sName=Ǎ
          └ Ǎ was abandoned.
   21487  polity.seceded         from=1 fromName=Ňěňnílě
          └ Broke away from Ňěňnílě in a war of secession.
   21487  polity.seceded         from=536 fromName=Nīltùlǐ
          └ Broke away from Nīltùlǐ in a war of secession.
   21487  polity.seceded         from=711 fromName=Hōukfílǐ
          └ Broke away from Hōukfílǐ in a war of secession.
   21487  polity.ended           how=dissolved name=Sǔsfálǐā
          └ Dissolved — its last cities scattered or fell silent.
   21488  settlement.abandoned   s=653 sName=Lǎüpírụ́
          └ Lǎüpírụ́ was abandoned.
   21491  market.dearth          s=475 sName=Fùppīkú
          └ Dearth in Fùppīkú — bread at famine prices in the market.
   21500  settlement.founded     s=881 sName=Yapghat kind=crystallized
          └ Yapghat was founded.
   21500  settlement.founded     s=881 sName=Yapghat city=1
          └ The city of Yapghat arose.
   21500  settlement.founded     s=882 sName=Sùppì city=1
          └ The city of Sùppì arose.
   21500  settlement.founded     s=886 sName=Ňīffí city=1
          └ The city of Ňīffí arose.
   21500  war.began              from=1 to=384 name=Ňěňnílě
          └ Marched to war against Masmowumkyui as the succession failed.
   21500  war.began              from=180 to=711 name=Ìtrụ̄ịlǐ
          └ Marched to war against Hōukfílǐ.
   21500  war.ended              how=faded to=513 toName=Bisyu name=Sogyoepa
          └ The war with Sogyoepa ended; some 20 soldiers never came home.
   21500  war.ended              how=faded to=533 toName=Ňìsfá name=Lụ̄nlākú
          └ The war with Lụ̄nlākú ended; some 22 soldiers never came home.
   21500  war.ended              how=truce to=478 toName=Kyidu name=Moessyomoesyus
          └ The war with Moessyomoesyus ended.
   21525  settlement.founded     s=887 sName=Pakhatdat kind=crystallized
          └ Pakhatdat was founded.
   21525  settlement.founded     s=887 sName=Pakhatdat city=1
          └ The city of Pakhatdat arose.
   21525  settlement.founded     s=888 sName=Líütị̀rụ́ city=1
          └ The city of Líütị̀rụ́ arose.
   21550  settlement.founded     s=891 sName=Zylug kind=crystallized
          └ Zylug was founded.
   21550  settlement.founded     s=891 sName=Zylug city=1
          └ The city of Zylug arose.
   21550  settlement.founded     s=892 sName=Wúfpù city=1
          └ The city of Wúfpù arose.
   21550  war.began              from=711 to=1 name=Hōukfílǐ
          └ Marched to war against Ňěňnílě as the succession failed.
   21575  settlement.founded     s=897 sName=Yayum kind=crystallized
          └ Yayum was founded.
   21575  settlement.founded     s=897 sName=Yayum city=1
          └ The city of Yayum arose.
   21575  settlement.founded     s=898 sName=Lǎlpù city=1
          └ The city of Lǎlpù arose.
   21578  market.dearth          s=1 sName=Ňěňní
          └ Dearth in Ňěňní — bread at famine prices in the market.
   21600  settlement.lapsed      s=85 sName=Bomogypa from=30 fromName=Pomponsom
          └ Bomogypa slipped free of Pomponsom.
   21600  polity.receded         s=85 n=1 sName=Bomogypa name=Pomponsom
          └ The grip of Pomponsom failed, and the marches beyond Bomogypa were left to their own devices.
   21600  settlement.founded     s=900 sName=Yuposryamfap kind=crystallized
          └ Yuposryamfap was founded.
   21600  settlement.founded     s=900 sName=Yuposryamfap city=1
          └ The city of Yuposryamfap arose.
   21600  settlement.founded     s=901 sName=Hìumòukò city=1
          └ The city of Hìumòukò arose.
   21600  settlement.founded     s=903 sName=Tadu kind=planted
          └ Tadu was founded.
   21600  town.planted           s=903 sName=Tadu
          └ The crown chartered Tadu to govern the countryside.
   21600  settlement.founded     s=904 sName=Tāptáịkú kind=planted
          └ Tāptáịkú was founded.
   21600  town.planted           s=904 sName=Tāptáịkú
          └ The crown planted Tāptáịkú to hold the march.
   21600  war.began              from=88 to=30 name=Sogyoepa
          └ Renewed the old war against Pomponsom to press a claim to its throne.
   21600  war.began              from=384 to=88 name=Masmowumkyui
          └ Marched to war against Sogyoepa.
   21600  war.ended              how=faded to=341 toName=Yútrụ̄ị name=Sǔtūlǐā
          └ The war with Sǔtūlǐā ended.
   21600  war.ended              how=stalemate to=536 toName=Nīltùlǐ name=Ňìsfá
          └ The war with Ňìsfá ended.
   21600  polity.shattered       s=464 sName=Ìltù to=687 toName=Pìtǎ
          └ Its capital Ìltù fell to Pìtǎ — the realm collapsed.
   21600  polity.ended           how=conquest byName=Pìtǎ name=Ìltù
          └ Fell to Pìtǎ and was erased from the map.
   21600  polity.submitted       how=inherited to=687 toName=Pìtǎ name=Yútrụ̄ị
          └ Facing hopeless odds, the court of Yútrụ̄ị bowed to Pìtǎ — keeping its throne at the price of tribute.
   21600  polity.submitted       how=inherited to=687 toName=Pìtǎ name=Lụ̀fpù
          └ Facing hopeless odds, the court of Lụ̀fpù bowed to Pìtǎ — keeping its throne at the price of tribute.
   21600  war.ended              how=siegeLifted to=711 toName=Hōukfílǐ name=Pụ̌mrálǐ
          └ The war with Pụ̌mrálǐ ended; some 11 soldiers never came home.
   21601  settlement.abandoned   s=504 sName=Syumomuibu
          └ Syumomuibu was abandoned.
   21625  settlement.founded     s=907 sName=P'oetephamddat kind=crystallized
          └ P'oetephamddat was founded.
   21625  settlement.founded     s=907 sName=P'oetephamddat city=1
          └ The city of P'oetephamddat arose.
   21637  settlement.annexed     s=663 sName=Fị̀lňà from=341 fromName=Yútrụ̄ị to=687 toName=Pìtǎ
          └ Peacefully absorbed Fị̀lňà from Yútrụ̄ị.
   21637  settlement.annexed     s=665 sName=Yúxkòu from=341 fromName=Yútrụ̄ị to=687 toName=Pìtǎ
          └ Peacefully absorbed Yúxkòu from Yútrụ̄ị.
   21637  polity.ended           how=integrated byName=Pìtǎ name=Yútrụ̄ị
          └ Dissolved — its last cities scattered or fell silent.
   21637  polity.seceded         from=1 fromName=Ňěňnílě
          └ Broke away from Ňěňnílě in a war of secession.
   21637  polity.seceded         from=384 fromName=Masmowumkyui
          └ Broke away from Masmowumkyui in a war of secession.
   21637  polity.seceded         from=711 fromName=Hōukfílǐ
          └ Broke away from Hōukfílǐ in a war of secession.
   21650  settlement.founded     s=913 sName=Zonyayaph kind=crystallized
          └ Zonyayaph was founded.
   21650  settlement.founded     s=913 sName=Zonyayaph city=1
          └ The city of Zonyayaph arose.
   21650  war.began              from=536 to=844 name=Nīltùlǐ
          └ Marched to war against Kònfǐulǐ.
   21650  war.began              from=1 to=746 name=Ňěňnílě
          └ Marched to war against Zyep'atzyugghattay.
   21650  war.began              from=687 to=746 name=Pìtǎ
          └ Marched to war against Zyep'atzyugghattay.
   21650  war.began              from=30 to=896 name=Pomponsom
          └ Marched to war against Sùptùlǐ.
   21650  war.began              from=211 to=896 name=Moessyomoesyus
          └ Marched to war against Sùptùlǐ.
   21650  war.began              from=384 to=896 name=Masmowumkyui
          └ Marched to war against Sùptùlǐ.
   21650  war.began              from=30 to=773 name=Pomponsom
          └ Marched to war against Umomissisyua.
   21650  war.began              from=30 to=780 name=Pomponsom
          └ Marched to war against Fōffí.
   21650  war.ended              how=truce to=896 toName=Sùptùlǐ name=Pomponsom
          └ The war with Pomponsom ended.
   21650  war.ended              how=truce to=896 toName=Sùptùlǐ name=Moessyomoesyus
          └ The war with Moessyomoesyus ended.
   21650  war.ended              how=truce to=896 toName=Sùptùlǐ name=Masmowumkyui
          └ The war with Masmowumkyui ended.
   21659  war.claimWon           to=30 toName=Pomponsom name=Sogyoepa
          └ The war of succession was won: Pà'á pressed the claim and was crowned in Pomponsom, uniting the two crowns.
   21675  settlement.founded     s=917 sName=Khayyum kind=crystallized
          └ Khayyum was founded.
   21675  settlement.founded     s=917 sName=Khayyum city=1
          └ The city of Khayyum arose.
   21685  settlement.dissolved   s=515 why=core sName=Ngàịtlà
          └ Ngàịtlà faded back into the countryside.
   21686  settlement.dissolved   s=514 why=core sName=Fùlūkò
          └ Fùlūkò faded back into the countryside.
   21694  settlement.dissolved   s=506 why=core sName=Ngàịptàị
          └ Ngàịptàị faded back into the countryside.
   21695  settlement.dissolved   s=505 why=core sName=Fǐulpūkú
          └ Fǐulpūkú faded back into the countryside.
   21699  plague.outbreak        s=115 sName=Moessyomoe
          └ Plague broke out in Moessyomoe and swept through the realm.
   21700  settlement.founded     s=921 sName=Bobabompyum kind=crystallized
          └ Bobabompyum was founded.
   21700  settlement.founded     s=921 sName=Bobabompyum city=1
          └ The city of Bobabompyum arose.
   21700  war.began              from=88 to=384 name=Sogyoepa
          └ Marched to war against Masmowumkyui as the succession failed.
   21700  war.ended              how=faded to=341 toName=Yútrụ̄ị name=Ìtrụ̄ịlǐ
          └ The war with Ìtrụ̄ịlǐ ended; some 9 soldiers never came home.
   21701  settlement.dissolved   s=499 why=core sName=Tǎňpì
          └ Tǎňpì faded back into the countryside.
   21702  settlement.dissolved   s=498 why=core sName=Fùppīkú
          └ Fùppīkú faded back into the countryside.
   21725  settlement.founded     s=927 sName=Ghak'ophyum kind=crystallized
          └ Ghak'ophyum was founded.
   21725  settlement.founded     s=927 sName=Ghak'ophyum city=1
          └ The city of Ghak'ophyum arose.
   21734  settlement.withered    s=709 sName=Utumiu
          └ Utumiu withered away and was abandoned.
   21742  settlement.withered    s=521 sName=Ňǐltà
          └ Ňǐltà withered away and was abandoned.
   21742  settlement.withered    s=569 sName=Kǐu'ìu
          └ Kǐu'ìu withered away and was abandoned.
   21742  settlement.withered    s=584 sName=Hīfpù
          └ Hīfpù withered away and was abandoned.
   21742  settlement.withered    s=593 sName=Lámrá
          └ Lámrá withered away and was abandoned.
   21742  settlement.withered    s=614 sName=Píụịtrụ̀ị
          └ Píụịtrụ̀ị withered away and was abandoned.
   21742  settlement.withered    s=647 sName=Ňǐupī
          └ Ňǐupī withered away and was abandoned.
   21742  settlement.withered    s=659 sName=Līütlàkò
          └ Līütlàkò withered away and was abandoned.
   21742  settlement.withered    s=662 sName=Lǎüpírụ́
          └ Lǎüpírụ́ withered away and was abandoned.
   21742  settlement.withered    s=665 sName=Yúxkòu
          └ Yúxkòu withered away and was abandoned.
   21742  settlement.withered    s=671 sName=Làsfá
          └ Làsfá withered away and was abandoned.
   21742  settlement.withered    s=755 sName=Lǎríkú
          └ Lǎríkú withered away and was abandoned.
   21743  settlement.withered    s=520 sName=Súffí
          └ Súffí withered away and was abandoned.
   21743  settlement.withered    s=568 sName=Xòulà
          └ Xòulà withered away and was abandoned.
   21743  settlement.withered    s=577 sName=Ňǐtrụ̄ị
          └ Ňǐtrụ̄ị withered away and was abandoned.
   21743  settlement.withered    s=604 sName=Ǔltǔkú
          └ Ǔltǔkú withered away and was abandoned.
   21743  settlement.withered    s=622 sName=Fǒtlà
          └ Fǒtlà withered away and was abandoned.
   21743  settlement.withered    s=637 sName=Fùppī
          └ Fùppī withered away and was abandoned.
   21743  settlement.withered    s=643 sName=Sǎfǎ
          └ Sǎfǎ withered away and was abandoned.
   21743  settlement.withered    s=652 sName=Ìňní
          └ Ìňní withered away and was abandoned.
   21743  settlement.withered    s=667 sName=Pīüffìkú
          └ Pīüffìkú withered away and was abandoned.
   21743  settlement.withered    s=700 sName=Lụ̀fpù
          └ Lụ̀fpù withered away and was abandoned.
   21744  settlement.lapsed      s=903 sName=Tadu from=30 fromName=Pomponsom
          └ Tadu slipped free of Pomponsom.
   21744  polity.receded         s=903 n=1 sName=Tadu name=Pomponsom
          └ The grip of Pomponsom failed, and the marches beyond Tadu were left to their own devices.
   21744  settlement.lapsed      s=904 sName=Tāptáịkú from=711 fromName=Hōukfílǐ
          └ Tāptáịkú slipped free of Hōukfílǐ.
   21744  polity.receded         s=904 n=1 sName=Tāptáịkú name=Hōukfílǐ
          └ The grip of Hōukfílǐ failed, and the marches beyond Tāptáịkú were left to their own devices.
   21744  polity.founded         how=frontier from=-1 name=Tadu
          └ Tadu declared itself a sovereign realm.
   21744  settlement.withered    s=537 sName=Ìlhụ̌
          └ Ìlhụ̌ withered away and was abandoned.
   21744  settlement.withered    s=549 sName=Pụ̀nfǐu
          └ Pụ̀nfǐu withered away and was abandoned.
   21744  settlement.withered    s=558 sName=Pụ́ňtụ̌ị
          └ Pụ́ňtụ̌ị withered away and was abandoned.
   21744  settlement.withered    s=576 sName=Tǎkū
          └ Tǎkū withered away and was abandoned.
   21744  settlement.withered    s=585 sName=Píụịtrụ̀ịkò
          └ Píụịtrụ̀ịkò withered away and was abandoned.
   21745  market.dearth          s=2 sName=Fùlpū
          └ Dearth in Fùlpū — bread at famine prices in the market.
   21745  market.dearth          s=464 sName=Ìltù
          └ Dearth in Ìltù — bread at famine prices in the market.
   21745  settlement.tier        s=664 sName=Sǎfǎkò
          └ Sǎfǎkò grew into a metropolis (906,000 souls).
   21745  settlement.tier        s=746 sName=Zyep'atzyugghat
          └ Zyep'atzyugghat grew into a metropolis (1,118,000 souls).
   21745  settlement.tier        s=903 sName=Tadu
          └ Tadu grew into a city (11,000 souls).
   21746  settlement.withered    s=529 sName=Násfá
          └ Násfá withered away and was abandoned.
   21746  settlement.withered    s=559 sName=Xóuňpì
          └ Xóuňpì withered away and was abandoned.
   21750  settlement.founded     s=930 sName=Yayiyayaphyum kind=crystallized
          └ Yayiyayaphyum was founded.
   21750  settlement.founded     s=930 sName=Yayiyayaphyum city=1
          └ The city of Yayiyayaphyum arose.
   21750  settlement.founded     s=931 sName=Nāppì city=1
          └ The city of Nāppì arose.
   21750  war.began              from=305 to=1 name=Ǔltǔkò
          └ Marched to war against Ňěňnílě.
   21750  war.ended              how=faded to=365 toName=Tasrifughazydattaya name=Sogyoepasyusa
          └ The war with Sogyoepasyusa ended; some 67 soldiers never came home.
   21750  war.ended              how=faded to=504 toName=Syumomuibusyu name=Tasrifughazydattaya
          └ The war with Tasrifughazydattaya ended.
   21750  war.ended              how=faded to=341 toName=Yútrụ̄ị name=Pūrìkúlǐ
          └ The war with Pūrìkúlǐ ended; some 1 soldiers never came home.
   21750  war.ended              how=faded to=341 toName=Yútrụ̄ị name=Ǔltǔkò
          └ The war with Ǔltǔkò ended; some 25 soldiers never came home.
   21762  settlement.tier        s=117 sName=Sǔtū
          └ Sǔtū grew into a metropolis (825,000 souls).
   21762  settlement.tier        s=475 sName=Fùppīkú
          └ Fùppīkú grew into a metropolis (825,000 souls).
   21766  settlement.tier        s=676 sName=Tàịrụ́
          └ Tàịrụ́ grew into a metropolis (785,000 souls).
   21769  market.dearth          s=746 sName=Zyep'atzyugghat
          └ Dearth in Zyep'atzyugghat — bread at famine prices in the market.
   21770  market.dearth          s=676 sName=Tàịrụ́
          └ Dearth in Tàịrụ́ — bread at famine prices in the market.
   21775  settlement.founded     s=932 sName=Thambdat kind=crystallized
          └ Thambdat was founded.
   21775  settlement.founded     s=932 sName=Thambdat city=1
          └ The city of Thambdat arose.
   21775  settlement.founded     s=933 sName=Kóppì city=1
          └ The city of Kóppì arose.
   21787  polity.submitted       how=union to=117 toName=Sǔtūlǐā name=Fùlpūlǐ
          └ In the troubles of the succession, the court of Fùlpūlǐ joined its crown to Sǔtūlǐā — one senior throne, two realms.
   21787  polity.seceded         from=700 fromName=Lụ̀fpù
          └ Broke away from Lụ̀fpù in a war of secession.
   21787  settlement.annexed     s=464 sName=Ìltù from=687 fromName=Pìtǎ to=829 toName=Ìppà
          └ Peacefully absorbed Ìltù from Pìtǎ.
   21800  settlement.founded     s=936 sName=Kì kind=crystallized
          └ Kì was founded.
   21800  settlement.founded     s=936 sName=Kì city=1
          └ The city of Kì arose.
   21800  settlement.founded     s=937 sName=Nìupíükò city=1
          └ The city of Nìupíükò arose.
   21800  war.began              from=272 to=384 name=Nùkú
          └ Marched to war against Masmowumkyui.
   21800  war.began              from=554 to=384 name=Vivyabvekyab
          └ Marched to war against Masmowumkyui.
   21800  war.began              from=30 to=31 name=Pomponsom
          └ Renewed the old war against Sogyoepasyusa.
   21800  war.began              from=85 to=31 name=Bomogypasyus
          └ Renewed the old war against Sogyoepasyusa under the banner of the faith.
   21800  war.began              from=795 to=31 name=Siniikyfax
          └ Marched to war against Sogyoepasyusa.
   21800  war.began              from=129 to=31 name=Vyaboz
          └ Marched to war against Sogyoepasyusa.
   21800  war.began              from=272 to=31 name=Nùkú
          └ Marched to war against Sogyoepasyusa.
   21800  war.began              from=384 to=31 name=Masmowumkyui
          └ Marched to war against Sogyoepasyusa.
   21800  war.began              from=463 to=31 name=Kabogtivyax
          └ Marched to war against Sogyoepasyusa.
   21800  war.began              from=491 to=31 name=Hìuthị̌
          └ Marched to war against Sogyoepasyusa.
   21800  war.began              from=554 to=31 name=Vivyabvekyab
          └ Marched to war against Sogyoepasyusa.
   21800  war.began              from=675 to=31 name=Umositui
          └ Marched to war against Sogyoepasyusa.
   21800  war.began              from=680 to=31 name=Suisyu
          └ Marched to war against Sogyoepasyusa.
   21800  war.began              from=773 to=31 name=Umomissisyua
          └ Marched to war against Sogyoepasyusa.
   21800  war.began              from=713 to=31 name=Mumosiisyu
          └ Marched to war against Sogyoepasyusa.
   21800  war.began              from=676 to=837 name=Tàịrụ́lǐā
          └ Marched to war against Zyep'atzyugyumtaya.
   21800  war.began              from=829 to=676 name=Ìppà
          └ Marched to war against Tàịrụ́lǐā.
   21800  war.began              from=711 to=676 name=Hōukfílǐ
          └ Marched to war against Tàịrụ́lǐā.
   21800  war.ended              how=truce to=554 toName=Vivyabvekyab name=Sogyoepasyusa
          └ The war with Sogyoepasyusa ended.
   21800  polity.shattered       s=348 sName=Masmowumkyui to=88 toName=Sogyoepa
          └ Its capital Masmowumkyui fell to Sogyoepa — the realm collapsed.
   21800  polity.ended           how=conquest byName=Sogyoepa name=Masmowumkyui
          └ Fell to Sogyoepa and was erased from the map.
   21825  settlement.founded     s=939 sName=Fǒlrá kind=crystallized
          └ Fǒlrá was founded.
   21825  settlement.founded     s=939 sName=Fǒlrá city=1
          └ The city of Fǒlrá arose.
   21825  settlement.founded     s=940 sName=Xòunpíü city=1
          └ The city of Xòunpíü arose.
   21850  settlement.founded     s=944 sName=Sǔtūkú kind=crystallized
          └ Sǔtūkú was founded.
   21850  settlement.founded     s=944 sName=Sǔtūkú city=1
          └ The city of Sǔtūkú arose.
   21850  settlement.founded     s=945 sName=Pǎüpí city=1
          └ The city of Pǎüpí arose.
   21850  war.began              from=88 to=837 name=Sogyoepa
          └ Marched to war against Zyep'atzyugyumtaya.
   21850  war.began              from=1 to=837 name=Ňěňnílě
          └ Marched to war against Zyep'atzyugyumtaya.
   21850  war.began              from=305 to=837 name=Ǔltǔkò
          └ Marched to war against Zyep'atzyugyumtaya.
   21850  war.began              from=88 to=775 name=Sogyoepa
          └ Marched to war against Gyumadu.
   21850  war.began              from=88 to=85 name=Sogyoepa
          └ Marched to war against Bomogypasyus under the banner of the faith.
   21850  war.began              from=88 to=641 name=Sogyoepa
          └ Marched to war against Kyuipisyu.
   21850  war.began              from=88 to=478 name=Sogyoepa
          └ Marched to war against Kyidu.
   21850  war.began              from=88 to=896 name=Sogyoepa
          └ Marched to war against Sùptùlǐ as the succession failed.
   21850  war.ended              how=truce to=641 toName=Kyuipisyu name=Sogyoepa
          └ The war with Sogyoepa ended.
   21850  war.ended              how=truce to=478 toName=Kyidu name=Sogyoepa
          └ The war with Sogyoepa ended.
   21850  war.ended              how=truce to=896 toName=Sùptùlǐ name=Sogyoepa
          └ The war with Sogyoepa ended.
   21850  war.indemnity          to=88 toName=Sogyoepa name=Sùptùlǐ
          └ Sùptùlǐ paid a heavy indemnity to Sogyoepa at the peace.
   21850  polity.submitted       how=capitulation to=30 toName=Pomponsom name=Sogyoepasyusa
          └ Beaten in the field, the court of Sogyoepasyusa bent the knee to Pomponsom — a client crown under the conqueror's peace.
   21850  war.ended              how=truce to=85 toName=Bomogypasyus name=Sogyoepasyusa
          └ The war with Sogyoepasyusa ended.
   21850  war.ended              how=truce to=795 toName=Siniikyfax name=Sogyoepasyusa
          └ The war with Sogyoepasyusa ended.
   21850  war.ended              how=truce to=129 toName=Vyaboz name=Sogyoepasyusa
          └ The war with Sogyoepasyusa ended.
   21850  war.ended              how=truce to=272 toName=Nùkú name=Sogyoepasyusa
          └ The war with Sogyoepasyusa ended.
   21850  war.ended              how=truce to=491 toName=Hìuthị̌ name=Sogyoepasyusa
          └ The war with Sogyoepasyusa ended.
   21850  war.ended              how=truce to=675 toName=Umositui name=Sogyoepasyusa
          └ The war with Sogyoepasyusa ended.
   21850  war.ended              how=truce to=680 toName=Suisyu name=Sogyoepasyusa
          └ The war with Sogyoepasyusa ended.
   21850  war.ended              how=truce to=773 toName=Umomissisyua name=Sogyoepasyusa
          └ The war with Sogyoepasyusa ended.
   21850  war.ended              how=truce to=713 toName=Mumosiisyu name=Sogyoepasyusa
          └ The war with Sogyoepasyusa ended.
   21850  war.ended              how=truce to=88 toName=Sogyoepa name=Bomogypasyus
          └ The war with Bomogypasyus ended.
   21850  war.indemnity          to=85 toName=Bomogypasyus name=Sogyoepa
          └ Sogyoepa paid a heavy indemnity to Bomogypasyus at the peace.
   21850  war.ended              how=sackedIntoTribute to=305 toName=Ǔltǔkò name=Ňěňnílě
          └ The war with Ňěňnílě ended.
   21850  polity.submitted       how=sackedIntoTribute to=305 toName=Ǔltǔkò name=Ňěňnílě
          └ Facing hopeless odds, the court of Ňěňnílě bowed to Ǔltǔkò — keeping its throne at the price of tribute.
   21855  settlement.withered    s=603 sName=Pụ́ltù
          └ Pụ́ltù withered away and was abandoned.
   21875  settlement.founded     s=948 sName=Tǎkò kind=crystallized
          └ Tǎkò was founded.
   21875  settlement.founded     s=948 sName=Tǎkò city=1
          └ The city of Tǎkò arose.
   21875  settlement.founded     s=949 sName=Fị̀tlà city=1
          └ The city of Fị̀tlà arose.
   21882  slave.revolt           s=207 sName=Ǎịmrà
          └ The unfree of Ǎịmrà rose in revolt, and the labour was lost.
   21888  polity.founded         how=frontier from=-1 name=Tāptáịkúlǐā
          └ Tāptáịkú declared itself a sovereign realm.
   21889  settlement.tier        s=837 sName=Zyep'atzyugyum
          └ Zyep'atzyugyum grew into a metropolis (795,000 souls).
   21890  market.dearth          s=31 sName=Sogyoepa
          └ Dearth in Sogyoepa — bread at famine prices in the market.
   21900  settlement.founded     s=954 sName=Fōnlà kind=crystallized
          └ Fōnlà was founded.
   21900  settlement.founded     s=954 sName=Fōnlà city=1
          └ The city of Fōnlà arose.
   21900  settlement.founded     s=955 sName=Wùppì city=1
          └ The city of Wùppì arose.
   21900  war.began              from=30 to=85 name=Pomponsom
          └ Renewed the old war against Bomogypasyus under the banner of the faith.
   21900  war.began              from=85 to=30 name=Bomogypasyus
          └ Renewed the old war against Pomponsom under the banner of the faith.
   21900  war.began              from=1 to=932 name=Ňěňnílě
          └ Marched to war against Thambdattay.
   21900  war.began              from=676 to=932 name=Tàịrụ́lǐā
          └ Marched to war against Thambdattay.
   21900  war.began              from=687 to=932 name=Pìtǎ
          └ Marched to war against Thambdattay.
   21900  war.began              from=88 to=903 name=Sogyoepa
          └ Marched to war against Tadu.
   21900  war.began              from=180 to=676 name=Ìtrụ̄ịlǐ
          └ Marched to war against Tàịrụ́lǐā.
   21900  war.began              from=82 to=933 name=Pụ̌mrálǐ
          └ Marched to war against Kóppì as the succession failed.
   21900  war.began              from=82 to=1 name=Pụ̌mrálǐ
          └ Marched to war against Ňěňnílě under the banner of the faith.
   21900  war.began              from=272 to=1 name=Nùkú
          └ Marched to war against Ňěňnílě.
   21900  war.ended              how=faded to=664 toName=Sǎfǎkòlǐā name=Ìtrụ̄ịlǐ
          └ The war with Ìtrụ̄ịlǐ ended.
   21900  war.ended              how=faded to=478 toName=Kyidu name=Tasrifughazydattaya
          └ The war with Tasrifughazydattaya ended.
   21900  war.ended              how=truce to=932 toName=Thambdattay name=Ňěňnílě
          └ The war with Ňěňnílě ended.
   21900  war.indemnity          to=932 toName=Thambdattay name=Ňěňnílě
          └ Ňěňnílě paid a heavy indemnity to Thambdattay at the peace.
   21900  war.ended              how=truce to=82 toName=Pụ̌mrálǐ name=Ňěňnílě
          └ The war with Ňěňnílě ended.
   21900  war.indemnity          to=82 toName=Pụ̌mrálǐ name=Ňěňnílě
          └ Ňěňnílě paid a heavy indemnity to Pụ̌mrálǐ at the peace.
   21900  war.ended              how=truce to=272 toName=Nùkú name=Ňěňnílě
          └ The war with Ňěňnílě ended.
   21900  war.indemnity          to=272 toName=Nùkú name=Ňěňnílě
          └ Ňěňnílě paid a heavy indemnity to Nùkú at the peace.
   21900  war.ended              how=truce to=463 toName=Kabogtivyax name=Sogyoepasyusa
          └ The war with Sogyoepasyusa ended.
   21903  market.dearth          s=687 sName=Pìtǎ
          └ Dearth in Pìtǎ — bread at famine prices in the market.
   21907  market.dearth          s=341 sName=Yútrụ̄ị
          └ Dearth in Yútrụ̄ị — bread at famine prices in the market.
   21915  market.dearth          s=837 sName=Zyep'atzyugyum
          └ Dearth in Zyep'atzyugyum — bread at famine prices in the market.
   21925  settlement.founded     s=957 sName=Čàịfị̄kú kind=crystallized
          └ Čàịfị̄kú was founded.
   21925  settlement.founded     s=957 sName=Čàịfị̄kú city=1
          └ The city of Čàịfị̄kú arose.
   21925  settlement.founded     s=958 sName=Hámị̌rụ́ city=1
          └ The city of Hámị̌rụ́ arose.
   21937  settlement.annexed     s=1 sName=Ňěňní from=1 fromName=Ňěňnílě to=837 toName=Zyep'atzyugyumtaya
          └ Peacefully absorbed Ňěňní from Ňěňnílě.
   21937  polity.ended           how=dissolved name=Fùlpūlǐ
          └ Dissolved — its last cities scattered or fell silent.
   21950  settlement.founded     s=961 sName=Míptù kind=crystallized
          └ Míptù was founded.
   21950  settlement.founded     s=961 sName=Míptù city=1
          └ The city of Míptù arose.
   21950  settlement.founded     s=962 sName=Ìptàị city=1
          └ The city of Ìptàị arose.
   21950  war.began              from=88 to=800 name=Sogyoepa
          └ Marched to war against Summusui.
   21975  settlement.founded     s=964 sName=Kù kind=crystallized
          └ Kù was founded.
   21975  settlement.founded     s=964 sName=Kù city=1
          └ The city of Kù arose.
   21975  settlement.founded     s=965 sName=Máị city=1
          └ The city of Máị arose.
   22000  settlement.founded     s=968 sName=Íustù kind=crystallized
          └ Íustù was founded.
   22000  settlement.founded     s=968 sName=Íustù city=1
          └ The city of Íustù arose.
   22000  settlement.founded     s=969 sName=Māịmyākò city=1
          └ The city of Māịmyākò arose.
   22000  war.began              from=30 to=903 name=Pomponsom
          └ Marched to war against Tadu.
   22000  war.began              from=676 to=687 name=Tàịrụ́lǐā
          └ Marched to war against Pìtǎ.
   22000  war.began              from=220 to=933 name=Lárụ́
          └ Marched to war against Kóppì as the succession failed.
   22000  war.began              from=82 to=829 name=Pụ̌mrálǐ
          └ Marched to war against Ìppà.
   22000  war.ended              how=truce to=85 toName=Bomogypasyus name=Pomponsom
          └ The war with Pomponsom ended.
   22000  polity.shattered       s=932 sName=Thambdat to=676 toName=Tàịrụ́lǐā
          └ Its capital Thambdat fell to Tàịrụ́lǐā — the realm collapsed.
   22000  polity.ended           how=conquest byName=Tàịrụ́lǐā name=Thambdattay
          └ Fell to Tàịrụ́lǐā and was erased from the map.
   22000  polity.shattered       s=955 sName=Wùppì to=82 toName=Pụ̌mrálǐ
          └ Its capital Wùppì fell to Pụ̌mrálǐ — the realm collapsed.
   22000  polity.ended           how=conquest byName=Pụ̌mrálǐ name=Kóppì
          └ Fell to Pụ̌mrálǐ and was erased from the map.
   22025  settlement.founded     s=972 sName=Ňīfpù city=1
          └ The city of Ňīfpù arose.
   22033  settlement.tier        s=972 sName=Ňīfpù
          └ Ňīfpù grew into a metropolis (1,269,000 souls).
   22034  slave.revolt           s=1 sName=Ňěňní
          └ The unfree of Ňěňní rose in revolt, and the labour was lost.
   22050  settlement.founded     s=975 sName=Tǎkò city=1
          └ The city of Tǎkò arose.
   22050  war.began              from=533 to=339 name=Ňìsfá
          └ Marched to war against Lụ̄nlākú as the succession failed.
   22050  war.began              from=904 to=800 name=Tāptáịkúlǐā
          └ Marched to war against Summusui.
   22050  war.began              from=676 to=1 name=Tàịrụ́lǐā
          └ Marched to war against Ňěňnílě.
   22050  war.began              from=82 to=931 name=Pụ̌mrálǐ
          └ Marched to war against Nāppìlǐā.
   22050  war.ended              how=faded to=677 toName=Tàthị̀lǐā name=Pụ̌mrálǐ
          └ The war with Pụ̌mrálǐ ended.
   22075  settlement.founded     s=977 sName=Tāptáịkò city=1
          └ The city of Tāptáịkò arose.
   22087  polity.restored        from=-1 name=Kóppì
          └ The old nation rose again.
   22100  settlement.founded     s=987 sName=Pụ̀ffí kind=crystallized
          └ Pụ̀ffí was founded.
   22100  settlement.founded     s=987 sName=Pụ̀ffí city=1
          └ The city of Pụ̀ffí arose.
   22100  settlement.founded     s=988 sName=Ňǐppì city=1
          └ The city of Ňǐppì arose.
   22100  war.began              from=335 to=339 name=Íffúlǐ
          └ Renewed the old war against Lụ̄nlākú as the succession failed.
   22100  war.began              from=30 to=421 name=Pomponsom
          └ Marched to war against Níufīukòlǐ.
   22100  war.began              from=88 to=421 name=Sogyoepa
          └ Marched to war against Níufīukòlǐ.
   22125  settlement.founded     s=994 sName=Hūfpù kind=crystallized
          └ Hūfpù was founded.
   22125  settlement.founded     s=994 sName=Hūfpù city=1
          └ The city of Hūfpù arose.
   22125  settlement.founded     s=995 sName=Tàthị̀ city=1
          └ The city of Tàthị̀ arose.
   22135  market.dearth          s=800 sName=Summusui
          └ Dearth in Summusui — bread at famine prices in the market.
   22150  settlement.founded     s=1000 sName=Pụ̀rkū city=1
          └ The city of Pụ̀rkū arose.
   22150  war.began              from=800 to=88 name=Summusui
          └ Marched to war against Sogyoepa.
   22150  war.began              from=676 to=904 name=Tàịrụ́lǐā
          └ Marched to war against Tāptáịkúlǐā.
   22150  war.began              from=837 to=272 name=Zyep'atzyugyumtaya
          └ Marched to war against Nùkú.
   22150  polity.shattered       s=931 sName=Nāppì to=82 toName=Pụ̌mrálǐ
          └ Its capital Nāppì fell to Pụ̌mrálǐ — the realm collapsed.
   22150  polity.ended           how=conquest byName=Pụ̌mrálǐ name=Nāppìlǐā
          └ Fell to Pụ̌mrálǐ and was erased from the map.
   22174  market.dearth          s=239 sName=Bamdu
          └ Dearth in Bamdu — bread at famine prices in the market.
   22175  settlement.founded     s=1003 sName=Kùkò kind=crystallized
          └ Kùkò was founded.
   22175  settlement.founded     s=1003 sName=Kùkò city=1
          └ The city of Kùkò arose.
   22175  settlement.founded     s=1004 sName=Fōumyǎ city=1
          └ The city of Fōumyǎ arose.
   22177  settlement.abandoned   s=677 sName=Tàthị̀
          └ Tàthị̀ was abandoned.
   22177  settlement.tier        s=1004 sName=Fōumyǎ
          └ Fōumyǎ grew into a metropolis (1,056,000 souls).
   22184  succession.crisis      name=Summusui
          └ The royal line failed — an interregnum of rival claimants.
   22200  plague.outbreak        s=767 sName=Xōungfǐu
          └ Plague broke out in Xōungfǐu and swept through the realm.
   22200  plague.outbreak        s=770 sName=Sigyidu
          └ Plague broke out in Sigyidu and swept through the realm.
   22200  plague.outbreak        s=771 sName=Pǎüpíkò
          └ Plague broke out in Pǎüpíkò and swept through the realm.
   22200  plague.outbreak        s=800 sName=Summusui
          └ Plague broke out in Summusui and swept through the realm.
   22200  plague.outbreak        s=806 sName=Mūngụ̄ịrụ́
          └ Plague broke out in Mūngụ̄ịrụ́ and swept through the realm.
   22200  plague.outbreak        s=836 sName=Muibu
          └ Plague broke out in Muibu and swept through the realm.
   22200  plague.outbreak        s=837 sName=Zyep'atzyugyum
          └ Plague broke out in Zyep'atzyugyum and swept through the realm.
   22200  plague.outbreak        s=875 sName=Piythamb
          └ Plague broke out in Piythamb and swept through the realm.
   22200  plague.outbreak        s=900 sName=Yuposryamfap
          └ Plague broke out in Yuposryamfap and swept through the realm.
   22200  plague.outbreak        s=903 sName=Tadu
          └ Plague broke out in Tadu and swept through the realm.
   22200  plague.outbreak        s=904 sName=Tāptáịkú
          └ Plague broke out in Tāptáịkú and swept through the realm.
   22200  plague.outbreak        s=907 sName=P'oetephamddat
          └ Plague broke out in P'oetephamddat and swept through the realm.
   22200  plague.outbreak        s=930 sName=Yayiyayaphyum
          └ Plague broke out in Yayiyayaphyum and swept through the realm.
   22200  plague.outbreak        s=932 sName=Thambdat
          └ Plague broke out in Thambdat and swept through the realm.
   22200  settlement.founded     s=1009 sName=Sìulpū city=1
          └ The city of Sìulpū arose.
   22200  war.began              from=676 to=907 name=Tàịrụ́lǐā
          └ Marched to war against P'oetephamddat.
   22200  war.began              from=179 to=933 name=Xụ̌mrá
          └ Marched to war against Kóppì as the succession failed.
   22200  war.ended              how=faded to=384 toName=Masmowumkyui name=Tasrifughazydattaya
          └ The war with Tasrifughazydattaya ended; some 35 soldiers never came home.
   22200  war.ended              how=siegeLifted to=800 toName=Summusui name=Sogyoepa
          └ The war with Sogyoepa ended.
   22200  war.indemnity          to=800 toName=Summusui name=Sogyoepa
          └ Sogyoepa paid a heavy indemnity to Summusui at the peace.
   22209  succession.crisis      name=Zyep'atzyugyumtaya
          └ The royal line failed — an interregnum of rival claimants.
   22225  settlement.founded     s=1016 sName=Sūmtà city=1
          └ The city of Sūmtà arose.
   22237  polity.submitted       how=submission to=907 toName=P'oetephamddat name=Pomponsom
          └ Facing hopeless odds, the court of Pomponsom bowed to P'oetephamddat — keeping its throne at the price of tribute.
   22237  settlement.annexed     s=180 sName=Ìtrụ̄ị from=180 fromName=Ìtrụ̄ịlǐ to=931 toName=Nāppìlǐā
          └ Peacefully absorbed Ìtrụ̄ị from Ìtrụ̄ịlǐ.
   22237  polity.restored        from=-1 name=Nāppìlǐā
          └ The old nation rose again.
   22250  war.began              from=844 to=536 name=Kònfǐulǐ
          └ Marched to war against Nīltùlǐ.
   22250  war.began              from=800 to=904 name=Summusui
          └ Marched to war against Tāptáịkúlǐā.
   22250  war.began              from=931 to=903 name=Nāppìlǐā
          └ Marched to war against Tadu.
   22250  war.began              from=30 to=684 name=Pomponsom
          └ Marched to war against Nugufa.
   22250  war.began              from=88 to=684 name=Sogyoepa
          └ Marched to war against Nugufa.
   22250  war.began              from=30 to=1006 name=Pomponsom
          └ Marched to war against Böbenampipama.
   22250  war.began              from=31 to=1006 name=Sogyoepasyusa
          └ Marched to war against Böbenampipama.
   22250  war.began              from=88 to=1006 name=Sogyoepa
          └ Marched to war against Böbenampipama.
   22250  war.began              from=30 to=910 name=Pomponsom
          └ Marched to war against Kabogbogfax.
   22250  war.began              from=31 to=910 name=Sogyoepasyusa
          └ Marched to war against Kabogbogfax.
   22250  war.began              from=211 to=910 name=Moessyomoesyus
          └ Marched to war against Kabogbogfax.
   22250  war.began              from=88 to=910 name=Sogyoepa
          └ Marched to war against Kabogbogfax.
  … 1057 more events elided

=== SETTLEMENT LIFE TABLE (everything ever settled in the box) ===
  id     name           first   last    peak   tier  death (type @ step)
      1  Ňěňní        13500   25000   10478    3   (alive at end)
      2  Fùlpū        13500   25000   11751    3   (alive at end)
      3  Kèňtọ̄ị     13600   15100      15    2   dissolved(core) @ 15197
      4  Fōnfǐu       13600   15100      15    2   dissolved(core) @ 15196
      5  Nāthị̌       13600   15100      15    2   dissolved(core) @ 15195
      6  Lǎxkòu       13600   15300      15    2   dissolved(core) @ 15394
      8  Sǔsfá        13700   15300      15    2   dissolved(core) @ 15392
      9  Fǒptàị      13700   15300      15    2   dissolved(core) @ 15391
     10  Ňúpīkò      13700   15300      15    2   dissolved(core) @ 15390
     11  Ňǐlňà        13700   15300      15    2   dissolved(core) @ 15389
     12  Xòufpù       13800   15300      15    2   dissolved(core) @ 15388
     13  Lǎlpù        13800   15300      15    2   dissolved(core) @ 15387
     14  Tàstù        13800   15300      15    2   dissolved(core) @ 15386
     15  Ňěxkòu       13800   15500      15    2   dissolved(core) @ 15585
     16  Nīpsē        13900   15500      15    2   dissolved(core) @ 15584
     17  Lẹ́fị̌kú    13900   15500      15    2   dissolved(core) @ 15583
     18  Fōnfǐu       13900   15500      15    2   dissolved(core) @ 15582
     19  Hǐlhụ̌       13900   15500      15    2   dissolved(core) @ 15581
     20  Xóuňpì       14000   15500      15    2   dissolved(core) @ 15580
     21  Lá            14000   15500      15    2   dissolved(core) @ 15579
     22  Lụ́ňpì       14000   15500      15    2   dissolved(core) @ 15578
     23  Mīnglì       14000   15700      15    2   dissolved(core) @ 15777
     24  Ňúpī         14100   15700      15    2   dissolved(core) @ 15776
     25  Lǎtlà        14100   15700      15    2   dissolved(core) @ 15775
     26  Xòutà        14100   15700      15    2   dissolved(core) @ 15774
     27  Fòutrọ̌ị    14200   15900      15    2   dissolved(core) @ 15973
     28  Pọ̄ịtrọ́ị  14400   15900      15    2   dissolved(core) @ 15972
     29  Kèlhụ̌       14500   16100      15    2   dissolved(core) @ 16171
     31  Sogyoepa       14600   25000    3734    3   (alive at end)
     32  Omomessi       14600   16100      15    2   dissolved(core) @ 16168
     33  Dumomoi        14600   16300      15    2   dissolved(core) @ 16367
     34  Dosudu         14600   16300      15    2   dissolved(core) @ 16366
     35  Umkyoi         14700   16300      15    2   dissolved(core) @ 16365
     36  Rimmopuiky     14700   16300      15    2   dissolved(core) @ 16364
     37  Mumommoe       14700   16300      15    2   dissolved(core) @ 16363
     38  Tàịňnī      14700   16300      15    2   dissolved(core) @ 16362
     39  Nokyopa        14700   16300      15    2   dissolved(core) @ 16361
     40  Bommodu        14800   16300      15    2   dissolved(core) @ 16360
     41  Pomponsomdu    14800   16300      15    2   dissolved(core) @ 16359
     42  Togyomuky      14800   16500      15    2   dissolved(core) @ 16558
     43  Èňkū         14900   16500      15    2   dissolved(core) @ 16557
     44  Pismoe         15100   16700      15    2   dissolved(core) @ 16756
     46  Zyibayamphibt  15200   16700      15    2   dissolved(core) @ 16754
     47  Fōnkū        15300   15900       7    1   withered @ 15934
     49  Ňú            15400   18100    3223    3   abandoned @ 18145
     50  Sommosoedu     15400   17100      15    2   dissolved(core) @ 17150
     51  Mīnglì       15500   17100      15    2   dissolved(core) @ 17149
     52  Ňúpīkò      15500   17100      15    2   dissolved(core) @ 17148
     53  Kēmpéü       15500   17100      15    2   dissolved(core) @ 17147
     54  Ngàịtlà     15500   17100      15    2   dissolved(core) @ 17146
     56  Nị́nfǐu      15600   17100      15    2   dissolved(core) @ 17144
     57  Lọ̌ňākò     15600   17300      15    2   dissolved(core) @ 17343
     58  Hùstù        15600   17300      15    2   dissolved(core) @ 17342
     59  Ngàịlňà     15600   17300      15    2   dissolved(core) @ 17341
     60  Nǎnfǐu       15700   17300      15    2   dissolved(core) @ 17340
     61  Lụ̀kú        15700   17300      15    2   dissolved(core) @ 17339
     62  Tǎkú         15700   17300      15    2   dissolved(core) @ 17338
     63  Fǒptàị      15700   17300      15    2   dissolved(core) @ 17337
     64  Tǎxkòu       15800   17300      15    2   dissolved(core) @ 17336
     65  Xóuňtọ̄ị    15800   17500      15    2   dissolved(core) @ 17535
     66  Fóunlà       15800   17500      15    2   dissolved(core) @ 17534
     67  Kèhtà        15800   17500      15    2   dissolved(core) @ 17533
     68  Sǎfǎkú      15900   17500      15    2   dissolved(core) @ 17532
     69  Pékfèkú     15900   17500      15    2   dissolved(core) @ 17531
     70  Pòukú        15900   17500      15    2   dissolved(core) @ 17530
     71  Sīuppè       15900   17500      15    2   dissolved(core) @ 17529
     72  Lá            16000   17500      13    2   dissolved(core) @ 17528
     73  Hǔňpì        16000   17700      15    2   dissolved(core) @ 17727
     74  Kèlpì        16000   17700      15    2   dissolved(core) @ 17726
     75  Xóutrọ̌ị    16100   17700      15    2   dissolved(core) @ 17725
     76  Sismoibadu     16100   17700      15    2   dissolved(core) @ 17724
     77  Kèhtà        16100   17700      15    2   dissolved(core) @ 17723
     78  Pọ́nlà       16100   17700      15    2   dissolved(core) @ 17722
     79  Memosegyem     16200   17900      16    2   dissolved(core) @ 17921
     80  Ǔltǔkò      16200   17900      15    2   dissolved(core) @ 17920
     81  Sǐunlà       16300   17900      15    2   dissolved(core) @ 17919
     88  Puikypa        16400   18100      15    2   dissolved(core) @ 18112
     89  Pụ̄lhụ̀rụ́  16400   18100      15    2   dissolved(core) @ 18111
     92  Moessyo        16400   20700    2627    2   dissolved(core) @ 20708
     95  Epem           16500   18100      15    2   dissolved(core) @ 18105
     98  Momotesuim     16500   18100      15    2   dissolved(core) @ 18102
    101  Nomonokyo      16500   18000      15    2   dissolved(core) @ 18099
    105  Fị̀ptàị     16500   18200      15    2   dissolved(core) @ 18295
    115  Moessyomoe     16600   23500    4196    3   abandoned @ 23530
    116  Tīrụ́        16600   18200      15    2   dissolved(core) @ 18284
    127  Fị̀thị̌      16700   18200      15    2   dissolved(core) @ 18273
    136  Ommonokyo      16700   18400      15    2   dissolved(core) @ 18464
    149  Moemotesuim    16800   22600     501    2   dissolved(core) @ 22651
    150  Sùňtụ̌ị     16800   18400      15    2   dissolved(core) @ 18450
    157  Pị̀xàkò     17000   18600      15    2   dissolved(core) @ 18643
    163  Bommodu        17100   18600      15    2   dissolved(core) @ 18637
    166  Sǔstù        17100   19800    3364    3   abandoned @ 19863
    171  Siimmiu        17200   18800      15    2   dissolved(core) @ 18829
    172  Nǔfīukú     17200   18800      15    2   dissolved(core) @ 18828
    173  Tị̄lā        17200   18800      15    2   dissolved(core) @ 18827
    175  Lōu           17300   19000      15    2   dissolved(core) @ 19025
    176  Tàịňnī      17300   19000      15    2   dissolved(core) @ 19024
    177  Lụ̀fpù       17300   19000      13    2   dissolved(core) @ 19023
    181  Hǔlpù        17300   18700      15    2   abandoned @ 18792
    184  Fùlpūkò     17400   18800      15    2   abandoned @ 18819
    186  Nị̌stù       17400   18800      15    2   abandoned @ 18819
    189  Lụ̄pā        17400   18800      15    2   abandoned @ 18819
    191  Fùppīkò     17400   18700      15    2   abandoned @ 18798
    194  Pụ́tlà       17500   18700      15    2   abandoned @ 18798
    197  Fóunlà       17500   18800      15    2   abandoned @ 18819
    199  Lǎlpù        17500   18800      15    2   abandoned @ 18819
    201  Hìuňní       17500   18800      16    2   abandoned @ 18820
    203  Lụ̄ňārụ́    17600   18800      15    2   abandoned @ 18819
    205  Ngàịltù     17600   18700      13    2   abandoned @ 18788
    206  Lụ̀tà        17600   18800      15    2   abandoned @ 18839
    207  Ǎịmrà       17600   25000    2209    3   (alive at end)
    209  Lụ̌mpíü      17700   18800      15    2   abandoned @ 18819
    210  Hóuptàị     17700   18800      15    2   abandoned @ 18819
    211  Rimoyipim      17700   19300      15    2   dissolved(core) @ 19389
    212  Pụ̀rsī       17700   18800      15    2   abandoned @ 18819
    214  Pị̀pǒukú    17700   18800      15    2   abandoned @ 18819
    215  Lụ̄nlākò    17800   24900    6497    3   abandoned @ 24973
    216  Umobimgyi      17800   18800      15    2   abandoned @ 18819
    217  Hǐusfá       17800   18800      15    2   abandoned @ 18813
    222  Lǐfpúkú     17800   18800      15    2   abandoned @ 18819
    225  Ǎịmràkú    17800   18800      16    2   abandoned @ 18814
    229  Nīlhụ̌       17900   18800      15    2   abandoned @ 18839
    232  Rōtōukú     17900   18800      15    2   abandoned @ 18819
    235  Lòtākú      17900   20700    3665    3   dissolved(core) @ 20765
    239  Bamdu          18000   25000    3886    3   (alive at end)
    240  Hǐlňà        18000   21300    3712    3   dissolved(core) @ 21360
    243  Līütlàrụ́   18000   18800      15    2   abandoned @ 18826
    248  Lóupíkú     18100   18800      15    2   abandoned @ 18839
    255  Bi             18200   18800      15    2   abandoned @ 18819
    256  Kùrụ́        18200   18800      15    2   abandoned @ 18839
    259  Suimowumkyui   18200   18800      15    2   abandoned @ 18839
    260  Pǐrí         18200   18800      15    2   abandoned @ 18839
    263  Tisuim         18200   18800      15    2   abandoned @ 18839
    266  Imomuisium     18200   18800      15    2   abandoned @ 18839
    267  Īmlà         18200   18800      15    2   abandoned @ 18819
    271  Xūkóukò     18300   18800      15    2   abandoned @ 18826
    273  Lāpá         18300   18800      15    2   abandoned @ 18839
    276  Túkò         18300   18800      15    2   abandoned @ 18839
    282  Xóulpì       18400   18800      15    2   abandoned @ 18826
    286  Lǎptàị      18400   18800      15    2   abandoned @ 18839
    291  Nìlīrụ́     18400   18800      16    2   abandoned @ 18842
    308  Bumdu          18500   18800      15    2   abandoned @ 18839
    325  Tigypa         18700   20200      15    2   dissolved(core) @ 20275
    326  Suimonukyu     18700   20000      15    2   abandoned @ 20005
    331  Rimmosiim      18700   19900      15    2   abandoned @ 19987
    341  Yútrụ̄ị     18800   25000    5324    3   (alive at end)
    345  Nāňní        18900   20000      18    2   abandoned @ 20036
    348  Masmowumkyui   18900   24900    2607    3   abandoned @ 24930
    349  Kīmrá        18900   20000      15    2   abandoned @ 20019
    356  Imosumsusa     18900   20600      15    2   dissolved(core) @ 20644
    357  Pīüffìkú    18900   19900      16    2   abandoned @ 19999
    364  Buimmiu        18900   20000      15    2   abandoned @ 20019
    365  Tasrifughazyd  18900   21100    4744    3   abandoned @ 21166
    371  Mimosituiky    19000   19900      15    2   abandoned @ 19998
    372  Bobabomp       19000   20000      15    2   abandoned @ 20010
    378  Umkyui         19000   19900      15    2   abandoned @ 19988
    379  Phuthghat      19000   20000      15    2   abandoned @ 20013
    384  Padumiu        19000   20000      15    2   abandoned @ 20019
    385  Yayamdat       19000   20000      15    2   abandoned @ 20019
    389  Yayamfap       19000   19900      15    2   abandoned @ 19992
    394  Yoph           19100   20000      15    2   abandoned @ 20026
    398  Zomfapud       19100   20000      15    2   abandoned @ 20019
    402  Zomathik       19100   20000      15    2   abandoned @ 20019
    405  Bamsrazathdat  19100   19900      15    2   abandoned @ 19998
    408  Gatammolz      19200   19900      15    2   abandoned @ 19998
    411  Thamb          19200   20000      15    2   abandoned @ 20026
    414  Ghat           19200   20000      15    2   abandoned @ 20039
    417  Zyoyyamfap     19200   20000      15    2   abandoned @ 20039
    422  Pụ́lpù       19300   20000      15    2   abandoned @ 20026
    425  Sùppì        19300   20000      15    2   abandoned @ 20039
    428  Fụ̀ịppì     19300   20000      15    2   abandoned @ 20039
    430  Xụ̄nglì      19300   20000      15    2   abandoned @ 20039
    432  Ìühụ̌kò     19400   20000      15    2   abandoned @ 20026
    433  Nāthị̌       19400   20000      15    2   abandoned @ 20039
    434  Pụ̀rsī       19400   20000      15    2   abandoned @ 20039
    435  Hóuňtụ̌ị    19400   20000      15    2   abandoned @ 20039
    439  Sùttīu       19500   20000      15    2   abandoned @ 20039
    442  Ǔltǔrụ́     19500   20000      15    2   abandoned @ 20039
    444  Pīüffìrụ́   19500   20000      15    2   abandoned @ 20039
    445  Tàrụ́        19500   20000      15    2   abandoned @ 20039
    448  Pítīkò      19600   20000      15    2   abandoned @ 20026
    449  Xụ́ptàị     19600   20000      15    2   abandoned @ 20039
    450  Nīlňà        19600   20000      15    2   abandoned @ 20039
    452  Sīuňpì       19600   20000      16    2   abandoned @ 20044
    455  Pīüffìkú    19700   20000      14    2   abandoned @ 20029
    456  Xàkò         19700   20000      15    2   abandoned @ 20039
    457  Làstù        19700   20000      13    2   abandoned @ 20026
    462  Xóutlà       19700   20000      15    2   abandoned @ 20039
    464  Ìltù         19800   25000    5399    3   (alive at end)
    467  Sí            19800   20000      15    2   abandoned @ 20039
    469  Pụ̄lhụ̀kò   19800   20000      15    2   abandoned @ 20039
    472  Nị́sī        19800   21200      15    2   abandoned @ 21246
    475  Fùppīkú     19900   25000    3132    3   (alive at end)
    494  Rimmobuimmiu   20000   21200      15    2   abandoned @ 21205
    497  Sismuiba       20100   21200      15    2   abandoned @ 21239
    498  Fùppīkú     20100   21700      15    2   dissolved(core) @ 21702
    504  Syumomuibu     20100   21600    2301    3   abandoned @ 21601
    505  Fǐulpūkú    20100   21600      15    2   dissolved(core) @ 21695
    513  Bi             20100   21200      15    2   abandoned @ 21211
    514  Fùlūkò      20100   21600      15    2   dissolved(core) @ 21686
    520  Súffí        20100   21700      15    2   withered @ 21743
    528  Tị̄lārụ́    20200   21200      13    2   abandoned @ 21246
    537  Ìlhụ̌        20200   21700      15    2   withered @ 21744
    549  Pụ̀nfǐu      20200   21700      15    2   withered @ 21744
    558  Pụ́ňtụ̌ị    20200   21700      15    2   withered @ 21744
    568  Xòulà        20300   21700      15    2   withered @ 21743
    576  Tǎkū         20300   21700      15    2   withered @ 21744
    584  Hīfpù        20300   21700      15    2   withered @ 21742
    591  Nukyupa        20300   21200      15    2   abandoned @ 21219
    592  Líụňākú    20300   21200      15    2   abandoned @ 21246
    603  Pụ́ltù       20400   21800      59    2   withered @ 21855
    613  Yùsī         20400   21200      15    2   abandoned @ 21219
    621  Fòulpì       20400   21200      15    2   abandoned @ 21220
    627  Lụ̄nlākò    20400   21200      15    2   abandoned @ 21219
    636  Mīnglìrụ́   20500   21200      13    2   abandoned @ 21205
    642  Umogyuma       20500   21200      15    2   abandoned @ 21239
    643  Sǎfǎ         20500   21700      15    2   withered @ 21743
    647  Ňǐupī        20500   21700      15    2   withered @ 21742
    652  Ìňní         20500   21700      15    2   withered @ 21743
    659  Līütlàkò    20600   21700      15    2   withered @ 21742
    662  Lǎüpírụ́    20600   21700      15    2   withered @ 21742
    664  Sǎfǎkò      20600   23100    2795    3   dissolved(core) @ 23136
    667  Pīüffìkú    20600   21700      15    2   withered @ 21743
    671  Làsfá        20700   21700      15    2   withered @ 21742
    676  Tàịrụ́      20700   24700    3625    3   abandoned @ 24729
    687  Pìtǎ         20700   22800    2196    2   abandoned @ 22828
    699  Demyump'aph    20700   21200      15    2   abandoned @ 21239
    709  Utumiu         20800   21700      15    2   withered @ 21734
    710  Yayamfap       20800   21200      15    2   abandoned @ 21239
    718  Nimodu         20800   21200      15    2   abandoned @ 21229
    727  Rimopumpunsu   20800   21200      15    2   abandoned @ 21239
    735  Ummosigyi      20800   21200      15    2   abandoned @ 21239
    742  Imomuibu       20900   21200      13    2   abandoned @ 21228
    746  Zyep'atzyuggh  20900   22400    4483    3   abandoned @ 22465
    750  Yayiyayaphdat  20900   21200      15    2   abandoned @ 21239
    754  Dumomuisiumiu  20900   21200      15    2   abandoned @ 21239
    760  Sismomumummu   21000   21200      15    2   abandoned @ 21239
    764  Pǎüpíkú     21000   21200      15    2   abandoned @ 21239
    766  Lụ̄nlākò    21000   21200      15    2   abandoned @ 21239
    767  Xōungfǐu     21000   22400      15    2   abandoned @ 22405
    770  Sigyidu        21100   22600      15    2   dissolved(core) @ 22630
    771  Pǎüpíkò     21100   22400      15    2   abandoned @ 22405
    774  Fòuxkòu      21100   22400      15    2   abandoned @ 22419
    777  Lìufǒukò    21100   22400      15    2   abandoned @ 22413
    796  Pumfunsu       21300   22400      15    2   abandoned @ 22419
    799  Piuisyipa      21300   22400      16    2   abandoned @ 22402
    800  Summusui       21300   25000    3552    2   (alive at end)
    809  Gyamudu        21300   22400      15    2   abandoned @ 22429
    810  Imomiuisiu     21300   22400      15    2   abandoned @ 22429
    818  Muimomuissyu   21300   22600      15    2   abandoned @ 22688
    819  Pimomuissyu    21300   22900      15    2   withered @ 22944
    827  Simosismuipa   21400   22200      15    2   withered @ 22285
    828  Sismopizyi     21400   22300      15    2   abandoned @ 22354
    836  Muibu          21400   22500      15    2   abandoned @ 22538
    837  Zyep'atzyugyu  21400   24300    4108    3   dissolved(core) @ 24363
    845  Gatammolzdat   21400   22400      15    2   abandoned @ 22436
    854  Yomphiut'eb    21400   22800      15    2   abandoned @ 22838
    861  Thafazib       21500   22900      15    2   withered @ 22920
    867  Tayump'aph     21500   22800      15    2   abandoned @ 22838
    875  Piythamb       21500   22900      15    2   withered @ 22945
    881  Yapghat        21500   22400      15    2   abandoned @ 22428
    887  Pakhatdat      21600   22400      15    2   abandoned @ 22429
    891  Zylug          21600   22400      15    2   abandoned @ 22412
    897  Yayum          21600   22900      15    2   withered @ 22944
    900  Yuposryamfap   21600   25000    6519    3   (alive at end)
    904  Tāptáịkú   21600   23200      86    1   dissolved(core) @ 23296
    907  P'oetephamdda  21700   23100      35    2   withered @ 23132
    913  Zonyayaph      21700   22900      15    2   withered @ 22943
    917  Khayyum        21700   22900      15    2   withered @ 22945
    921  Bobabompyum    21700   22500      15    2   abandoned @ 22538
    927  Ghak'ophyum    21800   22600      15    2   abandoned @ 22688
    930  Yayiyayaphyum  21800   22900      15    2   withered @ 22944
    932  Thambdat       21800   22400      15    2   abandoned @ 22432
    936  Kì            21800   23000      15    2   abandoned @ 23028
    939  Fǒlrá        21900   24800      15    2   dissolved(core) @ 24861
    944  Sǔtūkú      21900   23400      15    2   dissolved(core) @ 23456
    948  Tǎkò         21900   23000      15    2   abandoned @ 23037
    954  Fōnlà        21900   23000      15    2   abandoned @ 23013
    957  Čàịfị̄kú   22000   23000      13    2   abandoned @ 23005
    961  Míptù        22000   23000      15    2   abandoned @ 23019
    964  Kù            22000   22900      15    2   abandoned @ 22998
    968  Íustù        22000   23000      15    2   abandoned @ 23026
    987  Pụ̀ffí       22100   23500      15    2   withered @ 23544
    994  Hūfpù        22200   23500      15    2   withered @ 23546
   1003  Kùkò         22200   23100      15    2   abandoned @ 23138
   1023  Hǔxkòu       22300   23000      15    2   abandoned @ 23019
   1044  Dendanp'al     22500   23000      15    2   abandoned @ 23039
   1049  Mamosummusui   22500   23000      15    2   abandoned @ 23032
   1050  Dapthamb       22500   23000      15    2   abandoned @ 23039
   1062  Suisukyu       22500   25000    1711    2   (alive at end)
   1063  Taphthamb      22500   23500      15    2   withered @ 23543
   1073  Danfughazy     22500   23500      15    2   withered @ 23545
   1084  Píụịtrụ̀i  22600   23500      15    2   withered @ 23543
   1094  Ňǐttīu       22600   23500      16    2   withered @ 23548
   1108  Bamp'danp'al   22600   23200      15    2   abandoned @ 23288
   1119  Denpakhat      22600   23200      15    2   abandoned @ 23288
   1125  Ummomuibu      22700   25000    5436    2   (alive at end)
   1130  Summusui       22700   23500      15    2   withered @ 23545
   1131  Yanfap         22700   23500      15    2   withered @ 23544
   1134  Simomumummu    22700   23400      13    2   abandoned @ 23438
   1135  Ǔptǔkò      22700   23000      15    2   abandoned @ 23026
   1140  Īuppì        22700   23000      15    2   abandoned @ 23039
   1145  Ipimsi         22800   23500      15    2   withered @ 23545
   1146  Yafazibdat     22800   23500      15    2   withered @ 23544
   1150  Yonfulp'ab     22800   23500      15    2   withered @ 23543
   1154  T'ap'inun      22800   23500      15    2   withered @ 23545
   1155  Taphpakhat     22800   25000    1837    2   (alive at end)
   1158  Dasrazath      22900   25000    3537    2   (alive at end)
   1166  Daptayyanfap   22900   25000    3739    2   (alive at end)
   1169  Dyayabyum      22900   24100      15    2   withered @ 24145
   1175  Dentanmolz     22900   24100      15    2   withered @ 24130
   1179  Thayyum        23000   24100      15    2   withered @ 24144
   1184  Khatyum        23000   24100      15    2   withered @ 24145
   1191  Bansrazathyum  23000   24100      15    2   withered @ 24129
   1198  Ghat           23000   24100      15    2   withered @ 24143
   1208  Zyibayanphib   23100   23600      15    2   abandoned @ 23627
   1220  Umiu           23100   25000    1875    2   (alive at end)
   1221  Phabapaz       23100   24100      19    2   withered @ 24156
   1230  Pimosummusui   23100   24100      15    2   withered @ 24144
   1231  Gatanmolz      23100   24100      15    2   withered @ 24143
   1235  Umomissi       23100   24100      15    2   withered @ 24145
   1236  Taph           23100   24100      15    2   withered @ 24144
   1245  Pinikyu        23200   24000      13    2   abandoned @ 24038
   1246  Yontephamd     23200   24100      13    2   withered @ 24128
   1250  Zyithuph       23200   24100      15    2   withered @ 24145
   1254  Dyimopa        23200   24100      15    2   withered @ 24144
   1255  Zonp'atzyug    23200   24100      15    2   withered @ 24143
   1261  Impi           23200   24100      15    2   withered @ 24143
   1262  Phabapazghat   23200   24100      15    2   withered @ 24145
   1269  Dyuimodimi     23300   24000      15    2   abandoned @ 24038
   1270  Pithamb        23300   25000    3553    2   (alive at end)
   1274  Umomissi       23300   24000      15    2   abandoned @ 24038
   1275  Pìkú         23300   25000      42    2   (alive at end)
   1278  Imomissi       23300   24000      15    2   abandoned @ 24049
   1288  Muimorukyu     23400   24100      15    2   withered @ 24143
   1292  Dami           23400   24100      15    2   withered @ 24145
   1298  Tusmobuimmiu   23400   24100      15    2   withered @ 24145
   1311  Amokyumu       23500   24900      16    2   abandoned @ 24938
   1320  Syapa          23500   25000      15    2   (alive at end)
   1330  Pụ̄lhụ̀xō   23600   25000      69    1   (alive at end)
   1348  Muisupa        23600   25000      15    2   (alive at end)
   1349  Muimbiu        23600   24800      14    2   abandoned @ 24807
   1358  Dyimomabi      23600   24800      14    2   abandoned @ 24807
   1364  Dugyumukyu     23600   24800      16    2   abandoned @ 24823
   1371  Īuppì        23700   25000      15    2   (alive at end)
   1379  Ǐsfá         23700   25000      15    2   (alive at end)
   1392  Míppì        23700   25000      15    2   (alive at end)
   1406  Xụ̄ngfǐu     23700   25000      15    2   (alive at end)
   1415  Nìupíü       23800   25000      15    2   (alive at end)
   1427  Tàsfá        23800   25000     444    2   (alive at end)
   1441  Ǔptǔkú      23900   25000    4190    2   (alive at end)
   1448  Fụ̀ịppì     23900   25000      15    2   (alive at end)
   1461  Piyyayaph      24000   25000      20    2   (alive at end)
   1462  Ummomissi      24000   25000      15    2   (alive at end)
   1479  Tisuimiu       24100   25000      15    2   (alive at end)
   1491  Muibu          24100   25000      15    2   (alive at end)
   1521  Pimomuimbiu    24200   25000      15    2   (alive at end)
   1522  Zonp'inun      24200   25000      15    2   (alive at end)
   1540  Umopini        24200   25000      15    2   (alive at end)
   1541  Danp'al        24200   25000      15    2   (alive at end)
   1557  Padu           24200   25000      15    2   (alive at end)
   1558  Sumsusa        24200   25000      15    2   (alive at end)
   1577  Nukyupa        24300   25000      15    2   (alive at end)
   1590  Bipa           24300   25000      15    2   (alive at end)
   1605  Mimodu         24300   25000      15    2   (alive at end)
   1615  Srofulp'ab     24300   25000      15    2   (alive at end)
   1669  Thanp'otugha   24600   25000      15    2   (alive at end)
   1680  Danp'al        24600   25000      15    2   (alive at end)
   1686  T'infazi       24600   25000      15    2   (alive at end)
   1694  Banyolda       24600   25000      15    2   (alive at end)
   1702  Yafaziyu       24700   25000      15    2   (alive at end)
   1716  Ukymotimisi    24700   25000      15    2   (alive at end)
   1723  Dyimokyu       24800   25000      13    2   (alive at end)
   1736  Sikymopuigyu   24900   25000      15    2   (alive at end)
   1760  Mumiu          25000   25000      15    2   (alive at end)

=== REALM LIFE TABLE (everything that ever owned a box tile) ===
  id     name             firstSeen  peakBoxT  peakWorldT  peakMem  born(how)          end(how @ step)
      1  Ňěňnílě          15000        28          31       16                     conquest by Ìppà @ 23900
     45  ?                   15300         6           0        0  tribal             conquest by Ňěňnílě @ 15400
      7  Thaphobya           15300        17          37       45  tribal             (alive at end)
     30  ?                   15500         7           0        0                     dissolved @ 19087
     31  ?                   16000        14           0        0                     integrated by Hìuthị̌ @ 23737
     76  ?                   16200         7           0        0                     shattered by Ňěňnílě @ 16250
     49  Ňú                 16500        19          19       14                     conquest by Lụ̄nlākòlǐā @ 18450
     92  ?                   16600         8           0        0                     dissolved @ 20737
     83  ?                   16600         1           0        0                     dissolved @ 20137
    115  ?                   16800        15           0        0                     dissolved @ 22687
     84  ?                   16800         2           0        0                     dissolved @ 21187
    128  ?                   16800         1           0        0                     dissolved @ 21487
     86  ?                   16900         2           0        0                     dissolved @ 20137
    161  ?                   17000         8           0        0                     dissolved @ 21337
     90  ?                   17600         4           0        0                     integrated by Sǔsfálǐā @ 18337
     73  ?                   17800         9           0        0                     dissolved @ 19987
     88  Sogyoepa            17900        16          20        4                     integrated by Suisukyu @ 24487
    215  Lụ̄nlākòlǐa     17900        20          20        7                     shattered by Nùkú @ 23950
    219  ?                   18000        12           0        0  frontier           dissolved @ 19387
    159  ?                   18200         3           0        0                     dissolved @ 19837
    211  Moessyomoesyus      18300        11          11        2                     dissolved @ 23587
    235  ?                   18300         8           0        0                     dissolved @ 20887
    240  ?                   18500         8           0        0                     dissolved @ 19687
    305  ?                   18600         7           0        0                     (alive at end)
    282  ?                   18600        12           0        0                     conquest by Ìtrụ̄ịlǐ @ 18700
    276  Túkòlǐ           18800        26          26        4                     conquest by Masmowumkyui @ 19750
    303  ?                   18800         1           0        0                     dissolved @ 18937
    267  ?                   18900         3           0        0                     integrated by Tasrifughazydattaya @ 20437
    372  ?                   19100        12           0        0                     shattered by Túkòlǐ @ 19150
    348  ?                   19200        11           0        0                     conquest by Sùptùlǐ @ 23550
    365  Tasrifughazydat     19200        22          23        8                     conquest by Masmowumkyui @ 21000
    420  ?                   19500         3           0        0  frontier           dissolved @ 21037
    341  ?                   19500        13           0        0                     integrated by Pìtǎ @ 21637
    448  Pítīkòlǐ        19600        23          25       15                     conquest by Syumomuibusyu @ 21150
    384  ?                   20100         8           0        0                     conquest by Sogyoepa @ 21800
    339  ?                   20100         1           0        0                     (alive at end)
    513  ?                   20200        12           0        0                     conquest by Sogyoepa @ 20300
    504  Syumomuibusyu       20400        14          13        5                     integrated by Lụ̀fpù @ 21187
    117  ?                   20400         3           0        0                     dissolved @ 23737
    464  ?                   20500         9           0        0                     conquest by Pìtǎ @ 21600
    664  ?                   20600         7           0        0                     dissolved @ 23137
    322  ?                   20600         3           0        0                     dissolved @ 21937
    687  ?                   20800        10           0        0                     dissolved @ 24637
    711  ?                   20800         5           0        0                     conquest by Pụ̌mrálǐ @ 20850
    677  ?                   20800         1           0        0                     integrated by Pìtǎ @ 21187
    112  ?                   20900         3           0        0                     dissolved @ 24337
    700  Lụ̀fpù            21200        23          32        1                     (alive at end)
    536  ?                   21400         1           0        0                     (alive at end)
    676  Tàịrụ́lǐā      21500        27          29        9                     (alive at end)
    746  ?                   21600         9           0        0                     dissolved @ 22987
    751  ?                   21600         3           0        0                     dissolved @ 23737
    837  Zyep'atzyugyumt     21800        24          25        6                     dissolved @ 24337
    829  ?                   21800         2           0        0                     (alive at end)
    800  ?                   21900        15           0        0                     dissolved @ 24187
    932  ?                   21900        11           0        0                     conquest by Tàịrụ́lǐā @ 22000
    933  ?                   21900        11           0        0                     dissolved @ 24487
    904  ?                   22100         4           0        0  frontier           dissolved @ 23437
    930  ?                   22100        12           0        0                     dissolved @ 22987
    931  ?                   22100         2           0        0                     conquest by Pụ̌mrálǐ @ 22150
    907  P'oetephamddat      22200        19          20       14                     conquest by Umiu @ 24550
    900  Yuposryamfaptay     22400        15          18        2                     shattered by Nùkú @ 22450
    903  ?                   22500         2           0        0  frontier           dissolved @ 23737
   1062  Suisukyu            22700        15          16       17                     (alive at end)
   1125  ?                   22800         5           0        0                     dissolved @ 23137
   1158  Dasrazathtay        22900        17          24        7                     conquest by Tàịrụ́lǐā @ 23650
    901  ?                   22900         3           0        0                     integrated by Xụ̀ffílǐ @ 23437
   1155  Taphpakhattay       23100        19          29        1                     conquest by Pithambtaya @ 23700
    972  ?                   23100        11           0        0                     dissolved @ 24187
   1198  Dasrazath           23200        17          24        4                     (alive at end)
   1247  ?                   23200         4           0        0                     (alive at end)
   1270  ?                   23400        10           0        0                     (alive at end)
   1237  ?                   23700         3           0        0                     (alive at end)
   1220  ?                   23800        15           0        0                     (alive at end)
   1262  Phabapazghattay     23800        20          22        1                     conquest by Ìtrụ̄ịlǐ @ 23900
   1275  ?                   23800         5           0        0                     (alive at end)
   1330  ?                   24000         4           0        0  frontier           (alive at end)
   1441  Ǔptǔkúlǐ        24000        21          23        1                     (alive at end)
   1442  ?                   24000         7           0        0                     (alive at end)
   1438  ?                   24100         5           0        0                     (alive at end)
   1623  ?                   24400         3           0        0                     (alive at end)
   1616  ?                   24400         1           0        0                     conquest by Pụ̌mrálǐ @ 24450
   1461  ?                   24500        12           0        0                     (alive at end)
   1606  ?                   24500         4           0        0                     conquest by Pụ̌mrálǐ @ 24600
   1209  ?                   24500         3           0        0                     (alive at end)
   1592  ?                   24700         4           0        0                     (alive at end)
   1348  ?                   24800         8           0        0                     (alive at end)

