[harness] tree a705766
[SIM_TUNE] {"DAWN_LIVE":1,"STATE_RECORDS":1,"LAND_KNOW":1,"PEER_SEATS":1,"FOUND_DRIFT":1,"ABSORB_ORG_ERA":1,"TRIBUTE_UP":0.33,"ENGULF":8,"FEAR_REACH":1,"WAR_FINISH":1,"SMALL_WAR":8,"RELIEF_REACH":1,"EXCH_WAVE":3,"TECH_USE":1,"VASSAL_LEVY":0.5,"DISSOLVE_CORE":1,"SETT_STRIDE":3,"TRADE_STRIDE":5,"MINT_RESIDUAL":1}
[peopleSim] hearth pin Nile picked at tile (138,40) (27.0E 30.0N) — maturity deferred to the stagger law
[peopleSim] hearth pin Mesopotamia picked at tile (149,38) (43.5E 33.0N) — maturity deferred to the stagger law
[peopleSim] hearth pin Indus picked at tile (167,41) (70.5E 28.5N) — maturity deferred to the stagger law
[peopleSim] hearth pin Yellow River picked at tile (196,38) (114.0E 33.0N) — maturity deferred to the stagger law
[peopleSim] hearth candidate at (138,40) (27.0E 30.0N) score 6.39 pkg=wheat(suit 0.92) — ARMED: ~974y of peopled-basin time from maturity
[peopleSim] hearth candidate at (149,38) (43.5E 33.0N) score 4.32 pkg=wheat(suit 0.69) — ARMED: ~1311y of peopled-basin time from maturity
[peopleSim] hearth candidate at (167,41) (70.5E 28.5N) score 6.34 pkg=wheat(suit 0.98) — ARMED: ~922y of peopled-basin time from maturity
[peopleSim] hearth candidate at (196,38) (114.0E 33.0N) score 4.11 pkg=rice(suit 0.81) — ARMED: ~3106y of peopled-basin time from maturity
[peopleSim] hearth candidate at (58,38) (-93.0E 33.0N) score 5.34 pkg=maize(suit 0.87) — ARMED: ~5148y of peopled-basin time from maturity
[peopleSim] hearth candidate at (111,53) (-13.5E 10.5N) score 1.76 pkg=sorghum(suit 0.64) — ARMED: ~3133y of peopled-basin time from maturity
[peopleSim] hearth candidate at (140,73) (30.0E -19.5N) score 1.32 pkg=tubers(suit 0.93) — ARMED: ~3243y of peopled-basin time from maturity
[peopleSim] hearth candidate at (77,72) (-64.5E -18.0N) score 0.87 pkg=tubers(suit 0.57) — ARMED: ~5283y of peopled-basin time from maturity
[peopleSim] hearth candidate at (31,23) (-133.5E 55.5N) score 0.50 — ARMED: ~13000y of peopled-basin time from maturity
[peopleSim] hearth candidate at (117,23) (-4.5E 55.5N) score 0.50 — ARMED: ~13000y of peopled-basin time from maturity

=== EGYPT AUTOPSY  480x240 (tw=240)  seed 8817  box lon 24..36 lat 20..33 (66 land tiles) ===
  step | box: sett  Σpeople | largest (people/urban  fed  dis  org) cid | realm@box: id  boxT  worldT   km²  mem  cap/load  fronts | field: Σpop  Σcap
[popField] worker pool engaged: 4 bands
[transHeap] step=24 cap=1024 peakN=0 pushes=0 (0.0MB backing)
   100 |   0       0 |   (none) |         (no realm owns the box) | 6017 19605
   200 |   0       0 |   (none) |         (no realm owns the box) | 6149 19605
   300 |   0       0 |   (none) |         (no realm owns the box) | 6282 19605
   400 |   0       0 |   (none) |         (no realm owns the box) | 6414 19605
   500 |   0       0 |   (none) |         (no realm owns the box) | 6547 19605
   600 |   0       0 |   (none) |         (no realm owns the box) | 6681 19605
   700 |   0       0 |   (none) |         (no realm owns the box) | 6814 19605
   800 |   0       0 |   (none) |         (no realm owns the box) | 6949 19605
   900 |   0       0 |   (none) |         (no realm owns the box) | 7084 19605
  1000 |   0       0 |   (none) |         (no realm owns the box) | 7219 19605
  1100 |   0       0 |   (none) |         (no realm owns the box) | 7355 19605
  1200 |   0       0 |   (none) |         (no realm owns the box) | 7491 19605
  1300 |   0       0 |   (none) |         (no realm owns the box) | 7628 19605
  1400 |   0       0 |   (none) |         (no realm owns the box) | 7765 19605
  1500 |   0       0 |   (none) |         (no realm owns the box) | 7902 19605
  1600 |   0       0 |   (none) |         (no realm owns the box) | 8039 19605
  1700 |   0       0 |   (none) |         (no realm owns the box) | 8177 19605
  1800 |   0       0 |   (none) |         (no realm owns the box) | 8315 19605
  1900 |   0       0 |   (none) |         (no realm owns the box) | 8452 19605
  2000 |   0       0 |   (none) |         (no realm owns the box) | 8590 19605
  2100 |   0       0 |   (none) |         (no realm owns the box) | 8729 19605
  2200 |   0       0 |   (none) |         (no realm owns the box) | 8867 19605
  2300 |   0       0 |   (none) |         (no realm owns the box) | 9005 19605
  2400 |   0       0 |   (none) |         (no realm owns the box) | 9143 19605
  2500 |   0       0 |   (none) |         (no realm owns the box) | 9280 19605
  2600 |   0       0 |   (none) |         (no realm owns the box) | 9418 19605
  2700 |   0       0 |   (none) |         (no realm owns the box) | 9555 19605
  2800 |   0       0 |   (none) |         (no realm owns the box) | 9692 19605
  2900 |   0       0 |   (none) |         (no realm owns the box) | 9829 19605
  3000 |   0       0 |   (none) |         (no realm owns the box) | 9965 19605
  3100 |   0       0 |   (none) |         (no realm owns the box) | 10101 19605
  3200 |   0       0 |   (none) |         (no realm owns the box) | 10237 19605
  3300 |   0       0 |   (none) |         (no realm owns the box) | 10372 19605
  3400 |   0       0 |   (none) |         (no realm owns the box) | 10506 19605
  3500 |   0       0 |   (none) |         (no realm owns the box) | 10640 19605
  3600 |   0       0 |   (none) |         (no realm owns the box) | 10773 19605
  3700 |   0       0 |   (none) |         (no realm owns the box) | 10905 19605
  3800 |   0       0 |   (none) |         (no realm owns the box) | 11037 19605
  3900 |   0       0 |   (none) |         (no realm owns the box) | 11168 19605
  4000 |   0       0 |   (none) |         (no realm owns the box) | 11298 19605
  4100 |   0       0 |   (none) |         (no realm owns the box) | 11427 19605
  4200 |   0       0 |   (none) |         (no realm owns the box) | 11555 19605
  4300 |   0       0 |   (none) |         (no realm owns the box) | 11682 19605
  4400 |   0       0 |   (none) |         (no realm owns the box) | 11808 19605
  4500 |   0       0 |   (none) |         (no realm owns the box) | 11934 19605
  4600 |   0       0 |   (none) |         (no realm owns the box) | 12058 19605
  4700 |   0       0 |   (none) |         (no realm owns the box) | 12181 19605
  4800 |   0       0 |   (none) |         (no realm owns the box) | 12303 19605
  4900 |   0       0 |   (none) |         (no realm owns the box) | 12424 19605
  5000 |   0       0 |   (none) |         (no realm owns the box) | 12544 19605
  5100 |   0       0 |   (none) |         (no realm owns the box) | 12662 19605
  5200 |   0       0 |   (none) |         (no realm owns the box) | 12780 19605
  5300 |   0       0 |   (none) |         (no realm owns the box) | 12896 19605
  5400 |   0       0 |   (none) |         (no realm owns the box) | 13010 19605
  5500 |   0       0 |   (none) |         (no realm owns the box) | 13124 19605
  5600 |   0       0 |   (none) |         (no realm owns the box) | 13236 19605
  5700 |   0       0 |   (none) |         (no realm owns the box) | 13347 19605
  5800 |   0       0 |   (none) |         (no realm owns the box) | 13457 19605
  5900 |   0       0 |   (none) |         (no realm owns the box) | 13565 19605
  6000 |   0       0 |   (none) |         (no realm owns the box) | 13672 19605
  6100 |   0       0 |   (none) |         (no realm owns the box) | 13778 19605
  6200 |   0       0 |   (none) |         (no realm owns the box) | 13882 19605
  6300 |   0       0 |   (none) |         (no realm owns the box) | 13985 19605
  6400 |   0       0 |   (none) |         (no realm owns the box) | 14086 19605
  6500 |   0       0 |   (none) |         (no realm owns the box) | 14187 19605
  6600 |   0       0 |   (none) |         (no realm owns the box) | 14285 19605
  6700 |   0       0 |   (none) |         (no realm owns the box) | 14383 19605
  6800 |   0       0 |   (none) |         (no realm owns the box) | 14478 19605
  6900 |   0       0 |   (none) |         (no realm owns the box) | 14573 19605
  7000 |   0       0 |   (none) |         (no realm owns the box) | 14666 19605
  7100 |   0       0 |   (none) |         (no realm owns the box) | 14758 19605
  7200 |   0       0 |   (none) |         (no realm owns the box) | 14848 19605
  7300 |   0       0 |   (none) |         (no realm owns the box) | 14937 19605
  7400 |   0       0 |   (none) |         (no realm owns the box) | 15025 19605
[peopleSim] AGRICULTURE INVENTED at (167,41) (70.5E 28.5N) — the basin farms; a city will rise when its market gathers one (score 6.34)
[peopleSim] AGRICULTURE INVENTED at (138,40) (27.0E 30.0N) — the basin farms; a city will rise when its market gathers one (score 6.39)
  7500 |   0       0 |   (none) |         (no realm owns the box) | 15111 19605
  7600 |   0       0 |   (none) |         (no realm owns the box) | 15195 19605
  7700 |   0       0 |   (none) |         (no realm owns the box) | 15279 19605
  7800 |   0       0 |   (none) |         (no realm owns the box) | 15361 19605
  7900 |   0       0 |   (none) |         (no realm owns the box) | 15442 19605
  8000 |   0       0 |   (none) |         (no realm owns the box) | 15521 19605
  8100 |   0       0 |   (none) |         (no realm owns the box) | 16230 323940
  8200 |   0       0 |   (none) |         (no realm owns the box) | 17199 323940
  8300 |   0       0 |   (none) |         (no realm owns the box) | 18288 323940
  8400 |   0       0 |   (none) |         (no realm owns the box) | 19498 323940
  8500 |   0       0 |   (none) |         (no realm owns the box) | 20835 323940
  8600 |   0       0 |   (none) |         (no realm owns the box) | 22302 323940
  8700 |   0       0 |   (none) |         (no realm owns the box) | 23905 336894
  8800 |   0       0 |   (none) |         (no realm owns the box) | 25653 336894
  8900 |   0       0 |   (none) |         (no realm owns the box) | 27527 336894
  9000 |   0       0 |   (none) |         (no realm owns the box) | 29537 336894
  9100 |   0       0 |   (none) |         (no realm owns the box) | 31679 336894
  9200 |   0       0 |   (none) |         (no realm owns the box) | 33955 336894
  9300 |   0       0 |   (none) |         (no realm owns the box) | 36372 336894
  9400 |   0       0 |   (none) |         (no realm owns the box) | 38945 350201
  9500 |   0       0 |   (none) |         (no realm owns the box) | 41691 350201
  9600 |   0       0 |   (none) |         (no realm owns the box) | 44600 350201
  9700 |   0       0 |   (none) |         (no realm owns the box) | 47672 350201
  9800 |   0       0 |   (none) |         (no realm owns the box) | 50910 350201
  9900 |   0       0 |   (none) |         (no realm owns the box) | 54315 350201
 10000 |   0       0 |   (none) |         (no realm owns the box) | 57888 350201
 10100 |   0       0 |   (none) |         (no realm owns the box) | 61670 363354
 10200 |   0       0 |   (none) |         (no realm owns the box) | 65654 363354
 10300 |   0       0 |   (none) |         (no realm owns the box) | 69829 363354
 10400 |   0       0 |   (none) |         (no realm owns the box) | 74192 363354
 10500 |   0       0 |   (none) |         (no realm owns the box) | 78739 363354
 10600 |   0       0 |   (none) |         (no realm owns the box) | 83469 363354
 10700 |   0       0 |   (none) |         (no realm owns the box) | 88385 377370
 10800 |   0       0 |   (none) |         (no realm owns the box) | 93558 377370
 10900 |   0       0 |   (none) |         (no realm owns the box) | 98932 377370
 11000 |   0       0 |   (none) |         (no realm owns the box) | 104494 377370
 11100 |   0       0 |   (none) |         (no realm owns the box) | 110233 377370
 11200 |   0       0 |   (none) |         (no realm owns the box) | 116140 377370
 11300 |   0       0 |   (none) |         (no realm owns the box) | 122204 377370
 11400 |   0       0 |   (none) |         (no realm owns the box) | 128469 386108
 11500 |   0       0 |   (none) |         (no realm owns the box) | 134954 386110
 11600 |   0       0 |   (none) |         (no realm owns the box) | 141572 386115
 11700 |   0       0 |   (none) |         (no realm owns the box) | 148300 386124
 11800 |   0       0 |   (none) |         (no realm owns the box) | 155119 386159
 11900 |   0       0 |   (none) |         (no realm owns the box) | 162020 386337
 12000 |   0       0 |   (none) |         (no realm owns the box) | 168998 386675
 12100 |   0       0 |   (none) |         (no realm owns the box) | 176176 394582
 12200 |   0       0 |   (none) |         (no realm owns the box) | 183450 395232
 12300 |   0       0 |   (none) |         (no realm owns the box) | 190759 396125
 12400 |   0       0 |   (none) |         (no realm owns the box) | 198087 397315
[peopleSim] AGRICULTURE INVENTED at (149,38) (43.5E 33.0N) — the basin farms; a city will rise when its market gathers one (score 4.32)
 12500 |   0       0 |   (none) |         (no realm owns the box) | 205429 398975
 12600 |   0       0 |   (none) |         (no realm owns the box) | 212790 401249
 12700 |   0       0 |   (none) |         (no realm owns the box) | 220203 412062
 12800 |   0       0 |   (none) |         (no realm owns the box) | 227880 415168
 12900 |   0       0 |   (none) |         (no realm owns the box) | 235596 418845
 13000 |   0       0 |   (none) |         (no realm owns the box) | 243361 423057
 13100 |   0       0 |   (none) |         (no realm owns the box) | 251179 427769
 13200 |   0       0 |   (none) |         (no realm owns the box) | 259055 432944
 13300 |   0       0 |   (none) |         (no realm owns the box) | 266998 438551
 13400 |   0       0 |   (none) |         (no realm owns the box) | 275146 453084
 13500 |   2      30 | Ňěňní         15/    0 0.00 0.00 0.28 c-1 |         (no realm owns the box) | 283548 459241
 13600 |   6    8962 | Ňěňní       5679/  330 0.99 0.00 0.28 c-1 |         (no realm owns the box) | 291485 467497
 13700 |  10   10201 | Ňěňní       8019/  338 0.99 0.00 0.28 c-1 |         (no realm owns the box) | 298529 474260
 13800 |  14   10579 | Ňěňní       8233/  346 1.00 0.04 0.29 c-1 |         (no realm owns the box) | 305776 481302
 13900 |  18   10928 | Ňěňní       8441/  355 1.00 0.04 0.29 c-1 |         (no realm owns the box) | 313300 488573
 14000 |  22   11270 | Ňěňní       8650/  363 1.00 0.04 0.30 c-1 |         (no realm owns the box) | 321025 496098
 14100 |  25   11594 | Ňěňní       8851/  364 0.89 0.08 0.30 c-1 |         (no realm owns the box) | 328328 513145
 14200 |  25   11879 | Ňěňní       9051/  370 0.81 0.08 0.31 c-1 |         (no realm owns the box) | 335728 520600
 14300 |  26   12182 | Ňěňní       9251/  377 0.73 0.08 0.31 c-1 |         (no realm owns the box) | 343286 528488
 14400 |  26   12462 | Ňěňní       9454/  385 0.65 0.11 0.32 c-1 |         (no realm owns the box) | 350898 536342
 14500 |  27   12752 | Ňěňní       9644/  392 0.63 0.11 0.32 c-1 |         (no realm owns the box) | 358143 544793
 14600 |  31   12510 | Ňěňní       9244/  400 0.61 0.11 0.33 c-1 |         (no realm owns the box) | 365553 553661
 14700 |  36   12871 | Ňěňní       9438/  408 0.60 0.15 0.34 c-1 |         (no realm owns the box) | 373428 572859
 14800 |  40   13213 | Ňěňní       9658/  416 0.58 0.15 0.34 c-1 |         (no realm owns the box) | 381921 581091
 14900 |  40   13518 | Ňěňní       9891/  434 0.69 0.15 0.35 c-1 |         (no realm owns the box) | 391421 589771
 15000 |  41   13815 | Ňěňní      10066/  448 0.78 0.19 0.35 c1 |         (no realm owns the box) | 399612 562279
 15100 |  43   14115 | Ňěňní      10230/  458 0.84 0.19 0.36 c1 |         (no realm owns the box) | 406704 571769
 15200 |  40   14360 | Ňěňní      10428/  468 0.89 0.19 0.36 c1 |    1   29     29   726k   31  26/46   0 | 414924 581081
 15300 |  44   14668 | Ňěňní      10663/  478 0.92 0.22 0.37 c1 |    1   25     25   623k   31  26/46   0 | 423681 590112
 15400 |  36   14818 | Ňěňní      10880/  488 0.94 0.22 0.38 c1 |    1   25     25   623k   28  23/52   0 | 432160 612367
 15500 |  40   13890 | Ňěňní       9150/  490 0.80 0.22 0.38 c1 |    1   25     25   621k   20  25/37   0 | 440013 620796
 15600 |  36    9880 | Ňěňní       6444/  495 0.58 0.25 0.39 c1 |    1   23     23   572k   20  25/37   0 | 447565 630396
 15700 |  41   10923 | Ňěňní       4967/  502 0.41 0.25 0.39 c1 |    1   22     22   547k   12  12/21   0 | 455134 640362
 15800 |  41   11112 | Ňěňní       5062/  512 0.33 0.25 0.40 c1 |    1   22     22   547k    8  494/15   0 | 477951 649687
 15900 |  45    9090 | Ňěňní       5103/  517 0.26 0.29 0.40 c1 |    1   23     23   573k    8  494/15   0 | 474758 668580
 16000 |  48   10552 | Ňěňní       5198/  521 0.18 0.29 0.41 c1 |    1   23     23   572k    9  14/20   1 | 487275 669469
 16100 |  50   10349 | Ňěňní       5257/  522 0.13 0.29 0.42 c1 |    1   23     23   572k    8  31/17   0 | 481591 686446
 16200 |  50   10931 | Ňěňní       5142/  533 0.09 0.33 0.42 c1 |    1   24     24   597k    8  31/17   0 | 486187 694894
 16300 |  51   12732 | Ňěňní       5350/  530 0.07 0.33 0.43 c1 |    1   22     22   546k    7  69/20   0 | 475692 696365
 16400 |  46   12406 | Ňěňní       5340/  533 0.15 0.33 0.43 c1 |    1   22     22   546k    6  88/17   0 | 498766 705845
 16500 |  51   10621 | Ňěňní       5464/  557 0.24 0.37 0.44 c1 |    1   20     20   499k    6  88/17   0 | 498200 713568
 16600 |  52   11418 | Ňěňní       4352/  569 0.31 0.37 0.44 c1 |    1   19     19   474k    6  61/18   0 | 506527 727962
 16700 |  52   11206 | Ňěňní       4303/  563 0.35 0.37 0.45 c1 |    1   19     19   474k    4  67/11   0 | 502843 720074
 16800 |  51   10322 | Ňěňní       4027/  548 0.38 0.40 0.46 c1 |    1   20     20   499k    4  67/11   0 | 504061 740413
 16900 |  53   14883 | Èňlà        5532/  669 0.11 0.13 0.44 c110 |    1   21     21   523k    5  33/16   0 | 492365 722928
 17000 |  52   14159 | Èňlà        5581/  454 0.11 0.13 0.45 c110 |    1   19     19   475k    3  53/10   1 | 484519 737803
 17100 |  53   14076 | Èňlà        5565/  749 0.08 0.18 0.45 c110 |    1   19     19   475k    3  53/10   1 | 496271 732902
 17200 |  52   14742 | Èňlà        5622/  763 0.05 0.18 0.46 c110 |    1   21     21   526k    3  58/9   0 | 499707 729968
 17300 |  53    9363 | Ňěňní       4300/  572 0.14 0.43 0.48 c1 |   54   17     34   890k    8  52/15   0 | 503834 750600
 17400 |  49    9209 | Ňěňní       4263/  551 0.13 0.45 0.49 c1 |   54   17     34   890k    8  52/15   0 | 503622 763824
 17500 |  53    8413 | Ňěňní       2751/  565 0.09 0.45 0.49 c1 |    1   21     21   524k    3  37/7   1 | 506124 769234
 17600 |  49   12103 | Ňěňní       3791/  592 0.06 0.45 0.50 c1 |    1   19     19   475k    3  65/7   0 | 511948 771007
 17700 |  49   12363 | Ňěňní       4066/  668 0.05 0.48 0.51 c1 |    1   19     19   475k    3  65/7   0 | 531383 767083
 17800 |  53   15430 | Láị         5830/  116 0.00 0.20 0.47 c109 |    1   20     20   500k    3  51/7   0 | 511686 759166
 17900 |  53   15499 | Láị         5972/  165 0.22 0.20 0.48 c109 |    1   20     20   500k    3  57/7   0 | 507748 771137
 18000 |  53   14878 | Láị         6052/  115 0.44 0.25 0.48 c109 |    1   18     18   451k    3  57/7   0 | 504732 771817
 18100 |  50   14725 | Láị         6121/  114 0.33 0.25 0.49 c109 |    1   18     18   451k    3  44/6   1 | 505710 759185
 18200 |  54   12054 | Ňěňní       3473/  608 0.06 0.50 0.54 c1 |    1   20     20   500k    3  55/5   1 | 518896 765907
 18300 |  54   12328 | Ňěňní       4021/  656 0.04 0.52 0.54 c1 |    1   20     20   500k    3  55/5   1 | 523761 789161
 18400 |  56   12491 | Ňěňní       4075/  686 0.03 0.52 0.55 c1 |    1   20     20   500k    1  55/5   0 | 537529 756883
 18500 |  56   13052 | Ňěňní       3546/  638 0.02 0.52 0.56 c1 |    1   19     19   475k    1  55/5   0 | 540419 762660
[peopleSim] AGRICULTURE INVENTED at (196,38) (114.0E 33.0N) — the basin farms; a city will rise when its market gathers one (score 4.11)
 18600 |  56   13004 | Ňěňní       3409/  599 0.02 0.53 0.56 c1 |    1   20     20   500k    1  55/5   0 | 535119 753508
 18700 |  58   13153 | Ňěňní       3584/  651 0.01 0.53 0.57 c1 |    1   20     20   500k    1  55/5   0 | 557451 750985
 18800 |  54   12746 | Ňěňní       3575/  639 0.06 0.53 0.58 c1 |    1   22     46  1152k    1  55/5   0 | 554802 756093
 18900 |  24    9130 | Ňěňní       3450/  616 0.13 0.55 0.59 c1 |  173   13     13   319k    5  25/11   0 | 541042 827062
 19000 |  31    9194 | Ňěňní       3519/  645 0.13 0.55 0.59 c1 |  173   13     13   319k    6  25/16   0 | 536656 824415
 19100 |  35   10968 | Ňěňní       3576/  627 0.13 0.55 0.60 c1 |   30   12     14   341k    1  17/2   0 | 534937 775518
[peopleSim] AGRICULTURE INVENTED at (140,73) (30.0E -19.5N) — the basin farms; a city will rise when its market gathers one (score 1.32)
 19200 |  39   14207 | Hìuthị̌     3316/  813 0.00 0.25 0.52 c178 |   30   15     15   365k    1  17/2   0 | 532386 767891
 19300 |  43   13431 | Fǒňtụ̌ị    3603/  812 0.61 0.01 0.33 c1 |  417   24     25   642k    4  32/2   3 | 523373 759174
 19400 |  47   13179 | Fǒňtụ̌ị    4216/  958 0.44 0.01 0.33 c1 |  417   23     24   616k    3  22/2   4 | 552185 848099
 19500 |  50   16882 | Yùfpù       5471/  915 0.42 0.10 0.54 c418 |  417   28     28   720k    3  22/2   4 | 536914 747331
 19600 |  52   15436 | Ňǐňpì       4283/  217 0.79 0.03 0.61 c417 |  417   23     23   590k    5  40/2   2 | 468873 724460
 19700 |  52   15334 | Ňǐňpì       4663/  163 0.57 0.03 0.62 c417 |  417   24     57  1465k    9  85/51   1 | 474486 693722
 19800 |  52   17590 | Fọ̄ịkfé    4084/  673 0.04 0.38 0.61 c417 |   30   16     16   392k    4  38/13   1 | 476154 705391
 19900 |  52   12686 | Lánglì      3340/  706 0.36 0.05 0.58 c463 |   30   16     16   391k    4  65/11   0 | 474079 726110
 20000 |  47   10675 | Lánglì      3397/  716 0.25 0.05 0.59 c463 |   30   16     16   391k    5  46/9   0 | 479410 752350
 20100 |  23    8968 | Ňǐňpì       3987/  666 0.22 0.14 0.64 c461 |  463   13     14   361k    2  16/0   0 | 481962 718299
 20200 |  26    7662 | Lánglì      3046/  623 0.13 0.10 0.47 c484 |   44   15     15   363k    1  11/3   0 | 492774 859313
 20300 |  31    7844 | Lánglì      3693/  473 0.09 0.10 0.49 c484 |   44   15     15   363k    2  77/0   1 | 519131 917299
 20400 |  35   11936 | Yùfpù       3696/  688 0.32 0.22 0.63 c484 |  461   23     23   580k    1  48/0   0 | 529869 950766
 20500 |  40   15616 | Ňǐňpì       5302/  577 0.10 0.18 0.66 c461 |  461   29     30   762k    6  33/5   0 | 518587 679509
 20600 |  44   19056 | Ňěňní       4975/  609 0.01 0.56 0.58 c461 |  461   23     23   582k   10  58/8   0 | 506113 760412
 20700 |  46   17303 | Ňěňní       4593/  469 0.17 0.58 0.60 c461 |  461   23     23   582k   10  58/8   0 | 478874 745458
 20800 |  48   17183 | Sǔstù       4227/  572 0.54 0.03 0.66 c599 |  461   22     22   555k   16  40/69   0 | 467191 726040
 20900 |  48   14501 | Sǔstù       4333/  610 0.39 0.03 0.66 c599 |  461   20     20   506k   16  25/65   0 | 473301 892104
 21000 |  48   13955 | Sǔstù       4404/  633 0.28 0.09 0.67 c599 |  461   20     20   506k   16  25/65   0 | 486827 874853
 21100 |  51   11590 | Ňěňní       3043/  526 0.42 0.59 0.64 c461 |  461   17     17   430k   16  29/58   0 | 490619 827094
[transHeap] step=21192 cap=2048 peakN=1104 pushes=7515 (0.0MB backing)
 21200 |  52   12306 | Ňěňní       3262/  508 0.44 0.59 0.65 c461 |  461   19     19   478k   16  29/51   0 | 488947 830267
[peopleSim] AGRICULTURE INVENTED at (111,53) (-13.5E 10.5N) — the basin farms; a city will rise when its market gathers one (score 1.76)
 21300 |  52   11473 | Ňěňní       3266/  517 0.45 0.60 0.66 c461 |  461   19     19   478k   16  29/51   0 | 491600 810759
 21400 |  53   11333 | Ňěňní       2579/  441 0.46 0.60 0.67 c461 |  461   22     22   554k   35  36/139   0 | 509810 827877
 21500 |  54   11617 | Ňěňní       3661/  481 0.40 0.60 0.68 c461 |  611   20     21   532k    7  53/30   0 | 515525 787759
 21600 |  54   11928 | Mǐürụ́      6597/  600 0.02 0.17 0.66 c611 |  663   13     13   315k    3  59/2   0 | 516646 707346
[peopleSim] hearth candidate at (117,23) (-4.5E 55.5N) stood down — the farming package arrived before it was invented
 21700 |  53   10743 | Mǐürụ́      6502/  596 0.24 0.17 0.67 c611 |  663   13     13   315k    5  31/31   0 | 492930 700560
 21800 |  44    9362 | Yùfpù       2913/  223 0.12 0.33 0.49 c611 |  611   20     20   509k    6  84/6   0 | 497104 783556
 21900 |  31    9938 | Yùfpù       5116/  278 0.37 0.36 0.51 c611 |  663   13     13   315k    4  32/3   1 | 501758 896697
 22000 |  34   10057 | Yùfpù       5328/   95 0.55 0.36 0.53 c611 |  663   13     13   315k    2  55/0   1 | 513822 910157
 22100 |  38   12048 | Yùfpù       4584/  458 0.49 0.36 0.54 c611 |  598   26     26   652k    2  65/1   0 | 516808 817988
 22200 |  41   13613 | Mǐürụ́      6291/  728 0.05 0.25 0.69 c598 |  967   12     17   427k    1  -/-   0 | 511402 661372
[peopleSim] hearth candidate at (58,38) (-93.0E 33.0N) stood down — the farming package arrived before it was invented
 22300 |  46   11873 | Mǐürụ́      5717/  654 0.03 0.25 0.70 c598 |  967   12     17   427k    3  23/2   4 | 491257 663195
 22400 |  49    6317 | Yùfpù       1923/  192 0.18 0.39 0.59 c611 |  598   15     15   379k    9  41/16   0 | 483500 928348
 22500 |  46    9568 | Mamomumummu   2856/  468 0.59 0.25 0.75 c663 |  663   20     21   514k    8  42/23   0 | 483640 653545
 22600 |  49    9313 | Mamomumummu   3034/  549 0.56 0.25 0.76 c663 |  663   20     21   514k   11  36/32   0 | 491765 633474
 22700 |  51    9568 | Mamomumummu   2875/  147 0.40 0.25 0.76 c663 |  461   18     18   458k    4  50/5   0 | 476457 630581
 22800 |  51   12409 | Ňěňní       5785/  637 0.01 0.62 0.67 c461 | 1096   19     19   477k    1  -/-   0 | 476316 685026
[peopleSim] hearth candidate at (77,72) (-64.5E -18.0N) stood down — the farming package arrived before it was invented
[peopleSim] hearth candidate at (31,23) (-133.5E 55.5N) stood down — the farming package arrived before it was invented
 22900 |  48   10159 | Sumsusapa     2988/  625 0.00 0.27 0.71 c1096 |  663   16     16   390k   13  36/35   0 | 476599 663958
 23000 |  41    9400 | Sumsusapa     2937/  148 0.24 0.27 0.71 c1096 |  663   16     16   390k   12  48/25   1 | 465637 654063
 23100 |  36   10990 | Sǔstù       3478/  588 0.18 0.33 0.72 c1151 |  663   14     14   340k   12  48/25   1 | 446343 667613
 23200 |  37   11633 | Sǔstù       3960/  538 0.41 0.33 0.72 c1151 |  598   23     25   631k    7  3/15   0 | 442901 671133
 23300 |  41   11685 | Sǔstù       4107/  590 0.58 0.33 0.73 c1151 |  598   23     25   631k    8  43/10   1 | 447435 669807
 23400 |  45   14228 | Ōumrá       3623/  609 0.04 0.18 0.70 c598 |  598   23     26   656k    8  43/10   1 | 449410 674158
 23500 |  47   13112 | Ōumrá       3647/  620 0.03 0.18 0.71 c598 |  598   23     25   632k   10  31/5   3 | 449734 657718
 23600 |  47   11934 | Ōumrá       3587/  174 0.02 0.18 0.72 c598 |  598   23     25   632k    9  100/5   1 | 457576 642705
 23700 |  44   11551 | Ōumrá       3508/  561 0.02 0.22 0.72 c598 |  598   23     26   656k    9  100/5   1 | 420968 626663
 23800 |  44    8460 | Ōumrá       3377/  555 0.01 0.22 0.73 c598 |  598   24     25   632k    8  74/4   0 | 404113 731728
 23900 |  41    7151 | Ōumrá       2975/  498 0.01 0.22 0.73 c598 |  598   24     25   632k    8  38/4   1 | 386488 731343
 24000 |  41    7425 | Ōumrá       3484/  578 0.01 0.26 0.74 c598 | 1159   15     15   378k    0  -/-   0 | 400484 627154
 24100 |  42   10223 | Fùlpū       4285/  649 0.28 0.55 0.76 c2 | 1159   22     22   550k    2  41/0   0 | 408440 639863
 24200 |  34   11292 | Píụịtrụ̀  4866/  647 0.98 0.00 0.76 c1461 | 1159   23     23   574k    3  36/0   2 | 413192 595603
 24300 |  38   11084 | Píụịtrụ̀  4968/  617 0.75 0.03 0.76 c1461 | 1159   23     23   574k    3  36/0   2 | 402623 572772
 24400 |  42    7321 | Mǐupíü      2597/  465 0.19 0.23 0.76 c1159 | 1159   20     21   527k    4  101/15   1 | 390592 647739
 24500 |  42    6165 | Sumsusapa     2323/  442 0.01 0.40 0.62 c1159 | 1159   17     17   427k    5  78/38   0 | 374627 837427
 24600 |  41    5805 | Sumsusapa     2421/  492 0.01 0.42 0.65 c1159 | 1159   17     17   427k    5  78/38   0 | 380726 823969
 24700 |  43    6607 | Sumsusapa     2863/  487 0.01 0.42 0.67 c1159 | 1085   14     14   356k    3  45/0   0 | 405463 660894
 24800 |  42    7356 | Líụňākò   4154/  591 0.13 0.06 0.77 c1085 | 1085   19     19   476k    4  26/36   4 | 411865 602777
 24900 |  35    7024 | Líụňākò   4040/  567 0.09 0.12 0.77 c1085 | 1085   19     19   476k    4  26/36   4 | 410178 586574
 25000 |  38    5282 | Ōumrá       1757/  391 0.09 0.35 0.78 c1085 | 1085   19     19   478k    3  30/1   2 | 411290 799883

=== THE EVENT LOG, EGYPT BOX, steps 9000+ (the sim's own record — not inferred) ===
  -- complete type histogram (2988 events; the listing below may truncate) --
       939  settlement.founded
       491  war.began
       301  settlement.abandoned
       277  war.ended
       129  settlement.dissolved
       102  polity.submitted
        94  market.dearth
        84  plague.outbreak
        83  war.indemnity
        79  settlement.withered
        63  polity.ended
        62  settlement.tier
        58  settlement.annexed
        50  polity.seceded
        40  succession.crisis
        38  polity.shattered
        36  famine.struck
        18  polity.receded
        15  settlement.lapsed
        13  town.planted
         6  polity.restored
         5  polity.founded
         4  slave.revolt
         1  plague.virginSoil
   13500  settlement.founded     s=1 sName=Ňěňní kind=cradle
          └ Ňěňní was founded at the dawn of civilisation.
   13500  settlement.founded     s=1 sName=Ňěňní city=1
          └ The city of Ňěňní arose.
   13500  settlement.founded     s=2 sName=Fùlpū kind=crystallized
          └ Fùlpū was founded.
   13500  settlement.founded     s=2 sName=Fùlpū city=1
          └ The city of Fùlpū arose.
   13525  settlement.founded     s=3 sName=Kèňtọ̄ị kind=crystallized
          └ Kèňtọ̄ị was founded.
   13525  settlement.founded     s=3 sName=Kèňtọ̄ị city=1
          └ The city of Kèňtọ̄ị arose.
   13537  settlement.tier        s=2 sName=Fùlpū
          └ Fùlpū grew into a metropolis (408,000 souls).
   13550  settlement.founded     s=4 sName=Fōnfǐu kind=crystallized
          └ Fōnfǐu was founded.
   13550  settlement.founded     s=4 sName=Fōnfǐu city=1
          └ The city of Fōnfǐu arose.
   13573  market.dearth          s=2 sName=Fùlpū
          └ Dearth in Fùlpū — bread at famine prices in the market.
   13575  settlement.founded     s=5 sName=Nāthị̌ kind=crystallized
          └ Nāthị̌ was founded.
   13575  settlement.founded     s=5 sName=Nāthị̌ city=1
          └ The city of Nāthị̌ arose.
   13592  market.dearth          s=1 sName=Ňěňní
          └ Dearth in Ňěňní — bread at famine prices in the market.
   13600  settlement.founded     s=6 sName=Lǎxkòu kind=crystallized
          └ Lǎxkòu was founded.
   13600  settlement.founded     s=6 sName=Lǎxkòu city=1
          └ The city of Lǎxkòu arose.
   13625  settlement.founded     s=8 sName=Sǔsfá kind=crystallized
          └ Sǔsfá was founded.
   13625  settlement.founded     s=8 sName=Sǔsfá city=1
          └ The city of Sǔsfá arose.
   13650  settlement.founded     s=9 sName=Fǒptàị kind=crystallized
          └ Fǒptàị was founded.
   13650  settlement.founded     s=9 sName=Fǒptàị city=1
          └ The city of Fǒptàị arose.
   13667  settlement.tier        s=1 sName=Ňěňní
          └ Ňěňní grew into a metropolis (335,000 souls).
   13675  settlement.founded     s=10 sName=Ňúpīkò kind=crystallized
          └ Ňúpīkò was founded.
   13675  settlement.founded     s=10 sName=Ňúpīkò city=1
          └ The city of Ňúpīkò arose.
   13700  settlement.founded     s=11 sName=Ňǐlňà kind=crystallized
          └ Ňǐlňà was founded.
   13700  settlement.founded     s=11 sName=Ňǐlňà city=1
          └ The city of Ňǐlňà arose.
   13725  settlement.founded     s=12 sName=Xòufpù kind=crystallized
          └ Xòufpù was founded.
   13725  settlement.founded     s=12 sName=Xòufpù city=1
          └ The city of Xòufpù arose.
   13750  settlement.founded     s=13 sName=Lǎlpù kind=crystallized
          └ Lǎlpù was founded.
   13750  settlement.founded     s=13 sName=Lǎlpù city=1
          └ The city of Lǎlpù arose.
   13775  settlement.founded     s=14 sName=Tàstù kind=crystallized
          └ Tàstù was founded.
   13775  settlement.founded     s=14 sName=Tàstù city=1
          └ The city of Tàstù arose.
   13800  settlement.founded     s=15 sName=Ňěxkòu kind=crystallized
          └ Ňěxkòu was founded.
   13800  settlement.founded     s=15 sName=Ňěxkòu city=1
          └ The city of Ňěxkòu arose.
   13825  settlement.founded     s=16 sName=Nīpsē kind=crystallized
          └ Nīpsē was founded.
   13825  settlement.founded     s=16 sName=Nīpsē city=1
          └ The city of Nīpsē arose.
   13850  settlement.founded     s=17 sName=Lẹ́fị̌kú kind=crystallized
          └ Lẹ́fị̌kú was founded.
   13850  settlement.founded     s=17 sName=Lẹ́fị̌kú city=1
          └ The city of Lẹ́fị̌kú arose.
   13875  settlement.founded     s=18 sName=Fōnfǐu kind=crystallized
          └ Fōnfǐu was founded.
   13875  settlement.founded     s=18 sName=Fōnfǐu city=1
          └ The city of Fōnfǐu arose.
   13900  settlement.founded     s=19 sName=Hǐlhụ̌ kind=crystallized
          └ Hǐlhụ̌ was founded.
   13900  settlement.founded     s=19 sName=Hǐlhụ̌ city=1
          └ The city of Hǐlhụ̌ arose.
   13925  settlement.founded     s=20 sName=Xóuňpì kind=crystallized
          └ Xóuňpì was founded.
   13925  settlement.founded     s=20 sName=Xóuňpì city=1
          └ The city of Xóuňpì arose.
   13950  settlement.founded     s=21 sName=Lá kind=crystallized
          └ Lá was founded.
   13950  settlement.founded     s=21 sName=Lá city=1
          └ The city of Lá arose.
   13975  settlement.founded     s=22 sName=Lụ́ňpì kind=crystallized
          └ Lụ́ňpì was founded.
   13975  settlement.founded     s=22 sName=Lụ́ňpì city=1
          └ The city of Lụ́ňpì arose.
   14000  settlement.founded     s=23 sName=Mīnglì kind=crystallized
          └ Mīnglì was founded.
   14000  settlement.founded     s=23 sName=Mīnglì city=1
          └ The city of Mīnglì arose.
   14025  settlement.founded     s=24 sName=Ňúpī kind=crystallized
          └ Ňúpī was founded.
   14025  settlement.founded     s=24 sName=Ňúpī city=1
          └ The city of Ňúpī arose.
   14050  settlement.founded     s=25 sName=Lǎtlà kind=crystallized
          └ Lǎtlà was founded.
   14050  settlement.founded     s=25 sName=Lǎtlà city=1
          └ The city of Lǎtlà arose.
   14075  settlement.founded     s=26 sName=Xòutà kind=crystallized
          └ Xòutà was founded.
   14075  settlement.founded     s=26 sName=Xòutà city=1
          └ The city of Xòutà arose.
   14250  settlement.founded     s=27 sName=Fòutrọ̌ị kind=crystallized
          └ Fòutrọ̌ị was founded.
   14250  settlement.founded     s=27 sName=Fòutrọ̌ị city=1
          └ The city of Fòutrọ̌ị arose.
   14407  market.dearth          s=2 sName=Fùlpū
          └ Dearth in Fùlpū — bread at famine prices in the market.
   14425  settlement.founded     s=28 sName=Pọ̄ịtrọ́ịkò kind=crystallized
          └ Pọ̄ịtrọ́ịkò was founded.
   14425  settlement.founded     s=28 sName=Pọ̄ịtrọ́ịkò city=1
          └ The city of Pọ̄ịtrọ́ịkò arose.
   14426  market.dearth          s=1 sName=Ňěňní
          └ Dearth in Ňěňní — bread at famine prices in the market.
   14525  settlement.founded     s=30 sName=Họ̄ịkú kind=crystallized
          └ Họ̄ịkú was founded.
   14525  settlement.founded     s=30 sName=Sogyoepa city=1
          └ The city of Sogyoepa arose.
   14550  settlement.founded     s=31 sName=Omomessi kind=crystallized
          └ Omomessi was founded.
   14550  settlement.founded     s=31 sName=Omomessi city=1
          └ The city of Omomessi arose.
   14575  settlement.founded     s=32 sName=Dumomoi kind=crystallized
          └ Dumomoi was founded.
   14575  settlement.founded     s=32 sName=Dumomoi city=1
          └ The city of Dumomoi arose.
   14600  settlement.founded     s=33 sName=Dosudu kind=crystallized
          └ Dosudu was founded.
   14600  settlement.founded     s=33 sName=Dosudu city=1
          └ The city of Dosudu arose.
   14625  settlement.founded     s=34 sName=Umkyoi kind=crystallized
          └ Umkyoi was founded.
   14625  settlement.founded     s=34 sName=Umkyoi city=1
          └ The city of Umkyoi arose.
   14625  settlement.founded     s=35 sName=Sùlhụ̌ kind=crystallized
          └ Sùlhụ̌ was founded.
   14625  settlement.founded     s=35 sName=Sùlhụ̌ city=1
          └ The city of Sùlhụ̌ arose.
   14650  settlement.founded     s=36 sName=Rimmopuiky kind=crystallized
          └ Rimmopuiky was founded.
   14650  settlement.founded     s=36 sName=Rimmopuiky city=1
          └ The city of Rimmopuiky arose.
   14675  settlement.founded     s=37 sName=Mumommoe kind=crystallized
          └ Mumommoe was founded.
   14675  settlement.founded     s=37 sName=Mumommoe city=1
          └ The city of Mumommoe arose.
   14700  settlement.founded     s=38 sName=Nokyopa kind=crystallized
          └ Nokyopa was founded.
   14700  settlement.founded     s=38 sName=Nokyopa city=1
          └ The city of Nokyopa arose.
   14725  settlement.founded     s=39 sName=Bommodu kind=crystallized
          └ Bommodu was founded.
   14725  settlement.founded     s=39 sName=Bommodu city=1
          └ The city of Bommodu arose.
   14750  settlement.founded     s=40 sName=Pomponsomdu kind=crystallized
          └ Pomponsomdu was founded.
   14750  settlement.founded     s=40 sName=Pomponsomdu city=1
          └ The city of Pomponsomdu arose.
   14775  settlement.founded     s=41 sName=Togyomuky kind=crystallized
          └ Togyomuky was founded.
   14775  settlement.founded     s=41 sName=Togyomuky city=1
          └ The city of Togyomuky arose.
   14800  settlement.founded     s=42 sName=Tàịňnī kind=crystallized
          └ Tàịňnī was founded.
   14800  settlement.founded     s=42 sName=Tàịňnī city=1
          └ The city of Tàịňnī arose.
   14950  settlement.founded     s=43 sName=Hóuptàị kind=crystallized
          └ Hóuptàị was founded.
   14950  settlement.founded     s=43 sName=Hóuptàị city=1
          └ The city of Hóuptàị arose.
   15075  settlement.founded     s=44 sName=Pismoe kind=crystallized
          └ Pismoe was founded.
   15075  settlement.founded     s=44 sName=Pismoe city=1
          └ The city of Pismoe arose.
   15100  settlement.founded     s=45 sName=Sùňní kind=crystallized
          └ Sùňní was founded.
   15100  settlement.founded     s=45 sName=Sùňní city=1
          └ The city of Sùňní arose.
   15187  polity.seceded         from=1 fromName=Ňěňní
          └ Broke away from Ňěňní in a war of secession.
   15195  settlement.dissolved   s=5 why=core sName=Nāthị̌
          └ Nāthị̌ faded back into the countryside.
   15196  settlement.dissolved   s=4 why=core sName=Fōnfǐu
          └ Fōnfǐu faded back into the countryside.
   15197  settlement.dissolved   s=3 why=core sName=Kèňtọ̄ị
          └ Kèňtọ̄ị faded back into the countryside.
   15225  settlement.founded     s=47 sName=Sǐlāị kind=crystallized
          └ Sǐlāị was founded.
   15225  settlement.founded     s=47 sName=Sǐlāị city=1
          └ The city of Sǐlāị arose.
   15241  market.dearth          s=2 sName=Fùlpū
          └ Dearth in Fùlpū — bread at famine prices in the market.
   15250  settlement.founded     s=48 sName=Fòuňpì kind=crystallized
          └ Fòuňpì was founded.
   15250  settlement.founded     s=48 sName=Fòuňpì city=1
          └ The city of Fòuňpì arose.
   15260  market.dearth          s=1 sName=Ňěňní
          └ Dearth in Ňěňní — bread at famine prices in the market.
   15275  settlement.founded     s=49 sName=Nātlà kind=crystallized
          └ Nātlà was founded.
   15275  settlement.founded     s=49 sName=Nātlà city=1
          └ The city of Nātlà arose.
   15300  settlement.founded     s=50 sName=Fọ̄ịkfé kind=crystallized
          └ Fọ̄ịkfé was founded.
   15300  settlement.founded     s=50 sName=Fọ̄ịkfé city=1
          └ The city of Fọ̄ịkfé arose.
   15360  settlement.founded     s=52 sName=Tị̄lākú kind=planted
          └ Tị̄lākú was founded.
   15360  town.planted           s=52 sName=Tị̄lākú
          └ The crown chartered Tị̄lākú to govern the countryside.
   15386  settlement.dissolved   s=14 why=core sName=Tàstù
          └ Tàstù faded back into the countryside.
   15387  settlement.dissolved   s=13 why=core sName=Lǎlpù
          └ Lǎlpù faded back into the countryside.
   15388  settlement.dissolved   s=12 why=core sName=Xòufpù
          └ Xòufpù faded back into the countryside.
   15389  settlement.dissolved   s=11 why=core sName=Ňǐlňà
          └ Ňǐlňà faded back into the countryside.
   15390  settlement.dissolved   s=10 why=core sName=Ňúpīkò
          └ Ňúpīkò faded back into the countryside.
   15391  settlement.dissolved   s=9 why=core sName=Fǒptàị
          └ Fǒptàị faded back into the countryside.
   15392  settlement.dissolved   s=8 why=core sName=Sǔsfá
          └ Sǔsfá faded back into the countryside.
   15394  settlement.dissolved   s=6 why=core sName=Lǎxkòu
          └ Lǎxkòu faded back into the countryside.
   15400  famine.struck          
          └ A famine gripped the land.
   15400  famine.struck          
          └ A famine gripped the land.
   15400  famine.struck          
          └ A famine gripped the land.
   15400  famine.struck          
          └ A famine gripped the land.
   15400  famine.struck          
          └ A famine gripped the land.
   15400  famine.struck          
          └ A famine gripped the land.
   15400  settlement.founded     s=54 sName=Fị̀lpì city=1
          └ The city of Fị̀lpì arose.
   15408  settlement.lapsed      s=52 sName=Tị̄lākú from=2 fromName=Fùlpū
          └ Tị̄lākú slipped free of Fùlpū.
   15408  polity.receded         s=52 n=1 sName=Tị̄lākú name=Fùlpū
          └ The grip of Fùlpū failed, and the marches beyond Tị̄lākú were left to their own devices.
   15408  polity.founded         how=frontier from=-1 name=Tị̄lākú
          └ Tị̄lākú declared itself a sovereign realm.
   15409  settlement.tier        s=52 sName=Tị̄lākú
          └ Tị̄lākú grew into a city (77,000 souls).
   15425  settlement.founded     s=55 sName=Lụ́ltù kind=crystallized
          └ Lụ́ltù was founded.
   15425  settlement.founded     s=55 sName=Lụ́ltù city=1
          └ The city of Lụ́ltù arose.
   15450  settlement.founded     s=57 sName=Nǐnfǐu kind=crystallized
          └ Nǐnfǐu was founded.
   15450  settlement.founded     s=57 sName=Nǐnfǐu city=1
          └ The city of Nǐnfǐu arose.
   15450  war.began              from=1 to=29 name=Ňěňní
          └ Marched to war against Pomponsomsyus.
   15475  settlement.founded     s=59 sName=Fōntà kind=crystallized
          └ Fōntà was founded.
   15475  settlement.founded     s=59 sName=Fōntà city=1
          └ The city of Fōntà arose.
   15475  settlement.founded     s=60 sName=Nāxkòu city=1
          └ The city of Nāxkòu arose.
   15487  polity.seceded         from=29 fromName=Pomponsomsyus
          └ Broke away from Pomponsomsyus in a war of secession.
   15500  settlement.founded     s=61 sName=Fị̀lhụ̌ kind=crystallized
          └ Fị̀lhụ̌ was founded.
   15500  settlement.founded     s=61 sName=Fị̀lhụ̌ city=1
          └ The city of Fị̀lhụ̌ arose.
   15500  settlement.founded     s=62 sName=Pọ́fpù city=1
          └ The city of Pọ́fpù arose.
   15500  war.began              from=29 to=1 name=Pomponsomsyus
          └ Marched to war against Ňěňní.
   15525  settlement.founded     s=64 sName=Túrọ̀ kind=crystallized
          └ Túrọ̀ was founded.
   15525  settlement.founded     s=64 sName=Túrọ̀ city=1
          └ The city of Túrọ̀ arose.
   15525  settlement.founded     s=65 sName=Ňělhụ̌ city=1
          └ The city of Ňělhụ̌ arose.
   15550  settlement.founded     s=66 sName=Lènūrọ̀ kind=crystallized
          └ Lènūrọ̀ was founded.
   15550  settlement.founded     s=66 sName=Lènūrọ̀ city=1
          └ The city of Lènūrọ̀ arose.
   15550  settlement.founded     s=67 sName=Lóupíkò city=1
          └ The city of Lóupíkò arose.
   15550  war.began              from=1 to=50 name=Ňěňní
          └ Marched to war against Fọ̄ịkfélěā.
   15550  war.began              from=54 to=50 name=Fị̀lpìlě
          └ Marched to war against Fọ̄ịkfélěā.
   15553  settlement.tier        s=54 sName=Fị̀lpì
          └ Fị̀lpì grew into a metropolis (946,000 souls).
   15571  market.dearth          s=50 sName=Fọ̄ịkfé
          └ Dearth in Fọ̄ịkfé — bread at famine prices in the market.
   15575  settlement.founded     s=68 sName=Nèlērọ̀ kind=crystallized
          └ Nèlērọ̀ was founded.
   15575  settlement.founded     s=68 sName=Nèlērọ̀ city=1
          └ The city of Nèlērọ̀ arose.
   15575  settlement.founded     s=69 sName=Xóultù city=1
          └ The city of Xóultù arose.
   15578  settlement.dissolved   s=22 why=core sName=Lụ́ňpì
          └ Lụ́ňpì faded back into the countryside.
   15579  settlement.dissolved   s=21 why=core sName=Lá
          └ Lá faded back into the countryside.
   15580  settlement.dissolved   s=20 why=core sName=Xóuňpì
          └ Xóuňpì faded back into the countryside.
   15581  settlement.dissolved   s=19 why=core sName=Hǐlhụ̌
          └ Hǐlhụ̌ faded back into the countryside.
   15582  settlement.dissolved   s=18 why=core sName=Fōnfǐu
          └ Fōnfǐu faded back into the countryside.
   15583  settlement.dissolved   s=17 why=core sName=Lẹ́fị̌kú
          └ Lẹ́fị̌kú faded back into the countryside.
   15584  settlement.dissolved   s=16 why=core sName=Nīpsē
          └ Nīpsē faded back into the countryside.
   15585  settlement.dissolved   s=15 why=core sName=Ňěxkòu
          └ Ňěxkòu faded back into the countryside.
   15600  settlement.founded     s=70 sName=Nị̀ppè kind=crystallized
          └ Nị̀ppè was founded.
   15600  settlement.founded     s=70 sName=Nị̀ppè city=1
          └ The city of Nị̀ppè arose.
   15600  settlement.founded     s=71 sName=Ngǎịstù city=1
          └ The city of Ngǎịstù arose.
   15600  war.began              from=1 to=60 name=Ňěňní
          └ Marched to war against Nāxkòulě.
   15600  war.began              from=52 to=60 name=Tị̄lākú
          └ Marched to war against Nāxkòulě.
   15625  settlement.founded     s=72 sName=Ommosommosoe kind=crystallized
          └ Ommosommosoe was founded.
   15625  settlement.founded     s=72 sName=Ommosommosoe city=1
          └ The city of Ommosommosoe arose.
   15625  settlement.founded     s=73 sName=Kèhsē kind=crystallized
          └ Kèhsē was founded.
   15625  settlement.founded     s=73 sName=Kèhsē city=1
          └ The city of Kèhsē arose.
   15625  settlement.founded     s=74 sName=Fọ̌ịmpéü city=1
          └ The city of Fọ̌ịmpéü arose.
   15637  polity.submitted       how=submission to=54 toName=Fị̀lpìlě name=Xụ́ppèlěā
          └ Facing hopeless odds, the court of Xụ́ppèlěā bowed to Fị̀lpìlě — keeping its throne at the price of tribute.
   15650  settlement.founded     s=75 sName=Pụ̌mpéü kind=crystallized
          └ Pụ̌mpéü was founded.
   15650  settlement.founded     s=75 sName=Pụ̌mpéü city=1
          └ The city of Pụ̌mpéü arose.
   15650  settlement.founded     s=76 sName=Lǎppè city=1
          └ The city of Lǎppè arose.
   15650  war.began              from=1 to=30 name=Ňěňní
          └ Marched to war against Sogyoepasyus.
   15675  settlement.founded     s=77 sName=Pōukú kind=crystallized
          └ Pōukú was founded.
   15675  settlement.founded     s=77 sName=Pōukú city=1
          └ The city of Pōukú arose.
   15675  settlement.founded     s=78 sName=Kẹ́ city=1
          └ The city of Kẹ́ arose.
   15697  settlement.tier        s=60 sName=Nāxkòu
          └ Nāxkòu grew into a metropolis (977,000 souls).
   15699  market.dearth          s=30 sName=Sogyoepa
          └ Dearth in Sogyoepa — bread at famine prices in the market.
   15700  settlement.founded     s=79 sName=Fúkú kind=crystallized
          └ Fúkú was founded.
   15700  settlement.founded     s=79 sName=Fúkú city=1
          └ The city of Fúkú arose.
   15700  settlement.founded     s=80 sName=Pụ́tlà city=1
          └ The city of Pụ́tlà arose.
   15700  war.began              from=1 to=72 name=Ňěňní
          └ Marched to war against Ommosommosoesyusa.
   15715  market.dearth          s=59 sName=Fōntà
          └ Dearth in Fōntà — bread at famine prices in the market.
   15725  settlement.founded     s=82 sName=Kètlà kind=crystallized
          └ Kètlà was founded.
   15725  settlement.founded     s=82 sName=Kètlà city=1
          └ The city of Kètlà arose.
   15725  settlement.founded     s=83 sName=Fǒlpù city=1
          └ The city of Fǒlpù arose.
   15750  settlement.founded     s=84 sName=Yókò kind=crystallized
          └ Yókò was founded.
   15750  settlement.founded     s=84 sName=Yókò city=1
          └ The city of Yókò arose.
   15750  settlement.founded     s=85 sName=Tǎkú city=1
          └ The city of Tǎkú arose.
   15774  settlement.dissolved   s=26 why=core sName=Xòutà
          └ Xòutà faded back into the countryside.
   15775  settlement.dissolved   s=25 why=core sName=Lǎtlà
          └ Lǎtlà faded back into the countryside.
   15775  settlement.founded     s=86 sName=Ètlà kind=crystallized
          └ Ètlà was founded.
   15775  settlement.founded     s=86 sName=Ètlà city=1
          └ The city of Ètlà arose.
   15775  settlement.founded     s=87 sName=Xụ̀nfǐu city=1
          └ The city of Xụ̀nfǐu arose.
   15776  settlement.dissolved   s=24 why=core sName=Ňúpī
          └ Ňúpī faded back into the countryside.
   15777  settlement.dissolved   s=23 why=core sName=Mīnglì
          └ Mīnglì faded back into the countryside.
   15795  settlement.tier        s=59 sName=Fōntà
          └ Fōntà grew into a metropolis (783,000 souls).
   15800  settlement.founded     s=88 sName=Ňụ̄kò kind=crystallized
          └ Ňụ̄kò was founded.
   15800  settlement.founded     s=88 sName=Ňụ̄kò city=1
          └ The city of Ňụ̄kò arose.
   15800  settlement.founded     s=89 sName=Kètrọ̌ị city=1
          └ The city of Kètrọ̌ị arose.
   15800  polity.shattered       s=72 sName=Ommosommosoe to=1 toName=Ňěňní
          └ Its capital Ommosommosoe fell to Ňěňní — the realm collapsed.
   15800  polity.ended           how=conquest byName=Ňěňní name=Ommosommosoesyusa
          └ Fell to Ňěňní and was erased from the map.
   15825  settlement.founded     s=90 sName=Pīuyórọ̀ kind=crystallized
          └ Pīuyórọ̀ was founded.
   15825  settlement.founded     s=90 sName=Pīuyórọ̀ city=1
          └ The city of Pīuyórọ̀ arose.
   15825  settlement.founded     s=91 sName=Èňtọ̄ị city=1
          └ The city of Èňtọ̄ị arose.
   15840  settlement.founded     s=92 sName=Nāxsē kind=planted
          └ Nāxsē was founded.
   15840  town.planted           s=92 sName=Nāxsē
          └ The crown planted Nāxsē to hold the march.
   15841  settlement.tier        s=50 sName=Fọ̄ịkfé
          └ Fọ̄ịkfé grew into a metropolis (682,000 souls).
   15850  settlement.founded     s=93 sName=Ètlà kind=crystallized
          └ Ètlà was founded.
   15850  settlement.founded     s=93 sName=Ètlà city=1
          └ The city of Ètlà arose.
   15850  settlement.founded     s=94 sName=Pēüffìkú city=1
          └ The city of Pēüffìkú arose.
   15850  war.began              from=29 to=30 name=Pomponsomsyus
          └ Marched to war against Sogyoepasyus as the succession failed.
   15850  war.began              from=30 to=1 name=Sogyoepasyus
          └ Marched to war against Ňěňní.
   15875  settlement.founded     s=96 sName=Lǎptàị kind=crystallized
          └ Lǎptàị was founded.
   15875  settlement.founded     s=96 sName=Lǎptàị city=1
          └ The city of Lǎptàị arose.
   15875  settlement.founded     s=97 sName=Kètrọ̌ị city=1
          └ The city of Kètrọ̌ị arose.
   15900  settlement.founded     s=99 sName=Ǎịmràkò kind=crystallized
          └ Ǎịmràkò was founded.
   15900  settlement.founded     s=99 sName=Ǎịmràkò city=1
          └ The city of Ǎịmràkò arose.
   15900  settlement.founded     s=100 sName=Kóttà city=1
          └ The city of Kóttà arose.
   15925  settlement.founded     s=103 sName=Nèrọ̀ kind=crystallized
          └ Nèrọ̀ was founded.
   15925  settlement.founded     s=103 sName=Nèrọ̀ city=1
          └ The city of Nèrọ̀ arose.
   15925  settlement.founded     s=104 sName=Sǎrọ́ị city=1
          └ The city of Sǎrọ́ị arose.
   15937  polity.seceded         from=60 fromName=Nāxkòulě
          └ Broke away from Nāxkòulě in a war of secession.
   15950  settlement.founded     s=105 sName=Hǐňsē kind=crystallized
          └ Hǐňsē was founded.
   15950  settlement.founded     s=105 sName=Hǐňsē city=1
          └ The city of Hǐňsē arose.
   15950  settlement.founded     s=106 sName=Nǔfīu city=1
          └ The city of Nǔfīu arose.
   15950  war.ended              how=siegeLifted to=30 toName=Sogyoepasyus name=Ňěňní
          └ The war with Ňěňní ended.
   15973  settlement.dissolved   s=27 why=core sName=Fòutrọ̌ị
          └ Fòutrọ̌ị faded back into the countryside.
   15975  settlement.founded     s=107 sName=Lụ̄kfé kind=crystallized
          └ Lụ̄kfé was founded.
   15975  settlement.founded     s=107 sName=Lụ̄kfé city=1
          └ The city of Lụ̄kfé arose.
   15985  settlement.tier        s=30 sName=Sogyoepa
          └ Sogyoepa grew into a metropolis (664,000 souls).
   16000  settlement.founded     s=108 sName=Ǎịmràrọ̀ kind=crystallized
          └ Ǎịmràrọ̀ was founded.
   16000  settlement.founded     s=108 sName=Ǎịmràrọ̀ city=1
          └ The city of Ǎịmràrọ̀ arose.
   16025  settlement.founded     s=109 sName=Láị kind=crystallized
          └ Láị was founded.
   16025  settlement.founded     s=109 sName=Láị city=1
          └ The city of Láị arose.
   16050  settlement.founded     s=110 sName=Èňlà kind=crystallized
          └ Èňlà was founded.
   16050  settlement.founded     s=110 sName=Èňlà city=1
          └ The city of Èňlà arose.
   16050  settlement.founded     s=111 sName=Tǐurọ̀ city=1
          └ The city of Tǐurọ̀ arose.
   16075  market.dearth          s=2 sName=Fùlpū
          └ Dearth in Fùlpū — bread at famine prices in the market.
   16087  polity.submitted       how=union to=59 toName=Fōntàlě name=Fọ̄ịkfélěā
          └ In the troubles of the succession, the court of Fọ̄ịkfélěā joined its crown to Fōntàlě — one senior throne, two realms.
   16094  market.dearth          s=1 sName=Ňěňní
          └ Dearth in Ňěňní — bread at famine prices in the market.
   16100  war.began              from=60 to=1 name=Nāxkòulě
          └ Marched to war against Ňěňní.
   16100  war.began              from=1 to=59 name=Ňěňní
          └ Marched to war against Fōntàlě.
   16125  settlement.founded     s=112 sName=Ňèstù city=1
          └ The city of Ňèstù arose.
   16129  settlement.tier        s=89 sName=Kètrọ̌ị
          └ Kètrọ̌ị grew into a metropolis (865,000 souls).
   16150  war.began              from=30 to=29 name=Sogyoepasyus
          └ Marched to war against Pomponsomsyus.
   16150  war.began              from=1 to=110 name=Ňěňní
          └ Marched to war against Èňlàlěā.
   16150  war.began              from=111 to=110 name=Tǐurọ̀lěā
          └ Marched to war against Èňlàlěā.
   16150  war.began              from=60 to=52 name=Nāxkòulě
          └ Marched to war against Tị̄lākú.
   16169  settlement.dissolved   s=31 why=core sName=Omomessi
          └ Omomessi faded back into the countryside.
   16172  settlement.dissolved   s=28 why=core sName=Pọ̄ịtrọ́ịkò
          └ Pọ̄ịtrọ́ịkò faded back into the countryside.
   16200  plague.outbreak        s=1 sName=Ňěňní
          └ Plague broke out in Ňěňní and swept through the realm.
   16200  settlement.founded     s=114 sName=Tommodumomoi kind=crystallized
          └ Tommodumomoi was founded.
   16200  settlement.founded     s=114 sName=Tommodumomoi city=1
          └ The city of Tommodumomoi arose.
   16200  settlement.founded     s=115 sName=Ǔltǔrọ̀ kind=crystallized
          └ Ǔltǔrọ̀ was founded.
   16200  settlement.founded     s=115 sName=Ǔltǔrọ̀ city=1
          └ The city of Ǔltǔrọ̀ arose.
   16200  war.began              from=60 to=110 name=Nāxkòulě
          └ Marched to war against Èňlàlěā.
   16225  settlement.founded     s=116 sName=Pemowumkyoi kind=crystallized
          └ Pemowumkyoi was founded.
   16225  settlement.founded     s=116 sName=Pemowumkyoi city=1
          └ The city of Pemowumkyoi arose.
   16237  war.ended              how=submission to=30 toName=Sogyoepasyus name=Pomponsomsyus
          └ The war with Pomponsomsyus ended; some 2 soldiers never came home.
   16237  polity.submitted       how=submission to=30 toName=Sogyoepasyus name=Pomponsomsyus
          └ Facing hopeless odds, the court of Pomponsomsyus bowed to Sogyoepasyus — keeping its throne at the price of tribute.
   16273  settlement.tier        s=110 sName=Èňlà
          └ Èňlà grew into a metropolis (720,000 souls).
   16273  settlement.tier        s=111 sName=Tǐurọ̀
          └ Tǐurọ̀ grew into a metropolis (781,000 souls).
   16291  market.dearth          s=110 sName=Èňlà
          └ Dearth in Èňlà — bread at famine prices in the market.
   16300  war.began              from=52 to=110 name=Tị̄lākú
          └ Marched to war against Èňlàlěā.
   16320  settlement.founded     s=117 sName=Kòffí kind=planted
          └ Kòffí was founded.
   16320  town.planted           s=117 sName=Kòffí
          └ The crown chartered Kòffí to govern the countryside.
   16334  succession.crisis      name=Èňlàlěā
          └ The royal line failed — an interregnum of rival claimants.
   16350  war.ended              how=siegeLifted to=110 toName=Èňlàlěā name=Ňěňní
          └ The war with Ňěňní ended.
   16360  settlement.dissolved   s=40 why=core sName=Pomponsomdu
          └ Pomponsomdu faded back into the countryside.
   16361  settlement.dissolved   s=39 why=core sName=Bommodu
          └ Bommodu faded back into the countryside.
   16362  settlement.dissolved   s=38 why=core sName=Nokyopa
          └ Nokyopa faded back into the countryside.
   16363  settlement.dissolved   s=37 why=core sName=Mumommoe
          └ Mumommoe faded back into the countryside.
   16364  settlement.dissolved   s=36 why=core sName=Rimmopuiky
          └ Rimmopuiky faded back into the countryside.
   16365  settlement.dissolved   s=35 why=core sName=Sùlhụ̌
          └ Sùlhụ̌ faded back into the countryside.
   16366  settlement.dissolved   s=34 why=core sName=Umkyoi
          └ Umkyoi faded back into the countryside.
   16367  settlement.dissolved   s=33 why=core sName=Dosudu
          └ Dosudu faded back into the countryside.
   16368  settlement.dissolved   s=32 why=core sName=Dumomoi
          └ Dumomoi faded back into the countryside.
   16375  settlement.founded     s=120 sName=Epem kind=crystallized
          └ Epem was founded.
   16375  settlement.founded     s=120 sName=Epem city=1
          └ The city of Epem arose.
   16375  settlement.founded     s=121 sName=Ngàịtsī kind=crystallized
          └ Ngàịtsī was founded.
   16375  settlement.founded     s=121 sName=Ngàịtsī city=1
          └ The city of Ngàịtsī arose.
   16387  settlement.annexed     s=29 sName=Pomponsom from=29 fromName=Pomponsomsyus to=30 toName=Sogyoepasyus
          └ Peacefully absorbed Pomponsom from Pomponsomsyus.
   16387  settlement.annexed     s=41 sName=Togyomuky from=29 fromName=Pomponsomsyus to=30 toName=Sogyoepasyus
          └ Peacefully absorbed Togyomuky from Pomponsomsyus.
   16387  polity.ended           how=integrated byName=Sogyoepasyus name=Pomponsomsyus
          └ Dissolved — its last cities scattered or fell silent.
   16387  polity.seceded         from=30 fromName=Sogyoepasyus
          └ Broke away from Sogyoepasyus in a war of secession.
   16400  settlement.founded     s=124 sName=Ommosommosoe kind=crystallized
          └ Ommosommosoe was founded.
   16400  settlement.founded     s=124 sName=Ommosommosoe city=1
          └ The city of Ommosommosoe arose.
   16400  settlement.founded     s=125 sName=Nị̀trụ̄ị kind=crystallized
          └ Nị̀trụ̄ị was founded.
   16400  settlement.founded     s=125 sName=Nị̀trụ̄ị city=1
          └ The city of Nị̀trụ̄ị arose.
   16400  war.began              from=110 to=111 name=Èňlàlěā
          └ Marched to war against Tǐurọ̀lěā.
   16400  war.ended              how=siegeLifted to=111 toName=Tǐurọ̀lěā name=Èňlàlěā
          └ The war with Èňlàlěā ended.
   16400  war.ended              how=siegeLifted to=110 toName=Èňlàlěā name=Nāxkòulě
          └ The war with Nāxkòulě ended.
   16405  market.dearth          s=50 sName=Fọ̄ịkfé
          └ Dearth in Fọ̄ịkfé — bread at famine prices in the market.
   16416  settlement.lapsed      s=117 sName=Kòffí from=52 fromName=Tị̄lākú
          └ Kòffí slipped free of Tị̄lākú.
   16416  polity.receded         s=117 n=1 sName=Kòffí name=Tị̄lākú
          └ The grip of Tị̄lākú failed, and the marches beyond Kòffí were left to their own devices.
   16425  settlement.founded     s=128 sName=Buitoidu kind=crystallized
          └ Buitoidu was founded.
   16425  settlement.founded     s=128 sName=Buitoidu city=1
          └ The city of Buitoidu arose.
   16425  settlement.founded     s=129 sName=Īmpíü kind=crystallized
          └ Īmpíü was founded.
   16425  settlement.founded     s=129 sName=Īmpíü city=1
          └ The city of Īmpíü arose.
   16434  succession.crisis      name=Ňěňní
          └ The royal line failed — an interregnum of rival claimants.
   16450  settlement.founded     s=132 sName=Syomogyoma kind=crystallized
          └ Syomogyoma was founded.
   16450  settlement.founded     s=132 sName=Syomogyoma city=1
          └ The city of Syomogyoma arose.
   16450  war.began              from=111 to=60 name=Tǐurọ̀lěā
          └ Marched to war against Nāxkòulě.
   16450  war.began              from=60 to=101 name=Nāxkòulě
          └ Marched to war against Fọ́ịppè.
   16475  settlement.founded     s=135 sName=Momopado kind=crystallized
          └ Momopado was founded.
   16475  settlement.founded     s=135 sName=Momopado city=1
          └ The city of Momopado arose.
   16500  settlement.founded     s=139 sName=Sommosoe kind=crystallized
          └ Sommosoe was founded.
   16500  settlement.founded     s=139 sName=Sommosoe city=1
          └ The city of Sommosoe arose.
   16500  war.began              from=110 to=52 name=Èňlàlěā
          └ Marched to war against Tị̄lākú.
   16525  settlement.founded     s=142 sName=Puikydu kind=crystallized
          └ Puikydu was founded.
   16525  settlement.founded     s=142 sName=Puikydu city=1
          └ The city of Puikydu arose.
   16533  market.dearth          s=30 sName=Sogyoepa
          └ Dearth in Sogyoepa — bread at famine prices in the market.
   16537  polity.submitted       how=submission to=52 toName=Tị̄lākú name=Fọ́ịppè
          └ Facing hopeless odds, the court of Fọ́ịppè bowed to Tị̄lākú — keeping its throne at the price of tribute.
   16537  polity.seceded         from=30 fromName=Sogyoepasyus
          └ Broke away from Sogyoepasyus in a war of secession.
   16549  market.dearth          s=59 sName=Fōntà
          └ Dearth in Fōntà — bread at famine prices in the market.
   16550  war.began              from=114 to=30 name=Tommodumomoisyus
          └ Marched to war against Sogyoepasyus.
   16550  war.began              from=30 to=114 name=Sogyoepasyus
          └ Marched to war against Tommodumomoisyus.
   16550  war.began              from=1 to=114 name=Ňěňní
          └ Marched to war against Tommodumomoisyus.
   16550  polity.shattered       s=60 sName=Nāxkòu to=111 toName=Tǐurọ̀lěā
          └ Its capital Nāxkòu fell to Tǐurọ̀lěā — the realm collapsed.
   16550  polity.ended           how=conquest byName=Tǐurọ̀lěā name=Nāxkòulě
          └ Fell to Tǐurọ̀lěā and was erased from the map.
   16550  war.ended              how=siegeLifted to=110 toName=Èňlàlěā name=Tị̄lākú
          └ The war with Tị̄lākú ended.
   16557  settlement.dissolved   s=43 why=core sName=Hóuptàị
          └ Hóuptàị faded back into the countryside.
   16558  settlement.dissolved   s=42 why=core sName=Tàịňnī
          └ Tàịňnī faded back into the countryside.
   16559  settlement.dissolved   s=41 why=core sName=Togyomuky
          └ Togyomuky faded back into the countryside.
   16563  market.dearth          s=114 sName=Tommodumomoi
          └ Dearth in Tommodumomoi — bread at famine prices in the market.
   16575  settlement.founded     s=147 sName=Sismogyoma kind=crystallized
          └ Sismogyoma was founded.
   16575  settlement.founded     s=147 sName=Sismogyoma city=1
          └ The city of Sismogyoma arose.
   16575  settlement.founded     s=148 sName=Tìttíukò kind=crystallized
          └ Tìttíukò was founded.
   16575  settlement.founded     s=148 sName=Tìttíukò city=1
          └ The city of Tìttíukò arose.
   16600  settlement.founded     s=151 sName=Nāňpì kind=crystallized
          └ Nāňpì was founded.
   16600  settlement.founded     s=151 sName=Nāňpì city=1
          └ The city of Nāňpì arose.
   16600  war.began              from=1 to=142 name=Ňěňní
          └ Marched to war against Puikydu.
   16600  war.began              from=111 to=58 name=Tǐurọ̀lěā
          └ Marched to war against Xụ́ppèlěā.
   16650  war.began              from=111 to=101 name=Tǐurọ̀lěā
          └ Marched to war against Fọ́ịppè.
   16675  settlement.founded     s=161 sName=Līütlàkú city=1
          └ The city of Līütlàkú arose.
   16687  polity.submitted       how=submission to=1 toName=Ňěňní name=Kètrọ̌ịlěā
          └ Facing hopeless odds, the court of Kètrọ̌ịlěā bowed to Ňěňní — keeping its throne at the price of tribute.
   16700  war.began              from=44 to=142 name=Sogyoepasyus
          └ Marched to war against Puikydu.
   16700  polity.shattered       s=142 sName=Puikydu to=1 toName=Ňěňní
          └ Its capital Puikydu fell to Ňěňní — the realm collapsed.
   16700  polity.ended           how=conquest byName=Ňěňní name=Puikydu
          └ Fell to Ňěňní and was erased from the map.
   16700  polity.shattered       s=58 sName=Xụ́ppè to=111 toName=Tǐurọ̀lěā
          └ Its capital Xụ́ppè fell to Tǐurọ̀lěā — the realm collapsed.
   16705  settlement.tier        s=58 sName=Xụ́ppè
          └ Xụ́ppè grew into a metropolis (1,071,000 souls).
   16750  war.began              from=44 to=147 name=Sogyoepasyus
          └ Marched to war against Sismogyomasyus.
   16750  war.began              from=1 to=147 name=Ňěňní
          └ Marched to war against Sismogyomasyus.
   16750  war.began              from=110 to=89 name=Èňlàlěā
          └ Marched to war against Kètrọ̌ịlěā.
   16750  war.began              from=111 to=52 name=Tǐurọ̀lěā
          └ Marched to war against Tị̄lākú.
   16750  war.ended              how=faded to=50 toName=Fọ̄ịkfélěā name=Ňěňní
          └ The war with Ňěňní ended.
   16755  settlement.dissolved   s=45 why=core sName=Sùňní
          └ Sùňní faded back into the countryside.
   16756  settlement.dissolved   s=44 why=core sName=Pismoe
          └ Pismoe faded back into the countryside.
   16800  famine.struck          
          └ A famine gripped the land.
   16800  famine.struck          
          └ A famine gripped the land.
   16800  famine.struck          
          └ A famine gripped the land.
   16800  famine.struck          
          └ A famine gripped the land.
   16800  famine.struck          
          └ A famine gripped the land.
   16800  famine.struck          
          └ A famine gripped the land.
   16800  famine.struck          
          └ A famine gripped the land.
   16800  famine.struck          
          └ A famine gripped the land.
   16800  famine.struck          
          └ A famine gripped the land.
   16800  famine.struck          
          └ A famine gripped the land.
   16800  famine.struck          
          └ A famine gripped the land.
   16800  famine.struck          
          └ A famine gripped the land.
   16800  famine.struck          
          └ A famine gripped the land.
   16800  famine.struck          
          └ A famine gripped the land.
   16800  famine.struck          
          └ A famine gripped the land.
   16800  settlement.founded     s=173 sName=Sopopa kind=crystallized
          └ Sopopa was founded.
   16800  settlement.founded     s=173 sName=Sopopa city=1
          └ The city of Sopopa arose.
   16800  settlement.founded     s=174 sName=Nị̀lpù city=1
          └ The city of Nị̀lpù arose.
   16800  war.began              from=44 to=30 name=Sogyoepasyus
          └ Marched to war against Sogyoepasyus as the succession failed.
   16800  war.began              from=30 to=44 name=Sogyoepasyus
          └ Marched to war against Sogyoepasyus.
   16800  war.began              from=1 to=44 name=Ňěňní
          └ Marched to war against Sogyoepasyus.
   16800  polity.shattered       s=92 sName=Nāxsē to=111 toName=Tǐurọ̀lěā
          └ Its capital Nāxsē fell to Tǐurọ̀lěā — the realm collapsed.
   16825  settlement.founded     s=177 sName=Tosmositoiky kind=crystallized
          └ Tosmositoiky was founded.
   16825  settlement.founded     s=177 sName=Tosmositoiky city=1
          └ The city of Tosmositoiky arose.
   16848  settlement.lapsed      s=175 sName=Hìutlà from=111 fromName=Tǐurọ̀lěā
          └ Hìutlà slipped free of Tǐurọ̀lěā.
   16848  polity.receded         s=175 n=1 sName=Hìutlà name=Tǐurọ̀lěā
          └ The grip of Tǐurọ̀lěā failed, and the marches beyond Hìutlà were left to their own devices.
   16850  war.began              from=44 to=139 name=Sogyoepasyus
          └ Marched to war against Sommosoe.
   16850  war.began              from=110 to=44 name=Èňlàlěā
          └ Marched to war against Sogyoepasyus.
   16869  market.dearth          s=147 sName=Sismogyoma
          └ Dearth in Sismogyoma — bread at famine prices in the market.
   16875  settlement.founded     s=178 sName=Hìuthị̌ kind=crystallized
          └ Hìuthị̌ was founded.
   16875  settlement.founded     s=178 sName=Hìuthị̌ city=1
          └ The city of Hìuthị̌ arose.
   16885  market.dearth          s=173 sName=Sopopa
          └ Dearth in Sopopa — bread at famine prices in the market.
   16928  market.dearth          s=1 sName=Ňěňní
          └ Dearth in Ňěňní — bread at famine prices in the market.
   16934  succession.crisis      name=Sommosoe
          └ The royal line failed — an interregnum of rival claimants.
   16950  war.began              from=147 to=1 name=Sismogyomasyus
          └ Marched to war against Ňěňní.
   16950  war.began              from=89 to=110 name=Kètrọ̌ịlěā
          └ Marched to war against Èňlàlěā.
   16950  polity.shattered       s=139 sName=Sommosoe to=44 toName=Sogyoepasyus
          └ Its capital Sommosoe fell to Sogyoepasyus — the realm collapsed.
   16950  polity.ended           how=conquest byName=Sogyoepasyus name=Sommosoe
          └ Fell to Sogyoepasyus and was erased from the map.
   16950  war.ended              how=siegeLifted to=147 toName=Sismogyomasyus name=Ňěňní
          └ The war with Ňěňní ended.
   16951  settlement.dissolved   s=49 why=core sName=Nātlà
          └ Nātlà faded back into the countryside.
   16952  settlement.dissolved   s=48 why=core sName=Fòuňpì
          └ Fòuňpì faded back into the countryside.
   16953  settlement.dissolved   s=47 why=core sName=Sǐlāị
          └ Sǐlāị faded back into the countryside.
   16975  settlement.founded     s=180 sName=Ìtlà kind=crystallized
          └ Ìtlà was founded.
   16975  settlement.founded     s=180 sName=Ìtlà city=1
          └ The city of Ìtlà arose.
   16987  polity.seceded         from=147 fromName=Sismogyomasyus
          └ Broke away from Sismogyomasyus in a war of secession.
   16993  market.dearth          s=2 sName=Fùlpū
          └ Dearth in Fùlpū — bread at famine prices in the market.
   17000  settlement.founded     s=182 sName=Fụ̀ịlhụ̌ kind=crystallized
          └ Fụ̀ịlhụ̌ was founded.
   17000  settlement.founded     s=182 sName=Fụ̀ịlhụ̌ city=1
          └ The city of Fụ̀ịlhụ̌ arose.
   17000  settlement.founded     s=183 sName=Sǎfǎkú city=1
          └ The city of Sǎfǎkú arose.
   17000  war.began              from=147 to=44 name=Sismogyomasyus
          └ Marched to war against Sogyoepasyus.
   17000  war.ended              how=faded to=72 toName=Ommosommosoesyusa name=Ňěňní
          └ The war with Ňěňní ended; some 11 soldiers never came home.
   17000  war.ended              how=siegeLifted to=147 toName=Sismogyomasyus name=Sogyoepasyus
          └ The war with Sogyoepasyus ended.
   17050  settlement.founded     s=184 sName=Hīnfǐu kind=crystallized
          └ Hīnfǐu was founded.
   17050  settlement.founded     s=184 sName=Hīnfǐu city=1
          └ The city of Hīnfǐu arose.
   17050  war.began              from=110 to=56 name=Èňlàlěā
          └ Marched to war against Tàthị̀kú.
   17125  market.dearth          s=110 sName=Èňlà
          └ Dearth in Èňlà — bread at famine prices in the market.
   17135  settlement.dissolved   s=65 why=core sName=Ňělhụ̌
          └ Ňělhụ̌ faded back into the countryside.
   17136  settlement.dissolved   s=64 why=core sName=Túrọ̀
          └ Túrọ̀ faded back into the countryside.
   17137  polity.submitted       how=union to=2 toName=Fùlpū name=Nǐnfǐulěā
          └ In the troubles of the succession, the court of Nǐnfǐulěā joined its crown to Fùlpū — one senior throne, two realms.
   17138  settlement.dissolved   s=62 why=core sName=Pọ́fpù
          └ Pọ́fpù faded back into the countryside.
   17139  settlement.dissolved   s=61 why=core sName=Fị̀lhụ̌
          └ Fị̀lhụ̌ faded back into the countryside.
   17143  settlement.dissolved   s=57 why=core sName=Nǐnfǐu
          └ Nǐnfǐu faded back into the countryside.
   17145  settlement.dissolved   s=55 why=core sName=Lụ́ltù
          └ Lụ́ltù faded back into the countryside.
   17150  settlement.founded     s=186 sName=Tǎmīürụ́ kind=crystallized
          └ Tǎmīürụ́ was founded.
   17150  settlement.founded     s=186 sName=Tǎmīürụ́ city=1
          └ The city of Tǎmīürụ́ arose.
   17150  war.began              from=147 to=173 name=Sismogyomasyus
          └ Marched to war against Sopopa.
   17150  war.began              from=1 to=173 name=Ňěňní
          └ Marched to war against Sopopa.
   17175  settlement.founded     s=187 sName=Fǒňtụ̌ị kind=crystallized
          └ Fǒňtụ̌ị was founded.
   17175  settlement.founded     s=187 sName=Fǒňtụ̌ị city=1
          └ The city of Fǒňtụ̌ị arose.
   17175  settlement.founded     s=188 sName=Sùlňà city=1
          └ The city of Sùlňà arose.
   17200  settlement.founded     s=189 sName=Hǐükǔ kind=crystallized
          └ Hǐükǔ was founded.
   17200  settlement.founded     s=189 sName=Hǐükǔ city=1
          └ The city of Hǐükǔ arose.
   17225  settlement.founded     s=190 sName=Tàthị̀ kind=crystallized
          └ Tàthị̀ was founded.
   17225  settlement.founded     s=190 sName=Tàthị̀ city=1
          └ The city of Tàthị̀ arose.
   17250  war.began              from=173 to=147 name=Sopopa
          └ Marched to war against Sismogyomasyus.
   17287  settlement.annexed     s=50 sName=Fọ̄ịkfé from=50 fromName=Fọ̄ịkfélěā to=59 toName=Fōntàlě
          └ Peacefully absorbed Fọ̄ịkfé from Fọ̄ịkfélěā.
   17287  polity.ended           how=integrated byName=Fōntàlě name=Fọ̄ịkfélěā
          └ Dissolved — its last cities scattered or fell silent.
   17300  war.began              from=59 to=54 name=Fōntàlě
          └ Marched to war against Fị̀lpìlě.
   17300  war.began              from=89 to=54 name=Kètrọ̌ịlěā
          └ Marched to war against Fị̀lpìlě.
   17300  war.began              from=52 to=54 name=Tị̄lākú
          └ Marched to war against Fị̀lpìlě.
   17300  war.ended              how=faded to=60 toName=Nāxkòulě name=Ňěňní
          └ The war with Ňěňní ended.
   17320  settlement.dissolved   s=80 why=core sName=Pụ́tlà
          └ Pụ́tlà faded back into the countryside.
   17321  settlement.dissolved   s=79 why=core sName=Fúkú
          └ Fúkú faded back into the countryside.
   17322  settlement.dissolved   s=78 why=core sName=Kẹ́
          └ Kẹ́ faded back into the countryside.
   17323  settlement.dissolved   s=77 why=core sName=Pōukú
          └ Pōukú faded back into the countryside.
   17324  settlement.dissolved   s=76 why=core sName=Lǎppè
          └ Lǎppè faded back into the countryside.
   17325  settlement.dissolved   s=75 why=core sName=Pụ̌mpéü
          └ Pụ̌mpéü faded back into the countryside.
   17326  settlement.dissolved   s=74 why=core sName=Fọ̌ịmpéü
          └ Fọ̌ịmpéü faded back into the countryside.
   17327  settlement.dissolved   s=73 why=core sName=Kèhsē
          └ Kèhsē faded back into the countryside.
   17329  settlement.dissolved   s=71 why=core sName=Ngǎịstù
          └ Ngǎịstù faded back into the countryside.
   17330  settlement.dissolved   s=70 why=core sName=Nị̀ppè
          └ Nị̀ppè faded back into the countryside.
   17331  settlement.dissolved   s=69 why=core sName=Xóultù
          └ Xóultù faded back into the countryside.
   17332  settlement.dissolved   s=68 why=core sName=Nèlērọ̀
          └ Nèlērọ̀ faded back into the countryside.
   17333  settlement.dissolved   s=67 why=core sName=Lóupíkò
          └ Lóupíkò faded back into the countryside.
   17334  settlement.dissolved   s=66 why=core sName=Lènūrọ̀
          └ Lènūrọ̀ faded back into the countryside.
   17350  settlement.founded     s=196 sName=Lǎtrụ̄ị kind=crystallized
          └ Lǎtrụ̄ị was founded.
   17350  settlement.founded     s=196 sName=Lǎtrụ̄ị city=1
          └ The city of Lǎtrụ̄ị arose.
   17350  settlement.founded     s=197 sName=Tàtǐkú city=1
          └ The city of Tàtǐkú arose.
   17350  war.began              from=54 to=1 name=Fị̀lpìlě
          └ Marched to war against Ňěňní.
   17367  market.dearth          s=30 sName=Sogyoepa
          └ Dearth in Sogyoepa — bread at famine prices in the market.
   17375  settlement.founded     s=199 sName=Sīuňpì kind=crystallized
          └ Sīuňpì was founded.
   17375  settlement.founded     s=199 sName=Sīuňpì city=1
          └ The city of Sīuňpì arose.
   17375  settlement.founded     s=200 sName=Pāịpákú city=1
          └ The city of Pāịpákú arose.
   17400  settlement.founded     s=201 sName=Ǎịmràkú kind=crystallized
          └ Ǎịmràkú was founded.
   17400  settlement.founded     s=201 sName=Ǎịmràkú city=1
          └ The city of Ǎịmràkú arose.
   17400  settlement.founded     s=202 sName=Sǔtūrụ́ city=1
          └ The city of Sǔtūrụ́ arose.
   17400  war.ended              how=faded to=60 toName=Nāxkòulě name=Tị̄lākú
          └ The war with Tị̄lākú ended; some 1 soldiers never came home.
   17425  settlement.founded     s=205 sName=Há kind=crystallized
          └ Há was founded.
   17425  settlement.founded     s=205 sName=Há city=1
          └ The city of Há arose.
   17425  settlement.founded     s=206 sName=Ìxkòu city=1
          └ The city of Ìxkòu arose.
   17429  settlement.tier        s=101 sName=Fọ́ịppè
          └ Fọ́ịppè grew into a city (11,000 souls).
   17437  polity.seceded         from=111 fromName=Tǐurọ̀lěā
          └ Broke away from Tǐurọ̀lěā in a war of secession.
   17450  settlement.founded     s=208 sName=Xóuthị̌ kind=crystallized
          └ Xóuthị̌ was founded.
   17450  settlement.founded     s=208 sName=Xóuthị̌ city=1
          └ The city of Xóuthị̌ arose.
   17450  settlement.founded     s=209 sName=Pụ́ttīu city=1
          └ The city of Pụ́ttīu arose.
   17450  war.began              from=110 to=109 name=Èňlàlěā
          └ Marched to war against Láịlěā.
   17450  war.ended              how=siegeLifted to=173 toName=Sopopa name=Sismogyomasyus
          └ The war with Sismogyomasyus ended.
   17475  settlement.founded     s=210 sName=Fị́sī kind=crystallized
          └ Fị́sī was founded.
   17475  settlement.founded     s=210 sName=Fị́sī city=1
          └ The city of Fị́sī arose.
   17475  settlement.founded     s=211 sName=Pụ̄lhụ̀kò city=1
          └ The city of Pụ̄lhụ̀kò arose.
   17500  settlement.founded     s=212 sName=Tīrụ́ kind=crystallized
          └ Tīrụ́ was founded.
   17500  settlement.founded     s=212 sName=Tīrụ́ city=1
          └ The city of Tīrụ́ arose.
   17500  settlement.founded     s=213 sName=Fụ̀ịlpù city=1
          └ The city of Fụ̀ịlpù arose.
   17500  war.began              from=173 to=44 name=Sopopa
          └ Marched to war against Sogyoepasyus.
   17501  settlement.dissolved   s=99 why=core sName=Ǎịmràkò
          └ Ǎịmràkò faded back into the countryside.
   17503  settlement.dissolved   s=97 why=core sName=Kètrọ̌ị
          └ Kètrọ̌ị faded back into the countryside.
   17504  settlement.dissolved   s=96 why=core sName=Lǎptàị
          └ Lǎptàị faded back into the countryside.
   17506  settlement.dissolved   s=94 why=core sName=Pēüffìkú
          └ Pēüffìkú faded back into the countryside.
   17507  settlement.dissolved   s=93 why=core sName=Ètlà
          └ Ètlà faded back into the countryside.
   17509  settlement.dissolved   s=91 why=core sName=Èňtọ̄ị
          └ Èňtọ̄ị faded back into the countryside.
   17510  settlement.dissolved   s=90 why=core sName=Pīuyórọ̀
          └ Pīuyórọ̀ faded back into the countryside.
   17512  settlement.dissolved   s=88 why=core sName=Ňụ̄kò
          └ Ňụ̄kò faded back into the countryside.
   17513  settlement.dissolved   s=87 why=core sName=Xụ̀nfǐu
          └ Xụ̀nfǐu faded back into the countryside.
   17514  settlement.dissolved   s=86 why=core sName=Ètlà
          └ Ètlà faded back into the countryside.
   17515  settlement.dissolved   s=85 why=core sName=Tǎkú
          └ Tǎkú faded back into the countryside.
   17516  settlement.dissolved   s=84 why=core sName=Yókò
          └ Yókò faded back into the countryside.
   17517  settlement.dissolved   s=83 why=core sName=Fǒlpù
          └ Fǒlpù faded back into the countryside.
   17518  settlement.dissolved   s=82 why=core sName=Kètlà
          └ Kètlà faded back into the countryside.
   17525  settlement.founded     s=214 sName=Ňīffí kind=crystallized
          └ Ňīffí was founded.
   17525  settlement.founded     s=214 sName=Ňīffí city=1
          └ The city of Ňīffí arose.
   17525  settlement.founded     s=215 sName=Xụ́xkòu city=1
          └ The city of Xụ́xkòu arose.
   17550  settlement.founded     s=216 sName=Xụ́lňà kind=crystallized
          └ Xụ́lňà was founded.
   17550  settlement.founded     s=216 sName=Xụ́lňà city=1
          └ The city of Xụ́lňà arose.
   17550  settlement.founded     s=217 sName=Fàlī city=1
          └ The city of Fàlī arose.
   17550  polity.shattered       s=174 sName=Nị̀lpù to=89 toName=Kètrọ̌ịlěā
          └ Its capital Nị̀lpù fell to Kètrọ̌ịlěā — the realm collapsed.
   17550  polity.ended           how=conquest byName=Kètrọ̌ịlěā name=Èňlàlěā
          └ Fell to Kètrọ̌ịlěā and was erased from the map.
   17569  settlement.tier        s=109 sName=Láị
          └ Láị grew into a metropolis (821,000 souls).
   17575  market.dearth          s=50 sName=Fọ̄ịkfé
          └ Dearth in Fọ̄ịkfé — bread at famine prices in the market.
   17575  settlement.founded     s=218 sName=Sǎfǎkú kind=crystallized
          └ Sǎfǎkú was founded.
   17575  settlement.founded     s=218 sName=Sǎfǎkú city=1
          └ The city of Sǎfǎkú arose.
   17575  settlement.founded     s=219 sName=Tāptáịkò city=1
          └ The city of Tāptáịkò arose.
   17587  polity.submitted       how=submission to=1 toName=Ňěňní name=Sogyoepasyus
          └ Facing hopeless odds, the court of Sogyoepasyus bowed to Ňěňní — keeping its throne at the price of tribute.
   17587  polity.submitted       how=union to=109 toName=Láịlěā name=Tị̄lākú
          └ In the troubles of the succession, the court of Tị̄lākú joined its crown to Láịlěā — one senior throne, two realms.
   17587  settlement.annexed     s=30 sName=Sogyoepa from=44 fromName=Sogyoepasyus to=30 toName=Sogyoepasyus
          └ Peacefully absorbed Sogyoepa from Sogyoepasyus.
   17588  market.dearth          s=109 sName=Láị
          └ Dearth in Láị — bread at famine prices in the market.
   17600  settlement.founded     s=220 sName=Fùlpū kind=crystallized
          └ Fùlpū was founded.
   17600  settlement.founded     s=220 sName=Fùlpū city=1
          └ The city of Fùlpū arose.
   17600  settlement.founded     s=221 sName=Hǐusfá city=1
          └ The city of Hǐusfá arose.
   17600  war.began              from=173 to=1 name=Sopopa
          └ Marched to war against Ňěňní.
   17600  war.began              from=89 to=109 name=Kètrọ̌ịlěā
          └ Marched to war against Láịlěā.
   17625  settlement.founded     s=224 sName=Lụ́ňpì kind=crystallized
          └ Lụ́ňpì was founded.
   17625  settlement.founded     s=224 sName=Lụ́ňpì city=1
          └ The city of Lụ́ňpì arose.
   17625  settlement.founded     s=225 sName=Xóuppì city=1
          └ The city of Xóuppì arose.
   17650  settlement.founded     s=226 sName=Pụ́ňpì kind=crystallized
          └ Pụ́ňpì was founded.
   17650  settlement.founded     s=226 sName=Pụ́ňpì city=1
          └ The city of Pụ́ňpì arose.
   17650  settlement.founded     s=227 sName=Mùpíükú city=1
          └ The city of Mùpíükú arose.
   17650  war.began              from=109 to=173 name=Láịlěā
          └ Marched to war against Sopopa.
   17675  settlement.founded     s=228 sName=Lǐfpúkò kind=crystallized
          └ Lǐfpúkò was founded.
   17675  settlement.founded     s=228 sName=Lǐfpúkò city=1
          └ The city of Lǐfpúkò arose.
   17692  settlement.dissolved   s=108 why=core sName=Ǎịmràrọ̀
          └ Ǎịmràrọ̀ faded back into the countryside.
   17693  settlement.dissolved   s=107 why=core sName=Lụ̄kfé
          └ Lụ̄kfé faded back into the countryside.
   17694  settlement.dissolved   s=106 why=core sName=Nǔfīu
          └ Nǔfīu faded back into the countryside.
   17695  settlement.dissolved   s=105 why=core sName=Hǐňsē
          └ Hǐňsē faded back into the countryside.
   17696  settlement.dissolved   s=104 why=core sName=Sǎrọ́ị
          └ Sǎrọ́ị faded back into the countryside.
   17697  settlement.dissolved   s=103 why=core sName=Nèrọ̀
          └ Nèrọ̀ faded back into the countryside.
   17700  settlement.dissolved   s=100 why=core sName=Kóttà
          └ Kóttà faded back into the countryside.
   17700  settlement.founded     s=230 sName=Fǒu'kū kind=crystallized
          └ Fǒu'kū was founded.
   17700  settlement.founded     s=230 sName=Fǒu'kū city=1
          └ The city of Fǒu'kū arose.
   17700  war.began              from=109 to=56 name=Láịlěā
          └ Marched to war against Tàthị̀kú.
   17719  market.dearth          s=173 sName=Sopopa
          └ Dearth in Sopopa — bread at famine prices in the market.
   17725  settlement.founded     s=231 sName=Lǎ kind=crystallized
          └ Lǎ was founded.
   17725  settlement.founded     s=231 sName=Lǎ city=1
          └ The city of Lǎ arose.
   17725  settlement.founded     s=232 sName=Fòuňní city=1
          └ The city of Fòuňní arose.
   17737  polity.seceded         from=30 fromName=Sogyoepasyus
          └ Broke away from Sogyoepasyus in a war of secession.
   17750  settlement.founded     s=233 sName=Ǔltǔrụ́ kind=crystallized
          └ Ǔltǔrụ́ was founded.
   17750  settlement.founded     s=233 sName=Ǔltǔrụ́ city=1
          └ The city of Ǔltǔrụ́ arose.
   17750  settlement.founded     s=234 sName=Mǎpǐ city=1
          └ The city of Mǎpǐ arose.
   17750  war.began              from=111 to=95 name=Tǐurọ̀lěā
          └ Marched to war against Lǐfpúkò.
   17750  war.ended              how=faded to=111 toName=Tǐurọ̀lěā name=Nāxkòulě
          └ The war with Nāxkòulě ended; some 40 soldiers never came home.
   17750  war.ended              how=siegeLifted to=44 toName=Sogyoepasyus name=Sogyoepasyus
          └ The war with Sogyoepasyus ended.
   17760  settlement.founded     s=236 sName=Fị̀tlà kind=planted
          └ Fị̀tlà was founded.
   17760  town.planted           s=236 sName=Fị̀tlà
          └ The crown chartered Fị̀tlà to govern the countryside.
   17760  settlement.founded     s=237 sName=Yǔmrá kind=planted
          └ Yǔmrá was founded.
   17760  town.planted           s=237 sName=Yǔmrá
          └ The crown planted Yǔmrá to hold the march.
   17762  market.dearth          s=1 sName=Ňěňní
          └ Dearth in Ňěňní — bread at famine prices in the market.
   17775  settlement.founded     s=238 sName=Lāịlíkú kind=crystallized
          └ Lāịlíkú was founded.
   17775  settlement.founded     s=238 sName=Lāịlíkú city=1
          └ The city of Lāịlíkú arose.
   17775  settlement.founded     s=239 sName=Lóupíkú city=1
          └ The city of Lóupíkú arose.
   17775  settlement.founded     s=241 sName=Ītị̄ city=1
          └ The city of Ītị̄ arose.
   17800  settlement.founded     s=242 sName=Xūkóukò kind=crystallized
          └ Xūkóukò was founded.
   17800  settlement.founded     s=242 sName=Xūkóukò city=1
          └ The city of Xūkóukò arose.
   17800  settlement.founded     s=243 sName=Nìmrá city=1
          └ The city of Nìmrá arose.
   17800  war.began              from=111 to=192 name=Tǐurọ̀lěā
          └ Marched to war against Fǐulpūkòlěā.
   17825  settlement.founded     s=245 sName=Lǐlīu kind=crystallized
          └ Lǐlīu was founded.
   17825  settlement.founded     s=245 sName=Lǐlīu city=1
          └ The city of Lǐlīu arose.
   17827  market.dearth          s=2 sName=Fùlpū
          └ Dearth in Fùlpū — bread at famine prices in the market.
   17836  settlement.withered    s=59 sName=Fōntà
          └ Fōntà withered away and was abandoned.
   17856  settlement.lapsed      s=236 sName=Fị̀tlà from=1 fromName=Ňěňní
          └ Fị̀tlà slipped free of Ňěňní.
   17856  polity.receded         s=236 n=1 sName=Fị̀tlà name=Ňěňní
          └ The grip of Ňěňní failed, and the marches beyond Fị̀tlà were left to their own devices.
   17856  settlement.lapsed      s=237 sName=Yǔmrá from=109 fromName=Láịlěā
          └ Yǔmrá slipped free of Láịlěā.
   17856  polity.receded         s=237 n=1 sName=Yǔmrá name=Láịlěā
          └ The grip of Láịlěā failed, and the marches beyond Yǔmrá were left to their own devices.
   17856  polity.founded         how=frontier from=-1 name=Fị̀tlàlǐā
          └ Fị̀tlà declared itself a sovereign realm.
   17875  settlement.founded     s=248 sName=Pụ̌ịtrụ̀ịkò kind=crystallized
          └ Pụ̌ịtrụ̀ịkò was founded.
   17875  settlement.founded     s=248 sName=Pụ̌ịtrụ̀ịkò city=1
          └ The city of Pụ̌ịtrụ̀ịkò arose.
   17875  settlement.founded     s=249 sName=Fị́là city=1
          └ The city of Fị́là arose.
   17884  settlement.dissolved   s=116 why=core sName=Pemowumkyoi
          └ Pemowumkyoi faded back into the countryside.
   17885  settlement.dissolved   s=115 why=core sName=Ǔltǔrọ̀
          └ Ǔltǔrọ̀ faded back into the countryside.
   17887  polity.seceded         from=109 fromName=Láịlěā
          └ Broke away from Láịlěā in a war of secession.
   17887  settlement.annexed     s=30 sName=Sogyoepa from=30 fromName=Sogyoepasyus to=29 toName=Pomponsomsyus
          └ Peacefully absorbed Sogyoepa from Sogyoepasyus.
   17888  settlement.dissolved   s=112 why=core sName=Ňèstù
          └ Ňèstù faded back into the countryside.
   17900  settlement.founded     s=252 sName=Xūnùkò kind=crystallized
          └ Xūnùkò was founded.
   17900  settlement.founded     s=252 sName=Xūnùkò city=1
          └ The city of Xūnùkò arose.
   17900  settlement.founded     s=253 sName=Ìňtụ̌ị city=1
          └ The city of Ìňtụ̌ị arose.
   17900  war.began              from=173 to=29 name=Sopopa
          └ Marched to war against Pomponsomsyus.
   17900  war.began              from=29 to=173 name=Pomponsomsyus
          └ Marched to war against Sopopa.
   17900  war.began              from=111 to=152 name=Tǐurọ̀lěā
          └ Marched to war against Fùlpūkú.
   17900  war.ended              how=faded to=142 toName=Puikydu name=Ňěňní
          └ The war with Ňěňní ended; some 12 soldiers never came home.
   17900  war.ended              how=faded to=111 toName=Tǐurọ̀lěā name=Xụ́ppèlěā
          └ The war with Xụ́ppèlěā ended; some 23 soldiers never came home.
   17900  war.ended              how=faded to=142 toName=Puikydu name=Sogyoepasyus
          └ The war with Sogyoepasyus ended.
   17908  settlement.tier        s=236 sName=Fị̀tlà
          └ Fị̀tlà grew into a city (10,000 souls).
   17925  settlement.founded     s=254 sName=Āị city=1
          └ The city of Āị arose.
   17925  settlement.founded     s=256 sName=Sùlụ̄ city=1
          └ The city of Sùlụ̄ arose.
   18000  war.began              from=241 to=236 name=Ītị̄lǐā
          └ Marched to war against Fị̀tlàlǐā.
   18000  war.began              from=147 to=30 name=Sismogyomasyus
          └ Marched to war against Sogyoepasyus.
   18001  settlement.tier        s=208 sName=Xóuthị̌
          └ Xóuthị̌ grew into a city (24,000 souls).
   18010  settlement.abandoned   s=110 sName=Èňlà
          └ Èňlà was abandoned.
   18024  market.dearth          s=147 sName=Sismogyoma
          └ Dearth in Sismogyoma — bread at famine prices in the market.
   18025  settlement.founded     s=261 sName=Fị̌nglì kind=crystallized
          └ Fị̌nglì was founded.
   18025  settlement.founded     s=261 sName=Fị̌nglì city=1
          └ The city of Fị̌nglì arose.
   18037  polity.submitted       how=submission to=52 toName=Tị̄lākú name=Fǐulpūkòlěā
          └ Facing hopeless odds, the court of Fǐulpūkòlěā bowed to Tị̄lākú — keeping its throne at the price of tribute.
   18037  polity.submitted       how=submission to=219 toName=Tāptáịkòlǐā name=Fị̄mrálěā
          └ Facing hopeless odds, the court of Fị̄mrálěā bowed to Tāptáịkòlǐā — keeping its throne at the price of tribute.
   18050  settlement.founded     s=262 sName=Lùpǔrụ́ city=1
          └ The city of Lùpǔrụ́ arose.
   18050  war.began              from=236 to=241 name=Fị̀tlàlǐā
          └ Marched to war against Ītị̄lǐā.
   18050  war.began              from=29 to=30 name=Pomponsomsyus
          └ Renewed the old war against Sogyoepasyus under the banner of the faith.
   18050  war.began              from=52 to=219 name=Tị̄lākú
          └ Marched to war against Tāptáịkòlǐā.
   18068  settlement.dissolved   s=132 why=core sName=Syomogyoma
          └ Syomogyoma faded back into the countryside.
   18071  settlement.dissolved   s=129 why=core sName=Īmpíü
          └ Īmpíü faded back into the countryside.
   18072  settlement.dissolved   s=128 why=core sName=Buitoidu
          └ Buitoidu faded back into the countryside.
   18075  settlement.dissolved   s=125 why=core sName=Nị̀trụ̄ị
          └ Nị̀trụ̄ị faded back into the countryside.
   18075  settlement.founded     s=263 sName=Situikypa kind=crystallized
          └ Situikypa was founded.
   18075  settlement.founded     s=263 sName=Situikypa city=1
          └ The city of Situikypa arose.
   18075  settlement.founded     s=264 sName=Lụ̀nlà kind=crystallized
          └ Lụ̀nlà was founded.
   18075  settlement.founded     s=264 sName=Lụ̀nlà city=1
          └ The city of Lụ̀nlà arose.
   18076  settlement.dissolved   s=124 why=core sName=Ommosommosoe
          └ Ommosommosoe faded back into the countryside.
   18079  settlement.dissolved   s=121 why=core sName=Ngàịtsī
          └ Ngàịtsī faded back into the countryside.
   18080  settlement.dissolved   s=120 why=core sName=Epem
          └ Epem faded back into the countryside.
   18100  settlement.founded     s=267 sName=Usdu kind=crystallized
          └ Usdu was founded.
   18100  settlement.founded     s=267 sName=Usdu city=1
          └ The city of Usdu arose.
   18100  settlement.founded     s=268 sName=Hìuptàị kind=crystallized
          └ Hìuptàị was founded.
   18100  settlement.founded     s=268 sName=Hìuptàị city=1
          └ The city of Hìuptàị arose.
   18125  settlement.founded     s=271 sName=Puikypa kind=crystallized
          └ Puikypa was founded.
   18125  settlement.founded     s=271 sName=Puikypa city=1
          └ The city of Puikypa arose.
   18125  settlement.founded     s=272 sName=Xàlị̀rụ́ kind=crystallized
          └ Xàlị̀rụ́ was founded.
   18125  settlement.founded     s=272 sName=Xàlị̀rụ́ city=1
          └ The city of Xàlị̀rụ́ arose.
   18125  settlement.founded     s=274 sName=Ňǐlpù city=1
          └ The city of Ňǐlpù arose.
   18145  settlement.tier        s=219 sName=Tāptáịkò
          └ Tāptáịkò grew into a metropolis (1,209,000 souls).
   18150  settlement.founded     s=275 sName=Gyadui kind=crystallized
          └ Gyadui was founded.
   18150  settlement.founded     s=275 sName=Gyadui city=1
          └ The city of Gyadui arose.
   18150  war.began              from=1 to=237 name=Ňěňní
          └ Marched to war against Yǔmrálǐ.
   18150  war.began              from=2 to=237 name=Fùlpū
          └ Marched to war against Yǔmrálǐ.
   18150  war.began              from=89 to=237 name=Kètrọ̌ịlěā
          └ Marched to war against Yǔmrálǐ.
   18150  war.ended              how=faded to=139 toName=Sommosoe name=Sogyoepasyus
          └ The war with Sogyoepasyus ended; some 33 soldiers never came home.
   18175  settlement.founded     s=277 sName=Hìulpù kind=crystallized
          └ Hìulpù was founded.
   18175  settlement.founded     s=277 sName=Hìulpù city=1
          └ The city of Hìulpù arose.
   18187  polity.submitted       how=submission to=1 toName=Ňěňní name=Fùlpū
          └ Facing hopeless odds, the court of Fùlpū bowed to Ňěňní — keeping its throne at the price of tribute.
   18187  polity.ended           how=dissolved name=Sogyoepasyus
          └ Dissolved — its last cities scattered or fell silent.
   18200  war.began              from=29 to=114 name=Pomponsomsyus
          └ Marched to war against Tommodumomoisyus.
   18200  war.began              from=173 to=114 name=Sopopa
          └ Marched to war against Tommodumomoisyus.
   18201  market.dearth          s=30 sName=Sogyoepa
          └ Dearth in Sogyoepa — bread at famine prices in the market.
   18225  settlement.founded     s=280 sName=Lákú kind=crystallized
          └ Lákú was founded.
   18225  settlement.founded     s=280 sName=Lákú city=1
          └ The city of Lákú arose.
   18249  settlement.dissolved   s=151 why=core sName=Nāňpì
          └ Nāňpì faded back into the countryside.
   18250  war.began              from=152 to=111 name=Fùlpūkú
          └ Marched to war against Tǐurọ̀lěā.
   18252  settlement.dissolved   s=148 why=core sName=Tìttíukò
          └ Tìttíukò faded back into the countryside.
   18258  settlement.dissolved   s=142 why=core sName=Puikydu
          └ Puikydu faded back into the countryside.
   18265  settlement.dissolved   s=135 why=core sName=Momopado
          └ Momopado faded back into the countryside.
   18275  settlement.founded     s=282 sName=Simomuim kind=crystallized
          └ Simomuim was founded.
   18275  settlement.founded     s=282 sName=Simomuim city=1
          └ The city of Simomuim arose.
   18275  settlement.founded     s=283 sName=Tǐ kind=crystallized
          └ Tǐ was founded.
   18275  settlement.founded     s=283 sName=Tǐ city=1
          └ The city of Tǐ arose.
   18300  settlement.founded     s=287 sName=Tàstù kind=crystallized
          └ Tàstù was founded.
   18300  settlement.founded     s=287 sName=Tàstù city=1
          └ The city of Tàstù arose.
   18300  war.began              from=29 to=147 name=Pomponsomsyus
          └ Marched to war against Sismogyomasyus.
   18325  settlement.founded     s=290 sName=Ǎịmràkú kind=crystallized
          └ Ǎịmràkú was founded.
   18325  settlement.founded     s=290 sName=Ǎịmràkú city=1
          └ The city of Ǎịmràkú arose.
   18328  settlement.dissolved   s=72 why=core sName=Ommosommosoe
          └ Ommosommosoe faded back into the countryside.
   18337  polity.submitted       how=submission to=219 toName=Tāptáịkòlǐā name=Tǐurọ̀lěā
          └ Facing hopeless odds, the court of Tǐurọ̀lěā bowed to Tāptáịkòlǐā — keeping its throne at the price of tribute.
   18350  war.ended              how=siegeLifted to=173 toName=Sopopa name=Ňěňní
          └ The war with Ňěňní ended; some 4 soldiers never came home.
   18375  settlement.founded     s=295 sName=Hìulhụ̌ kind=crystallized
          └ Hìulhụ̌ was founded.
   18375  settlement.founded     s=295 sName=Hìulhụ̌ city=1
          └ The city of Hìulhụ̌ arose.
   18400  settlement.founded     s=299 sName=Dyuimodu kind=crystallized
          └ Dyuimodu was founded.
   18400  settlement.founded     s=299 sName=Dyuimodu city=1
          └ The city of Dyuimodu arose.
   18400  polity.shattered       s=147 sName=Sismogyoma to=29 toName=Pomponsomsyus
          └ Its capital Sismogyoma fell to Pomponsomsyus — the realm collapsed.
   18400  polity.ended           how=conquest byName=Pomponsomsyus name=Sismogyomasyus
          └ Fell to Pomponsomsyus and was erased from the map.
   18400  war.ended              how=siegeLifted to=237 toName=Yǔmrálǐ name=Ňěňní
          └ The war with Ňěňní ended.
   18400  war.ended              how=siegeLifted to=237 toName=Yǔmrálǐ name=Kètrọ̌ịlěā
          └ The war with Kètrọ̌ịlěā ended.
   18422  market.dearth          s=109 sName=Láị
          └ Dearth in Láị — bread at famine prices in the market.
   18433  settlement.tier        s=178 sName=Hìuthị̌
          └ Hìuthị̌ grew into a city (22,000 souls).
   18439  settlement.dissolved   s=161 why=core sName=Līütlàkú
          └ Līütlàkú faded back into the countryside.
   18450  war.began              from=109 to=1 name=Láịlěā
          └ Marched to war against Ňěňní as the succession failed.
   18459  market.dearth          s=114 sName=Tommodumomoi
          └ Dearth in Tommodumomoi — bread at famine prices in the market.
   18487  polity.seceded         from=29 fromName=Pomponsomsyus
          └ Broke away from Pomponsomsyus in a war of secession.
   18487  settlement.annexed     s=236 sName=Fị̀tlà from=236 fromName=Fị̀tlàlǐā to=237 toName=Yǔmrálǐ
          └ Peacefully absorbed Fị̀tlà from Fị̀tlàlǐā.
   18487  polity.ended           how=dissolved name=Fị̀tlàlǐā
          └ Dissolved — its last cities scattered or fell silent.
   18500  settlement.founded     s=313 sName=Yǐu city=1
          └ The city of Yǐu arose.
   18578  market.dearth          s=139 sName=Sommosoe
          └ Dearth in Sommosoe — bread at famine prices in the market.
   18596  market.dearth          s=1 sName=Ňěňní
          └ Dearth in Ňěňní — bread at famine prices in the market.
   18600  plague.outbreak        s=186 sName=Tǎmīürụ́
          └ Plague broke out in Tǎmīürụ́ and swept through the realm.
   18600  plague.outbreak        s=196 sName=Lǎtrụ̄ị
          └ Plague broke out in Lǎtrụ̄ị and swept through the realm.
   18600  plague.outbreak        s=205 sName=Há
          └ Plague broke out in Há and swept through the realm.
   18600  plague.outbreak        s=208 sName=Xóuthị̌
          └ Plague broke out in Xóuthị̌ and swept through the realm.
   18600  plague.outbreak        s=236 sName=Fị̀tlà
          └ Plague broke out in Fị̀tlà and swept through the realm.
   18600  plague.outbreak        s=241 sName=Ītị̄
          └ Plague broke out in Ītị̄ and swept through the realm.
   18600  plague.outbreak        s=249 sName=Fị́là
          └ Plague broke out in Fị́là and swept through the realm.
   18600  plague.outbreak        s=263 sName=Situikypa
          └ Plague broke out in Situikypa and swept through the realm.
   18600  plague.outbreak        s=275 sName=Gyadui
          └ Plague broke out in Gyadui and swept through the realm.
   18600  war.ended              how=faded to=54 toName=Fị̀lpìlě name=Ňěňní
          └ The war with Ňěňní ended; some 6 soldiers never came home.
   18601  plague.outbreak        s=52 sName=Tị̄lākú
          └ Plague broke out in Tị̄lākú and swept through the realm.
   18611  plague.outbreak        s=29 sName=Pomponsom
          └ Plague broke out in Pomponsom and swept through the realm.
   18617  settlement.dissolved   s=183 why=core sName=Sǎfǎkú
          └ Sǎfǎkú faded back into the countryside.
   18618  settlement.dissolved   s=182 why=core sName=Fụ̀ịlhụ̌
          └ Fụ̀ịlhụ̌ faded back into the countryside.
   18620  settlement.dissolved   s=180 why=core sName=Ìtlà
          └ Ìtlà faded back into the countryside.
   18623  settlement.dissolved   s=177 why=core sName=Tosmositoiky
          └ Tosmositoiky faded back into the countryside.
   18625  settlement.founded     s=322 sName=Kyumu kind=crystallized
          └ Kyumu was founded.
   18625  settlement.founded     s=322 sName=Kyumu city=1
          └ The city of Kyumu arose.
   18625  settlement.founded     s=323 sName=Tàịňnīkú kind=crystallized
          └ Tàịňnīkú was founded.
   18625  settlement.founded     s=323 sName=Tàịňnīkú city=1
          └ The city of Tàịňnīkú arose.
   18625  settlement.founded     s=324 sName=Fǒlpì city=1
          └ The city of Fǒlpì arose.
   18637  polity.submitted       how=submission to=219 toName=Tāptáịkòlǐā name=Tàthị̀kú
          └ Facing hopeless odds, the court of Tàthị̀kú bowed to Tāptáịkòlǐā — keeping its throne at the price of tribute.
   18637  settlement.annexed     s=236 sName=Fị̀tlà from=236 fromName=Fị̀tlàlǐā to=237 toName=Yǔmrálǐ
          └ Peacefully absorbed Fị̀tlà from Fị̀tlàlǐā.
   18650  settlement.founded     s=325 sName=Rimobuimmiu kind=crystallized
          └ Rimobuimmiu was founded.
   18650  settlement.founded     s=325 sName=Rimobuimmiu city=1
          └ The city of Rimobuimmiu arose.
   18650  settlement.founded     s=326 sName=Píkfìrụ́ kind=crystallized
          └ Píkfìrụ́ was founded.
   18650  settlement.founded     s=326 sName=Píkfìrụ́ city=1
          └ The city of Píkfìrụ́ arose.
   18650  war.began              from=173 to=30 name=Sopopa
          └ Marched to war against Sogyoepasyus.
   18675  settlement.founded     s=327 sName=Támpíü kind=crystallized
          └ Támpíü was founded.
   18675  settlement.founded     s=327 sName=Támpíü city=1
          └ The city of Támpíü arose.
   18720  plague.outbreak        s=92 sName=Nāxsē
          └ Plague broke out in Nāxsē and swept through the realm.
   18720  settlement.founded     s=331 sName=Kótlà kind=planted
          └ Kótlà was founded.
   18720  town.planted           s=331 sName=Kótlà
          └ The crown chartered Kótlà to govern the countryside.
   18720  settlement.founded     s=332 sName=Ìltù kind=planted
          └ Ìltù was founded.
   18720  town.planted           s=332 sName=Ìltù
          └ The crown chartered Ìltù to govern the countryside.
   18725  settlement.founded     s=335 sName=Fīfíkò city=1
          └ The city of Fīfíkò arose.
   18741  settlement.abandoned   s=60 sName=Nāxkòu
          └ Nāxkòu was abandoned.
   18750  settlement.founded     s=339 sName=Tị̄lākú city=1
          └ The city of Tị̄lākú arose.
   18750  war.began              from=30 to=322 name=Sogyoepasyus
          └ Marched to war against Kyumusyusa.
   18750  war.began              from=173 to=322 name=Sopopa
          └ Marched to war against Kyumusyusa.
   18750  war.began              from=111 to=304 name=Tǐurọ̀lěā
          └ Marched to war against Nāxtàlǐ.
   18750  war.ended              how=faded to=110 toName=Èňlàlěā name=Kètrọ̌ịlěā
          └ The war with Kètrọ̌ịlěā ended; some 27 soldiers never came home.
   18775  settlement.founded     s=340 sName=Lákú city=1
          └ The city of Lákú arose.
   18775  settlement.founded     s=343 sName=Nīxkòu city=1
          └ The city of Nīxkòu arose.
   18787  polity.submitted       how=submission to=219 toName=Tāptáịkòlǐā name=Fōntàlě
          └ Facing hopeless odds, the court of Fōntàlě bowed to Tāptáịkòlǐā — keeping its throne at the price of tribute.
   18787  settlement.annexed     s=237 sName=Yǔmrá from=237 fromName=Yǔmrálǐ to=1 toName=Ňěňní
          └ Peacefully absorbed Yǔmrá from Yǔmrálǐ.
   18787  settlement.annexed     s=30 sName=Sogyoepa from=30 fromName=Sogyoepasyus to=29 toName=Pomponsomsyus
          └ Peacefully absorbed Sogyoepa from Sogyoepasyus.
   18787  settlement.annexed     s=236 sName=Fị̀tlà from=236 fromName=Fị̀tlàlǐā to=1 toName=Ňěňní
          └ Peacefully absorbed Fị̀tlà from Fị̀tlàlǐā.
   18788  settlement.abandoned   s=190 sName=Tàthị̀
          └ Tàthị̀ was abandoned.
   18788  settlement.abandoned   s=217 sName=Fàlī
          └ Fàlī was abandoned.
   18792  settlement.abandoned   s=186 sName=Tǎmīürụ́
          └ Tǎmīürụ́ was abandoned.
   18798  settlement.abandoned   s=189 sName=Hǐükǔ
          └ Hǐükǔ was abandoned.
   18798  settlement.abandoned   s=201 sName=Ǎịmràkú
          └ Ǎịmràkú was abandoned.
   18798  settlement.abandoned   s=211 sName=Pụ̄lhụ̀kò
          └ Pụ̄lhụ̀kò was abandoned.
   18798  settlement.abandoned   s=213 sName=Fụ̀ịlpù
          └ Fụ̀ịlpù was abandoned.
   18798  settlement.abandoned   s=218 sName=Sǎfǎkú
          └ Sǎfǎkú was abandoned.
   18800  settlement.founded     s=344 sName=Kǒmpíü kind=crystallized
          └ Kǒmpíü was founded.
   18800  settlement.founded     s=344 sName=Kǒmpíü city=1
          └ The city of Kǒmpíü arose.
   18800  settlement.founded     s=345 sName=Kóňní city=1
          └ The city of Kóňní arose.
   18800  settlement.founded     s=347 sName=Xóutlà city=1
          └ The city of Xóutlà arose.
   18805  settlement.abandoned   s=205 sName=Há
          └ Há was abandoned.
   18805  settlement.abandoned   s=210 sName=Fị́sī
          └ Fị́sī was abandoned.
   18805  settlement.abandoned   s=214 sName=Ňīffí
          └ Ňīffí was abandoned.
   18805  settlement.abandoned   s=248 sName=Pụ̌ịtrụ̀ịkò
          └ Pụ̌ịtrụ̀ịkò was abandoned.
   18805  settlement.abandoned   s=277 sName=Hìulpù
          └ Hìulpù was abandoned.
   18809  succession.crisis      name=Pomponsomsyus
          └ The royal line failed — an interregnum of rival claimants.
   18812  settlement.dissolved   s=188 why=core sName=Sùlňà
          └ Sùlňà faded back into the countryside.
   18813  settlement.abandoned   s=254 sName=Āị
          └ Āị was abandoned.
   18813  settlement.dissolved   s=187 why=core sName=Fǒňtụ̌ị
          └ Fǒňtụ̌ị faded back into the countryside.
   18816  settlement.dissolved   s=184 why=core sName=Hīnfǐu
          └ Hīnfǐu faded back into the countryside.
   18819  settlement.abandoned   s=196 sName=Lǎtrụ̄ị
          └ Lǎtrụ̄ị was abandoned.
   18819  settlement.abandoned   s=199 sName=Sīuňpì
          └ Sīuňpì was abandoned.
   18819  settlement.abandoned   s=202 sName=Sǔtūrụ́
          └ Sǔtūrụ́ was abandoned.
   18819  settlement.abandoned   s=206 sName=Ìxkòu
          └ Ìxkòu was abandoned.
   18819  settlement.abandoned   s=209 sName=Pụ́ttīu
          └ Pụ́ttīu was abandoned.
   18819  settlement.abandoned   s=212 sName=Tīrụ́
          └ Tīrụ́ was abandoned.
   18819  settlement.abandoned   s=215 sName=Xụ́xkòu
          └ Xụ́xkòu was abandoned.
   18819  settlement.abandoned   s=216 sName=Xụ́lňà
          └ Xụ́lňà was abandoned.
   18819  settlement.abandoned   s=220 sName=Fùlpū
          └ Fùlpū was abandoned.
   18819  settlement.abandoned   s=224 sName=Lụ́ňpì
          └ Lụ́ňpì was abandoned.
   18819  settlement.abandoned   s=225 sName=Xóuppì
          └ Xóuppì was abandoned.
   18819  settlement.abandoned   s=226 sName=Pụ́ňpì
          └ Pụ́ňpì was abandoned.
   18819  settlement.abandoned   s=227 sName=Mùpíükú
          └ Mùpíükú was abandoned.
   18819  settlement.abandoned   s=230 sName=Fǒu'kū
          └ Fǒu'kū was abandoned.
   18819  settlement.abandoned   s=234 sName=Mǎpǐ
          └ Mǎpǐ was abandoned.
   18819  settlement.abandoned   s=239 sName=Lóupíkú
          └ Lóupíkú was abandoned.
   18819  settlement.abandoned   s=243 sName=Nìmrá
          └ Nìmrá was abandoned.
   18819  settlement.abandoned   s=264 sName=Lụ̀nlà
          └ Lụ̀nlà was abandoned.
   18819  settlement.abandoned   s=267 sName=Usdu
          └ Usdu was abandoned.
   18819  settlement.abandoned   s=268 sName=Hìuptàị
          └ Hìuptàị was abandoned.
   18819  settlement.abandoned   s=272 sName=Xàlị̀rụ́
          └ Xàlị̀rụ́ was abandoned.
   18819  settlement.abandoned   s=280 sName=Lákú
          └ Lákú was abandoned.
   18819  settlement.abandoned   s=283 sName=Tǐ
          └ Tǐ was abandoned.
   18820  settlement.abandoned   s=228 sName=Lǐfpúkò
          └ Lǐfpúkò was abandoned.
   18820  settlement.abandoned   s=252 sName=Xūnùkò
          └ Xūnùkò was abandoned.
   18820  settlement.abandoned   s=261 sName=Fị̌nglì
          └ Fị̌nglì was abandoned.
   18825  settlement.founded     s=348 sName=Yúptàị kind=crystallized
          └ Yúptàị was founded.
   18825  settlement.founded     s=348 sName=Yúptàị city=1
          └ The city of Yúptàị arose.
   18825  settlement.founded     s=349 sName=Fùppīkò city=1
          └ The city of Fùppīkò arose.
   18826  settlement.abandoned   s=263 sName=Situikypa
          └ Situikypa was abandoned.
   18826  settlement.abandoned   s=271 sName=Puikypa
          └ Puikypa was abandoned.
   18826  settlement.dissolved   s=174 why=core sName=Nị̀lpù
          └ Nị̀lpù faded back into the countryside.
   18834  succession.crisis      name=Ītị̄lǐā
          └ The royal line failed — an interregnum of rival claimants.
   18839  settlement.abandoned   s=231 sName=Lǎ
          └ Lǎ was abandoned.
   18839  settlement.abandoned   s=232 sName=Fòuňní
          └ Fòuňní was abandoned.
   18839  settlement.abandoned   s=233 sName=Ǔltǔrụ́
          └ Ǔltǔrụ́ was abandoned.
   18839  settlement.abandoned   s=238 sName=Lāịlíkú
          └ Lāịlíkú was abandoned.
   18839  settlement.abandoned   s=244 sName=Pụ̄lụ́
          └ Pụ̄lụ́ was abandoned.
   18839  settlement.abandoned   s=246 sName=Kīü
          └ Kīü was abandoned.
   18839  settlement.abandoned   s=247 sName=Pụ̄lụ́kò
          └ Pụ̄lụ́kò was abandoned.
   18839  settlement.abandoned   s=249 sName=Fị́là
          └ Fị́là was abandoned.
   18839  settlement.abandoned   s=250 sName=Lụ́xkòu
          └ Lụ́xkòu was abandoned.
   18839  settlement.abandoned   s=253 sName=Ìňtụ̌ị
          └ Ìňtụ̌ị was abandoned.
   18839  settlement.abandoned   s=256 sName=Sùlụ̄
          └ Sùlụ̄ was abandoned.
   18839  settlement.abandoned   s=262 sName=Lùpǔrụ́
          └ Lùpǔrụ́ was abandoned.
   18839  settlement.abandoned   s=274 sName=Ňǐlpù
          └ Ňǐlpù was abandoned.
   18839  settlement.abandoned   s=275 sName=Gyadui
          └ Gyadui was abandoned.
   18839  settlement.abandoned   s=282 sName=Simomuim
          └ Simomuim was abandoned.
   18839  settlement.abandoned   s=287 sName=Tàstù
          └ Tàstù was abandoned.
   18839  settlement.abandoned   s=299 sName=Dyuimodu
          └ Dyuimodu was abandoned.
   18839  settlement.abandoned   s=313 sName=Yǐu
          └ Yǐu was abandoned.
   18840  settlement.abandoned   s=245 sName=Lǐlīu
          └ Lǐlīu was abandoned.
   18841  settlement.abandoned   s=242 sName=Xūkóukò
          └ Xūkóukò was abandoned.
   18842  settlement.abandoned   s=290 sName=Ǎịmràkú
          └ Ǎịmràkú was abandoned.
   18842  settlement.abandoned   s=295 sName=Hìulhụ̌
          └ Hìulhụ̌ was abandoned.
   18847  plague.outbreak        s=2 sName=Fùlpū
          └ Plague broke out in Fùlpū and swept through the realm.
   18850  settlement.founded     s=353 sName=Pumpunsum kind=crystallized
          └ Pumpunsum was founded.
   18850  settlement.founded     s=353 sName=Pumpunsum city=1
          └ The city of Pumpunsum arose.
   18850  settlement.founded     s=354 sName=Fùppīkú kind=crystallized
          └ Fùppīkú was founded.
   18850  settlement.founded     s=354 sName=Fùppīkú city=1
          └ The city of Fùppīkú arose.
   18850  settlement.founded     s=355 sName=Pụ̌ịtrụ̀ị city=1
          └ The city of Pụ̌ịtrụ̀ị arose.
   18850  settlement.founded     s=360 sName=Ǒukfí city=1
          └ The city of Ǒukfí arose.
   18850  polity.shattered       s=322 sName=Kyumu to=173 toName=Sopopa
          └ Its capital Kyumu fell to Sopopa — the realm collapsed.
   18850  polity.ended           how=conquest byName=Sopopa name=Kyumusyusa
          └ Fell to Sopopa and was erased from the map.
   18864  settlement.lapsed      s=236 sName=Fị̀tlà from=1 fromName=Ňěňní
          └ Fị̀tlà slipped free of Ňěňní.
   18864  polity.receded         s=236 n=1 sName=Fị̀tlà name=Ňěňní
          └ The grip of Ňěňní failed, and the marches beyond Fị̀tlà were left to their own devices.
   18865  settlement.tier        s=340 sName=Lákú
          └ Lákú grew into a metropolis (657,000 souls).
   18869  settlement.tier        s=173 sName=Sopopa
          └ Sopopa grew into a metropolis (574,000 souls).
   18875  settlement.founded     s=363 sName=Nukyupa kind=crystallized
          └ Nukyupa was founded.
   18875  settlement.founded     s=363 sName=Nukyupa city=1
          └ The city of Nukyupa arose.
   18875  settlement.founded     s=364 sName=Yútlà kind=crystallized
          └ Yútlà was founded.
   18875  settlement.founded     s=364 sName=Yútlà city=1
          └ The city of Yútlà arose.
   18875  settlement.founded     s=365 sName=Mìulīükú city=1
          └ The city of Mìulīükú arose.
   18875  settlement.founded     s=370 sName=Nātlà city=1
          └ The city of Nātlà arose.
   18883  market.dearth          s=173 sName=Sopopa
          └ Dearth in Sopopa — bread at famine prices in the market.
   18885  settlement.tier        s=114 sName=Tommodumomoi
          └ Tommodumomoi grew into a metropolis (554,000 souls).
   18888  settlement.tier        s=139 sName=Sommosoe
          └ Sommosoe grew into a metropolis (551,000 souls).
   18900  famine.struck          
          └ A famine gripped the land.
   18900  famine.struck          
          └ A famine gripped the land.
   18900  famine.struck          
          └ A famine gripped the land.
   18900  famine.struck          
          └ A famine gripped the land.
   18900  famine.struck          
          └ A famine gripped the land.
   18900  famine.struck          
          └ A famine gripped the land.
   18900  famine.struck          
          └ A famine gripped the land.
   18900  famine.struck          
          └ A famine gripped the land.
   18900  famine.struck          
          └ A famine gripped the land.
   18900  famine.struck          
          └ A famine gripped the land.
   18900  famine.struck          
          └ A famine gripped the land.
   18900  famine.struck          
          └ A famine gripped the land.
   18900  famine.struck          
          └ A famine gripped the land.
   18900  famine.struck          
          └ A famine gripped the land.
   18900  famine.struck          
          └ A famine gripped the land.
   18900  settlement.founded     s=373 sName=Muisiumdu kind=crystallized
          └ Muisiumdu was founded.
   18900  settlement.founded     s=373 sName=Muisiumdu city=1
          └ The city of Muisiumdu arose.
   18900  settlement.founded     s=374 sName=Hìulpì kind=crystallized
          └ Hìulpì was founded.
   18900  settlement.founded     s=374 sName=Hìulpì city=1
          └ The city of Hìulpì arose.
   18900  settlement.founded     s=375 sName=Sị̌hàkò city=1
          └ The city of Sị̌hàkò arose.
   18900  settlement.founded     s=379 sName=Ňīffí city=1
          └ The city of Ňīffí arose.
   18900  war.ended              how=faded to=111 toName=Tǐurọ̀lěā name=Fọ́ịppè
          └ The war with Fọ́ịppè ended; some 27 soldiers never came home.
   18900  war.ended              how=faded to=109 toName=Láịlěā name=Tàthị̀kú
          └ The war with Tàthị̀kú ended.
   18900  war.ended              how=stalemate to=173 toName=Sopopa name=Sogyoepasyus
          └ The war with Sogyoepasyus ended; some 11 soldiers never came home.
   18900  war.indemnity          to=44 toName=Sogyoepasyus name=Sopopa
          └ Sopopa paid a heavy indemnity to Sogyoepasyus at the peace.
   18906  settlement.tier        s=147 sName=Sismogyoma
          └ Sismogyoma grew into a metropolis (542,000 souls).
   18925  settlement.founded     s=381 sName=Nimosigyim kind=crystallized
          └ Nimosigyim was founded.
   18925  settlement.founded     s=381 sName=Nimosigyim city=1
          └ The city of Nimosigyim arose.
   18925  settlement.founded     s=382 sName=Fóufpù kind=crystallized
          └ Fóufpù was founded.
   18925  settlement.founded     s=382 sName=Fóufpù city=1
          └ The city of Fóufpù arose.
   18925  settlement.founded     s=383 sName=Xụ̄stù city=1
          └ The city of Xụ̄stù arose.
   18925  settlement.founded     s=387 sName=Lǔmǔrụ́ city=1
          └ The city of Lǔmǔrụ́ arose.
   18937  polity.seceded         from=109 fromName=Láịlěā
          └ Broke away from Láịlěā in a war of secession.
   18937  polity.seceded         from=219 fromName=Tāptáịkòlǐā
          └ Broke away from Tāptáịkòlǐā in a war of secession.
   18937  polity.seceded         from=241 fromName=Ītị̄lǐā
          └ Broke away from Ītị̄lǐā in a war of secession.
   18937  settlement.annexed     s=173 sName=Sopopa from=173 fromName=Sopopa to=1 toName=Ňěňní
          └ Peacefully absorbed Sopopa from Sopopa.
   18937  settlement.annexed     s=236 sName=Fị̀tlà from=236 fromName=Fị̀tlàlǐā to=1 toName=Ňěňní
          └ Peacefully absorbed Fị̀tlà from Fị̀tlàlǐā.
   18950  settlement.founded     s=389 sName=Amogyuma kind=crystallized
          └ Amogyuma was founded.
   18950  settlement.founded     s=389 sName=Amogyuma city=1
          └ The city of Amogyuma arose.
   18950  settlement.founded     s=390 sName=Tánglì kind=crystallized
          └ Tánglì was founded.
   18950  settlement.founded     s=390 sName=Tánglì city=1
          └ The city of Tánglì arose.
   18950  settlement.founded     s=391 sName=Lùkò city=1
          └ The city of Lùkò arose.
   18950  settlement.founded     s=396 sName=Xūkóu city=1
          └ The city of Xūkóu arose.
   18950  war.began              from=241 to=362 name=Ītị̄lǐā
          └ Marched to war against Ìltùlǐā.
   18950  war.began              from=1 to=109 name=Ňěňní
          └ Marched to war against Láịlěā.
   18950  war.began              from=1 to=29 name=Ňěňní
          └ Renewed the old war against Pomponsomsyus as the succession failed.
   18950  war.ended              how=siegeLifted to=30 toName=Sogyoepasyus name=Pomponsomsyus
          └ The war with Pomponsomsyus ended.
   18975  settlement.founded     s=398 sName=Gyimmosiim kind=crystallized
          └ Gyimmosiim was founded.
   18975  settlement.founded     s=398 sName=Gyimmosiim city=1
          └ The city of Gyimmosiim arose.
   18975  settlement.founded     s=399 sName=Ìptàị kind=crystallized
          └ Ìptàị was founded.
   18975  settlement.founded     s=399 sName=Ìptàị city=1
          └ The city of Ìptàị arose.
   18975  settlement.founded     s=400 sName=Līütlàkú city=1
          └ The city of Līütlàkú arose.
   18975  settlement.founded     s=403 sName=Ǐnlà city=1
          └ The city of Ǐnlà arose.
   18984  succession.crisis      name=Tommodumomoisyus
          └ The royal line failed — an interregnum of rival claimants.
   19000  settlement.dissolved   s=200 why=core sName=Pāịpákú
          └ Pāịpákú faded back into the countryside.
   19000  settlement.founded     s=405 sName=Lǐfpúkú kind=crystallized
          └ Lǐfpúkú was founded.
   19000  settlement.founded     s=405 sName=Lǐfpúkú city=1
          └ The city of Lǐfpúkú arose.
   19000  settlement.founded     s=406 sName=Píkfì city=1
          └ The city of Píkfì arose.
   19003  settlement.dissolved   s=197 why=core sName=Tàtǐkú
          └ Tàtǐkú faded back into the countryside.
   19008  settlement.lapsed      s=236 sName=Fị̀tlà from=1 fromName=Ňěňní
          └ Fị̀tlà slipped free of Ňěňní.
   19008  polity.receded         s=236 n=1 sName=Fị̀tlà name=Ňěňní
          └ The grip of Ňěňní failed, and the marches beyond Fị̀tlà were left to their own devices.
   19009  settlement.tier        s=322 sName=Kyumu
          └ Kyumu grew into a metropolis (700,000 souls).
   19025  settlement.founded     s=410 sName=Pụ́ňpì kind=crystallized
          └ Pụ́ňpì was founded.
   19025  settlement.founded     s=410 sName=Pụ́ňpì city=1
          └ The city of Pụ́ňpì arose.
   19031  market.dearth          s=322 sName=Kyumu
          └ Dearth in Kyumu — bread at famine prices in the market.
   19050  settlement.founded     s=413 sName=Yùfpù kind=crystallized
          └ Yùfpù was founded.
   19050  settlement.founded     s=413 sName=Yùfpù city=1
          └ The city of Yùfpù arose.
   19050  settlement.founded     s=414 sName=Kùkú city=1
          └ The city of Kùkú arose.
   19050  war.began              from=362 to=241 name=Ìltùlǐā
          └ Marched to war against Ītị̄lǐā as the succession failed.
   19050  war.began              from=241 to=388 name=Ītị̄lǐā
          └ Marched to war against Xụ́xkòu.
   19050  war.began              from=30 to=173 name=Sogyoepasyus
          └ Marched to war against Sopopa as the succession failed.
   19059  succession.crisis      name=Tommodumomoisyus
          └ The royal line failed — an interregnum of rival claimants.
   19075  settlement.founded     s=417 sName=Fǒňtụ̌ị kind=crystallized
          └ Fǒňtụ̌ị was founded.
   19075  settlement.founded     s=417 sName=Fǒňtụ̌ị city=1
          └ The city of Fǒňtụ̌ị arose.
   19075  settlement.founded     s=418 sName=Hǔkū city=1
          └ The city of Hǔkū arose.
   19087  polity.submitted       how=submission to=219 toName=Tāptáịkòlǐā name=Fùlpūkú
          └ Facing hopeless odds, the court of Fùlpūkú bowed to Tāptáịkòlǐā — keeping its throne at the price of tribute.
   19087  settlement.annexed     s=50 sName=Fọ̄ịkfé from=59 fromName=Fōntàlě to=219 toName=Tāptáịkòlǐā
          └ Peacefully absorbed Fọ̄ịkfé from Fōntàlě.
   19087  polity.ended           how=integrated byName=Tāptáịkòlǐā name=Fōntàlě
          └ Dissolved — its last cities scattered or fell silent.
   19087  settlement.annexed     s=30 sName=Sogyoepa from=29 fromName=Pomponsomsyus to=114 toName=Tommodumomoisyus
          └ Peacefully absorbed Sogyoepa from Pomponsomsyus.
   19087  settlement.annexed     s=30 sName=Sogyoepa from=114 fromName=Tommodumomoisyus to=29 toName=Pomponsomsyus
          └ Peacefully absorbed Sogyoepa from Tommodumomoisyus.
   19087  settlement.annexed     s=236 sName=Fị̀tlà from=236 fromName=Fị̀tlàlǐā to=1 toName=Ňěňní
          └ Peacefully absorbed Fị̀tlà from Fị̀tlàlǐā.
   19095  settlement.abandoned   s=58 sName=Xụ́ppè
          └ Xụ́ppè was abandoned.
   19100  settlement.founded     s=420 sName=Tūxákú kind=crystallized
          └ Tūxákú was founded.
   19100  settlement.founded     s=420 sName=Tūxákú city=1
          └ The city of Tūxákú arose.
   19100  settlement.founded     s=421 sName=Nīptà city=1
          └ The city of Nīptà arose.
   19100  settlement.founded     s=422 sName=Tūkò city=1
          └ The city of Tūkò arose.
   19100  war.began              from=1 to=178 name=Ňěňní
          └ Marched to war against Hìuthị̌lǐā.
   19100  war.began              from=219 to=178 name=Tāptáịkòlǐā
          └ Marched to war against Hìuthị̌lǐā.
   19100  war.began              from=340 to=178 name=Lákúlǐā
          └ Marched to war against Hìuthị̌lǐā.
   19100  war.began              from=52 to=178 name=Tị̄lākú
          └ Marched to war against Hìuthị̌lǐā.
   19125  settlement.founded     s=423 sName=Lírǐkú kind=crystallized
          └ Lírǐkú was founded.
   19125  settlement.founded     s=423 sName=Lírǐkú city=1
          └ The city of Lírǐkú arose.
   19125  settlement.founded     s=424 sName=Lǎüpíkò city=1
          └ The city of Lǎüpíkò arose.
   19150  settlement.founded     s=426 sName=Kǐstù kind=crystallized
          └ Kǐstù was founded.
   19150  settlement.founded     s=426 sName=Kǐstù city=1
          └ The city of Kǐstù arose.
   19150  settlement.founded     s=427 sName=Lǎlpì city=1
          └ The city of Lǎlpì arose.
   19150  war.began              from=219 to=340 name=Tāptáịkòlǐā
          └ Marched to war against Lákúlǐā.
   19150  war.began              from=52 to=54 name=Tị̄lākú
          └ Renewed the old war against Fị̀lpìlě.
   19153  settlement.abandoned   s=89 sName=Kètrọ̌ị
          └ Kètrọ̌ị was abandoned.
   19153  settlement.tier        s=178 sName=Hìuthị̌
          └ Hìuthị̌ grew into a metropolis (769,000 souls).
   19154  market.dearth          s=325 sName=Rimobuimmiu
          └ Dearth in Rimobuimmiu — bread at famine prices in the market.
   19163  market.dearth          s=178 sName=Hìuthị̌
          └ Dearth in Hìuthị̌ — bread at famine prices in the market.
   19174  market.dearth          s=50 sName=Fọ̄ịkfé
          └ Dearth in Fọ̄ịkfé — bread at famine prices in the market.
   19175  settlement.founded     s=428 sName=Lūtí kind=crystallized
          └ Lūtí was founded.
   19175  settlement.founded     s=428 sName=Lūtí city=1
          └ The city of Lūtí arose.
   19175  settlement.founded     s=429 sName=Húnglì city=1
          └ The city of Húnglì arose.
   19200  settlement.founded     s=431 sName=Hǔlňà kind=crystallized
          └ Hǔlňà was founded.
   19200  settlement.founded     s=431 sName=Hǔlňà city=1
          └ The city of Hǔlňà arose.
   19200  settlement.founded     s=432 sName=Tǔ city=1
          └ The city of Tǔ arose.
   19200  settlement.founded     s=434 sName=Dupa kind=planted
          └ Dupa was founded.
   19200  town.planted           s=434 sName=Dupa
          └ The crown chartered Dupa to govern the countryside.
   19200  war.began              from=241 to=360 name=Ītị̄lǐā
          └ Marched to war against Ǒukfí.
   19200  war.began              from=1 to=417 name=Ňěňní
          └ Marched to war against Fǒňtụ̌ị.
   19200  war.began              from=340 to=417 name=Lákúlǐā
          └ Marched to war against Fǒňtụ̌ị.
   19200  war.began              from=418 to=417 name=Hǔkū
          └ Marched to war against Fǒňtụ̌ị.
   19200  war.began              from=52 to=418 name=Tị̄lākú
          └ Marched to war against Hǔkū.
   19200  war.began              from=152 to=418 name=Fùlpūkú
          └ Marched to war against Hǔkū.
   19225  settlement.founded     s=436 sName=Nị́fpù kind=crystallized
          └ Nị́fpù was founded.
   19225  settlement.founded     s=436 sName=Nị́fpù city=1
          └ The city of Nị́fpù arose.
   19225  settlement.founded     s=437 sName=Ňǐupī city=1
          └ The city of Ňǐupī arose.
   19237  polity.submitted       how=submission to=418 toName=Hǔkū name=Tị̄lākúlǐā
          └ Facing hopeless odds, the court of Tị̄lākúlǐā bowed to Hǔkū — keeping its throne at the price of tribute.
   19237  polity.submitted       how=submission to=418 toName=Hǔkū name=Yùfpù
          └ Facing hopeless odds, the court of Yùfpù bowed to Hǔkū — keeping its throne at the price of tribute.
   19237  settlement.annexed     s=192 sName=Fǐulpūkò from=192 fromName=Fǐulpūkòlěā to=52 toName=Tị̄lākú
          └ Peacefully absorbed Fǐulpūkò from Fǐulpūkòlěā.
   19237  settlement.annexed     s=241 sName=Ītị̄ from=241 fromName=Ītị̄lǐā to=362 toName=Ìltùlǐā
          └ Peacefully absorbed Ītị̄ from Ītị̄lǐā.
   19237  settlement.annexed     s=30 sName=Sogyoepa from=29 fromName=Pomponsomsyus to=114 toName=Tommodumomoisyus
          └ Peacefully absorbed Sogyoepa from Pomponsomsyus.
   19237  settlement.annexed     s=30 sName=Sogyoepa from=114 fromName=Tommodumomoisyus to=29 toName=Pomponsomsyus
          └ Peacefully absorbed Sogyoepa from Tommodumomoisyus.
   19237  settlement.annexed     s=198 sName=Bupupu from=198 fromName=Bupupu to=52 toName=Tị̄lākú
          └ Peacefully absorbed Bupupu from Bupupu.
   19237  polity.ended           how=dissolved name=Kètrọ̌ịlěā
          └ Dissolved — its last cities scattered or fell silent.
   19250  settlement.founded     s=441 sName=Mīnglìkò kind=crystallized
          └ Mīnglìkò was founded.
   19250  settlement.founded     s=441 sName=Mīnglìkò city=1
          └ The city of Mīnglìkò arose.
   19250  settlement.founded     s=442 sName=Ǔltǔ city=1
          └ The city of Ǔltǔ arose.
   19250  war.began              from=360 to=241 name=Ǒukfí
          └ Marched to war against Ītị̄lǐā.
   19250  war.began              from=362 to=29 name=Ìltùlǐā
          └ Marched to war against Pomponsomsyus.
   19250  war.ended              how=faded to=147 toName=Sismogyomasyus name=Sogyoepasyus
          └ The war with Sogyoepasyus ended.
   19254  settlement.abandoned   s=111 sName=Tǐurọ̀
          └ Tǐurọ̀ was abandoned.
   19256  market.dearth          s=109 sName=Láị
          └ Dearth in Láị — bread at famine prices in the market.
   19275  settlement.founded     s=444 sName=Hǔptàị kind=crystallized
          └ Hǔptàị was founded.
   19275  settlement.founded     s=444 sName=Hǔptàị city=1
          └ The city of Hǔptàị arose.
   19275  settlement.founded     s=445 sName=Kínlà city=1
          └ The city of Kínlà arose.
   19293  market.dearth          s=114 sName=Tommodumomoi
          └ Dearth in Tommodumomoi — bread at famine prices in the market.
   19296  polity.seceded         how=receded from=52 fromName=Tị̄lākú
          └ Broke away from Tị̄lākú in a war of secession.
   19296  polity.receded         s=192 n=1 sName=Fǐulpūkò name=Tị̄lākú
          └ The grip of Tị̄lākú failed, and the marches beyond Fǐulpūkò were left to their own devices.
   19296  settlement.lapsed      s=237 sName=Yǔmrá from=1 fromName=Ňěňní
          └ Yǔmrá slipped free of Ňěňní.
   19296  polity.receded         s=237 n=1 sName=Yǔmrá name=Ňěňní
          └ The grip of Ňěňní failed, and the marches beyond Yǔmrá were left to their own devices.
   19296  settlement.lapsed      s=434 sName=Dupa from=29 fromName=Pomponsomsyus
          └ Dupa slipped free of Pomponsomsyus.
   19296  polity.receded         s=434 n=1 sName=Dupa name=Pomponsomsyus
          └ The grip of Pomponsomsyus failed, and the marches beyond Dupa were left to their own devices.
   19296  polity.founded         how=frontier from=-1 name=Dupasyusa
          └ Dupa declared itself a sovereign realm.
   19297  settlement.tier        s=335 sName=Fīfíkò
          └ Fīfíkò grew into a city (213,000 souls).
   19297  settlement.tier        s=417 sName=Fǒňtụ̌ị
          └ Fǒňtụ̌ị grew into a metropolis (810,000 souls).
   19297  settlement.tier        s=418 sName=Hǔkū
          └ Hǔkū grew into a metropolis (965,000 souls).
   19300  settlement.founded     s=446 sName=Ìňní kind=crystallized
          └ Ìňní was founded.
   19300  settlement.founded     s=446 sName=Ìňní city=1
          └ The city of Ìňní arose.
   19300  settlement.founded     s=447 sName=Xụ́ttīu city=1
          └ The city of Xụ́ttīu arose.
   19300  war.began              from=30 to=417 name=Sogyoepasyus
          └ Marched to war against Fǒňtụ̌ị.
   19300  war.began              from=367 to=418 name=Húmpéülě
          └ Marched to war against Hǔkū.
   19300  polity.shattered       s=436 sName=Nị́fpù to=1 toName=Ňěňní
          └ Its capital Nị́fpù fell to Ňěňní — the realm collapsed.
   19300  polity.ended           how=conquest byName=Ňěňní name=Fǒňtụ̌ị
          └ Fell to Ňěňní and was erased from the map.
   19300  polity.shattered       s=436 sName=Nị́fpù to=340 toName=Lákúlǐā
          └ Its capital Nị́fpù fell to Lákúlǐā — the realm collapsed.
   19320  market.dearth          s=417 sName=Fǒňtụ̌ị
          └ Dearth in Fǒňtụ̌ị — bread at famine prices in the market.
   19325  settlement.founded     s=449 sName=Hìuhtà kind=crystallized
          └ Hìuhtà was founded.
   19325  settlement.founded     s=449 sName=Hìuhtà city=1
          └ The city of Hìuhtà arose.
   19325  settlement.founded     s=450 sName=Hīumrá city=1
          └ The city of Hīumrá arose.
   19325  settlement.founded     s=452 sName=Ǎịmrà city=1
          └ The city of Ǎịmrà arose.
   19350  settlement.founded     s=453 sName=Fǒtrụ̄ị kind=crystallized
          └ Fǒtrụ̄ị was founded.
   19350  settlement.founded     s=453 sName=Fǒtrụ̄ị city=1
          └ The city of Fǒtrụ̄ị arose.
   19350  settlement.founded     s=454 sName=Ňímpíü city=1
          └ The city of Ňímpíü arose.
   19350  war.ended              how=siegeLifted to=388 toName=Xụ́xkòu name=Ītị̄lǐā
          └ The war with Ītị̄lǐā ended.
   19350  war.indemnity          to=388 toName=Xụ́xkòu name=Ītị̄lǐā
          └ Ītị̄lǐā paid a heavy indemnity to Xụ́xkòu at the peace.
   19375  settlement.founded     s=455 sName=Īmtà kind=crystallized
          └ Īmtà was founded.
   19375  settlement.founded     s=455 sName=Īmtà city=1
          └ The city of Īmtà arose.
   19375  settlement.founded     s=456 sName=Kāňǎtụ̄ị city=1
          └ The city of Kāňǎtụ̄ị arose.
   19375  settlement.founded     s=457 sName=Ňínglì city=1
          └ The city of Ňínglì arose.
   19387  polity.submitted       how=submission to=360 toName=Ǒukfí name=Ǔltǔkúlǐ
          └ Facing hopeless odds, the court of Ǔltǔkúlǐ bowed to Ǒukfí — keeping its throne at the price of tribute.
   19387  polity.submitted       how=submission to=418 toName=Hǔkū name=Pụ́ňpìlǐā
          └ Facing hopeless odds, the court of Pụ́ňpìlǐā bowed to Hǔkū — keeping its throne at the price of tribute.
   19387  settlement.annexed     s=413 sName=Yùfpù from=413 fromName=Yùfpù to=418 toName=Hǔkū
          └ Peacefully absorbed Yùfpù from Yùfpù.
   19387  polity.ended           how=integrated byName=Hǔkū name=Yùfpù
          └ Dissolved — its last cities scattered or fell silent.
   19387  polity.seceded         from=241 fromName=Ītị̄lǐā
          └ Broke away from Ītị̄lǐā in a war of secession.
   19387  settlement.annexed     s=30 sName=Sogyoepa from=29 fromName=Pomponsomsyus to=114 toName=Tommodumomoisyus
          └ Peacefully absorbed Sogyoepa from Pomponsomsyus.
   19387  settlement.annexed     s=30 sName=Sogyoepa from=114 fromName=Tommodumomoisyus to=29 toName=Pomponsomsyus
          └ Peacefully absorbed Sogyoepa from Tommodumomoisyus.
   19387  polity.restored        from=-1 name=Fǒňtụ̌ị
          └ The old nation rose again.
   19400  settlement.founded     s=458 sName=Tàtụ̀ị kind=crystallized
          └ Tàtụ̀ị was founded.
   19400  settlement.founded     s=458 sName=Tàtụ̀ị city=1
          └ The city of Tàtụ̀ị arose.
   19400  war.began              from=52 to=417 name=Tị̄lākú
          └ Marched to war against Fǒňtụ̌ị.
   19400  polity.shattered       s=449 sName=Hìuhtà to=30 toName=Sogyoepasyus
          └ Its capital Hìuhtà fell to Sogyoepasyus — the realm collapsed.
   19400  polity.ended           how=conquest byName=Sogyoepasyus name=Fǒňtụ̌ị
          └ Fell to Sogyoepasyus and was erased from the map.
   19425  settlement.founded     s=461 sName=Ňǐňpì kind=crystallized
          └ Ňǐňpì was founded.
   19425  settlement.founded     s=461 sName=Ňǐňpì city=1
          └ The city of Ňǐňpì arose.
   19430  market.dearth          s=1 sName=Ňěňní
          └ Dearth in Ňěňní — bread at famine prices in the market.
   19441  settlement.tier        s=413 sName=Yùfpù
          └ Yùfpù grew into a metropolis (967,000 souls).
   19441  settlement.abandoned   s=417 sName=Fǒňtụ̌ị
          └ Fǒňtụ̌ị was abandoned.
   19441  settlement.tier        s=461 sName=Ňǐňpì
          └ Ňǐňpì grew into a metropolis (972,000 souls).
   19450  settlement.founded     s=463 sName=Lánglì kind=crystallized
          └ Lánglì was founded.
   19450  settlement.founded     s=463 sName=Lánglì city=1
          └ The city of Lánglì arose.
   19450  war.began              from=29 to=434 name=Pomponsomsyus
          └ Marched to war against Dupasyusa.
   19450  war.began              from=30 to=434 name=Sogyoepasyus
          └ Marched to war against Dupasyusa.
   19450  war.began              from=418 to=340 name=Hǔkū
          └ Marched to war against Lákúlǐā.
   19450  war.ended              how=faded to=114 toName=Tommodumomoisyus name=Pomponsomsyus
          └ The war with Pomponsomsyus ended.
   19450  war.ended              how=faded to=173 toName=Sopopa name=Tommodumomoisyus
          └ The war with Tommodumomoisyus ended.
   19450  war.ended              how=siegeLifted to=418 toName=Hǔkū name=Fǒňtụ̌ị
          └ The war with Fǒňtụ̌ị ended.
   19474  market.dearth          s=461 sName=Ňǐňpì
          └ Dearth in Ňǐňpì — bread at famine prices in the market.
   19475  settlement.founded     s=465 sName=Nīptà kind=crystallized
          └ Nīptà was founded.
   19475  settlement.founded     s=465 sName=Nīptà city=1
          └ The city of Nīptà arose.
   19500  settlement.founded     s=469 sName=Fǒustù kind=crystallized
          └ Fǒustù was founded.
   19500  settlement.founded     s=469 sName=Fǒustù city=1
          └ The city of Fǒustù arose.
   19500  war.began              from=418 to=152 name=Hǔkū
          └ Marched to war against Fùlpūkú.
   19525  settlement.founded     s=471 sName=Pá kind=crystallized
          └ Pá was founded.
   19525  settlement.founded     s=471 sName=Pá city=1
          └ The city of Pá arose.
   19525  settlement.founded     s=472 sName=Tǐhì city=1
          └ The city of Tǐhì arose.
   19537  polity.seceded         from=219 fromName=Tāptáịkòlǐā
          └ Broke away from Tāptáịkòlǐā in a war of secession.
   19537  settlement.annexed     s=118 sName=Ìdrụ̄ị from=118 fromName=Ìdrụ̄ịlǐ to=417 toName=Fǒňtụ̌ị
          └ Peacefully absorbed Ìdrụ̄ị from Ìdrụ̄ịlǐ.
   19537  settlement.annexed     s=30 sName=Sogyoepa from=29 fromName=Pomponsomsyus to=114 toName=Tommodumomoisyus
          └ Peacefully absorbed Sogyoepa from Pomponsomsyus.
   19537  settlement.annexed     s=30 sName=Sogyoepa from=114 fromName=Tommodumomoisyus to=29 toName=Pomponsomsyus
          └ Peacefully absorbed Sogyoepa from Tommodumomoisyus.
   19537  settlement.annexed     s=30 sName=Sogyoepa from=29 fromName=Pomponsomsyus to=417 toName=Fǒňtụ̌ị
          └ Peacefully absorbed Sogyoepa from Pomponsomsyus.
   19537  polity.restored        from=-1 name=Fǒňtụ̌ị
          └ The old nation rose again.
   19544  settlement.tier        s=325 sName=Rimobuimmiu
          └ Rimobuimmiu grew into a metropolis (540,000 souls).
   19550  settlement.founded     s=473 sName=Xụ̄sfá kind=crystallized
          └ Xụ̄sfá was founded.
   19550  settlement.founded     s=473 sName=Xụ̄sfá city=1
          └ The city of Xụ̄sfá arose.
   19550  war.began              from=360 to=335 name=Ǒukfí
          └ Marched to war against Fīfíkòlǐ.
   19550  war.began              from=417 to=30 name=Fǒňtụ̌ị
          └ Marched to war against Sogyoepasyus.
   19559  succession.crisis      name=Fǒňtụ̌ị
          └ The royal line failed — an interregnum of rival claimants.
   19575  settlement.founded     s=474 sName=Hóulňà city=1
          └ The city of Hóulňà arose.
   19587  market.dearth          s=30 sName=Sogyoepa
          └ Dearth in Sogyoepa — bread at famine prices in the market.
   19600  war.began              from=417 to=434 name=Fǒňtụ̌ị
          └ Marched to war against Dupasyusa.
   19600  war.began              from=417 to=29 name=Fǒňtụ̌ị
          └ Marched to war against Pomponsomsyus.
   19600  war.began              from=362 to=1 name=Ìltùlǐā
          └ Marched to war against Ňěňní.
   19600  war.ended              how=faded to=147 toName=Sismogyomasyus name=Pomponsomsyus
          └ The war with Pomponsomsyus ended; some 30 soldiers never came home.
   19600  war.ended              how=siegeLifted to=360 toName=Ǒukfí name=Ītị̄lǐā
          └ The war with Ītị̄lǐā ended.
   19600  war.indemnity          to=360 toName=Ǒukfí name=Ītị̄lǐā
          └ Ītị̄lǐā paid a heavy indemnity to Ǒukfí at the peace.
   19600  war.ended              how=siegeLifted to=417 toName=Fǒňtụ̌ị name=Ňěňní
          └ The war with Ňěňní ended; some 24 soldiers never came home.
   19600  war.indemnity          to=1 toName=Ňěňní name=Fǒňtụ̌ị
          └ Fǒňtụ̌ị paid a heavy indemnity to Ňěňní at the peace.
   19675  settlement.founded     s=484 sName=Rírụ́ city=1
          └ The city of Rírụ́ arose.
   19680  settlement.founded     s=487 sName=Ǐrụ́ kind=planted
          └ Ǐrụ́ was founded.
   19680  town.planted           s=487 sName=Ǐrụ́
          └ The crown planted Ǐrụ́ to hold the march.
   19687  polity.seceded         from=1 fromName=Ňěňní
          └ Broke away from Ňěňní in a war of secession.
   19687  polity.seceded         from=417 fromName=Fǒňtụ̌ị
          └ Broke away from Fǒňtụ̌ị in a war of secession.
   19687  settlement.annexed     s=114 sName=Tommodumomoi from=114 fromName=Tommodumomoisyus to=417 toName=Fǒňtụ̌ị
          └ Peacefully absorbed Tommodumomoi from Tommodumomoisyus.
   19687  settlement.annexed     s=52 sName=Tị̄lākú from=52 fromName=Tị̄lākú to=417 toName=Fǒňtụ̌ị
          └ Peacefully absorbed Tị̄lākú from Tị̄lākú.
   19687  settlement.annexed     s=30 sName=Sogyoepa from=417 fromName=Fǒňtụ̌ị to=29 toName=Pomponsomsyus
          └ Peacefully absorbed Sogyoepa from Fǒňtụ̌ị.
   19687  settlement.annexed     s=30 sName=Sogyoepa from=29 fromName=Pomponsomsyus to=417 toName=Fǒňtụ̌ị
          └ Peacefully absorbed Sogyoepa from Pomponsomsyus.
   19687  settlement.annexed     s=50 sName=Fọ̄ịkfé from=219 fromName=Tāptáịkòlǐā to=417 toName=Fǒňtụ̌ị
          └ Peacefully absorbed Fọ̄ịkfé from Tāptáịkòlǐā.
   19687  polity.ended           how=dissolved name=Tommodumomoisyus
          └ Dissolved — its last cities scattered or fell silent.
   19700  war.began              from=29 to=1 name=Pomponsomsyus
          └ Renewed the old war against Ňěňní under the banner of the faith.
   19700  war.ended              how=truce to=417 toName=Fǒňtụ̌ị name=Sogyoepasyus
          └ The war with Sogyoepasyus ended; some 15 soldiers never came home.
   19700  war.ended              how=truce to=417 toName=Fǒňtụ̌ị name=Pomponsomsyus
          └ The war with Pomponsomsyus ended.
   19700  war.ended              how=siegeLifted to=434 toName=Dupasyusa name=Pomponsomsyus
          └ The war with Pomponsomsyus ended.
   19728  settlement.lapsed      s=487 sName=Ǐrụ́ from=417 fromName=Fǒňtụ̌ị
          └ Ǐrụ́ slipped free of Fǒňtụ̌ị.
   19728  polity.receded         s=487 n=1 sName=Ǐrụ́ name=Fǒňtụ̌ị
          └ The grip of Fǒňtụ̌ị failed, and the marches beyond Ǐrụ́ were left to their own devices.
   19728  polity.founded         how=frontier from=-1 name=Ǐrụ́lǐā
          └ Ǐrụ́ declared itself a sovereign realm.
   19729  market.dearth          s=2 sName=Fùlpū
          └ Dearth in Fùlpū — bread at famine prices in the market.
   19735  market.dearth          s=413 sName=Yùfpù
          └ Dearth in Yùfpù — bread at famine prices in the market.
   19750  war.began              from=417 to=362 name=Fǒňtụ̌ị
          └ Marched to war against Ìltùlǐā.
   19750  war.ended              how=faded to=241 toName=Ītị̄lǐā name=Fị̀tlàlǐā
          └ The war with Fị̀tlàlǐā ended; some 3 soldiers never came home.
   19750  war.ended              how=truce to=434 toName=Dupasyusa name=Fǒňtụ̌ị
          └ The war with Fǒňtụ̌ị ended.
   19750  war.indemnity          to=434 toName=Dupasyusa name=Fǒňtụ̌ị
          └ Fǒňtụ̌ị paid a heavy indemnity to Dupasyusa at the peace.
   19750  war.ended              how=truce to=417 toName=Fǒňtụ̌ị name=Ìltùlǐā
          └ The war with Ìltùlǐā ended.
   19750  war.indemnity          to=362 toName=Ìltùlǐā name=Fǒňtụ̌ị
          └ Fǒňtụ̌ị paid a heavy indemnity to Ìltùlǐā at the peace.
   19750  war.ended              how=truce to=434 toName=Dupasyusa name=Sogyoepasyus
          └ The war with Sogyoepasyus ended.
   19800  plague.outbreak        s=322 sName=Kyumu
          └ Plague broke out in Kyumu and swept through the realm.
   19800  plague.outbreak        s=323 sName=Tàịňnīkú
          └ Plague broke out in Tàịňnīkú and swept through the realm.
   19800  plague.outbreak        s=324 sName=Fǒlpì
          └ Plague broke out in Fǒlpì and swept through the realm.
   19800  plague.outbreak        s=325 sName=Rimobuimmiu
          └ Plague broke out in Rimobuimmiu and swept through the realm.
   19800  plague.outbreak        s=339 sName=Tị̄lākú
          └ Plague broke out in Tị̄lākú and swept through the realm.
   19800  plague.outbreak        s=340 sName=Lákú
          └ Plague broke out in Lákú and swept through the realm.
   19800  plague.outbreak        s=345 sName=Kóňní
          └ Plague broke out in Kóňní and swept through the realm.
   19800  plague.outbreak        s=360 sName=Ǒukfí
          └ Plague broke out in Ǒukfí and swept through the realm.
   19800  plague.outbreak        s=382 sName=Fóufpù
          └ Plague broke out in Fóufpù and swept through the realm.
   19800  plague.outbreak        s=410 sName=Pụ́ňpì
          └ Plague broke out in Pụ́ňpì and swept through the realm.
   19800  plague.outbreak        s=413 sName=Yùfpù
          └ Plague broke out in Yùfpù and swept through the realm.
   19800  plague.outbreak        s=414 sName=Kùkú
          └ Plague broke out in Kùkú and swept through the realm.
   19800  plague.outbreak        s=428 sName=Lūtí
          └ Plague broke out in Lūtí and swept through the realm.
   19800  plague.outbreak        s=434 sName=Dupa
          └ Plague broke out in Dupa and swept through the realm.
   19800  plague.outbreak        s=461 sName=Ňǐňpì
          └ Plague broke out in Ňǐňpì and swept through the realm.
   19800  plague.outbreak        s=463 sName=Lánglì
          └ Plague broke out in Lánglì and swept through the realm.
   19800  plague.outbreak        s=484 sName=Rírụ́
          └ Plague broke out in Rírụ́ and swept through the realm.
   19800  plague.outbreak        s=487 sName=Ǐrụ́
          └ Plague broke out in Ǐrụ́ and swept through the realm.
   19800  war.began              from=417 to=484 name=Fǒňtụ̌ị
          └ Marched to war against Rírụ́.
   19837  polity.submitted       how=submission to=324 toName=Fǒlpì name=Bumimubu
          └ Facing hopeless odds, the court of Bumimubu bowed to Fǒlpì — keeping its throne at the price of tribute.
   19837  polity.seceded         from=417 fromName=Fǒňtụ̌ị
          └ Broke away from Fǒňtụ̌ị in a war of secession.
   19837  polity.seceded         from=362 fromName=Ìltùlǐā
          └ Broke away from Ìltùlǐā in a war of secession.
   19837  settlement.annexed     s=30 sName=Sogyoepa from=417 fromName=Fǒňtụ̌ị to=29 toName=Pomponsomsyus
          └ Peacefully absorbed Sogyoepa from Fǒňtụ̌ị.
   19837  settlement.annexed     s=30 sName=Sogyoepa from=29 fromName=Pomponsomsyus to=30 toName=Sogyoepasyus
          └ Peacefully absorbed Sogyoepa from Pomponsomsyus.
   19850  war.began              from=360 to=236 name=Ǒukfí
          └ Marched to war against Fị̀tlàlǐā.
   19850  war.began              from=417 to=463 name=Fǒňtụ̌ị
          └ Marched to war against Lánglì.
   19850  war.began              from=304 to=111 name=Nāxtàlǐ
          └ Marched to war against Tǐurọ̀lěā as the succession failed.
   19859  succession.crisis      name=Rírụ́
          └ The royal line failed — an interregnum of rival claimants.
   19872  polity.seceded         how=receded from=417 fromName=Fǒňtụ̌ị
          └ Broke away from Fǒňtụ̌ị in a war of secession.
   19872  polity.receded         s=52 n=1 sName=Tị̄lākú name=Fǒňtụ̌ị
          └ The grip of Fǒňtụ̌ị failed, and the marches beyond Tị̄lākú were left to their own devices.
   19873  settlement.tier        s=484 sName=Rírụ́
          └ Rírụ́ grew into a metropolis (1,098,000 souls).
   19889  market.dearth          s=463 sName=Lánglì
          └ Dearth in Lánglì — bread at famine prices in the market.
   19900  war.began              from=1 to=487 name=Ňěňní
          └ Marched to war against Ǐrụ́lǐā as the succession failed.
   19900  war.began              from=2 to=487 name=Fùlpū
          └ Marched to war against Ǐrụ́lǐā as the succession failed.
   19900  war.began              from=342 to=487 name=Fùlpūkòlǐ
          └ Marched to war against Ǐrụ́lǐā as the succession failed.
   19900  war.began              from=340 to=487 name=Lákúlǐā
          └ Marched to war against Ǐrụ́lǐā as the succession failed.
   19900  war.began              from=463 to=484 name=Lánglì
          └ Marched to war against Rírụ́ as the succession failed.
   19900  war.began              from=152 to=484 name=Fùlpūkú
          └ Marched to war against Rírụ́ as the succession failed.
   19900  war.began              from=367 to=484 name=Húmpéülě
          └ Marched to war against Rírụ́ as the succession failed.
   19900  war.began              from=52 to=192 name=Tị̄lākú
          └ Marched to war against Fǐulpūkòlěā.
   19900  war.began              from=1 to=486 name=Ňěňní
          └ Marched to war against Imobimgyisyusa.
   19900  war.began              from=29 to=486 name=Pomponsomsyus
          └ Marched to war against Imobimgyisyusa.
   19900  war.began              from=30 to=486 name=Sogyoepasyus
          └ Marched to war against Imobimgyisyusa.
   19900  war.began              from=417 to=486 name=Fǒňtụ̌ị
          └ Marched to war against Imobimgyisyusa.
   19900  war.ended              how=faded to=173 toName=Sopopa name=Pomponsomsyus
          └ The war with Pomponsomsyus ended; some 3 soldiers never came home.
   19909  succession.crisis      name=Lánglì
          └ The royal line failed — an interregnum of rival claimants.
   19909  succession.crisis      name=Ǐrụ́lǐā
          └ The royal line failed — an interregnum of rival claimants.
   19934  succession.crisis      name=Rírụ́
          └ The royal line failed — an interregnum of rival claimants.
   19950  war.began              from=484 to=487 name=Rírụ́
          └ Marched to war against Ǐrụ́lǐā as the succession failed.
   19950  polity.shattered       s=1 sName=Ňěňní to=29 toName=Pomponsomsyus
          └ Its capital Ňěňní fell to Pomponsomsyus — the realm collapsed.
   19950  polity.ended           how=conquest byName=Pomponsomsyus name=Ňěňní
          └ Fell to Pomponsomsyus and was erased from the map.
   19950  polity.submitted       how=inherited to=29 toName=Pomponsomsyus name=Fùlpū
          └ Facing hopeless odds, the court of Fùlpū bowed to Pomponsomsyus — keeping its throne at the price of tribute.
   19950  polity.submitted       how=inherited to=29 toName=Pomponsomsyus name=Sogyoepasyus
          └ Facing hopeless odds, the court of Sogyoepasyus bowed to Pomponsomsyus — keeping its throne at the price of tribute.
   19959  succession.crisis      name=Lákúlǐā
          └ The royal line failed — an interregnum of rival claimants.
   19984  succession.crisis      name=Hǔkū
          └ The royal line failed — an interregnum of rival claimants.
   19987  polity.submitted       how=submission to=324 toName=Fǒlpì name=Ǐrụ́lǐā
          └ Facing hopeless odds, the court of Ǐrụ́lǐā bowed to Fǒlpì — keeping its throne at the price of tribute.
   19987  polity.submitted       how=union to=484 toName=Rírụ́ name=Hǔkū
          └ In the troubles of the succession, the court of Hǔkū joined its crown to Rírụ́ — one senior throne, two realms.
   19987  polity.seceded         from=52 fromName=Tị̄lākú
          └ Broke away from Tị̄lākú in a war of secession.
   19987  settlement.annexed     s=241 sName=Ītị̄ from=241 fromName=Ītị̄lǐā to=362 toName=Ìltùlǐā
          └ Peacefully absorbed Ītị̄ from Ītị̄lǐā.
   19987  settlement.annexed     s=29 sName=Pomponsom from=29 fromName=Pomponsomsyus to=30 toName=Sogyoepasyus
          └ Peacefully absorbed Pomponsom from Pomponsomsyus.
   19988  settlement.abandoned   s=335 sName=Fīfíkò
          └ Fīfíkò was abandoned.
   19988  settlement.abandoned   s=375 sName=Sị̌hàkò
          └ Sị̌hàkò was abandoned.
   19988  settlement.abandoned   s=405 sName=Lǐfpúkú
          └ Lǐfpúkú was abandoned.
   19998  settlement.abandoned   s=348 sName=Yúptàị
          └ Yúptàị was abandoned.
   19998  settlement.abandoned   s=354 sName=Fùppīkú
          └ Fùppīkú was abandoned.
   19998  settlement.abandoned   s=355 sName=Pụ̌ịtrụ̀ị
          └ Pụ̌ịtrụ̀ị was abandoned.
   19998  settlement.abandoned   s=381 sName=Nimosigyim
          └ Nimosigyim was abandoned.
   19998  settlement.abandoned   s=396 sName=Xūkóu
          └ Xūkóu was abandoned.
   19998  settlement.abandoned   s=399 sName=Ìptàị
          └ Ìptàị was abandoned.
   20000  war.began              from=236 to=241 name=Fị̀tlàlǐā
          └ Renewed the old war against Ītị̄lǐā as the succession failed.
   20000  war.began              from=461 to=30 name=Ňǐňpì
          └ Marched to war against Sogyoepasyus as the succession failed.
   20000  war.began              from=29 to=487 name=Pomponsomsyus
          └ Marched to war against Ǐrụ́lǐā as the succession failed.
   20000  war.began              from=342 to=29 name=Fùlpūkòlǐ
          └ Marched to war against Pomponsomsyus.
   20005  settlement.abandoned   s=345 sName=Kóňní
          └ Kóňní was abandoned.
   20008  market.dearth          s=50 sName=Fọ̄ịkfé
          └ Dearth in Fọ̄ịkfé — bread at famine prices in the market.
   20009  succession.crisis      name=Kùkú
          └ The royal line failed — an interregnum of rival claimants.
   20009  succession.crisis      name=Lánglì
          └ The royal line failed — an interregnum of rival claimants.
   20009  succession.crisis      name=Rírụ́
          └ The royal line failed — an interregnum of rival claimants.
   20011  settlement.abandoned   s=436 sName=Nị́fpù
          └ Nị́fpù was abandoned.
   20013  settlement.abandoned   s=370 sName=Nātlà
          └ Nātlà was abandoned.
   20013  settlement.abandoned   s=403 sName=Ǐnlà
          └ Ǐnlà was abandoned.
   20013  settlement.abandoned   s=421 sName=Nīptà
          └ Nīptà was abandoned.
   20013  settlement.abandoned   s=427 sName=Lǎlpì
          └ Lǎlpì was abandoned.
   20014  settlement.abandoned   s=428 sName=Lūtí
          └ Lūtí was abandoned.
   20017  settlement.tier        s=339 sName=Tị̄lākú
          └ Tị̄lākú grew into a city (212,000 souls).
   20017  settlement.abandoned   s=418 sName=Hǔkū
          └ Hǔkū was abandoned.
   20018  settlement.tier        s=343 sName=Nīxkòu
          └ Nīxkòu grew into a city (32,000 souls).
   20019  settlement.abandoned   s=323 sName=Tàịňnīkú
          └ Tàịňnīkú was abandoned.
   20019  settlement.abandoned   s=324 sName=Fǒlpì
          └ Fǒlpì was abandoned.
   20019  settlement.abandoned   s=326 sName=Píkfìrụ́
          └ Píkfìrụ́ was abandoned.
   20019  settlement.abandoned   s=327 sName=Támpíü
          └ Támpíü was abandoned.
   20019  settlement.abandoned   s=344 sName=Kǒmpíü
          └ Kǒmpíü was abandoned.
   20019  settlement.abandoned   s=349 sName=Fùppīkò
          └ Fùppīkò was abandoned.
   20019  settlement.abandoned   s=353 sName=Pumpunsum
          └ Pumpunsum was abandoned.
   20019  settlement.abandoned   s=363 sName=Nukyupa
          └ Nukyupa was abandoned.
   20019  settlement.abandoned   s=364 sName=Yútlà
          └ Yútlà was abandoned.
   20019  settlement.abandoned   s=373 sName=Muisiumdu
          └ Muisiumdu was abandoned.
   20019  settlement.abandoned   s=374 sName=Hìulpì
          └ Hìulpì was abandoned.
   20019  settlement.abandoned   s=379 sName=Ňīffí
          └ Ňīffí was abandoned.
   20019  settlement.abandoned   s=387 sName=Lǔmǔrụ́
          └ Lǔmǔrụ́ was abandoned.
   20019  settlement.abandoned   s=389 sName=Amogyuma
          └ Amogyuma was abandoned.
   20019  settlement.abandoned   s=390 sName=Tánglì
          └ Tánglì was abandoned.
   20019  settlement.abandoned   s=398 sName=Gyimmosiim
          └ Gyimmosiim was abandoned.
   20019  settlement.abandoned   s=457 sName=Ňínglì
          └ Ňínglì was abandoned.
   20025  settlement.founded     s=499 sName=Sǎfǎkú kind=crystallized
          └ Sǎfǎkú was founded.
   20025  settlement.founded     s=499 sName=Sǎfǎkú city=1
          └ The city of Sǎfǎkú arose.
   20025  settlement.founded     s=500 sName=Lụ̌mpíü city=1
          └ The city of Lụ̌mpíü arose.
   20025  settlement.founded     s=503 sName=Lāpòkú city=1
          └ The city of Lāpòkú arose.
   20026  settlement.abandoned   s=391 sName=Lùkò
          └ Lùkò was abandoned.
   20026  settlement.abandoned   s=406 sName=Píkfì
          └ Píkfì was abandoned.
   20026  settlement.abandoned   s=431 sName=Hǔlňà
          └ Hǔlňà was abandoned.
   20026  settlement.abandoned   s=437 sName=Ňǐupī
          └ Ňǐupī was abandoned.
   20026  settlement.abandoned   s=441 sName=Mīnglìkò
          └ Mīnglìkò was abandoned.
   20026  settlement.abandoned   s=446 sName=Ìňní
          └ Ìňní was abandoned.
   20026  settlement.abandoned   s=472 sName=Tǐhì
          └ Tǐhì was abandoned.
   20026  settlement.abandoned   s=474 sName=Hóulňà
          └ Hóulňà was abandoned.
   20027  settlement.abandoned   s=473 sName=Xụ̄sfá
          └ Xụ̄sfá was abandoned.
   20028  settlement.abandoned   s=400 sName=Līütlàkú
          └ Līütlàkú was abandoned.
   20028  settlement.abandoned   s=456 sName=Kāňǎtụ̄ị
          └ Kāňǎtụ̄ị was abandoned.
   20033  settlement.abandoned   s=449 sName=Hìuhtà
          └ Hìuhtà was abandoned.
   20034  succession.crisis      name=Lákúlǐā
          └ The royal line failed — an interregnum of rival claimants.
   20034  succession.crisis      name=Hǔkū
          └ The royal line failed — an interregnum of rival claimants.
   20034  succession.crisis      name=Ňǐňpì
          └ The royal line failed — an interregnum of rival claimants.
   20039  settlement.abandoned   s=382 sName=Fóufpù
          └ Fóufpù was abandoned.
   20039  settlement.abandoned   s=383 sName=Xụ̄stù
          └ Xụ̄stù was abandoned.
   20039  settlement.abandoned   s=410 sName=Pụ́ňpì
          └ Pụ́ňpì was abandoned.
   20039  settlement.abandoned   s=422 sName=Tūkò
          └ Tūkò was abandoned.
   20039  settlement.abandoned   s=423 sName=Lírǐkú
          └ Lírǐkú was abandoned.
   20039  settlement.abandoned   s=424 sName=Lǎüpíkò
          └ Lǎüpíkò was abandoned.
   20039  settlement.abandoned   s=426 sName=Kǐstù
          └ Kǐstù was abandoned.
   20039  settlement.abandoned   s=429 sName=Húnglì
          └ Húnglì was abandoned.
   20039  settlement.abandoned   s=432 sName=Tǔ
          └ Tǔ was abandoned.
   20039  settlement.abandoned   s=442 sName=Ǔltǔ
          └ Ǔltǔ was abandoned.
   20039  settlement.abandoned   s=444 sName=Hǔptàị
          └ Hǔptàị was abandoned.
   20039  settlement.abandoned   s=445 sName=Kínlà
          └ Kínlà was abandoned.
   20039  settlement.abandoned   s=447 sName=Xụ́ttīu
          └ Xụ́ttīu was abandoned.
   20039  settlement.abandoned   s=450 sName=Hīumrá
          └ Hīumrá was abandoned.
   20039  settlement.abandoned   s=452 sName=Ǎịmrà
          └ Ǎịmrà was abandoned.
   20039  settlement.abandoned   s=453 sName=Fǒtrụ̄ị
          └ Fǒtrụ̄ị was abandoned.
   20039  settlement.abandoned   s=454 sName=Ňímpíü
          └ Ňímpíü was abandoned.
   20039  settlement.abandoned   s=458 sName=Tàtụ̀ị
          └ Tàtụ̀ị was abandoned.
   20039  settlement.abandoned   s=465 sName=Nīptà
          └ Nīptà was abandoned.
   20039  settlement.abandoned   s=469 sName=Fǒustù
          └ Fǒustù was abandoned.
   20041  settlement.abandoned   s=420 sName=Tūxákú
          └ Tūxákú was abandoned.
   20041  settlement.abandoned   s=455 sName=Īmtà
          └ Īmtà was abandoned.
   20041  settlement.abandoned   s=471 sName=Pá
          └ Pá was abandoned.
   20050  settlement.founded     s=506 sName=Simopadu kind=crystallized
          └ Simopadu was founded.
   20050  settlement.founded     s=506 sName=Simopadu city=1
          └ The city of Simopadu arose.
   20050  settlement.founded     s=507 sName=Ngákò kind=crystallized
          └ Ngákò was founded.
   20050  settlement.founded     s=507 sName=Ngákò city=1
          └ The city of Ngákò arose.
   20050  settlement.founded     s=508 sName=Mīutǐu city=1
          └ The city of Mīutǐu arose.
   20050  settlement.founded     s=511 sName=Lārkū city=1
          └ The city of Lārkū arose.
   20050  war.began              from=30 to=173 name=Sogyoepasyus
          └ Renewed the old war against Sopopa as the succession failed.
   20050  war.began              from=484 to=461 name=Rírụ́
          └ Marched to war against Ňǐňpì as the succession failed.
   20050  war.ended              how=faded to=322 toName=Kyumusyusa name=Sogyoepasyus
          └ The war with Sogyoepasyus ended.
   20050  war.ended              how=faded to=322 toName=Kyumusyusa name=Sopopa
          └ The war with Sopopa ended; some 11 soldiers never came home.
   20075  settlement.founded     s=514 sName=Tusmopadu kind=crystallized
          └ Tusmopadu was founded.
   20075  settlement.founded     s=514 sName=Tusmopadu city=1
          └ The city of Tusmopadu arose.
   20075  settlement.founded     s=515 sName=Tǎtlà kind=crystallized
          └ Tǎtlà was founded.
   20075  settlement.founded     s=515 sName=Tǎtlà city=1
          └ The city of Tǎtlà arose.
   20075  settlement.founded     s=516 sName=Hǔňpì city=1
          └ The city of Hǔňpì arose.
   20075  settlement.founded     s=519 sName=Síustù city=1
          └ The city of Síustù arose.
   20100  settlement.founded     s=521 sName=Ummomissi kind=crystallized
          └ Ummomissi was founded.
   20100  settlement.founded     s=521 sName=Ummomissi city=1
          └ The city of Ummomissi arose.
   20100  settlement.founded     s=522 sName=Ǐstù kind=crystallized
          └ Ǐstù was founded.
   20100  settlement.founded     s=522 sName=Ǐstù city=1
          └ The city of Ǐstù arose.
   20100  settlement.founded     s=523 sName=Ňǐttīu city=1
          └ The city of Ňǐttīu arose.
   20100  settlement.founded     s=526 sName=Sǎfǎrụ́ city=1
          └ The city of Sǎfǎrụ́ arose.
   20100  war.began              from=484 to=463 name=Rírụ́
          └ Marched to war against Lánglì as the succession failed.
   20109  succession.crisis      name=Ǐrụ́lǐā
          └ The royal line failed — an interregnum of rival claimants.
   20125  settlement.founded     s=529 sName=Píkfìkú kind=crystallized
          └ Píkfìkú was founded.
   20125  settlement.founded     s=529 sName=Píkfìkú city=1
          └ The city of Píkfìkú arose.
   20125  settlement.founded     s=530 sName=Tị̄lākú city=1
          └ The city of Tị̄lākú arose.
   20125  settlement.founded     s=533 sName=Ūlpì city=1
          └ The city of Ūlpì arose.
   20127  market.dearth          s=114 sName=Tommodumomoi
          └ Dearth in Tommodumomoi — bread at famine prices in the market.
   20134  succession.crisis      name=Tāptáịkòlǐā
          └ The royal line failed — an interregnum of rival claimants.
   20137  polity.submitted       how=submission to=52 toName=Tị̄lākú name=Lārsīlǐā
          └ Facing hopeless odds, the court of Lārsīlǐā bowed to Tị̄lākú — keeping its throne at the price of tribute.
   20137  polity.submitted       how=submission to=324 toName=Fǒlpì name=Fị̌stù
          └ Facing hopeless odds, the court of Fị̌stù bowed to Fǒlpì — keeping its throne at the price of tribute.
   20137  polity.submitted       how=union to=414 toName=Kùkú name=Láịlěā
          └ In the troubles of the succession, the court of Láịlěā joined its crown to Kùkú — one senior throne, two realms.
   20137  war.ended              how=union to=362 toName=Ìltùlǐā name=Ītị̄lǐā
          └ The war with Ītị̄lǐā ended.
   20137  polity.submitted       how=union to=362 toName=Ìltùlǐā name=Ītị̄lǐā
          └ In the troubles of the succession, the court of Ītị̄lǐā joined its crown to Ìltùlǐā — one senior throne, two realms.
   20137  polity.seceded         from=417 fromName=Fǒňtụ̌ị
          └ Broke away from Fǒňtụ̌ị in a war of secession.
   20137  polity.ended           how=dissolved name=Tāptáịkòlǐā
          └ Dissolved — its last cities scattered or fell silent.
   20150  settlement.founded     s=537 sName=Tàrụ́ kind=crystallized
          └ Tàrụ́ was founded.
   20150  settlement.founded     s=537 sName=Tàrụ́ city=1
          └ The city of Tàrụ́ arose.
   20150  settlement.founded     s=538 sName=Ǎịmràkò city=1
          └ The city of Ǎịmràkò arose.
   20150  settlement.founded     s=540 sName=Pǐükò city=1
          └ The city of Pǐükò arose.
   20150  war.began              from=52 to=463 name=Tị̄lākú
          └ Marched to war against Lánglì as the succession failed.
   20150  war.ended              how=truce to=486 toName=Imobimgyisyusa name=Sogyoepasyus
          └ The war with Sogyoepasyus ended.
   20150  polity.shattered       s=506 sName=Simopadu to=30 toName=Sogyoepasyus
          └ Its capital Simopadu fell to Sogyoepasyus — the realm collapsed.
   20150  polity.ended           how=conquest byName=Sogyoepasyus name=Sopopa
          └ Fell to Sogyoepasyus and was erased from the map.
   20150  war.ended              how=siegeLifted to=360 toName=Ǒukfí name=Fị̀tlàlǐā
          └ The war with Fị̀tlàlǐā ended.
   20160  settlement.founded     s=545 sName=Násfá kind=planted
          └ Násfá was founded.
   20160  town.planted           s=545 sName=Násfá
          └ The crown chartered Násfá to govern the countryside.
   20175  settlement.founded     s=546 sName=Tìttíurụ́ kind=crystallized
          └ Tìttíurụ́ was founded.
   20175  settlement.founded     s=546 sName=Tìttíurụ́ city=1
          └ The city of Tìttíurụ́ arose.
   20175  settlement.founded     s=547 sName=Sǔsfá city=1
          └ The city of Sǔsfá arose.
   20175  settlement.founded     s=550 sName=Ňìkfí city=1
          └ The city of Ňìkfí arose.
   20192  settlement.tier        s=463 sName=Lánglì
          └ Lánglì grew into a metropolis (588,000 souls).
   20192  settlement.dissolved   s=208 why=core sName=Xóuthị̌
          └ Xóuthị̌ faded back into the countryside.
   20200  settlement.founded     s=555 sName=Sǐunfǐu kind=crystallized
          └ Sǐunfǐu was founded.
   20200  settlement.founded     s=555 sName=Sǐunfǐu city=1
          └ The city of Sǐunfǐu arose.
   20200  settlement.founded     s=556 sName=Lìrụ́ city=1
          └ The city of Lìrụ́ arose.
   20200  war.began              from=241 to=536 name=Ītị̄lǐā
          └ Marched to war against Pìukú.
   20200  war.began              from=30 to=44 name=Sogyoepasyus
          └ Renewed the old war against Sogyoepasyus.
   20200  war.began              from=192 to=111 name=Fǐulpūkòlěā
          └ Marched to war against Tǐurọ̀lěā.
   20200  polity.shattered       s=463 sName=Lánglì to=484 toName=Rírụ́
          └ Its capital Lánglì fell to Rírụ́ — the realm collapsed.
   20200  polity.ended           how=conquest byName=Rírụ́ name=Lánglì
          └ Fell to Rírụ́ and was erased from the map.
   20225  settlement.founded     s=562 sName=Mīnglì kind=crystallized
          └ Mīnglì was founded.
   20225  settlement.founded     s=562 sName=Mīnglì city=1
          └ The city of Mīnglì arose.
   20225  settlement.founded     s=563 sName=Tǎňní city=1
          └ The city of Tǎňní arose.
   20225  settlement.founded     s=565 sName=Yǔmpíü city=1
          └ The city of Yǔmpíü arose.
   20250  settlement.founded     s=569 sName=Kị̌kò kind=crystallized
          └ Kị̌kò was founded.
   20250  settlement.founded     s=569 sName=Kị̌kò city=1
          └ The city of Kị̌kò arose.
   20250  settlement.founded     s=570 sName=Hǔptàị city=1
          └ The city of Hǔptàị arose.
   20250  war.began              from=30 to=461 name=Sogyoepasyus
          └ Marched to war against Ňǐňpì as the succession failed.
   20250  war.began              from=434 to=463 name=Dupasyusa
          └ Marched to war against Lánglì as the succession failed.
   20250  war.began              from=414 to=463 name=Kùkú
          └ Marched to war against Lánglì as the succession failed.
   20275  settlement.founded     s=574 sName=Dyuimomuisiu kind=crystallized
          └ Dyuimomuisiu was founded.
   20275  settlement.founded     s=574 sName=Umoyipimsi city=1
          └ The city of Umoyipimsi arose.
   20275  settlement.founded     s=575 sName=Fǒusfá kind=crystallized
          └ Fǒusfá was founded.
   20275  settlement.founded     s=575 sName=Fǒusfá city=1
          └ The city of Fǒusfá arose.
   20275  settlement.founded     s=576 sName=Xóultù city=1
          └ The city of Xóultù arose.
   20287  settlement.annexed     s=109 sName=Láị from=109 fromName=Láịlěā to=414 toName=Kùkú
          └ Peacefully absorbed Láị from Láịlěā.
   20287  settlement.annexed     s=221 sName=Hǐusfá from=109 fromName=Láịlěā to=414 toName=Kùkú
          └ Peacefully absorbed Hǐusfá from Láịlěā.
   20287  polity.ended           how=integrated byName=Kùkú name=Láịlěā
          └ Dissolved — its last cities scattered or fell silent.
   20287  settlement.annexed     s=413 sName=Yùfpù from=418 fromName=Hǔkū to=484 toName=Rírụ́
          └ Peacefully absorbed Yùfpù from Hǔkū.
   20287  polity.ended           how=integrated byName=Rírụ́ name=Hǔkū
          └ Dissolved — its last cities scattered or fell silent.
   20287  polity.seceded         from=417 fromName=Fǒňtụ̌ị
          └ Broke away from Fǒňtụ̌ị in a war of secession.
   20287  polity.seceded         from=484 fromName=Rírụ́
          └ Broke away from Rírụ́ in a war of secession.
   20287  settlement.annexed     s=339 sName=Tị̄lākú from=241 fromName=Ītị̄lǐā to=236 toName=Fị̀tlàlǐā
          └ Peacefully absorbed Tị̄lākú from Ītị̄lǐā.
   20287  settlement.annexed     s=2 sName=Fùlpū from=2 fromName=Fùlpū to=52 toName=Tị̄lākú
          └ Peacefully absorbed Fùlpū from Fùlpū.
   20287  polity.restored        from=-1 name=Lánglì
          └ The old nation rose again.
   20287  polity.ended           how=dissolved name=Fùlpū
          └ Dissolved — its last cities scattered or fell silent.
   20300  settlement.founded     s=579 sName=Līütlàrụ́ kind=crystallized
          └ Līütlàrụ́ was founded.
   20300  settlement.founded     s=579 sName=Līütlàrụ́ city=1
          └ The city of Līütlàrụ́ arose.
   20300  settlement.founded     s=580 sName=Xóuňní city=1
          └ The city of Xóuňní arose.
   20300  war.began              from=461 to=44 name=Ňǐňpì
          └ Marched to war against Sogyoepasyus.
   20300  war.began              from=52 to=487 name=Tị̄lākú
          └ Marched to war against Ǐrụ́lǐā as the succession failed.
   20300  polity.shattered       s=139 sName=Sommosoe to=30 toName=Sogyoepasyus
          └ Its capital Sommosoe fell to Sogyoepasyus — the realm collapsed.
   20300  polity.ended           how=conquest byName=Sogyoepasyus name=Sogyoepasyus
          └ Fell to Sogyoepasyus and was erased from the map.
   20300  polity.shattered       s=569 sName=Kị̌kò to=52 toName=Tị̄lākú
          └ Its capital Kị̌kò fell to Tị̄lākú — the realm collapsed.
   20300  polity.ended           how=conquest byName=Tị̄lākú name=Lánglì
          └ Fell to Tị̄lākú and was erased from the map.
   20306  market.dearth          s=109 sName=Láị
          └ Dearth in Láị — bread at famine prices in the market.
   20308  market.dearth          s=461 sName=Ňǐňpì
          └ Dearth in Ňǐňpì — bread at famine prices in the market.
   20325  settlement.founded     s=582 sName=Xụ́xkòu kind=crystallized
          └ Xụ́xkòu was founded.
   20325  settlement.founded     s=582 sName=Xụ́xkòu city=1
          └ The city of Xụ́xkòu arose.
   20327  settlement.abandoned   s=173 sName=Sopopa
          └ Sopopa was abandoned.
   20334  succession.crisis      name=Ǐrụ́lǐā
          └ The royal line failed — an interregnum of rival claimants.
   20350  settlement.founded     s=586 sName=Usyupa kind=crystallized
          └ Usyupa was founded.
   20350  settlement.founded     s=586 sName=Dumomuiriudu city=1
          └ The city of Dumomuiriudu arose.
   20350  settlement.founded     s=587 sName=Hóutlà kind=crystallized
          └ Hóutlà was founded.
   20350  settlement.founded     s=587 sName=Hóutlà city=1
          └ The city of Hóutlà arose.
   20350  war.began              from=241 to=527 name=Ītị̄lǐā
          └ Marched to war against Tàlụ̀rụ́.
   20375  settlement.founded     s=591 sName=Nāptàị kind=crystallized
          └ Nāptàị was founded.
   20375  settlement.founded     s=591 sName=Nāptàị city=1
          └ The city of Nāptàị arose.
   20400  plague.outbreak        s=586 sName=Dumomuiriudu
          └ Plague broke out in Dumomuiriudu and swept through the realm.
   20400  settlement.founded     s=594 sName=Píụịtrụ̀ị kind=crystallized
          └ Píụịtrụ̀ị was founded.
   20400  settlement.founded     s=594 sName=Píụịtrụ̀ị city=1
          └ The city of Píụịtrụ̀ị arose.
   20425  settlement.founded     s=597 sName=Tumomuissyu kind=crystallized
          └ Tumomuissyu was founded.
   20425  settlement.founded     s=597 sName=Pumsyupa city=1
          └ The city of Pumsyupa arose.
   20425  settlement.founded     s=598 sName=Mǐürụ́ kind=crystallized
          └ Mǐürụ́ was founded.
   20425  settlement.founded     s=598 sName=Mǐürụ́ city=1
          └ The city of Mǐürụ́ arose.
   20425  settlement.founded     s=599 sName=Xíukú city=1
          └ The city of Xíukú arose.
   20437  polity.submitted       how=submission to=500 toName=Lụ̌mpíülǐ name=Fùlpūkú
          └ Facing hopeless odds, the court of Fùlpūkú bowed to Lụ̌mpíülǐ — keeping its throne at the price of tribute.
   20437  polity.submitted       how=submission to=461 toName=Ňǐňpì name=Hìuthị̌lǐā
          └ Facing hopeless odds, the court of Hìuthị̌lǐā bowed to Ňǐňpì — keeping its throne at the price of tribute.
   20437  polity.submitted       how=union to=114 toName=Tommodumomoisyus name=Pomponsomsyus
          └ In the troubles of the succession, the court of Pomponsomsyus joined its crown to Tommodumomoisyus — one senior throne, two realms.
   20449  settlement.tier        s=500 sName=Lụ̌mpíü
          └ Lụ̌mpíü grew into a metropolis (915,000 souls).
   20450  settlement.founded     s=603 sName=Líükú kind=crystallized
          └ Líükú was founded.
   20450  settlement.founded     s=603 sName=Líükú city=1
          └ The city of Líükú arose.
   20450  settlement.founded     s=604 sName=Háịkò city=1
          └ The city of Háịkò arose.
   20450  war.began              from=360 to=572 name=Ǒukfí
          └ Marched to war against Áütákò.
   20450  war.began              from=30 to=114 name=Sogyoepasyus
          └ Renewed the old war against Tommodumomoisyus.
   20450  war.began              from=461 to=597 name=Ňǐňpì
          └ Marched to war against Pumsyupasyu.
   20450  war.began              from=152 to=599 name=Fùlpūkú
          └ Marched to war against Xíukúlǐ.
   20450  war.began              from=367 to=599 name=Húmpéülě
          └ Marched to war against Xíukúlǐ.
   20450  war.began              from=461 to=487 name=Ňǐňpì
          └ Marched to war against Ǐrụ́lǐā as the succession failed.
   20450  war.began              from=350 to=487 name=Fómrálěā
          └ Marched to war against Ǐrụ́lǐā as the succession failed.
   20450  war.began              from=30 to=440 name=Sogyoepasyus
          └ Marched to war against Syumosumsusasyus.
   20450  war.began              from=114 to=440 name=Tommodumomoisyus
          └ Marched to war against Syumosumsusasyus.
   20450  war.began              from=114 to=486 name=Tommodumomoisyus
          └ Marched to war against Imobimgyisyusa.
   20450  war.ended              how=sackedIntoTribute to=487 toName=Ǐrụ́lǐā name=Tị̄lākú
          └ The war with Tị̄lākú ended; some 3 soldiers never came home.
   20450  polity.submitted       how=sackedIntoTribute to=52 toName=Tị̄lākú name=Ǐrụ́lǐā
          └ Facing hopeless odds, the court of Ǐrụ́lǐā bowed to Tị̄lākú — keeping its throne at the price of tribute.
   20475  settlement.founded     s=607 sName=Fǒtlà kind=crystallized
          └ Fǒtlà was founded.
   20475  settlement.founded     s=607 sName=Fǒtlà city=1
          └ The city of Fǒtlà arose.
   20475  settlement.founded     s=608 sName=Yúttīu city=1
          └ The city of Yúttīu arose.
   20500  settlement.founded     s=611 sName=Sumsusapa kind=crystallized
          └ Sumsusapa was founded.
   20500  settlement.founded     s=611 sName=Sumsusapa city=1
          └ The city of Sumsusapa arose.
   20500  settlement.founded     s=612 sName=Píkfìkò city=1
          └ The city of Píkfìkò arose.
   20500  war.began              from=114 to=597 name=Tommodumomoisyus
          └ Marched to war against Pumsyupasyu.
   20500  war.began              from=152 to=111 name=Fùlpūkú
          └ Renewed the old war against Tǐurọ̀lěā.
   20500  war.ended              how=faded to=418 toName=Hǔkū name=Tị̄lākú
          └ The war with Tị̄lākú ended.
   20500  war.ended              how=truce to=487 toName=Ǐrụ́lǐā name=Ňǐňpì
          └ The war with Ňǐňpì ended.
   20500  war.indemnity          to=461 toName=Ňǐňpì name=Ǐrụ́lǐā
          └ Ǐrụ́lǐā paid a heavy indemnity to Ňǐňpì at the peace.
   20500  war.ended              how=truce to=461 toName=Ňǐňpì name=Sogyoepasyus
          └ The war with Sogyoepasyus ended.
   20500  war.indemnity          to=461 toName=Ňǐňpì name=Sogyoepasyus
          └ Sogyoepasyus paid a heavy indemnity to Ňǐňpì at the peace.
   20500  war.ended              how=truce to=487 toName=Ǐrụ́lǐā name=Fùlpūkòlǐ
          └ The war with Fùlpūkòlǐ ended.
   20500  war.indemnity          to=342 toName=Fùlpūkòlǐ name=Ǐrụ́lǐā
          └ Ǐrụ́lǐā paid a heavy indemnity to Fùlpūkòlǐ at the peace.
   20500  war.ended              how=truce to=487 toName=Ǐrụ́lǐā name=Lákúlǐā
          └ The war with Lákúlǐā ended.
   20500  war.indemnity          to=340 toName=Lákúlǐā name=Ǐrụ́lǐā
          └ Ǐrụ́lǐā paid a heavy indemnity to Lákúlǐā at the peace.
   20500  war.ended              how=truce to=487 toName=Ǐrụ́lǐā name=Fómrálěā
          └ The war with Fómrálěā ended.
   20500  war.indemnity          to=350 toName=Fómrálěā name=Ǐrụ́lǐā
          └ Ǐrụ́lǐā paid a heavy indemnity to Fómrálěā at the peace.
   20525  settlement.founded     s=617 sName=Ňìstù kind=crystallized
          └ Ňìstù was founded.
   20525  settlement.founded     s=617 sName=Ňìstù city=1
          └ The city of Ňìstù arose.
   20525  settlement.founded     s=618 sName=Sòutǔkú city=1
          └ The city of Sòutǔkú arose.
   20550  settlement.founded     s=620 sName=Īmpíü kind=crystallized
          └ Īmpíü was founded.
   20550  settlement.founded     s=620 sName=Īmpíü city=1
          └ The city of Īmpíü arose.
   20550  settlement.founded     s=621 sName=Fǒlňà city=1
          └ The city of Fǒlňà arose.
   20550  war.began              from=461 to=434 name=Ňǐňpì
          └ Marched to war against Dupasyusa.
   20550  war.ended              how=sackedIntoTribute to=599 toName=Xíukúlǐ name=Fùlpūkú
          └ The war with Fùlpūkú ended.
   20550  polity.submitted       how=sackedIntoTribute to=152 toName=Fùlpūkú name=Xíukúlǐ
          └ Facing hopeless odds, the court of Xíukúlǐ bowed to Fùlpūkú — keeping its throne at the price of tribute.
   20550  polity.shattered       s=599 sName=Xíukú to=367 toName=Húmpéülě
          └ Its capital Xíukú fell to Húmpéülě — the realm collapsed.
   20550  polity.ended           how=conquest byName=Húmpéülě name=Xíukúlǐ
          └ Fell to Húmpéülě and was erased from the map.
   20569  market.dearth          s=413 sName=Yùfpù
          └ Dearth in Yùfpù — bread at famine prices in the market.
   20575  settlement.founded     s=624 sName=Sǔstù kind=crystallized
          └ Sǔstù was founded.
   20575  settlement.founded     s=624 sName=Sǔstù city=1
          └ The city of Sǔstù arose.
   20575  settlement.founded     s=625 sName=Hǐusfá city=1
          └ The city of Hǐusfá arose.
   20587  polity.seceded         from=30 fromName=Sogyoepasyus
          └ Broke away from Sogyoepasyus in a war of secession.
   20587  polity.seceded         from=362 fromName=Ìltùlǐā
          └ Broke away from Ìltùlǐā in a war of secession.
   20587  polity.restored        from=-1 name=Xíukúlǐ
          └ The old nation rose again.
   20593  settlement.tier        s=625 sName=Hǐusfá
          └ Hǐusfá grew into a metropolis (986,000 souls).
   20600  settlement.founded     s=627 sName=Syumomuibu kind=crystallized
          └ Syumomuibu was founded.
   20600  settlement.founded     s=627 sName=Mumummumiu city=1
          └ The city of Mumummumiu arose.
   20600  settlement.founded     s=628 sName=Lǎkākú city=1
          └ The city of Lǎkākú arose.
   20600  war.began              from=340 to=599 name=Lákúlǐā
          └ Marched to war against Xíukúlǐ.
   20600  war.began              from=52 to=599 name=Tị̄lākú
          └ Marched to war against Xíukúlǐ.
   20600  war.ended              how=faded to=417 toName=Fǒňtụ̌ị name=Tị̄lākú
          └ The war with Tị̄lākú ended.
   20604  settlement.abandoned   s=322 sName=Kyumu
          └ Kyumu was abandoned.
   20613  market.dearth          s=597 sName=Pumsyupa
          └ Dearth in Pumsyupa — bread at famine prices in the market.
   20625  settlement.founded     s=630 sName=Sismokyumu kind=crystallized
          └ Sismokyumu was founded.
   20625  settlement.founded     s=630 sName=Sidmomuimb city=1
          └ The city of Sidmomuimb arose.
   20625  settlement.founded     s=631 sName=Tānlà city=1
          └ The city of Tānlà arose.
   20628  market.dearth          s=624 sName=Sǔstù
          └ Dearth in Sǔstù — bread at famine prices in the market.
   20630  market.dearth          s=1 sName=Ňěňní
          └ Dearth in Ňěňní — bread at famine prices in the market.
   20638  settlement.withered    s=365 sName=Mìulīükú
          └ Mìulīükú withered away and was abandoned.
   20639  settlement.abandoned   s=514 sName=Tusmopadu
          └ Tusmopadu was abandoned.
   20639  settlement.abandoned   s=521 sName=Ummomissi
          └ Ummomissi was abandoned.
   20639  settlement.abandoned   s=574 sName=Umoyipimsi
          └ Umoyipimsi was abandoned.
   20642  settlement.abandoned   s=586 sName=Dumomuiriudu
          └ Dumomuiriudu was abandoned.
   20650  settlement.founded     s=642 sName=Tusgyadu kind=crystallized
          └ Tusgyadu was founded.
   20650  settlement.founded     s=642 sName=Sismopa city=1
          └ The city of Sismopa arose.
   20650  settlement.founded     s=643 sName=Pidu kind=crystallized
          └ Pidu was founded.
   20650  settlement.founded     s=643 sName=Nupmosumsus city=1
          └ The city of Nupmosumsus arose.
   20650  settlement.founded     s=644 sName=Kị́kú city=1
          └ The city of Kị́kú arose.
   20650  settlement.founded     s=650 sName=Níufīukò city=1
          └ The city of Níufīukò arose.
   20650  war.began              from=527 to=241 name=Tàlụ̀rụ́
          └ Marched to war against Ītị̄lǐā.
   20650  war.began              from=484 to=599 name=Rírụ́
          └ Marched to war against Xíukúlǐ.
   20650  war.ended              how=sackedIntoTribute to=152 toName=Fùlpūkú name=Tǐurọ̀lěā
          └ The war with Tǐurọ̀lěā ended; some 3 soldiers never came home.
   20650  polity.submitted       how=sackedIntoTribute to=152 toName=Fùlpūkú name=Tǐurọ̀lěā
          └ Facing hopeless odds, the court of Tǐurọ̀lěā bowed to Fùlpūkú — keeping its throne at the price of tribute.
   20675  settlement.founded     s=653 sName=Summusuipa kind=crystallized
          └ Summusuipa was founded.
   20675  settlement.founded     s=653 sName=Dui city=1
          └ The city of Dui arose.
   20675  settlement.founded     s=654 sName=Ummositui kind=crystallized
          └ Ummositui was founded.
   20675  settlement.founded     s=654 sName=Syi city=1
          └ The city of Syi arose.
   20675  settlement.founded     s=655 sName=Hǔppì city=1
          └ The city of Hǔppì arose.
   20700  settlement.founded     s=663 sName=Bimgyi kind=crystallized
          └ Bimgyi was founded.
   20700  settlement.founded     s=663 sName=Dyuimoti city=1
          └ The city of Dyuimoti arose.
   20700  settlement.founded     s=664 sName=I kind=crystallized
          └ I was founded.
   20700  settlement.founded     s=664 sName=Asmowumkyui city=1
          └ The city of Asmowumkyui arose.
   20700  war.ended              how=faded to=417 toName=Fǒňtụ̌ị name=Lákúlǐā
          └ The war with Lákúlǐā ended; some 10 soldiers never came home.
   20700  war.ended              how=siegeLifted to=597 toName=Pumsyupasyu name=Ňǐňpì
          └ The war with Ňǐňpì ended.
   20700  war.ended              how=siegeLifted to=486 toName=Imobimgyisyusa name=Tommodumomoisyus
          └ The war with Tommodumomoisyus ended.
   20700  war.indemnity          to=114 toName=Tommodumomoisyus name=Imobimgyisyusa
          └ Imobimgyisyusa paid a heavy indemnity to Tommodumomoisyus at the peace.
   20723  market.dearth          s=463 sName=Lánglì
          └ Dearth in Lánglì — bread at famine prices in the market.
   20725  settlement.founded     s=673 sName=Nimosismuiba kind=crystallized
          └ Nimosismuiba was founded.
   20725  settlement.founded     s=673 sName=Simosismuiba city=1
          └ The city of Simosismuiba arose.
   20725  settlement.founded     s=674 sName=Simomuibu kind=crystallized
          └ Simomuibu was founded.
   20725  settlement.founded     s=674 sName=Simosunmusui city=1
          └ The city of Simosunmusui arose.
   20725  settlement.founded     s=675 sName=Pị̄kú city=1
          └ The city of Pị̄kú arose.
   20737  polity.seceded         from=599 fromName=Xíukúlǐ
          └ Broke away from Xíukúlǐ in a war of secession.
   20737  settlement.annexed     s=30 sName=Sogyoepa from=325 fromName=Sogyoepasyua to=30 toName=Sogyoepasyus
          └ Peacefully absorbed Sogyoepa from Sogyoepasyua.
   20739  market.dearth          s=30 sName=Sogyoepa
          └ Dearth in Sogyoepa — bread at famine prices in the market.
   20750  settlement.founded     s=687 sName=Fǒňpì city=1
          └ The city of Fǒňpì arose.
   20750  war.began              from=673 to=325 name=Simosismuibasyu
          └ Marched to war against Sogyoepasyua.
   20750  war.began              from=461 to=325 name=Ňǐňpì
          └ Marched to war against Sogyoepasyua.
   20750  war.began              from=325 to=673 name=Sogyoepasyua
          └ Marched to war against Simosismuibasyu.
   20750  war.began              from=30 to=673 name=Sogyoepasyus
          └ Marched to war against Simosismuibasyu.
   20750  war.began              from=114 to=673 name=Tommodumomoisyus
          └ Marched to war against Simosismuibasyu.
   20750  war.began              from=362 to=673 name=Ìltùlǐā
          └ Marched to war against Simosismuibasyu.
   20750  war.began              from=440 to=673 name=Syumosumsusasyus
          └ Marched to war against Simosismuibasyu.
   20750  war.began              from=486 to=673 name=Imobimgyisyusa
          └ Marched to war against Simosismuibasyu.
   20779  settlement.dissolved   s=221 why=core sName=Hǐusfá
          └ Hǐusfá faded back into the countryside.
   20800  settlement.founded     s=696 sName=Tìttíukò city=1
          └ The city of Tìttíukò arose.
   20800  war.began              from=461 to=673 name=Ňǐňpì
          └ Marched to war against Simosismuibasyu.
   20850  war.began              from=599 to=484 name=Xíukúlǐ
          └ Marched to war against Rírụ́.
   20850  polity.submitted       how=capitulation to=325 toName=Sogyoepasyua name=Simosismuibasyu
          └ Beaten in the field, the court of Simosismuibasyu bent the knee to Sogyoepasyua — a client crown under the conqueror's peace.
   20850  war.ended              how=truce to=673 toName=Simosismuibasyu name=Ňǐňpì
          └ The war with Ňǐňpì ended.
   20850  war.indemnity          to=461 toName=Ňǐňpì name=Simosismuibasyu
          └ Simosismuibasyu paid a heavy indemnity to Ňǐňpì at the peace.
   20850  war.ended              how=truce to=673 toName=Simosismuibasyu name=Sogyoepasyus
          └ The war with Sogyoepasyus ended.
   20850  war.indemnity          to=30 toName=Sogyoepasyus name=Simosismuibasyu
          └ Simosismuibasyu paid a heavy indemnity to Sogyoepasyus at the peace.
   20850  war.ended              how=truce to=673 toName=Simosismuibasyu name=Tommodumomoisyus
          └ The war with Tommodumomoisyus ended.
   20850  war.indemnity          to=114 toName=Tommodumomoisyus name=Simosismuibasyu
          └ Simosismuibasyu paid a heavy indemnity to Tommodumomoisyus at the peace.
   20850  war.ended              how=truce to=673 toName=Simosismuibasyu name=Ìltùlǐā
          └ The war with Ìltùlǐā ended.
   20850  war.indemnity          to=362 toName=Ìltùlǐā name=Simosismuibasyu
          └ Simosismuibasyu paid a heavy indemnity to Ìltùlǐā at the peace.
   20850  war.ended              how=truce to=673 toName=Simosismuibasyu name=Syumosumsusasyus
          └ The war with Syumosumsusasyus ended.
   20850  war.indemnity          to=440 toName=Syumosumsusasyus name=Simosismuibasyu
          └ Simosismuibasyu paid a heavy indemnity to Syumosumsusasyus at the peace.
   20850  war.ended              how=truce to=673 toName=Simosismuibasyu name=Imobimgyisyusa
          └ The war with Imobimgyisyusa ended.
   20850  war.indemnity          to=486 toName=Imobimgyisyusa name=Simosismuibasyu
          └ Simosismuibasyu paid a heavy indemnity to Imobimgyisyusa at the peace.
   20850  polity.shattered       s=673 sName=Simosismuiba to=114 toName=Tommodumomoisyus
          └ Its capital Simosismuiba fell to Tommodumomoisyus — the realm collapsed.
   20850  polity.ended           how=conquest byName=Tommodumomoisyus name=Simosismuibasyu
          └ Fell to Tommodumomoisyus and was erased from the map.
   20850  polity.shattered       s=673 sName=Simosismuiba to=362 toName=Ìltùlǐā
          └ Its capital Simosismuiba fell to Ìltùlǐā — the realm collapsed.
   20850  polity.shattered       s=673 sName=Simosismuiba to=440 toName=Syumosumsusasyus
          └ Its capital Simosismuiba fell to Syumosumsusasyus — the realm collapsed.
   20887  polity.seceded         from=52 fromName=Tị̄lākú
          └ Broke away from Tị̄lākú in a war of secession.
   20887  polity.seceded         from=236 fromName=Fị̀tlàlǐā
          └ Broke away from Fị̀tlàlǐā in a war of secession.
   20887  polity.seceded         from=599 fromName=Xíukúlǐ
          └ Broke away from Xíukúlǐ in a war of secession.
   20887  polity.seceded         from=599 fromName=Xíukúlǐ
          └ Broke away from Xíukúlǐ in a war of secession.
   20900  war.began              from=325 to=663 name=Sogyoepasyua
          └ Marched to war against Dyuimoti.
   20900  war.began              from=597 to=663 name=Pumsyupasyu
          └ Marched to war against Dyuimoti.
   20900  war.began              from=487 to=663 name=Ǐrụ́lǐā
          └ Marched to war against Dyuimoti.
   20900  war.began              from=461 to=663 name=Ňǐňpì
          └ Marched to war against Dyuimoti.
   20900  war.began              from=599 to=663 name=Xíukúlǐ
          └ Marched to war against Dyuimoti.
   20900  war.began              from=30 to=663 name=Sogyoepasyus
          └ Marched to war against Dyuimoti.
   20900  war.began              from=114 to=663 name=Tommodumomoisyus
          └ Marched to war against Dyuimoti.
   20900  war.began              from=362 to=663 name=Ìltùlǐā
          └ Marched to war against Dyuimoti.
   20900  war.began              from=440 to=663 name=Syumosumsusasyus
          └ Marched to war against Dyuimoti.
   20900  war.began              from=486 to=663 name=Imobimgyisyusa
          └ Marched to war against Dyuimoti.
   20900  war.began              from=30 to=325 name=Sogyoepasyus
          └ Marched to war against Sogyoepasyua.
   20900  war.began              from=114 to=30 name=Tommodumomoisyus
          └ Renewed the old war against Sogyoepasyus.
   20900  war.began              from=362 to=30 name=Ìltùlǐā
          └ Marched to war against Sogyoepasyus.
   20900  war.began              from=440 to=30 name=Syumosumsusasyus
          └ Marched to war against Sogyoepasyus.
   20900  war.ended              how=siegeLifted to=527 toName=Tàlụ̀rụ́ name=Ītị̄lǐā
          └ The war with Ītị̄lǐā ended.
   20950  war.began              from=241 to=236 name=Ītị̄lǐā
          └ Renewed the old war against Fị̀tlàlǐā.
   20950  war.began              from=325 to=30 name=Sogyoepasyua
          └ Marched to war against Sogyoepasyus.
   20950  war.began              from=599 to=434 name=Xíukúlǐ
          └ Marched to war against Dupasyusa.
   20950  polity.submitted       how=capitulation to=325 toName=Sogyoepasyua name=Dyuimoti
          └ Beaten in the field, the court of Dyuimoti bent the knee to Sogyoepasyua — a client crown under the conqueror's peace.
   20950  war.ended              how=truce to=663 toName=Dyuimoti name=Pumsyupasyu
          └ The war with Pumsyupasyu ended.
   20950  war.indemnity          to=597 toName=Pumsyupasyu name=Dyuimoti
          └ Dyuimoti paid a heavy indemnity to Pumsyupasyu at the peace.
   20950  war.ended              how=truce to=663 toName=Dyuimoti name=Ǐrụ́lǐā
          └ The war with Ǐrụ́lǐā ended.
   20950  war.indemnity          to=487 toName=Ǐrụ́lǐā name=Dyuimoti
          └ Dyuimoti paid a heavy indemnity to Ǐrụ́lǐā at the peace.
   20950  war.ended              how=truce to=663 toName=Dyuimoti name=Ňǐňpì
          └ The war with Ňǐňpì ended.
   20950  war.indemnity          to=461 toName=Ňǐňpì name=Dyuimoti
          └ Dyuimoti paid a heavy indemnity to Ňǐňpì at the peace.
   20950  war.ended              how=truce to=663 toName=Dyuimoti name=Sogyoepasyus
          └ The war with Sogyoepasyus ended.
   20950  war.indemnity          to=30 toName=Sogyoepasyus name=Dyuimoti
          └ Dyuimoti paid a heavy indemnity to Sogyoepasyus at the peace.
   20950  war.ended              how=truce to=663 toName=Dyuimoti name=Xíukúlǐ
          └ The war with Xíukúlǐ ended.
   20950  war.indemnity          to=599 toName=Xíukúlǐ name=Dyuimoti
          └ Dyuimoti paid a heavy indemnity to Xíukúlǐ at the peace.
   20950  war.ended              how=truce to=663 toName=Dyuimoti name=Tommodumomoisyus
          └ The war with Tommodumomoisyus ended.
   20950  war.indemnity          to=114 toName=Tommodumomoisyus name=Dyuimoti
          └ Dyuimoti paid a heavy indemnity to Tommodumomoisyus at the peace.
   20950  war.ended              how=truce to=663 toName=Dyuimoti name=Ìltùlǐā
          └ The war with Ìltùlǐā ended.
   20950  war.indemnity          to=362 toName=Ìltùlǐā name=Dyuimoti
          └ Dyuimoti paid a heavy indemnity to Ìltùlǐā at the peace.
   20950  war.ended              how=truce to=663 toName=Dyuimoti name=Syumosumsusasyus
          └ The war with Syumosumsusasyus ended.
   20950  war.indemnity          to=440 toName=Syumosumsusasyus name=Dyuimoti
          └ Dyuimoti paid a heavy indemnity to Syumosumsusasyus at the peace.
   20950  war.ended              how=truce to=663 toName=Dyuimoti name=Imobimgyisyusa
          └ The war with Imobimgyisyusa ended.
   20950  war.indemnity          to=486 toName=Imobimgyisyusa name=Dyuimoti
          └ Dyuimoti paid a heavy indemnity to Imobimgyisyusa at the peace.
   20961  market.dearth          s=114 sName=Tommodumomoi
          └ Dearth in Tommodumomoi — bread at famine prices in the market.
   20966  settlement.dissolved   s=434 why=core sName=Dupa
          └ Dupa faded back into the countryside.
   20986  settlement.abandoned   s=178 sName=Hìuthị̌
          └ Hìuthị̌ was abandoned.
   21000  settlement.founded     s=719 sName=Ipimsimiu kind=crystallized
          └ Ipimsimiu was founded.
   21000  settlement.founded     s=719 sName=Mamomumummu city=1
          └ The city of Mamomumummu arose.
   21000  war.began              from=599 to=628 name=Xíukúlǐ
          └ Marched to war against Lǎkākúlǐā.
   21000  war.ended              how=faded to=484 toName=Rírụ́ name=Fǒňtụ̌ị
          └ The war with Fǒňtụ̌ị ended.
   21000  polity.shattered       s=29 sName=Pomponsom to=362 toName=Ìltùlǐā
          └ Its capital Pomponsom fell to Ìltùlǐā — the realm collapsed.
   21000  polity.ended           how=conquest byName=Ìltùlǐā name=Sogyoepasyus
          └ Fell to Ìltùlǐā and was erased from the map.
   21025  settlement.tier        s=506 sName=Simopadu
          └ Simopadu grew into a city (708,000 souls).
   21025  settlement.abandoned   s=597 sName=Pumsyupa
          └ Pumsyupa was abandoned.
   21025  settlement.abandoned   s=663 sName=Dyuimoti
          └ Dyuimoti was abandoned.
   21025  settlement.founded     s=722 sName=Sidu kind=crystallized
          └ Sidu was founded.
   21025  settlement.founded     s=722 sName=Sidu city=1
          └ The city of Sidu arose.
   21025  settlement.founded     s=723 sName=Bummomuibu kind=crystallized
          └ Bummomuibu was founded.
   21025  settlement.founded     s=723 sName=Bummomuibu city=1
          └ The city of Bummomuibu arose.
   21037  polity.ended           how=dissolved name=Hìuthị̌lǐā
          └ Dissolved — its last cities scattered or fell silent.
   21037  polity.ended           how=dissolved name=Dupasyusa
          └ Dissolved — its last cities scattered or fell silent.
   21037  polity.ended           how=dissolved name=Pumsyupasyu
          └ Dissolved — its last cities scattered or fell silent.
   21050  settlement.founded     s=727 sName=Imopumpunsu kind=crystallized
          └ Imopumpunsu was founded.
   21050  settlement.founded     s=727 sName=Imopumpunsu city=1
          └ The city of Imopumpunsu arose.
   21050  settlement.founded     s=728 sName=Mumummu kind=crystallized
          └ Mumummu was founded.
   21050  settlement.founded     s=728 sName=Mumummu city=1
          └ The city of Mumummu arose.
   21050  war.began              from=241 to=339 name=Ītị̄lǐā
          └ Marched to war against Tị̄lākú.
   21050  war.began              from=360 to=339 name=Ǒukfí
          └ Marched to war against Tị̄lākú.
   21050  war.began              from=236 to=339 name=Fị̀tlàlǐā
          └ Marched to war against Tị̄lākú.
   21050  war.began              from=461 to=653 name=Ňǐňpì
          └ Marched to war against Duisyu.
   21050  war.began              from=362 to=653 name=Ìltùlǐā
          └ Marched to war against Duisyu.
   21050  war.began              from=114 to=653 name=Tommodumomoisyus
          └ Marched to war against Duisyu.
   21050  war.began              from=259 to=653 name=Tyḭbyi̤za
          └ Marched to war against Duisyu.
   21050  war.began              from=157 to=653 name=Blo̰hḛgyupyi̤za
          └ Marched to war against Duisyu.
   21050  war.began              from=329 to=653 name=Khosyukhyi̤z
          └ Marched to war against Duisyu.
   21050  war.began              from=333 to=653 name=P'ap'phatfokha
          └ Marched to war against Duisyu.
   21050  war.began              from=440 to=653 name=Syumosumsusasyus
          └ Marched to war against Duisyu.
   21050  war.began              from=486 to=653 name=Imobimgyisyusa
          └ Marched to war against Duisyu.
   21050  war.began              from=544 to=653 name=Ňǐlpù
          └ Marched to war against Duisyu.
   21050  war.began              from=637 to=653 name=Woddufpokyi̤z
          └ Marched to war against Duisyu.
   21050  war.began              from=638 to=653 name=Ǔnlàlǐā
          └ Marched to war against Duisyu.
   21050  war.began              from=625 to=52 name=Hǐusfálǐ
          └ Marched to war against Tị̄lākú.
   21050  war.began              from=2 to=487 name=Fùlpū
          └ Renewed the old war against Ǐrụ́lǐā.
   21050  war.began              from=114 to=602 name=Tommodumomoisyus
          └ Marched to war against Ngàịlpùlǐ.
   21074  settlement.abandoned   s=219 sName=Tāptáịkò
          └ Tāptáịkò was abandoned.
   21076  market.dearth          s=506 sName=Simopadu
          └ Dearth in Simopadu — bread at famine prices in the market.
   21100  settlement.founded     s=733 sName=Umodu kind=crystallized
          └ Umodu was founded.
   21100  settlement.founded     s=733 sName=Umodu city=1
          └ The city of Umodu arose.
   21100  war.ended              how=faded to=304 toName=Nāxtàlǐ name=Tǐurọ̀lěā
          └ The war with Tǐurọ̀lěā ended.
   21100  war.ended              how=truce to=653 toName=Duisyu name=Khosyukhyi̤z
          └ The war with Khosyukhyi̤z ended.
   21100  war.indemnity          to=329 toName=Khosyukhyi̤z name=Duisyu
          └ Duisyu paid a heavy indemnity to Khosyukhyi̤z at the peace.
   21100  war.ended              how=truce to=653 toName=Duisyu name=Imobimgyisyusa
          └ The war with Imobimgyisyusa ended.
   21125  settlement.founded     s=743 sName=Tǎkú city=1
          └ The city of Tǎkú arose.
   21140  market.dearth          s=109 sName=Láị
          └ Dearth in Láị — bread at famine prices in the market.
   21142  market.dearth          s=461 sName=Ňǐňpì
          └ Dearth in Ňǐňpì — bread at famine prices in the market.
   21150  war.began              from=52 to=625 name=Tị̄lākú
          └ Marched to war against Hǐusfálǐ.
   21150  war.ended              how=faded to=29 toName=Pomponsomsyus name=Ňěňní
          └ The war with Ňěňní ended; some 24 soldiers never came home.
   21169  market.dearth          s=2 sName=Fùlpū
          └ Dearth in Fùlpū — bread at famine prices in the market.
   21169  settlement.tier        s=628 sName=Lǎkākú
          └ Lǎkākú grew into a metropolis (884,000 souls).
   21169  settlement.tier        s=631 sName=Tānlà
          └ Tānlà grew into a metropolis (884,000 souls).
   21169  settlement.abandoned   s=653 sName=Dui
          └ Dui was abandoned.
   21175  settlement.founded     s=753 sName=Tumoti kind=crystallized
          └ Tumoti was founded.
   21175  settlement.founded     s=753 sName=Tumoti city=1
          └ The city of Tumoti arose.
   21187  polity.submitted       how=submission to=360 toName=Ǒukfí name=Áütákò
          └ Facing hopeless odds, the court of Áütákò bowed to Ǒukfí — keeping its throne at the price of tribute.
   21187  polity.submitted       how=submission to=461 toName=Ňǐňpì name=Tommodumomoisyus
          └ Facing hopeless odds, the court of Tommodumomoisyus bowed to Ňǐňpì — keeping its throne at the price of tribute.
   21187  polity.submitted       how=submission to=631 toName=Tānlàlǐā name=Ňǐlhụ̌lǐ
          └ Facing hopeless odds, the court of Ňǐlhụ̌lǐ bowed to Tānlàlǐā — keeping its throne at the price of tribute.
   21187  polity.submitted       how=submission to=631 toName=Tānlàlǐā name=Fǒňtụ̌ị
          └ Facing hopeless odds, the court of Fǒňtụ̌ị bowed to Tānlàlǐā — keeping its throne at the price of tribute.
   21187  polity.ended           how=dissolved name=Fǒlpì
          └ Dissolved — its last cities scattered or fell silent.
   21200  settlement.founded     s=758 sName=Nukyupa kind=crystallized
          └ Nukyupa was founded.
   21200  settlement.founded     s=758 sName=Nukyupa city=1
          └ The city of Nukyupa arose.
   21200  war.began              from=663 to=642 name=Dyuimoti
          └ Marched to war against Sismopasyu.
   21200  war.began              from=484 to=663 name=Rírụ́
          └ Marched to war against Dyuimoti.
   21200  war.began              from=461 to=484 name=Ňǐňpì
          └ Marched to war against Rírụ́.
   21200  war.began              from=367 to=631 name=Húmpéülě
          └ Marched to war against Tānlàlǐā.
   21200  war.ended              how=faded to=192 toName=Fǐulpūkòlěā name=Tị̄lākú
          └ The war with Tị̄lākú ended; some 4 soldiers never came home.
   21200  polity.shattered       s=487 sName=Ǐrụ́ to=2 toName=Fùlpū
          └ Its capital Ǐrụ́ fell to Fùlpū — the realm collapsed.
   21200  polity.ended           how=conquest byName=Fùlpū name=Ǐrụ́lǐā
          └ Fell to Fùlpū and was erased from the map.
   21209  succession.crisis      name=Tānlàlǐā
          └ The royal line failed — an interregnum of rival claimants.
   21250  polity.submitted       how=capitulation to=360 toName=Ǒukfí name=Tị̄lākú
          └ Beaten in the field, the court of Tị̄lākú bent the knee to Ǒukfí — a client crown under the conqueror's peace.
   21261  settlement.abandoned   s=54 sName=Fị̀lpì
          └ Fị̀lpì was abandoned.
   21275  settlement.founded     s=766 sName=Súnfǐu city=1
          └ The city of Súnfǐu arose.
   21300  war.ended              how=faded to=362 toName=Ìltùlǐā name=Pomponsomsyus
          └ The war with Pomponsomsyus ended; some 3 soldiers never came home.
   21300  war.ended              how=truce to=339 toName=Tị̄lākú name=Ītị̄lǐā
          └ The war with Ītị̄lǐā ended.
   21300  polity.shattered       s=413 sName=Yùfpù to=461 toName=Ňǐňpì
          └ Its capital Yùfpù fell to Ňǐňpì — the realm collapsed.
   21300  polity.ended           how=conquest byName=Ňǐňpì name=Rírụ́
          └ Fell to Ňǐňpì and was erased from the map.
   21300  polity.submitted       how=inherited to=461 toName=Ňǐňpì name=Tị̄lākúlǐā
          └ Facing hopeless odds, the court of Tị̄lākúlǐā bowed to Ňǐňpì — keeping its throne at the price of tribute.
   21300  polity.shattered       s=413 sName=Yùfpù to=599 toName=Xíukúlǐ
          └ Its capital Yùfpù fell to Xíukúlǐ — the realm collapsed.
   21312  polity.seceded         how=receded from=362 fromName=Ìltùlǐā
          └ Broke away from Ìltùlǐā in a war of secession.
   21312  settlement.lapsed      s=487 sName=Ǐrụ́ from=2 fromName=Fùlpū
          └ Ǐrụ́ slipped free of Fùlpū.
   21312  polity.receded         s=487 n=1 sName=Ǐrụ́ name=Fùlpū
          └ The grip of Fùlpū failed, and the marches beyond Ǐrụ́ were left to their own devices.
   21313  settlement.tier        s=642 sName=Sismopa
          └ Sismopa grew into a metropolis (734,000 souls).
   21313  settlement.tier        s=719 sName=Mamomumummu
          └ Mamomumummu grew into a city (683,000 souls).
   21313  settlement.dissolved   s=487 why=core sName=Ǐrụ́
          └ Ǐrụ́ faded back into the countryside.
   21315  slave.revolt           s=624 sName=Sǔstù
          └ The unfree of Sǔstù rose in revolt, and the labour was lost.
   21333  market.dearth          s=642 sName=Sismopa
          └ Dearth in Sismopa — bread at famine prices in the market.
   21337  polity.seceded         from=461 fromName=Ňǐňpì
          └ Broke away from Ňǐňpì in a war of secession.
   21337  polity.ended           how=dissolved name=Fị̀lpìlě
          └ Dissolved — its last cities scattered or fell silent.
   21350  war.began              from=663 to=29 name=Dyuimoti
          └ Marched to war against Pomponsomsyus.
   21350  war.began              from=362 to=29 name=Ìltùlǐā
          └ Renewed the old war against Pomponsomsyus.
   21350  war.began              from=259 to=29 name=Tyḭbyi̤za
          └ Marched to war against Pomponsomsyus.
   21350  war.began              from=291 to=29 name=Gyo̤wugyi̤z
          └ Marched to war against Pomponsomsyus.
   21350  war.began              from=440 to=29 name=Syumosumsusasyus
          └ Marched to war against Pomponsomsyus.
   21350  war.began              from=653 to=29 name=Duisyu
          └ Marched to war against Pomponsomsyus.
   21350  war.began              from=631 to=599 name=Tānlàlǐā
          └ Marched to war against Xíukúlǐ.
   21350  war.began              from=192 to=111 name=Fǐulpūkòlěā
          └ Renewed the old war against Tǐurọ̀lěā.
   21350  war.ended              how=faded to=173 toName=Sopopa name=Sogyoepasyus
          └ The war with Sogyoepasyus ended; some 65 soldiers never came home.
   21353  settlement.abandoned   s=50 sName=Fọ̄ịkfé
          └ Fọ̄ịkfé was abandoned.
   21375  settlement.founded     s=779 sName=Fị̀tlà kind=crystallized
          └ Fị̀tlà was founded.
   21375  settlement.founded     s=779 sName=Fị̀tlà city=1
          └ The city of Fị̀tlà arose.
   21400  settlement.founded     s=782 sName=Nìmrá kind=crystallized
          └ Nìmrá was founded.
   21400  settlement.founded     s=782 sName=Nìmrá city=1
          └ The city of Nìmrá arose.
   21400  war.began              from=631 to=152 name=Tānlàlǐā
          └ Marched to war against Fùlpūkú.
   21403  market.dearth          s=413 sName=Yùfpù
          └ Dearth in Yùfpù — bread at famine prices in the market.
   21425  settlement.founded     s=786 sName=Líụňārụ́ kind=crystallized
          └ Líụňārụ́ was founded.
   21425  settlement.founded     s=786 sName=Líụňārụ́ city=1
          └ The city of Líụňārụ́ arose.
   21450  war.began              from=599 to=461 name=Xíukúlǐ
          └ Marched to war against Ňǐňpì.
   21450  war.began              from=111 to=192 name=Tǐurọ̀lěā
          └ Renewed the old war against Fǐulpūkòlěā.
   21450  war.ended              how=faded to=484 toName=Rírụ́ name=Lánglì
          └ The war with Lánglì ended; some 58 soldiers never came home.
   21450  war.ended              how=truce to=663 toName=Dyuimoti name=Pomponsomsyus
          └ The war with Pomponsomsyus ended.
   21450  war.ended              how=truce to=362 toName=Ìltùlǐā name=Pomponsomsyus
          └ The war with Pomponsomsyus ended.
   21450  war.indemnity          to=362 toName=Ìltùlǐā name=Pomponsomsyus
          └ Pomponsomsyus paid a heavy indemnity to Ìltùlǐā at the peace.
   21450  war.ended              how=truce to=259 toName=Tyḭbyi̤za name=Pomponsomsyus
          └ The war with Pomponsomsyus ended.
   21450  war.ended              how=truce to=291 toName=Gyo̤wugyi̤z name=Pomponsomsyus
          └ The war with Pomponsomsyus ended.
   21450  war.indemnity          to=291 toName=Gyo̤wugyi̤z name=Pomponsomsyus
          └ Pomponsomsyus paid a heavy indemnity to Gyo̤wugyi̤z at the peace.
   21455  settlement.withered    s=139 sName=Sommosoe
          └ Sommosoe withered away and was abandoned.
   21464  market.dearth          s=1 sName=Ňěňní
          └ Dearth in Ňěňní — bread at famine prices in the market.
   21487  polity.submitted       how=submission to=631 toName=Tānlàlǐā name=Èňkūlěā
          └ Facing hopeless odds, the court of Èňkūlěā bowed to Tānlàlǐā — keeping its throne at the price of tribute.
   21487  polity.submitted       how=submission to=631 toName=Tānlàlǐā name=Ífpùlǐ
          └ Facing hopeless odds, the court of Ífpùlǐ bowed to Tānlàlǐā — keeping its throne at the price of tribute.
   21487  polity.ended           how=dissolved name=Fǒňtụ̌ị
          └ Dissolved — its last cities scattered or fell silent.
   21500  settlement.founded     s=792 sName=Lārtà kind=crystallized
          └ Lārtà was founded.
   21500  settlement.founded     s=792 sName=Lārtà city=1
          └ The city of Lārtà arose.
   21500  war.began              from=339 to=236 name=Tị̄lākú
          └ Marched to war against Fị̀tlàlǐā.
   21500  war.began              from=642 to=29 name=Sismopasyu
          └ Marched to war against Pomponsomsyus.
   21500  war.began              from=461 to=611 name=Ňǐňpì
          └ Marched to war against Sumsusapa.
   21500  war.began              from=625 to=611 name=Hǐusfálǐ
          └ Marched to war against Sumsusapa.
   21500  war.ended              how=faded to=536 toName=Pìukú name=Ītị̄lǐā
          └ The war with Ītị̄lǐā ended.
   21500  war.ended              how=faded to=44 toName=Sogyoepasyus name=Sogyoepasyus
          └ The war with Sogyoepasyus ended; some 39 soldiers never came home.
   21500  war.ended              how=faded to=463 toName=Lánglì name=Tị̄lākú
          └ The war with Tị̄lākú ended; some 23 soldiers never came home.
   21500  war.ended              how=faded to=461 toName=Ňǐňpì name=Sogyoepasyus
          └ The war with Sogyoepasyus ended.
   21500  war.ended              how=truce to=642 toName=Sismopasyu name=Pomponsomsyus
          └ The war with Pomponsomsyus ended.
   21500  war.indemnity          to=642 toName=Sismopasyu name=Pomponsomsyus
          └ Pomponsomsyus paid a heavy indemnity to Sismopasyu at the peace.
   21500  war.ended              how=truce to=440 toName=Syumosumsusasyus name=Pomponsomsyus
          └ The war with Pomponsomsyus ended.
   21500  war.indemnity          to=440 toName=Syumosumsusasyus name=Pomponsomsyus
          └ Pomponsomsyus paid a heavy indemnity to Syumosumsusasyus at the peace.
   21500  war.ended              how=truce to=663 toName=Dyuimoti name=Sismopasyu
          └ The war with Sismopasyu ended.
   21500  war.indemnity          to=642 toName=Sismopasyu name=Dyuimoti
          └ Dyuimoti paid a heavy indemnity to Sismopasyu at the peace.
   21550  war.began              from=663 to=611 name=Dyuimoti
          └ Marched to war against Sumsusapa.
   21550  war.began              from=625 to=628 name=Hǐusfálǐ
          └ Marched to war against Lǎkākúlǐā.
   21600  plague.outbreak        s=522 sName=Ǐstù
          └ Plague broke out in Ǐstù and swept through the realm.
   21600  plague.outbreak        s=598 sName=Mǐürụ́
          └ Plague broke out in Mǐürụ́ and swept through the realm.
   21600  plague.outbreak        s=624 sName=Sǔstù
          └ Plague broke out in Sǔstù and swept through the realm.
   21600  plague.outbreak        s=655 sName=Hǔppì
          └ Plague broke out in Hǔppì and swept through the realm.
   21600  plague.outbreak        s=675 sName=Pị̄kú
          └ Plague broke out in Pị̄kú and swept through the realm.
   21600  plague.outbreak        s=511 sName=Lārkū
          └ Plague broke out in Lārkū and swept through the realm.
   21600  plague.outbreak        s=562 sName=Mīnglì
          └ Plague broke out in Mīnglì and swept through the realm.
   21600  plague.outbreak        s=576 sName=Xóultù
          └ Plague broke out in Xóultù and swept through the realm.
   21600  plague.outbreak        s=580 sName=Xóuňní
          └ Plague broke out in Xóuňní and swept through the realm.
   21600  plague.outbreak        s=625 sName=Hǐusfá
          └ Plague broke out in Hǐusfá and swept through the realm.
   21600  plague.outbreak        s=642 sName=Sismopa
          └ Plague broke out in Sismopa and swept through the realm.
   21600  plague.outbreak        s=650 sName=Níufīukò
          └ Plague broke out in Níufīukò and swept through the realm.
   21600  plague.outbreak        s=673 sName=Simosismuiba
          └ Plague broke out in Simosismuiba and swept through the realm.
   21600  plague.outbreak        s=719 sName=Mamomumummu
          └ Plague broke out in Mamomumummu and swept through the realm.
   21600  plague.outbreak        s=722 sName=Sidu
          └ Plague broke out in Sidu and swept through the realm.
   21600  war.began              from=642 to=611 name=Sismopasyu
          └ Marched to war against Sumsusapa.
   21600  war.began              from=599 to=611 name=Xíukúlǐ
          └ Marched to war against Sumsusapa.
   21601  slave.revolt           s=413 sName=Yùfpù
          └ The unfree of Yùfpù rose in revolt, and the labour was lost.
   21637  polity.submitted       how=submission to=360 toName=Ǒukfí name=Pụ̄lụ́rụ́
          └ Facing hopeless odds, the court of Pụ̄lụ́rụ́ bowed to Ǒukfí — keeping its throne at the price of tribute.
   21637  polity.seceded         from=362 fromName=Ìltùlǐā
          └ Broke away from Ìltùlǐā in a war of secession.
   21650  war.began              from=611 to=663 name=Sumsusapa
          └ Marched to war against Dyuimoti.
   21650  war.began              from=625 to=599 name=Hǐusfálǐ
          └ Marched to war against Xíukúlǐ.
   21650  war.began              from=29 to=738 name=Pomponsomsyus
          └ Marched to war against Xōushị̌.
   21650  war.began              from=29 to=776 name=Pomponsomsyus
          └ Marched to war against Muissyuiusyua.
   21650  war.began              from=29 to=749 name=Pomponsomsyus
          └ Marched to war against Hùssū.
   21650  war.began              from=29 to=732 name=Pomponsomsyus
          └ Marched to war against Sīutlàlǐā.
   21650  war.ended              how=faded to=487 toName=Ǐrụ́lǐā name=Tị̄lākú
          └ The war with Tị̄lākú ended; some 15 soldiers never came home.
   21650  war.ended              how=truce to=738 toName=Xōushị̌ name=Pomponsomsyus
          └ The war with Pomponsomsyus ended.
   21650  war.ended              how=truce to=776 toName=Muissyuiusyua name=Pomponsomsyus
          └ The war with Pomponsomsyus ended.
   21650  war.indemnity          to=776 toName=Muissyuiusyua name=Pomponsomsyus
          └ Pomponsomsyus paid a heavy indemnity to Muissyuiusyua at the peace.
   21650  war.ended              how=truce to=749 toName=Hùssū name=Pomponsomsyus
          └ The war with Pomponsomsyus ended.
   21650  war.ended              how=truce to=732 toName=Sīutlàlǐā name=Pomponsomsyus
          └ The war with Pomponsomsyus ended.
   21650  war.indemnity          to=732 toName=Sīutlàlǐā name=Pomponsomsyus
          └ Pomponsomsyus paid a heavy indemnity to Sīutlàlǐā at the peace.
   21676  market.dearth          s=719 sName=Mamomumummu
          └ Dearth in Mamomumummu — bread at famine prices in the market.
   21681  settlement.dissolved   s=519 why=core sName=Síustù
          └ Síustù faded back into the countryside.
   21684  settlement.dissolved   s=516 why=core sName=Hǔňpì
          └ Hǔňpì faded back into the countryside.
   21685  settlement.dissolved   s=515 why=core sName=Tǎtlà
          └ Tǎtlà faded back into the countryside.
   21689  settlement.dissolved   s=511 why=core sName=Lārkū
          └ Lārkū faded back into the countryside.
   21692  settlement.dissolved   s=508 why=core sName=Mīutǐu
          └ Mīutǐu faded back into the countryside.
   21693  settlement.dissolved   s=507 why=core sName=Ngákò
          └ Ngákò faded back into the countryside.
   21697  settlement.dissolved   s=503 why=core sName=Lāpòkú
          └ Lāpòkú faded back into the countryside.
   21700  settlement.founded     s=822 sName=Ústù kind=crystallized
          └ Ústù was founded.
   21700  settlement.founded     s=822 sName=Ústù city=1
          └ The city of Ústù arose.
   21700  settlement.founded     s=823 sName=Pírǔrụ́ city=1
          └ The city of Pírǔrụ́ arose.
   21700  settlement.founded     s=825 sName=Xúrụ́ city=1
          └ The city of Xúrụ́ arose.
   21700  war.began              from=611 to=461 name=Sumsusapa
          └ Marched to war against Ňǐňpì.
   21700  war.began              from=631 to=461 name=Tānlàlǐā
          └ Marched to war against Ňǐňpì.
   21700  war.began              from=29 to=544 name=Pomponsomsyus
          └ Marched to war against Ňǐlpù as the succession failed.
   21700  war.ended              how=truce to=544 toName=Ňǐlpù name=Pomponsomsyus
          └ The war with Pomponsomsyus ended.
   21700  polity.shattered       s=236 sName=Fị̀tlà to=339 toName=Tị̄lākú
          └ Its capital Fị̀tlà fell to Tị̄lākú — the realm collapsed.
   21700  polity.ended           how=conquest byName=Tị̄lākú name=Fị̀tlàlǐā
          └ Fell to Tị̄lākú and was erased from the map.
   21701  market.dearth          s=598 sName=Mǐürụ́
          └ Dearth in Mǐürụ́ — bread at famine prices in the market.
   21701  settlement.dissolved   s=499 why=core sName=Sǎfǎkú
          └ Sǎfǎkú faded back into the countryside.
   21712  settlement.abandoned   s=603 sName=Líükú
          └ Líükú was abandoned.
   21725  settlement.founded     s=831 sName=Pụ́tị̄ kind=crystallized
          └ Pụ́tị̄ was founded.
   21725  settlement.founded     s=831 sName=Pụ́tị̄ city=1
          └ The city of Pụ́tị̄ arose.
   21725  settlement.founded     s=832 sName=Ǎ city=1
          └ The city of Ǎ arose.
   21750  settlement.abandoned   s=628 sName=Lǎkākú
          └ Lǎkākú was abandoned.
   21750  settlement.founded     s=838 sName=Síkò city=1
          └ The city of Síkò arose.
   21750  war.began              from=527 to=29 name=Tàlụ̀rụ́
          └ Marched to war against Pomponsomsyus.
   21750  war.ended              how=faded to=597 toName=Pumsyupasyu name=Tommodumomoisyus
          └ The war with Tommodumomoisyus ended.
   21750  war.ended              how=faded to=599 toName=Xíukúlǐ name=Fùlpūkú
          └ The war with Fùlpūkú ended; some 3 soldiers never came home.
   21750  war.ended              how=truce to=527 toName=Tàlụ̀rụ́ name=Pomponsomsyus
          └ The war with Pomponsomsyus ended.
   21750  war.indemnity          to=527 toName=Tàlụ̀rụ́ name=Pomponsomsyus
          └ Pomponsomsyus paid a heavy indemnity to Tàlụ̀rụ́ at the peace.
   21754  settlement.abandoned   s=607 sName=Fǒtlà
          └ Fǒtlà was abandoned.
   21773  settlement.abandoned   s=728 sName=Mumummu
          └ Mumummu was abandoned.
   21775  settlement.founded     s=840 sName=Xīlǐurụ́ kind=crystallized
          └ Xīlǐurụ́ was founded.
   21775  settlement.founded     s=840 sName=Xīlǐurụ́ city=1
          └ The city of Xīlǐurụ́ arose.
   21786  settlement.abandoned   s=579 sName=Līütlàrụ́
          └ Līütlàrụ́ was abandoned.
   21787  settlement.abandoned   s=575 sName=Fǒusfá
          └ Fǒusfá was abandoned.
   21787  polity.submitted       how=submission to=631 toName=Tānlàlǐā name=Ňǐňpì
          └ Facing hopeless odds, the court of Ňǐňpì bowed to Tānlàlǐā — keeping its throne at the price of tribute.
   21787  polity.submitted       how=submission to=631 toName=Tānlàlǐā name=Lǐfpúkò
          └ Facing hopeless odds, the court of Lǐfpúkò bowed to Tānlàlǐā — keeping its throne at the price of tribute.
   21787  polity.submitted       how=submission to=631 toName=Tānlàlǐā name=Fùlpūkú
          └ Facing hopeless odds, the court of Fùlpūkú bowed to Tānlàlǐā — keeping its throne at the price of tribute.
   21787  polity.submitted       how=union to=2 toName=Fùlpū name=Tàịňnīlǐ
          └ In the troubles of the succession, the court of Tàịňnīlǐ joined its crown to Fùlpū — one senior throne, two realms.
   21787  polity.restored        from=-1 name=Fị̀tlàlǐā
          └ The old nation rose again.
   21788  settlement.abandoned   s=620 sName=Īmpíü
          └ Īmpíü was abandoned.
   21789  settlement.abandoned   s=533 sName=Ūlpì
          └ Ūlpì was abandoned.
   21789  market.dearth          s=624 sName=Sǔstù
          └ Dearth in Sǔstù — bread at famine prices in the market.
   21790  settlement.tier        s=598 sName=Mǐürụ́
          └ Mǐürụ́ grew into a metropolis (751,000 souls).
   21796  settlement.abandoned   s=673 sName=Simosismuiba
          └ Simosismuiba was abandoned.
   21798  settlement.abandoned   s=569 sName=Kị̌kò
          └ Kị̌kò was abandoned.
   21798  settlement.abandoned   s=654 sName=Syi
          └ Syi was abandoned.
   21798  settlement.abandoned   s=664 sName=Asmowumkyui
          └ Asmowumkyui was abandoned.
   21799  settlement.abandoned   s=591 sName=Nāptàị
          └ Nāptàị was abandoned.
   21800  settlement.founded     s=841 sName=Líụňā kind=crystallized
          └ Líụňā was founded.
   21800  settlement.founded     s=841 sName=Líụňā city=1
          └ The city of Líụňā arose.
   21800  settlement.founded     s=842 sName=Lụ̄nlākú city=1
          └ The city of Lụ̄nlākú arose.
   21800  settlement.founded     s=844 sName=Lụ́tlà city=1
          └ The city of Lụ́tlà arose.
   21800  war.began              from=52 to=111 name=Tị̄lākú
          └ Marched to war against Tǐurọ̀lěā.
   21800  war.began              from=259 to=30 name=Tyḭbyi̤za
          └ Marched to war against Sogyoepasyus.
   21800  war.began              from=291 to=30 name=Gyo̤wugyi̤z
          └ Marched to war against Sogyoepasyus.
   21800  war.began              from=527 to=30 name=Tàlụ̀rụ́
          └ Marched to war against Sogyoepasyus.
   21800  war.began              from=333 to=30 name=P'ap'phatfokha
          └ Marched to war against Sogyoepasyus under the banner of the faith.
   21800  war.began              from=440 to=30 name=Syumosumsusasyus
          └ Renewed the old war against Sogyoepasyus.
   21800  war.began              from=637 to=30 name=Woddufpokyi̤z
          └ Marched to war against Sogyoepasyus.
   21800  war.began              from=770 to=30 name=Bimgyidu
          └ Marched to war against Sogyoepasyus under the banner of the faith.
   21800  war.began              from=772 to=30 name=Simomabisyu
          └ Marched to war against Sogyoepasyus.
   21800  war.ended              how=faded to=599 toName=Xíukúlǐ name=Húmpéülě
          └ The war with Húmpéülě ended; some 5 soldiers never came home.
   21800  war.ended              how=truce to=259 toName=Tyḭbyi̤za name=Sogyoepasyus
          └ The war with Sogyoepasyus ended.
   21800  war.indemnity          to=30 toName=Sogyoepasyus name=Tyḭbyi̤za
          └ Tyḭbyi̤za paid a heavy indemnity to Sogyoepasyus at the peace.
   21804  settlement.abandoned   s=540 sName=Pǐükò
          └ Pǐükò was abandoned.
   21804  settlement.abandoned   s=550 sName=Ňìkfí
          └ Ňìkfí was abandoned.
   21804  settlement.abandoned   s=565 sName=Yǔmpíü
          └ Yǔmpíü was abandoned.
   21805  settlement.abandoned   s=617 sName=Ňìstù
          └ Ňìstù was abandoned.
   21805  settlement.abandoned   s=674 sName=Simosunmusui
          └ Simosunmusui was abandoned.
   21808  settlement.abandoned   s=562 sName=Mīnglì
          └ Mīnglì was abandoned.
   21809  succession.crisis      name=Lụ̌mpíülǐ
          └ The royal line failed — an interregnum of rival claimants.
   21809  succession.crisis      name=Hǐusfálǐ
          └ The royal line failed — an interregnum of rival claimants.
   21809  succession.crisis      name=Sismopasyu
          └ The royal line failed — an interregnum of rival claimants.
   21812  settlement.abandoned   s=580 sName=Xóuňní
          └ Xóuňní was abandoned.
   21813  settlement.abandoned   s=555 sName=Sǐunfǐu
          └ Sǐunfǐu was abandoned.
   21813  settlement.abandoned   s=570 sName=Hǔptàị
          └ Hǔptàị was abandoned.
   21814  settlement.abandoned   s=537 sName=Tàrụ́
          └ Tàrụ́ was abandoned.
   21819  settlement.abandoned   s=582 sName=Xụ́xkòu
          └ Xụ́xkòu was abandoned.
   21819  settlement.abandoned   s=587 sName=Hóutlà
          └ Hóutlà was abandoned.
   21819  settlement.abandoned   s=627 sName=Mumummumiu
          └ Mumummumiu was abandoned.
   21819  settlement.abandoned   s=630 sName=Sidmomuimb
          └ Sidmomuimb was abandoned.
   21819  settlement.abandoned   s=643 sName=Nupmosumsus
          └ Nupmosumsus was abandoned.
   21825  settlement.founded     s=846 sName=Pumpunsu kind=crystallized
          └ Pumpunsu was founded.
   21825  settlement.founded     s=846 sName=Pumpunsu city=1
          └ The city of Pumpunsu arose.
   21825  settlement.founded     s=847 sName=Xūkóu kind=crystallized
          └ Xūkóu was founded.
   21825  settlement.founded     s=847 sName=Xūkóu city=1
          └ The city of Xūkóu arose.
   21825  settlement.founded     s=848 sName=Ūňtụ̌ị city=1
          └ The city of Ūňtụ̌ị arose.
   21825  settlement.founded     s=850 sName=Ňǐupīkò city=1
          └ The city of Ňǐupīkò arose.
   21826  settlement.abandoned   s=594 sName=Píụịtrụ̀ị
          └ Píụịtrụ̀ị was abandoned.
   21826  settlement.abandoned   s=786 sName=Líụňārụ́
          └ Líụňārụ́ was abandoned.
   21828  settlement.abandoned   s=526 sName=Sǎfǎrụ́
          └ Sǎfǎrụ́ was abandoned.
   21834  succession.crisis      name=Sumsusapa
          └ The royal line failed — an interregnum of rival claimants.
   21836  settlement.abandoned   s=650 sName=Níufīukò
          └ Níufīukò was abandoned.
   21837  settlement.dissolved   s=563 why=core sName=Tǎňní
          └ Tǎňní faded back into the countryside.
   21839  settlement.abandoned   s=522 sName=Ǐstù
          └ Ǐstù was abandoned.
   21839  settlement.abandoned   s=529 sName=Píkfìkú
          └ Píkfìkú was abandoned.
   21839  settlement.abandoned   s=530 sName=Tị̄lākú
          └ Tị̄lākú was abandoned.
   21839  settlement.abandoned   s=538 sName=Ǎịmràkò
          └ Ǎịmràkò was abandoned.
   21839  settlement.abandoned   s=556 sName=Lìrụ́
          └ Lìrụ́ was abandoned.
   21839  settlement.abandoned   s=727 sName=Imopumpunsu
          └ Imopumpunsu was abandoned.
   21839  settlement.abandoned   s=733 sName=Umodu
          └ Umodu was abandoned.
   21839  settlement.abandoned   s=753 sName=Tumoti
          └ Tumoti was abandoned.
   21839  settlement.abandoned   s=758 sName=Nukyupa
          └ Nukyupa was abandoned.
   21839  settlement.abandoned   s=782 sName=Nìmrá
          └ Nìmrá was abandoned.
   21839  settlement.abandoned   s=792 sName=Lārtà
          └ Lārtà was abandoned.
   21840  settlement.abandoned   s=523 sName=Ňǐttīu
          └ Ňǐttīu was abandoned.
   21840  settlement.abandoned   s=547 sName=Sǔsfá
          └ Sǔsfá was abandoned.
   21841  settlement.abandoned   s=546 sName=Tìttíurụ́
          └ Tìttíurụ́ was abandoned.
   21850  settlement.founded     s=856 sName=Muimositui kind=crystallized
          └ Muimositui was founded.
   21850  settlement.founded     s=856 sName=Tumomuiriu city=1
          └ The city of Tumomuiriu arose.
   21850  settlement.founded     s=857 sName=Nāttīu kind=crystallized
          └ Nāttīu was founded.
   21850  settlement.founded     s=857 sName=Nāttīu city=1
          └ The city of Nāttīu arose.
   21850  settlement.founded     s=859 sName=Ī city=1
          └ The city of Ī arose.
   21850  settlement.founded     s=867 sName=Tàtị́rụ́ city=1
          └ The city of Tàtị́rụ́ arose.
   21850  war.began              from=611 to=30 name=Sumsusapa
          └ Marched to war against Sogyoepasyus.
   21850  war.began              from=329 to=30 name=Khosyukhyi̤z
          └ Marched to war against Sogyoepasyus.
   21850  war.ended              how=faded to=152 toName=Fùlpūkú name=Tǐurọ̀lěā
          └ The war with Tǐurọ̀lěā ended; some 14 soldiers never came home.
   21850  polity.submitted       how=capitulation to=611 toName=Sumsusapa name=Sogyoepasyus
          └ Beaten in the field, the court of Sogyoepasyus bent the knee to Sumsusapa — a client crown under the conqueror's peace.
   21850  war.ended              how=truce to=291 toName=Gyo̤wugyi̤z name=Sogyoepasyus
          └ The war with Sogyoepasyus ended.
   21850  war.ended              how=truce to=329 toName=Khosyukhyi̤z name=Sogyoepasyus
          └ The war with Sogyoepasyus ended.
   21850  war.ended              how=truce to=527 toName=Tàlụ̀rụ́ name=Sogyoepasyus
          └ The war with Sogyoepasyus ended.
   21850  war.ended              how=truce to=333 toName=P'ap'phatfokha name=Sogyoepasyus
          └ The war with Sogyoepasyus ended.
   21850  war.ended              how=truce to=440 toName=Syumosumsusasyus name=Sogyoepasyus
          └ The war with Sogyoepasyus ended.
   21850  war.ended              how=truce to=637 toName=Woddufpokyi̤z name=Sogyoepasyus
          └ The war with Sogyoepasyus ended.
   21850  war.ended              how=truce to=770 toName=Bimgyidu name=Sogyoepasyus
          └ The war with Sogyoepasyus ended.
   21850  war.ended              how=truce to=772 toName=Simomabisyu name=Sogyoepasyus
          └ The war with Sogyoepasyus ended.
   21875  settlement.founded     s=875 sName=Summusui kind=crystallized
          └ Summusui was founded.
   21875  settlement.founded     s=875 sName=Mamowu city=1
          └ The city of Mamowu arose.
   21875  settlement.founded     s=876 sName=Ňǐltù kind=crystallized
          └ Ňǐltù was founded.
   21875  settlement.founded     s=876 sName=Ňǐltù city=1
          └ The city of Ňǐltù arose.
   21875  settlement.founded     s=878 sName=Mīnglìkú city=1
          └ The city of Mīnglìkú arose.
   21875  settlement.founded     s=884 sName=Lǐfpú city=1
          └ The city of Lǐfpú arose.
   21889  settlement.tier        s=506 sName=Simopadu
          └ Simopadu grew into a metropolis (688,000 souls).
   21891  market.dearth          s=30 sName=Sogyoepa
          └ Dearth in Sogyoepa — bread at famine prices in the market.
   21900  settlement.founded     s=890 sName=Simosumsusa kind=crystallized
          └ Simosumsusa was founded.
   21900  settlement.founded     s=890 sName=Simosumsusa city=1
          └ The city of Simosumsusa arose.
   21900  settlement.founded     s=891 sName=Nāxkòu kind=crystallized
          └ Nāxkòu was founded.
   21900  settlement.founded     s=891 sName=Nāxkòu city=1
          └ The city of Nāxkòu arose.
   21900  settlement.founded     s=893 sName=Xị̌tō city=1
          └ The city of Xị̌tō arose.
   21900  settlement.founded     s=899 sName=Īusfá city=1
          └ The city of Īusfá arose.
   21900  war.began              from=642 to=30 name=Sismopasyu
          └ Marched to war against Sogyoepasyus.
   21900  war.began              from=633 to=30 name=P'upp'ofokha
          └ Marched to war against Sogyoepasyus.
   21900  war.began              from=638 to=30 name=Ǔnlàlǐā
          └ Marched to war against Sogyoepasyus under the banner of the faith.
   21900  war.ended              how=truce to=642 toName=Sismopasyu name=Sogyoepasyus
          └ The war with Sogyoepasyus ended.
   21900  war.indemnity          to=642 toName=Sismopasyu name=Sogyoepasyus
          └ Sogyoepasyus paid a heavy indemnity to Sismopasyu at the peace.
   21900  war.ended              how=truce to=633 toName=P'upp'ofokha name=Sogyoepasyus
          └ The war with Sogyoepasyus ended.
   21900  war.indemnity          to=633 toName=P'upp'ofokha name=Sogyoepasyus
          └ Sogyoepasyus paid a heavy indemnity to P'upp'ofokha at the peace.
   21900  war.ended              how=truce to=638 toName=Ǔnlàlǐā name=Sogyoepasyus
          └ The war with Sogyoepasyus ended.
   21900  war.indemnity          to=638 toName=Ǔnlàlǐā name=Sogyoepasyus
          └ Sogyoepasyus paid a heavy indemnity to Ǔnlàlǐā at the peace.
   21900  polity.shattered       s=1 sName=Ňěňní to=611 toName=Sumsusapa
          └ Its capital Ňěňní fell to Sumsusapa — the realm collapsed.
   21900  polity.ended           how=conquest byName=Sumsusapa name=Ňǐňpì
          └ Fell to Sumsusapa and was erased from the map.
   21900  polity.submitted       how=inherited to=611 toName=Sumsusapa name=Tommodumomoisyus
          └ Facing hopeless odds, the court of Tommodumomoisyus bowed to Sumsusapa — keeping its throne at the price of tribute.
   21910  market.dearth          s=506 sName=Simopadu
          └ Dearth in Simopadu — bread at famine prices in the market.
   21912  settlement.withered    s=723 sName=Bummomuibu
          └ Bummomuibu withered away and was abandoned.
   21925  settlement.founded     s=905 sName=Lǔrụ́ kind=crystallized
          └ Lǔrụ́ was founded.
   21925  settlement.founded     s=905 sName=Lǔrụ́ city=1
          └ The city of Lǔrụ́ arose.
   21925  settlement.founded     s=907 sName=Rìkú city=1
          └ The city of Rìkú arose.
   21937  polity.submitted       how=submission to=631 toName=Tānlàlǐā name=Fùlpūkòlǐ
          └ Facing hopeless odds, the court of Fùlpūkòlǐ bowed to Tānlàlǐā — keeping its throne at the price of tribute.
   21937  polity.submitted       how=submission to=631 toName=Tānlàlǐā name=Fùlpū
          └ Facing hopeless odds, the court of Fùlpū bowed to Tānlàlǐā — keeping its throne at the price of tribute.
   21937  polity.submitted       how=submission to=631 toName=Tānlàlǐā name=Duisyu
          └ Facing hopeless odds, the court of Duisyu bowed to Tānlàlǐā — keeping its throne at the price of tribute.
   21937  polity.submitted       how=union to=52 toName=Tị̄lākú name=Kòffílǐā
          └ In the troubles of the succession, the court of Kòffílǐā joined its crown to Tị̄lākú — one senior throne, two realms.
   21937  polity.seceded         from=611 fromName=Sumsusapa
          └ Broke away from Sumsusapa in a war of secession.
   21938  settlement.abandoned   s=687 sName=Fǒňpì
          └ Fǒňpì was abandoned.
   21938  settlement.abandoned   s=696 sName=Tìttíukò
          └ Tìttíukò was abandoned.
   21950  settlement.founded     s=917 sName=Ūňpì kind=crystallized
          └ Ūňpì was founded.
   21950  settlement.founded     s=917 sName=Ūňpì city=1
          └ The city of Ūňpì arose.
   21950  settlement.founded     s=919 sName=Xōukfí city=1
          └ The city of Xōukfí arose.
   21950  war.began              from=559 to=241 name=Ākú
          └ Marched to war against Ītị̄lǐā.
   21950  war.began              from=52 to=198 name=Tị̄lākú
          └ Marched to war against Bupupu.
   21950  war.began              from=770 to=29 name=Bimgyidu
          └ Marched to war against Pomponsomsyus under the banner of the faith.
   21975  settlement.founded     s=928 sName=Tụ̄ kind=crystallized
          └ Tụ̄ was founded.
   21975  settlement.founded     s=928 sName=Tụ̄ city=1
          └ The city of Tụ̄ arose.
   21975  settlement.founded     s=929 sName=Tōkú city=1
          └ The city of Tōkú arose.
   21975  settlement.founded     s=934 sName=Ngàịtị̄ city=1
          └ The city of Ngàịtị̄ arose.
   22000  settlement.founded     s=939 sName=Tumokyumu kind=crystallized
          └ Tumokyumu was founded.
   22000  settlement.founded     s=939 sName=Phaphut'eb city=1
          └ The city of Phaphut'eb arose.
   22000  settlement.founded     s=940 sName=Nị̄mrá city=1
          └ The city of Nị̄mrá arose.
   22024  settlement.dissolved   s=576 why=core sName=Xóultù
          └ Xóultù faded back into the countryside.
   22025  settlement.founded     s=947 sName=Bummogyuma kind=crystallized
          └ Bummogyuma was founded.
   22025  settlement.founded     s=947 sName=Piziba city=1
          └ The city of Piziba arose.
   22025  settlement.founded     s=948 sName=Pụ̌mpíü city=1
          └ The city of Pụ̌mpíü arose.
   22050  settlement.founded     s=956 sName=Tusmosumsusa kind=crystallized
          └ Tusmosumsusa was founded.
   22050  settlement.founded     s=956 sName=Yuthik'a city=1
          └ The city of Yuthik'a arose.
   22050  settlement.founded     s=957 sName=Kìlpì city=1
          └ The city of Kìlpì arose.
   22050  war.ended              how=faded to=673 toName=Simosismuibasyu name=Ňǐňpì
          └ The war with Ňǐňpì ended.
   22050  war.ended              how=faded to=673 toName=Simosismuibasyu name=Tommodumomoisyus
          └ The war with Tommodumomoisyus ended; some 19 soldiers never came home.
   22050  war.ended              how=faded to=673 toName=Simosismuibasyu name=Ìltùlǐā
          └ The war with Ìltùlǐā ended; some 7 soldiers never came home.
   22050  war.ended              how=faded to=673 toName=Simosismuibasyu name=Syumosumsusasyus
          └ The war with Syumosumsusasyus ended; some 8 soldiers never came home.
   22075  settlement.founded     s=967 sName=Muimiu kind=crystallized
          └ Muimiu was founded.
   22075  settlement.founded     s=967 sName=Imomuissyu city=1
          └ The city of Imomuissyu arose.
   22075  settlement.founded     s=968 sName=Ňīnlà city=1
          └ The city of Ňīnlà arose.
   22087  polity.submitted       how=submission to=360 toName=Ǒukfí name=Lǎňsụ̀ị
          └ Facing hopeless odds, the court of Lǎňsụ̀ị bowed to Ǒukfí — keeping its throne at the price of tribute.
   22087  polity.seceded         from=631 fromName=Tānlàlǐā
          └ Broke away from Tānlàlǐā in a war of secession.
   22087  polity.ended           how=dissolved name=Lụ̌mpíülǐ
          └ Dissolved — its last cities scattered or fell silent.
   22088  settlement.abandoned   s=766 sName=Súnfǐu
          └ Súnfǐu was abandoned.
   22100  settlement.founded     s=979 sName=Simoyipimsi kind=crystallized
          └ Simoyipimsi was founded.
   22100  settlement.founded     s=979 sName=Muimomabi city=1
          └ The city of Muimomabi arose.
   22100  settlement.founded     s=980 sName=Fị́nlà city=1
          └ The city of Fị́nlà arose.
   22100  war.began              from=663 to=598 name=Dyuimoti
          └ Marched to war against Mǐürụ́lǐā.
   22100  war.began              from=631 to=598 name=Tānlàlǐā
          └ Marched to war against Mǐürụ́lǐā.
   22100  war.began              from=625 to=598 name=Hǐusfálǐ
          └ Marched to war against Mǐürụ́lǐā.
   22117  settlement.abandoned   s=484 sName=Rírụ́
          └ Rírụ́ was abandoned.
   22122  settlement.tier        s=624 sName=Sǔstù
          └ Sǔstù grew into a metropolis (627,000 souls).
   22125  settlement.founded     s=987 sName=Umonukyu kind=crystallized
          └ Umonukyu was founded.
   22125  settlement.founded     s=987 sName=Suimotugyumu city=1
          └ The city of Suimotugyumu arose.
   22125  settlement.founded     s=988 sName=Lùkò city=1
          └ The city of Lùkò arose.
   22150  settlement.founded     s=995 sName=Tisuidu kind=crystallized
          └ Tisuidu was founded.
   22150  settlement.founded     s=995 sName=Sigyimiu city=1
          └ The city of Sigyimiu arose.
   22150  settlement.founded     s=996 sName=Kù city=1
          └ The city of Kù arose.
   22150  war.began              from=111 to=152 name=Tǐurọ̀lěā
          └ Renewed the old war against Fùlpūkú as the succession failed.
   22150  war.ended              how=faded to=663 toName=Dyuimoti name=Ňǐňpì
          └ The war with Ňǐňpì ended.
   22150  war.ended              how=faded to=663 toName=Dyuimoti name=Xíukúlǐ
          └ The war with Xíukúlǐ ended.
   22150  war.ended              how=faded to=599 toName=Xíukúlǐ name=Dupasyusa
          └ The war with Dupasyusa ended; some 1 soldiers never came home.
   22150  war.ended              how=faded to=663 toName=Dyuimoti name=Tommodumomoisyus
          └ The war with Tommodumomoisyus ended.
   22150  war.ended              how=faded to=663 toName=Dyuimoti name=Ìltùlǐā
          └ The war with Ìltùlǐā ended.
   22150  war.ended              how=faded to=663 toName=Dyuimoti name=Syumosumsusasyus
          └ The war with Syumosumsusasyus ended.
   22175  settlement.founded     s=1001 sName=Dyuimoti kind=crystallized
          └ Dyuimoti was founded.
   22175  settlement.founded     s=1001 sName=Muisdu city=1
          └ The city of Muisdu arose.
   22175  settlement.founded     s=1002 sName=Pīüffìkò city=1
          └ The city of Pīüffìkò arose.
   22200  settlement.abandoned   s=147 sName=Sismogyoma
          └ Sismogyoma was abandoned.
   22200  plague.outbreak        s=846 sName=Pumpunsu
          └ Plague broke out in Pumpunsu and swept through the realm.
   22200  plague.outbreak        s=956 sName=Yuthik'a
          └ Plague broke out in Yuthik'a and swept through the realm.
   22200  plague.outbreak        s=967 sName=Imomuissyu
          └ Plague broke out in Imomuissyu and swept through the realm.
   22200  plague.outbreak        s=979 sName=Muimomabi
          └ Plague broke out in Muimomabi and swept through the realm.
   22200  settlement.founded     s=1005 sName=Ukymowu kind=crystallized
          └ Ukymowu was founded.
   22200  settlement.founded     s=1005 sName=Mumiu city=1
          └ The city of Mumiu arose.
   22200  settlement.founded     s=1006 sName=Xǒumpíü city=1
          └ The city of Xǒumpíü arose.
   22200  war.began              from=663 to=967 name=Dyuimoti
          └ Marched to war against Imomuissyusyu.
   22200  war.began              from=598 to=967 name=Mǐürụ́lǐā
          └ Marched to war against Imomuissyusyu.
   22200  war.began              from=29 to=967 name=Pomponsomsyus
          └ Marched to war against Imomuissyusyu.
   22200  war.began              from=956 to=967 name=Yuthik'a
          └ Marched to war against Imomuissyusyu.
   22200  war.began              from=599 to=956 name=Xíukúlǐ
          └ Marched to war against Yuthik'a.
   22200  war.began              from=52 to=956 name=Tị̄lākú
          └ Marched to war against Yuthik'a.
   22200  war.ended              how=faded to=362 toName=Ìltùlǐā name=Sogyoepasyus
          └ The war with Sogyoepasyus ended; some 9 soldiers never came home.
   22200  war.ended              how=faded to=241 toName=Ītị̄lǐā name=Fị̀tlàlǐā
          └ The war with Fị̀tlàlǐā ended; some 1 soldiers never came home.
   22225  settlement.founded     s=1011 sName=Sismosii kind=crystallized
          └ Sismosii was founded.
   22225  settlement.founded     s=1011 sName=Yayiyayaphghat city=1
          └ The city of Yayiyayaphghat arose.
   22225  settlement.founded     s=1012 sName=Ňǐtlà city=1
          └ The city of Ňǐtlà arose.
   22237  market.dearth          s=413 sName=Yùfpù
          └ Dearth in Yùfpù — bread at famine prices in the market.
   22237  polity.submitted       how=submission to=743 toName=Tǎkúlǐā name=Pomponsomsyus
          └ Facing hopeless odds, the court of Pomponsomsyus bowed to Tǎkúlǐā — keeping its throne at the price of tribute.
   22237  polity.submitted       how=submission to=743 toName=Tǎkúlǐā name=Mǐürụ́lǐā
          └ Facing hopeless odds, the court of Mǐürụ́lǐā bowed to Tǎkúlǐā — keeping its throne at the price of tribute.
   22237  settlement.annexed     s=92 sName=Nāxsē from=111 fromName=Tǐurọ̀lěā to=52 toName=Tị̄lākú
          └ Peacefully absorbed Nāxsē from Tǐurọ̀lěā.
   22237  polity.ended           how=dissolved name=Tǐurọ̀lěā
          └ Dissolved — its last cities scattered or fell silent.
   22250  settlement.founded     s=1016 sName=Pigyidu kind=crystallized
          └ Pigyidu was founded.
   22250  settlement.founded     s=1016 sName=Zyoypakhat city=1
          └ The city of Zyoypakhat arose.
   22250  settlement.founded     s=1017 sName=Tǎtà city=1
          └ The city of Tǎtà arose.
   22250  war.began              from=743 to=599 name=Tǎkúlǐā
          └ Marched to war against Xíukúlǐ as the succession failed.
   22250  war.began              from=29 to=818 name=Pomponsomsyus
          └ Marched to war against Tàkfílǐā.
   22250  war.began              from=30 to=818 name=Sogyoepasyus
          └ Marched to war against Tàkfílǐā.
   22250  war.began              from=29 to=813 name=Pomponsomsyus
          └ Marched to war against Fukhbiyi̤z.
   22250  war.began              from=29 to=814 name=Pomponsomsyus
          └ Marched to war against Yúlpùlǐā.
   22250  war.began              from=30 to=814 name=Sogyoepasyus
          └ Marched to war against Yúlpùlǐā.
   22250  war.ended              how=truce to=818 toName=Tàkfílǐā name=Pomponsomsyus
          └ The war with Pomponsomsyus ended.
   22250  war.ended              how=truce to=818 toName=Tàkfílǐā name=Sogyoepasyus
          └ The war with Sogyoepasyus ended.
   22250  war.ended              how=truce to=814 toName=Yúlpùlǐā name=Pomponsomsyus
          └ The war with Pomponsomsyus ended.
   22250  war.indemnity          to=29 toName=Pomponsomsyus name=Yúlpùlǐā
          └ Yúlpùlǐā paid a heavy indemnity to Pomponsomsyus at the peace.
   22250  war.ended              how=truce to=814 toName=Yúlpùlǐā name=Sogyoepasyus
          └ The war with Sogyoepasyus ended.
   22275  settlement.founded     s=1021 sName=Summusui kind=crystallized
          └ Summusui was founded.
   22275  settlement.founded     s=1021 sName=Tisuimiu city=1
          └ The city of Tisuimiu arose.
   22275  settlement.founded     s=1022 sName=Gyamoyipimsi kind=crystallized
          └ Gyamoyipimsi was founded.
   22275  settlement.founded     s=1022 sName=Daptayyamfap city=1
          └ The city of Daptayyamfap arose.
   22275  settlement.founded     s=1023 sName=Xōusfá city=1
          └ The city of Xōusfá arose.
   22284  succession.crisis      name=Yuthik'a
          └ The royal line failed — an interregnum of rival claimants.
   22298  market.dearth          s=1 sName=Ňěňní
          └ Dearth in Ňěňní — bread at famine prices in the market.
   22300  settlement.founded     s=1024 sName=Tu kind=crystallized
          └ Tu was founded.
   22300  settlement.founded     s=1024 sName=Nobayump'aphyum city=1
          └ The city of Nobayump'aphyum arose.
   22300  war.began              from=743 to=628 name=Tǎkúlǐā
          └ Marched to war against Lǎkākúlǐā.
   22300  war.began              from=30 to=813 name=Sogyoepasyus
          └ Marched to war against Fukhbiyi̤z.
   22300  war.began              from=114 to=813 name=Tommodumomoisyus
          └ Marched to war against Fukhbiyi̤z.
   22300  war.began              from=653 to=813 name=Duisyu
          └ Marched to war against Fukhbiyi̤z.
   22300  war.began              from=114 to=818 name=Tommodumomoisyus
          └ Marched to war against Tàkfílǐā as the succession failed.
   22300  war.began              from=653 to=818 name=Duisyu
          └ Marched to war against Tàkfílǐā as the succession failed.
   22300  war.ended              how=truce to=813 toName=Fukhbiyi̤z name=Pomponsomsyus
          └ The war with Pomponsomsyus ended.
   22300  war.indemnity          to=29 toName=Pomponsomsyus name=Fukhbiyi̤z
          └ Fukhbiyi̤z paid a heavy indemnity to Pomponsomsyus at the peace.
   22300  war.ended              how=truce to=813 toName=Fukhbiyi̤z name=Sogyoepasyus
          └ The war with Sogyoepasyus ended.
   22300  war.indemnity          to=30 toName=Sogyoepasyus name=Fukhbiyi̤z
          └ Fukhbiyi̤z paid a heavy indemnity to Sogyoepasyus at the peace.
   22300  war.ended              how=truce to=813 toName=Fukhbiyi̤z name=Tommodumomoisyus
          └ The war with Tommodumomoisyus ended.
   22300  war.indemnity          to=114 toName=Tommodumomoisyus name=Fukhbiyi̤z
          └ Fukhbiyi̤z paid a heavy indemnity to Tommodumomoisyus at the peace.
   22300  war.ended              how=truce to=813 toName=Fukhbiyi̤z name=Duisyu
          └ The war with Duisyu ended.
   22300  war.indemnity          to=653 toName=Duisyu name=Fukhbiyi̤z
          └ Fukhbiyi̤z paid a heavy indemnity to Duisyu at the peace.
   22300  war.ended              how=truce to=818 toName=Tàkfílǐā name=Tommodumomoisyus
          └ The war with Tommodumomoisyus ended.
   22300  war.ended              how=truce to=818 toName=Tàkfílǐā name=Duisyu
          └ The war with Duisyu ended.
   22300  polity.shattered       s=1011 sName=Yayiyayaphghat to=663 toName=Dyuimoti
          └ Its capital Yayiyayaphghat fell to Dyuimoti — the realm collapsed.
   22300  polity.ended           how=conquest byName=Dyuimoti name=Imomuissyusyu
          └ Fell to Dyuimoti and was erased from the map.
   22300  polity.shattered       s=1011 sName=Yayiyayaphghat to=598 toName=Mǐürụ́lǐā
          └ Its capital Yayiyayaphghat fell to Mǐürụ́lǐā — the realm collapsed.
   22300  polity.shattered       s=1011 sName=Yayiyayaphghat to=29 toName=Pomponsomsyus
          └ Its capital Yayiyayaphghat fell to Pomponsomsyus — the realm collapsed.
   22300  polity.shattered       s=956 sName=Yuthik'a to=52 toName=Tị̄lākú
          └ Its capital Yuthik'a fell to Tị̄lākú — the realm collapsed.
   22300  polity.ended           how=conquest byName=Tị̄lākú name=Yuthik'a
          └ Fell to Tị̄lākú and was erased from the map.
   22320  settlement.withered    s=675 sName=Pị̄kú
          └ Pị̄kú withered away and was abandoned.
   22325  settlement.founded     s=1025 sName=Summusuimiu kind=crystallized
          └ Summusuimiu was founded.
   22325  settlement.founded     s=1025 sName=Thamp'otump city=1
          └ The city of Thamp'otump arose.
   22325  settlement.founded     s=1026 sName=Fị́nlà city=1
          └ The city of Fị́nlà arose.
   22342  settlement.withered    s=644 sName=Kị́kú
          └ Kị́kú withered away and was abandoned.
   22342  settlement.withered    s=722 sName=Sidu
          └ Sidu withered away and was abandoned.
   22343  settlement.withered    s=655 sName=Hǔppì
          └ Hǔppì withered away and was abandoned.
   22350  settlement.founded     s=1028 sName=Ōumrá kind=crystallized
          └ Ōumrá was founded.
   22350  settlement.founded     s=1028 sName=Ōumrá city=1
          └ The city of Ōumrá arose.
   22350  settlement.founded     s=1029 sName=Íkfí city=1
          └ The city of Íkfí arose.
   22350  war.began              from=599 to=1012 name=Xíukúlǐ
          └ Marched to war against Ňǐtlàlǐā.
   22350  war.began              from=52 to=1012 name=Tị̄lākú
          └ Marched to war against Ňǐtlàlǐā.
   22350  war.began              from=152 to=1012 name=Fùlpūkú
          └ Marched to war against Ňǐtlàlǐā.
   22350  war.began              from=367 to=1012 name=Húmpéülě
          └ Marched to war against Ňǐtlàlǐā.
   22350  war.began              from=29 to=978 name=Pomponsomsyus
          └ Marched to war against Tathlaphaftukha as the succession failed.
   22350  war.began              from=30 to=978 name=Sogyoepasyus
          └ Marched to war against Tathlaphaftukha as the succession failed.
   22350  war.began              from=653 to=978 name=Duisyu
          └ Marched to war against Tathlaphaftukha as the succession failed.
  … 988 more events elided

=== SETTLEMENT LIFE TABLE (everything ever settled in the box) ===
  id     name           first   last    peak   tier  death (type @ step)
      1  Ňěňní        13500   23400   10880    3   abandoned @ 23473
      2  Fùlpū        13500   25000    4285    3   (alive at end)
      3  Kèňtọ̄ị     13600   15100      15    2   dissolved(core) @ 15197
      4  Fōnfǐu       13600   15100      15    2   dissolved(core) @ 15196
      5  Nāthị̌       13600   15100      15    2   dissolved(core) @ 15195
      6  Lǎxkòu       13600   15300      15    2   dissolved(core) @ 15394
      8  Sǔsfá        13700   15300      15    2   dissolved(core) @ 15392
      9  Fǒptàị      13700   15300      15    2   dissolved(core) @ 15391
     10  Ňúpīkò      13700   15300      15    2   dissolved(core) @ 15390
     11  Ňǐlňà        13700   15300      15    2   dissolved(core) @ 15389
     12  Xòufpù       13800   15300      15    2   dissolved(core) @ 15388
     13  Lǎlpù        13800   15300      15    2   dissolved(core) @ 15387
     14  Tàstù        13800   15300      15    2   dissolved(core) @ 15386
     15  Ňěxkòu       13800   15500      15    2   dissolved(core) @ 15585
     16  Nīpsē        13900   15500      15    2   dissolved(core) @ 15584
     17  Lẹ́fị̌kú    13900   15500      15    2   dissolved(core) @ 15583
     18  Fōnfǐu       13900   15500      15    2   dissolved(core) @ 15582
     19  Hǐlhụ̌       13900   15500      15    2   dissolved(core) @ 15581
     20  Xóuňpì       14000   15500      15    2   dissolved(core) @ 15580
     21  Lá            14000   15500      15    2   dissolved(core) @ 15579
     22  Lụ́ňpì       14000   15500      15    2   dissolved(core) @ 15578
     23  Mīnglì       14000   15700      15    2   dissolved(core) @ 15777
     24  Ňúpī         14100   15700      15    2   dissolved(core) @ 15776
     25  Lǎtlà        14100   15700      15    2   dissolved(core) @ 15775
     26  Xòutà        14100   15700      15    2   dissolved(core) @ 15774
     27  Fòutrọ̌ị    14300   15900      15    2   dissolved(core) @ 15973
     28  Pọ̄ịtrọ́ị  14500   16100      15    2   dissolved(core) @ 16172
     30  Sogyoepa       14600   25000    2727    3   (alive at end)
     31  Omomessi       14600   16100      15    2   dissolved(core) @ 16169
     32  Dumomoi        14600   16300      15    2   dissolved(core) @ 16368
     33  Dosudu         14600   16300      15    2   dissolved(core) @ 16367
     34  Umkyoi         14700   16300      15    2   dissolved(core) @ 16366
     35  Sùlhụ̌       14700   16300      15    2   dissolved(core) @ 16365
     36  Rimmopuiky     14700   16300      15    2   dissolved(core) @ 16364
     37  Mumommoe       14700   16300      15    2   dissolved(core) @ 16363
     38  Nokyopa        14700   16300      15    2   dissolved(core) @ 16362
     39  Bommodu        14800   16300      15    2   dissolved(core) @ 16361
     40  Pomponsomdu    14800   16300      15    2   dissolved(core) @ 16360
     41  Togyomuky      14800   16500      15    2   dissolved(core) @ 16559
     42  Tàịňnī      14800   16500      15    2   dissolved(core) @ 16558
     43  Hóuptàị     15000   16500      15    2   dissolved(core) @ 16557
     44  Pismoe         15100   16700      15    2   dissolved(core) @ 16756
     45  Sùňní        15100   16700      15    2   dissolved(core) @ 16755
     47  Sǐlāị       15300   16900      15    2   dissolved(core) @ 16953
     48  Fòuňpì       15300   16900      15    2   dissolved(core) @ 16952
     49  Nātlà        15300   16900      15    2   dissolved(core) @ 16951
     50  Fọ̄ịkfé     15300   21300    4084    3   abandoned @ 21353
     55  Lụ́ltù       15500   17100      15    2   dissolved(core) @ 17145
     57  Nǐnfǐu       15500   17100      15    2   dissolved(core) @ 17143
     59  Fōntà        15500   17800    1312    3   withered @ 17836
     61  Fị̀lhụ̌      15500   17100      15    2   dissolved(core) @ 17139
     64  Túrọ̀        15600   17100      15    2   dissolved(core) @ 17136
     66  Lènūrọ̀     15600   17300      15    2   dissolved(core) @ 17334
     68  Nèlērọ̀     15600   17300      15    2   dissolved(core) @ 17332
     70  Nị̀ppè       15600   17300      15    2   dissolved(core) @ 17330
     72  Ommosommosoe   15700   18300      31    2   dissolved(core) @ 18328
     73  Kèhsē        15700   17300      13    2   dissolved(core) @ 17327
     75  Pụ̌mpéü      15700   17300      15    2   dissolved(core) @ 17325
     77  Pōukú        15700   17300      15    2   dissolved(core) @ 17323
     79  Fúkú         15700   17300      15    2   dissolved(core) @ 17321
     82  Kètlà        15800   17500      16    2   dissolved(core) @ 17518
     84  Yókò         15800   17500      15    2   dissolved(core) @ 17516
     86  Ètlà         15800   17500      15    2   dissolved(core) @ 17514
     88  Ňụ̄kò        15800   17500      15    2   dissolved(core) @ 17512
     90  Pīuyórọ̀    15900   17500      15    2   dissolved(core) @ 17510
     93  Ètlà         15900   17500      15    2   dissolved(core) @ 17507
     96  Lǎptàị      15900   17500      15    2   dissolved(core) @ 17504
     99  Ǎịmràkò    15900   17500      15    2   dissolved(core) @ 17501
    103  Nèrọ̀        16000   17600      15    2   dissolved(core) @ 17697
    105  Hǐňsē        16000   17600      15    2   dissolved(core) @ 17695
    107  Lụ̄kfé       16000   17600      15    2   dissolved(core) @ 17693
    108  Ǎịmràrọ̀   16000   17600      15    2   dissolved(core) @ 17692
    109  Láị          16100   23000    6121    3   dissolved(core) @ 23091
    110  Èňlà         16100   18000    5622    3   abandoned @ 18010
    114  Tommodumomoi   16200   22800    3135    3   abandoned @ 22836
    115  Ǔltǔrọ̀     16200   17800      15    2   dissolved(core) @ 17885
    116  Pemowumkyoi    16300   17800      15    2   dissolved(core) @ 17884
    120  Epem           16400   18000      15    2   dissolved(core) @ 18080
    121  Ngàịtsī     16400   18000      15    2   dissolved(core) @ 18079
    124  Ommosommosoe   16400   18000      15    2   dissolved(core) @ 18076
    125  Nị̀trụ̄ị    16400   18000      16    2   dissolved(core) @ 18075
    128  Buitoidu       16500   18000      15    2   dissolved(core) @ 18072
    129  Īmpíü        16500   18000      16    2   dissolved(core) @ 18071
    132  Syomogyoma     16500   18000      15    2   dissolved(core) @ 18068
    135  Momopado       16500   18200      15    2   dissolved(core) @ 18265
    139  Sommosoe       16500   21400     587    3   withered @ 21455
    142  Puikydu        16600   18200      15    2   dissolved(core) @ 18258
    147  Sismogyoma     16600   22100    2277    3   abandoned @ 22200
    148  Tìttíukò    16600   18200      15    2   dissolved(core) @ 18252
    151  Nāňpì        16600   18200      17    2   dissolved(core) @ 18249
    173  Sopopa         16800   20300    2756    3   abandoned @ 20327
    177  Tosmositoiky   16900   18600      15    2   dissolved(core) @ 18623
    178  Hìuthị̌      16900   20900    3316    3   abandoned @ 20986
    180  Ìtlà         17000   18600      15    2   dissolved(core) @ 18620
    182  Fụ̀ịlhụ̌    17000   18600      15    2   dissolved(core) @ 18618
    184  Hīnfǐu       17100   18800      16    2   dissolved(core) @ 18816
    186  Tǎmīürụ́    17200   18700      15    2   abandoned @ 18792
    187  Fǒňtụ̌ị     17200   18800      15    2   dissolved(core) @ 18813
    189  Hǐükǔ        17200   18700      15    2   abandoned @ 18798
    190  Tàthị̀       17300   18700      16    2   abandoned @ 18788
    196  Lǎtrụ̄ị     17400   18800      15    2   abandoned @ 18819
    199  Sīuňpì       17400   18800      15    2   abandoned @ 18819
    201  Ǎịmràkú    17400   18700      15    2   abandoned @ 18798
    205  Há            17500   18800      13    2   abandoned @ 18805
    208  Xóuthị̌      17500   20100      25    2   dissolved(core) @ 20192
    210  Fị́sī        17500   18800      15    2   abandoned @ 18805
    212  Tīrụ́        17500   18800      15    2   abandoned @ 18819
    214  Ňīffí        17600   18800      13    2   abandoned @ 18805
    216  Xụ́lňà       17600   18800      15    2   abandoned @ 18819
    218  Sǎfǎkú      17600   18700      15    2   abandoned @ 18798
    220  Fùlpū        17600   18800      15    2   abandoned @ 18819
    224  Lụ́ňpì       17700   18800      15    2   abandoned @ 18819
    226  Pụ́ňpì       17700   18800      15    2   abandoned @ 18819
    228  Lǐfpúkò     17700   18800      16    2   abandoned @ 18820
    230  Fǒu'kū       17700   18800      15    2   abandoned @ 18819
    231  Lǎ            17800   18800      15    2   abandoned @ 18839
    233  Ǔltǔrụ́     17800   18800      15    2   abandoned @ 18839
    238  Lāịlíkú    17800   18800      15    2   abandoned @ 18839
    242  Xūkóukò     17800   18800      16    2   abandoned @ 18841
    245  Lǐlīu        17900   18800      16    2   abandoned @ 18840
    248  Pụ̌ịtrụ̀ị  17900   18800      13    2   abandoned @ 18805
    252  Xūnùkò      17900   18800      16    2   abandoned @ 18820
    261  Fị̌nglì      18100   18800      16    2   abandoned @ 18820
    263  Situikypa      18100   18800      15    2   abandoned @ 18826
    264  Lụ̀nlà       18100   18800      15    2   abandoned @ 18819
    267  Usdu           18100   18800      15    2   abandoned @ 18819
    268  Hìuptàị     18100   18800      15    2   abandoned @ 18819
    271  Puikypa        18200   18800      15    2   abandoned @ 18826
    272  Xàlị̀rụ́    18200   18800      15    2   abandoned @ 18819
    275  Gyadui         18200   18800      15    2   abandoned @ 18839
    277  Hìulpù       18200   18800      13    2   abandoned @ 18805
    280  Lákú         18300   18800      15    2   abandoned @ 18819
    282  Simomuim       18300   18800      15    2   abandoned @ 18839
    283  Tǐ            18300   18800      15    2   abandoned @ 18819
    287  Tàstù        18300   18800      15    2   abandoned @ 18839
    290  Ǎịmràkú    18400   18800      16    2   abandoned @ 18842
    295  Hìulhụ̌      18400   18800      16    2   abandoned @ 18842
    299  Dyuimodu       18400   18800      15    2   abandoned @ 18839
    322  Kyumu          18700   20600    2790    3   abandoned @ 20604
    323  Tàịňnīkú   18700   20000      15    2   abandoned @ 20019
    325  Rimobuimmiu    18700   23400    3551    3   dissolved(core) @ 23475
    326  Píkfìrụ́    18700   20000      15    2   abandoned @ 20019
    327  Támpíü       18700   20000      15    2   abandoned @ 20019
    344  Kǒmpíü       18800   20000      15    2   abandoned @ 20019
    348  Yúptàị      18900   19900      15    2   abandoned @ 19998
    353  Pumpunsum      18900   20000      15    2   abandoned @ 20019
    354  Fùppīkú     18900   19900      15    2   abandoned @ 19998
    363  Nukyupa        18900   20000      15    2   abandoned @ 20019
    364  Yútlà        18900   20000      15    2   abandoned @ 20019
    373  Muisiumdu      18900   20000      15    2   abandoned @ 20019
    374  Hìulpì       18900   20000      15    2   abandoned @ 20019
    381  Nimosigyim     19000   19900      15    2   abandoned @ 19998
    382  Fóufpù       19000   20000      15    2   abandoned @ 20039
    389  Amogyuma       19000   20000      15    2   abandoned @ 20019
    390  Tánglì       19000   20000      15    2   abandoned @ 20019
    398  Gyimmosiim     19000   20000      15    2   abandoned @ 20019
    399  Ìptàị       19000   19900      15    2   abandoned @ 19998
    405  Lǐfpúkú     19000   19900      15    2   abandoned @ 19988
    410  Pụ́ňpì       19100   20000      15    2   abandoned @ 20039
    413  Yùfpù        19100   24500    5471    3   abandoned @ 24532
    417  Fǒňtụ̌ị     19100   19400    4216    3   abandoned @ 19441
    420  Tūxákú      19100   20000      16    2   abandoned @ 20041
    423  Lírǐkú      19200   20000      15    2   abandoned @ 20039
    426  Kǐstù        19200   20000      15    2   abandoned @ 20039
    428  Lūtí         19200   20000      15    2   abandoned @ 20014
    431  Hǔlňà        19200   20000      15    2   abandoned @ 20026
    436  Nị́fpù       19300   20000      13    2   abandoned @ 20011
    441  Mīnglìkò    19300   20000      15    2   abandoned @ 20026
    444  Hǔptàị      19300   20000      15    2   abandoned @ 20039
    446  Ìňní         19300   20000      15    2   abandoned @ 20026
    449  Hìuhtà       19400   20000      14    2   abandoned @ 20033
    453  Fǒtrụ̄ị     19400   20000      15    2   abandoned @ 20039
    455  Īmtà         19400   20000      16    2   abandoned @ 20041
    458  Tàtụ̀ị      19400   20000      15    2   abandoned @ 20039
    461  Ňǐňpì        19500   22800    5302    3   abandoned @ 22829
    463  Lánglì       19500   22900    3693    3   abandoned @ 22928
    465  Nīptà        19500   20000      15    2   abandoned @ 20039
    469  Fǒustù       19500   20000      15    2   abandoned @ 20039
    471  Pá            19600   20000      15    2   abandoned @ 20041
    473  Xụ̄sfá       19600   20000      36    2   abandoned @ 20027
    499  Sǎfǎkú      20100   21700      15    2   dissolved(core) @ 21701
    506  Simopadu       20100   23800    3035    3   dissolved(core) @ 23894
    507  Ngákò        20100   21600      15    2   dissolved(core) @ 21693
    514  Tusmopadu      20100   20600      15    2   abandoned @ 20639
    515  Tǎtlà        20100   21600      15    2   dissolved(core) @ 21685
    521  Ummomissi      20100   20600      15    2   abandoned @ 20639
    522  Ǐstù         20100   21800      15    2   abandoned @ 21839
    529  Píkfìkú     20200   21800      15    2   abandoned @ 21839
    537  Tàrụ́        20200   21800      15    2   abandoned @ 21814
    546  Tìttíurụ́   20200   21800      16    2   abandoned @ 21841
    555  Sǐunfǐu      20200   21800      16    2   abandoned @ 21813
    562  Mīnglì       20300   21800      16    2   abandoned @ 21808
    569  Kị̌kò        20300   21700      14    2   abandoned @ 21798
    574  Umoyipimsi     20300   20600      15    2   abandoned @ 20639
    575  Fǒusfá       20300   21700      17    2   abandoned @ 21787
    579  Līütlàrụ́   20300   21700      15    2   abandoned @ 21786
    582  Xụ́xkòu      20400   21800      15    2   abandoned @ 21819
    586  Dumomuiriudu   20400   20600      15    2   abandoned @ 20642
    587  Hóutlà       20400   21800      15    2   abandoned @ 21819
    591  Nāptàị      20400   21700      16    2   abandoned @ 21799
    594  Píụịtrụ̀i  20400   21800      15    2   abandoned @ 21826
    597  Pumsyupa       20500   21000    1818    2   abandoned @ 21025
    598  Mǐürụ́       20500   23000    6597    3   abandoned @ 23041
    603  Líükú        20500   21700      15    2   abandoned @ 21712
    607  Fǒtlà        20500   21700      15    2   abandoned @ 21754
    611  Sumsusapa      20500   25000    2988    2   (alive at end)
    617  Ňìstù        20600   21800      15    2   abandoned @ 21805
    620  Īmpíü        20600   21700      15    2   abandoned @ 21788
    624  Sǔstù        20600   25000    4404    3   (alive at end)
    627  Mumummumiu     20600   21800      15    2   abandoned @ 21819
    630  Sidmomuimb     20700   21800      15    2   abandoned @ 21819
    642  Sismopa        20700   25000     788    3   (alive at end)
    643  Nupmosumsus    20700   21800      15    2   abandoned @ 21819
    653  Dui            20700   21100      15    2   abandoned @ 21169
    654  Syi            20700   21700      15    2   abandoned @ 21798
    663  Dyuimoti       20700   21000      15    2   abandoned @ 21025
    664  Asmowumkyui    20700   21700      15    2   abandoned @ 21798
    673  Simosismuiba   20800   21700      15    2   abandoned @ 21796
    674  Simosunmusui   20800   21800      13    2   abandoned @ 21805
    719  Mamomumummu    21000   25000    3034    3   (alive at end)
    722  Sidu           21100   22300      15    2   withered @ 22342
    723  Bummomuibu     21100   21900      15    2   withered @ 21912
    727  Imopumpunsu    21100   21800      15    2   abandoned @ 21839
    728  Mumummu        21100   21700      15    2   abandoned @ 21773
    733  Umodu          21100   21800      15    2   abandoned @ 21839
    753  Tumoti         21200   21800      15    2   abandoned @ 21839
    758  Nukyupa        21200   21800      15    2   abandoned @ 21839
    779  Fị̀tlà       21400   25000    1409    3   (alive at end)
    782  Nìmrá        21400   21800      15    2   abandoned @ 21839
    786  Líụňārụ́   21500   21800      15    2   abandoned @ 21826
    792  Lārtà        21500   21800      15    2   abandoned @ 21839
    822  Ústù         21700   25000    1421    3   (alive at end)
    831  Pụ́tị̄       21800   22900      15    2   withered @ 22944
    840  Xīlǐurụ́    21800   22400      15    2   abandoned @ 22439
    841  Líụňā       21800   22900      15    2   withered @ 22943
    846  Pumpunsu       21900   22500      15    2   abandoned @ 22538
    847  Xūkóu        21900   22900      15    2   withered @ 22943
    856  Tumomuiriu     21900   22500      15    2   abandoned @ 22538
    857  Nāttīu       21900   22800      15    2   abandoned @ 22838
    875  Mamowu         21900   22400      15    2   abandoned @ 22426
    876  Ňǐltù        21900   22800      15    2   abandoned @ 22838
    890  Simosumsusa    21900   22500      15    2   abandoned @ 22538
    891  Nāxkòu       21900   22900      15    2   withered @ 22944
    905  Lǔrụ́        22000   22400      15    2   abandoned @ 22439
    917  Ūňpì         22000   22400      15    2   abandoned @ 22439
    928  Tụ̄           22000   22400      15    2   abandoned @ 22439
    939  Phaphut'eb     22000   22900      15    2   withered @ 22944
    947  Piziba         22100   22400      15    2   abandoned @ 22439
    956  Yuthik'a       22100   22400      15    2   abandoned @ 22443
    967  Imomuissyu     22100   22400      15    2   abandoned @ 22440
    979  Muimomabi      22100   22900      15    2   withered @ 22943
    987  Suimotugyumu   22200   22900      15    2   withered @ 22944
    995  Sigyimiu       22200   22800      15    2   abandoned @ 22838
   1001  Muisdu         22200   22900      15    2   withered @ 22942
   1005  Mumiu          22200   22800      15    2   abandoned @ 22897
   1011  Yayiyayaphgha  22300   22900      12    2   abandoned @ 22994
   1016  Zyoypakhat     22300   23000      15    2   abandoned @ 23019
   1021  Tisuimiu       22300   23600      15    2   abandoned @ 23630
   1022  Daptayyamfap   22300   23000      15    2   abandoned @ 23019
   1024  Nobayump'aphy  22300   22900      15    2   abandoned @ 22998
   1025  Thamp'otump    22400   23100      15    2   abandoned @ 23138
   1028  Ōumrá        22400   25000    3647    2   (alive at end)
   1034  Tàtị́kò     22400   23000      15    2   abandoned @ 23041
   1037  Ukymosisui     22400   23000      15    2   abandoned @ 23028
   1041  Tumoyibims     22500   23000      15    2   abandoned @ 23028
   1043  Syumotugyumu   22500   23600      15    2   abandoned @ 23606
   1044  Gyimimiu       22500   23000      15    2   abandoned @ 23028
   1052  Thamp'otumpyu  22500   23500      15    2   withered @ 23545
   1062  Tamphut'eb     22500   23100      15    2   abandoned @ 23138
   1069  Tayamfap       22600   23100      13    2   abandoned @ 23138
   1074  Ìlpì         22600   23000      15    2   abandoned @ 23017
   1084  Muimosunsusa   22600   23600      15    2   abandoned @ 23606
   1085  Mǐupíü       22600   24600    3031    2   abandoned @ 24625
   1089  Imosii         22600   23600      15    2   abandoned @ 23606
   1090  Kóppì        22600   23500      15    2   withered @ 23543
   1095  Syumopuikyu    22700   24100      15    2   withered @ 24120
   1096  Tūrù         22700   24600     290    2   withered @ 24638
   1150  Thamp'otump    22900   23600      15    2   abandoned @ 23638
   1159  Yamfapghat     22900   23800      15    2   abandoned @ 23888
   1170  Bamsrazathgha  22900   24100      15    2   withered @ 24144
   1176  Phambyum       23000   24100      15    2   withered @ 24144
   1182  Piyfaphut'eb   23000   24100      15    2   withered @ 24144
   1199  Srap'uph       23000   23600      13    2   abandoned @ 23614
   1215  Pakhaphyum     23000   23600      15    2   abandoned @ 23629
   1228  Yamt'zyug      23100   23600      15    2   abandoned @ 23629
   1244  Īmtà         23100   23700      15    2   abandoned @ 23738
   1259  Pụ̀nfǐu      23100   24100      15    2   withered @ 24145
   1270  Ǒukfí        23100   24100      15    2   withered @ 24143
   1279  Níufīukú    23200   24100      13    2   withered @ 24128
   1284  Sǔtūkú      23200   24100      15    2   withered @ 24144
   1288  Ǎfǎịrụ́    23200   23800      15    2   abandoned @ 23888
   1295  Líụňākú    23200   24100      15    2   withered @ 24145
   1300  Pīüffìkò    23300   24100      15    2   withered @ 24143
   1303  Lǎňní        23300   24100      15    2   withered @ 24143
   1306  Fùppī        23300   24000      15    2   abandoned @ 24038
   1309  Līütlà       23300   24000      15    2   abandoned @ 24038
   1313  Sūmrá        23400   24000      15    2   abandoned @ 24038
   1317  Ìuátā       23400   25000      39    2   (alive at end)
   1320  Ňǐupīkú     23400   24100      15    2   withered @ 24144
   1324  Ǔltǔrụ́     23400   25000      16    2   (alive at end)
   1326  Fị̀trụ̄ị    23500   24800      13    2   abandoned @ 24817
   1331  Īňní         23500   24800      16    2   abandoned @ 24833
   1334  Lǎüpí        23500   24800      15    2   abandoned @ 24808
   1337  Ìuffí        23500   24800      15    2   abandoned @ 24808
   1354  Sǐulíkú     23600   24800      16    2   abandoned @ 24834
   1371  Tǎkú         23600   24800      15    2   abandoned @ 24817
   1377  Pimosii        23700   24900      15    2   abandoned @ 24938
   1378  Íutlà        23700   24800      15    2   abandoned @ 24813
   1387  Rimmomuissyu   23700   24900      15    2   abandoned @ 24938
   1388  Fụ́ịnfǐu    23700   24800      15    2   abandoned @ 24814
   1397  Imopiuimmiu    23700   24800      15    2   abandoned @ 24833
   1420  Lǐfpúkú     23800   25000      15    2   (alive at end)
   1461  Xíürā        24100   25000      15    2   (alive at end)
   1472  Lárụ́        24100   24800      16    2   abandoned @ 24843
   1482  Íulụ̄        24100   24800      15    2   abandoned @ 24839
   1491  Kí            24100   24800      16    2   abandoned @ 24846
   1498  Puimptu        24200   25000      15    2   (alive at end)
   1504  Líụňākò    24200   25000    4154    2   (alive at end)
   1525  Píụịtrụ̀i  24200   25000    4968    3   (alive at end)
   1542  Xòuntà       24200   24700      15    2   abandoned @ 24799
   1556  Nīpsī        24300   25000      30    2   (alive at end)
   1566  Lǎlpì        24300   25000      15    2   (alive at end)
   1576  Píụkú       24300   25000      15    2   (alive at end)
   1583  Kìltù        24300   25000      15    2   (alive at end)
   1594  Fị̄mpíü      24400   25000      15    2   (alive at end)
   1605  Summurui       24400   25000      15    2   (alive at end)
   1606  Ǔltǔ         24400   25000      15    2   (alive at end)
   1615  Pụ̄sfá       24400   25000      16    2   (alive at end)
   1664  Ístù         24700   25000      15    2   (alive at end)
   1678  Tàtị́kú     24700   25000      15    2   (alive at end)
   1684  Ìuátā       24700   25000      16    2   (alive at end)
   1690  Nị̀lpì       24700   25000      15    2   (alive at end)
   1718  Ǒusfá        24900   25000      15    2   (alive at end)
   1726  Pumpuns        24900   25000      15    2   (alive at end)
   1727  Lụ̄nlā       24900   25000      15    2   (alive at end)
   1737  Sǔtūkò      24900   25000      16    2   (alive at end)
   1747  Tị̄lā        24900   25000      15    2   (alive at end)
   1754  Sùppì        25000   25000      15    2   (alive at end)
   1762  Fị̌stù       25000   25000      15    2   (alive at end)
   1773  Tumomuispum    25000   25000      15    2   (alive at end)
   1774  Ǐnglì        25000   25000      15    2   (alive at end)
   1784  Yúlpì        25000   25000      15    2   (alive at end)

=== REALM LIFE TABLE (everything that ever owned a box tile) ===
  id     name             firstSeen  peakBoxT  peakWorldT  peakMem  born(how)          end(how @ step)
      1  Ňěňní             15200        29          46       31                     conquest by Pomponsomsyus @ 19950
      2  ?                   15300         6           0        0                     dissolved @ 23287
     29  ?                   15500         4           0        0                     integrated by Sogyoepasyus @ 16387
     50  ?                   15500         5           0        0                     integrated by Fōntàlě @ 17287
     54  Fị̀lpìlě         15500        17          34        8                     dissolved @ 21337
     30  Sogyoepasyus        15600        18          16        5                     conquest by Simomabisyu @ 23350
     60  ?                   15600         5           0        0                     conquest by Tǐurọ̀lěā @ 16550
     59  ?                   15600         6           0        0                     integrated by Tāptáịkòlǐā @ 19087
     72  ?                   15700         6           0        0                     conquest by Ňěňní @ 15800
     89  ?                   16000         3           0        0                     dissolved @ 19237
    110  ?                   16200        17           0        0                     conquest by Kètrọ̌ịlěā @ 17550
    111  ?                   16200         5           0        0                     dissolved @ 22237
    114  ?                   16500        10           0        0                     dissolved @ 22837
     44  Sogyoepasyus        16600        15          15        2                     conquest by Sogyoepasyus @ 20300
    142  ?                   16600         4           0        0                     conquest by Ňěňní @ 16700
    147  ?                   16800         9           0        0                     conquest by Pomponsomsyus @ 18400
    139  ?                   16900         3           0        0                     conquest by Sogyoepasyus @ 16950
    173  Sopopa              17000        14          13        6                     conquest by Sogyoepasyus @ 20150
    109  ?                   17500        20           0        0                     integrated by Kùkú @ 20287
    219  ?                   18000         3           0        0                     dissolved @ 20137
    322  ?                   18800         9           0        0                     conquest by Sopopa @ 18850
    178  ?                   19100         8           0        0                     dissolved @ 21037
    340  ?                   19100         4           0        0                     dissolved @ 24187
    417  Fǒňtụ̌ị          19200        28          57        9                     dissolved @ 21487
    418  ?                   19200         4           0        0                     integrated by Rírụ́ @ 20287
    434  ?                   19500         2           0        0  frontier           dissolved @ 21037
    324  ?                   19600         4           0        0                     dissolved @ 21187
    236  ?                   19800         2           0        0  frontier           conquest by Tị̄lākú @ 21700
    463  Lánglì            19800        15          14        2                     conquest by Tị̄lākú @ 20300
    484  ?                   19800        11           0        0                     shattered by Xíukúlǐ @ 21300
    241  ?                   19900         2           0        0                     (alive at end)
    461  Ňǐňpì             19900        29          30       35                     dissolved @ 23587
    487  ?                   19900         8           0        0  frontier           conquest by Fùlpū @ 21200
    414  ?                   20300         1           0        0                     dissolved @ 23137
    500  ?                   20400         3           0        0                     dissolved @ 22087
    597  ?                   20500        14           0        0                     dissolved @ 21037
    599  ?                   20500        12           0        0                     conquest by Húmpéülě @ 20550
    325  ?                   20600         9           0        0                     dissolved @ 23587
    673  ?                   20800         9           0        0                     shattered by Syumosumsusasyus @ 20850
    663  Dyuimoti            20900        20          21       13                     (alive at end)
    628  ?                   20900         3           0        0                     dissolved @ 22387
    653  ?                   21100        11           0        0                     dissolved @ 24037
    625  ?                   21100         1           0        0                     dissolved @ 24637
    631  ?                   21100         7           0        0                     (alive at end)
    642  ?                   21200         4           0        0                     (alive at end)
    611  Sumsusapa           21500        20          21        7                     dissolved @ 24637
    598  Mǐürụ́lǐā       22100        26          26       10                     dissolved @ 24787
    967  Imomuissyusyu       22200        12          17        3                     shattered by Pomponsomsyus @ 22300
    956  ?                   22200         7           0        0                     conquest by Tị̄lākú @ 22300
    743  ?                   22200         3           0        0                     dissolved @ 23887
     52  ?                   22400         3           0        0  frontier           (alive at end)
   1012  ?                   22400         3           0        0                     (alive at end)
   1096  Tūrù              22800        19          19        1                     conquest by Yamfapghattay @ 24400
    360  ?                   23100         2           0        0                     dissolved @ 24637
   1006  ?                   23100         1           0        0                     conquest by Tị̄lākú @ 23150
   1151  ?                   23100         3           0        0                     (alive at end)
   1280  ?                   23200         2           0        0                     (alive at end)
   1160  ?                   23200         3           0        0                     (alive at end)
   1307  ?                   23400         7           0        0                     (alive at end)
   1304  ?                   23700         6           0        0                     conquest by Fǐngǔlǐā @ 23750
   1301  ?                   23800         6           0        0                     (alive at end)
   1159  Yamfapghattay       24000        23          23        5                     (alive at end)
   1344  ?                   24000         1           0        0  frontier           (alive at end)
   1395  ?                   24100         2           0        0                     (alive at end)
   1461  ?                   24100        14           0        0                     conquest by Tị̄lākú @ 24150
   1525  ?                   24500         8           0        0                     (alive at end)
   1526  ?                   24500         3           0        0                     (alive at end)
   1085  Mǐupíü            24700        19          19        4                     (alive at end)
   1567  ?                   24700         3           0        0                     (alive at end)
   1664  ?                   24800        13           0        0                     conquest by Tị̄lākú @ 24900

