[harness] tree 932a695
[SIM_TUNE] {"DAWN_LIVE":1,"STATE_RECORDS":1,"LAND_KNOW":1,"PEER_SEATS":1,"FOUND_DRIFT":1,"ABSORB_ORG_ERA":1,"TRIBUTE_UP":0.33,"ENGULF":8,"FEAR_REACH":1,"WAR_FINISH":1,"SMALL_WAR":8,"RELIEF_REACH":1,"EXCH_WAVE":3,"TECH_USE":1,"VASSAL_LEVY":0.5,"DISSOLVE_CORE":1,"SETT_STRIDE":3,"TRADE_STRIDE":5,"CITY_HOLD":1}
[peopleSim] hearth pin Nile picked at tile (138,40) (27.0E 30.0N) — maturity deferred to the stagger law
[peopleSim] hearth pin Mesopotamia picked at tile (149,38) (43.5E 33.0N) — maturity deferred to the stagger law
[peopleSim] hearth pin Indus picked at tile (167,41) (70.5E 28.5N) — maturity deferred to the stagger law
[peopleSim] hearth pin Yellow River picked at tile (196,38) (114.0E 33.0N) — maturity deferred to the stagger law
[peopleSim] hearth candidate at (138,40) (27.0E 30.0N) score 6.39 pkg=wheat(suit 0.92) — ARMED: ~974y of peopled-basin time from maturity
[peopleSim] hearth candidate at (149,38) (43.5E 33.0N) score 4.32 pkg=wheat(suit 0.69) — ARMED: ~1311y of peopled-basin time from maturity
[peopleSim] hearth candidate at (167,41) (70.5E 28.5N) score 6.34 pkg=wheat(suit 0.98) — ARMED: ~922y of peopled-basin time from maturity
[peopleSim] hearth candidate at (196,38) (114.0E 33.0N) score 4.11 pkg=rice(suit 0.81) — ARMED: ~3106y of peopled-basin time from maturity
[peopleSim] hearth candidate at (58,38) (-93.0E 33.0N) score 5.34 pkg=maize(suit 0.87) — ARMED: ~5148y of peopled-basin time from maturity
[peopleSim] hearth candidate at (111,53) (-13.5E 10.5N) score 1.76 pkg=sorghum(suit 0.64) — ARMED: ~3133y of peopled-basin time from maturity
[peopleSim] hearth candidate at (140,73) (30.0E -19.5N) score 1.32 pkg=tubers(suit 0.93) — ARMED: ~3243y of peopled-basin time from maturity
[peopleSim] hearth candidate at (77,72) (-64.5E -18.0N) score 0.87 pkg=tubers(suit 0.57) — ARMED: ~5283y of peopled-basin time from maturity
[peopleSim] hearth candidate at (31,23) (-133.5E 55.5N) score 0.50 — ARMED: ~13000y of peopled-basin time from maturity
[peopleSim] hearth candidate at (117,23) (-4.5E 55.5N) score 0.50 — ARMED: ~13000y of peopled-basin time from maturity

=== EGYPT AUTOPSY  480x240 (tw=240)  seed 8817  box lon 24..36 lat 20..33 (66 land tiles) ===
  step | box: sett  Σpeople | largest (people/urban  fed  dis  org) cid | realm@box: id  boxT  worldT   km²  mem  cap/load  fronts | field: Σpop  Σcap
[popField] worker pool engaged: 4 bands
[transHeap] step=24 cap=1024 peakN=0 pushes=0 (0.0MB backing)
   100 |   0       0 |   (none) |         (no realm owns the box) | 6017 19605
   200 |   0       0 |   (none) |         (no realm owns the box) | 6149 19605
   300 |   0       0 |   (none) |         (no realm owns the box) | 6282 19605
   400 |   0       0 |   (none) |         (no realm owns the box) | 6414 19605
   500 |   0       0 |   (none) |         (no realm owns the box) | 6547 19605
   600 |   0       0 |   (none) |         (no realm owns the box) | 6681 19605
   700 |   0       0 |   (none) |         (no realm owns the box) | 6814 19605
   800 |   0       0 |   (none) |         (no realm owns the box) | 6949 19605
   900 |   0       0 |   (none) |         (no realm owns the box) | 7084 19605
  1000 |   0       0 |   (none) |         (no realm owns the box) | 7219 19605
  1100 |   0       0 |   (none) |         (no realm owns the box) | 7355 19605
  1200 |   0       0 |   (none) |         (no realm owns the box) | 7491 19605
  1300 |   0       0 |   (none) |         (no realm owns the box) | 7628 19605
  1400 |   0       0 |   (none) |         (no realm owns the box) | 7765 19605
  1500 |   0       0 |   (none) |         (no realm owns the box) | 7902 19605
  1600 |   0       0 |   (none) |         (no realm owns the box) | 8039 19605
  1700 |   0       0 |   (none) |         (no realm owns the box) | 8177 19605
  1800 |   0       0 |   (none) |         (no realm owns the box) | 8315 19605
  1900 |   0       0 |   (none) |         (no realm owns the box) | 8452 19605
  2000 |   0       0 |   (none) |         (no realm owns the box) | 8590 19605
  2100 |   0       0 |   (none) |         (no realm owns the box) | 8729 19605
  2200 |   0       0 |   (none) |         (no realm owns the box) | 8867 19605
  2300 |   0       0 |   (none) |         (no realm owns the box) | 9005 19605
  2400 |   0       0 |   (none) |         (no realm owns the box) | 9143 19605
  2500 |   0       0 |   (none) |         (no realm owns the box) | 9280 19605
  2600 |   0       0 |   (none) |         (no realm owns the box) | 9418 19605
  2700 |   0       0 |   (none) |         (no realm owns the box) | 9555 19605
  2800 |   0       0 |   (none) |         (no realm owns the box) | 9692 19605
  2900 |   0       0 |   (none) |         (no realm owns the box) | 9829 19605
  3000 |   0       0 |   (none) |         (no realm owns the box) | 9965 19605
  3100 |   0       0 |   (none) |         (no realm owns the box) | 10101 19605
  3200 |   0       0 |   (none) |         (no realm owns the box) | 10237 19605
  3300 |   0       0 |   (none) |         (no realm owns the box) | 10372 19605
  3400 |   0       0 |   (none) |         (no realm owns the box) | 10506 19605
  3500 |   0       0 |   (none) |         (no realm owns the box) | 10640 19605
  3600 |   0       0 |   (none) |         (no realm owns the box) | 10773 19605
  3700 |   0       0 |   (none) |         (no realm owns the box) | 10905 19605
  3800 |   0       0 |   (none) |         (no realm owns the box) | 11037 19605
  3900 |   0       0 |   (none) |         (no realm owns the box) | 11168 19605
  4000 |   0       0 |   (none) |         (no realm owns the box) | 11298 19605
  4100 |   0       0 |   (none) |         (no realm owns the box) | 11427 19605
  4200 |   0       0 |   (none) |         (no realm owns the box) | 11555 19605
  4300 |   0       0 |   (none) |         (no realm owns the box) | 11682 19605
  4400 |   0       0 |   (none) |         (no realm owns the box) | 11808 19605
  4500 |   0       0 |   (none) |         (no realm owns the box) | 11934 19605
  4600 |   0       0 |   (none) |         (no realm owns the box) | 12058 19605
  4700 |   0       0 |   (none) |         (no realm owns the box) | 12181 19605
  4800 |   0       0 |   (none) |         (no realm owns the box) | 12303 19605
  4900 |   0       0 |   (none) |         (no realm owns the box) | 12424 19605
  5000 |   0       0 |   (none) |         (no realm owns the box) | 12544 19605
  5100 |   0       0 |   (none) |         (no realm owns the box) | 12662 19605
  5200 |   0       0 |   (none) |         (no realm owns the box) | 12780 19605
  5300 |   0       0 |   (none) |         (no realm owns the box) | 12896 19605
  5400 |   0       0 |   (none) |         (no realm owns the box) | 13010 19605
  5500 |   0       0 |   (none) |         (no realm owns the box) | 13124 19605
  5600 |   0       0 |   (none) |         (no realm owns the box) | 13236 19605
  5700 |   0       0 |   (none) |         (no realm owns the box) | 13347 19605
  5800 |   0       0 |   (none) |         (no realm owns the box) | 13457 19605
  5900 |   0       0 |   (none) |         (no realm owns the box) | 13565 19605
  6000 |   0       0 |   (none) |         (no realm owns the box) | 13672 19605
  6100 |   0       0 |   (none) |         (no realm owns the box) | 13778 19605
  6200 |   0       0 |   (none) |         (no realm owns the box) | 13882 19605
  6300 |   0       0 |   (none) |         (no realm owns the box) | 13985 19605
  6400 |   0       0 |   (none) |         (no realm owns the box) | 14086 19605
  6500 |   0       0 |   (none) |         (no realm owns the box) | 14187 19605
  6600 |   0       0 |   (none) |         (no realm owns the box) | 14285 19605
  6700 |   0       0 |   (none) |         (no realm owns the box) | 14383 19605
  6800 |   0       0 |   (none) |         (no realm owns the box) | 14478 19605
  6900 |   0       0 |   (none) |         (no realm owns the box) | 14573 19605
  7000 |   0       0 |   (none) |         (no realm owns the box) | 14666 19605
  7100 |   0       0 |   (none) |         (no realm owns the box) | 14758 19605
  7200 |   0       0 |   (none) |         (no realm owns the box) | 14848 19605
  7300 |   0       0 |   (none) |         (no realm owns the box) | 14937 19605
  7400 |   0       0 |   (none) |         (no realm owns the box) | 15025 19605
[peopleSim] AGRICULTURE INVENTED at (167,41) (70.5E 28.5N) — the basin farms; a city will rise when its market gathers one (score 6.34)
[peopleSim] AGRICULTURE INVENTED at (138,40) (27.0E 30.0N) — the basin farms; a city will rise when its market gathers one (score 6.39)
  7500 |   0       0 |   (none) |         (no realm owns the box) | 15111 19605
  7600 |   0       0 |   (none) |         (no realm owns the box) | 15195 19605
  7700 |   0       0 |   (none) |         (no realm owns the box) | 15279 19605
  7800 |   0       0 |   (none) |         (no realm owns the box) | 15361 19605
  7900 |   0       0 |   (none) |         (no realm owns the box) | 15442 19605
  8000 |   0       0 |   (none) |         (no realm owns the box) | 15521 19605
  8100 |   0       0 |   (none) |         (no realm owns the box) | 16230 323940
  8200 |   0       0 |   (none) |         (no realm owns the box) | 17199 323940
  8300 |   0       0 |   (none) |         (no realm owns the box) | 18288 323940
  8400 |   0       0 |   (none) |         (no realm owns the box) | 19498 323940
  8500 |   0       0 |   (none) |         (no realm owns the box) | 20835 323940
  8600 |   0       0 |   (none) |         (no realm owns the box) | 22302 323940
  8700 |   0       0 |   (none) |         (no realm owns the box) | 23905 336894
  8800 |   0       0 |   (none) |         (no realm owns the box) | 25653 336894
  8900 |   0       0 |   (none) |         (no realm owns the box) | 27527 336894
  9000 |   0       0 |   (none) |         (no realm owns the box) | 29537 336894
  9100 |   0       0 |   (none) |         (no realm owns the box) | 31679 336894
  9200 |   0       0 |   (none) |         (no realm owns the box) | 33955 336894
  9300 |   0       0 |   (none) |         (no realm owns the box) | 36372 336894
  9400 |   0       0 |   (none) |         (no realm owns the box) | 38945 350201
  9500 |   0       0 |   (none) |         (no realm owns the box) | 41691 350201
  9600 |   0       0 |   (none) |         (no realm owns the box) | 44600 350201
  9700 |   0       0 |   (none) |         (no realm owns the box) | 47672 350201
  9800 |   0       0 |   (none) |         (no realm owns the box) | 50910 350201
  9900 |   0       0 |   (none) |         (no realm owns the box) | 54315 350201
 10000 |   0       0 |   (none) |         (no realm owns the box) | 57888 350201
 10100 |   0       0 |   (none) |         (no realm owns the box) | 61670 363354
 10200 |   0       0 |   (none) |         (no realm owns the box) | 65654 363354
 10300 |   0       0 |   (none) |         (no realm owns the box) | 69829 363354
 10400 |   0       0 |   (none) |         (no realm owns the box) | 74192 363354
 10500 |   0       0 |   (none) |         (no realm owns the box) | 78739 363354
 10600 |   0       0 |   (none) |         (no realm owns the box) | 83469 363354
 10700 |   0       0 |   (none) |         (no realm owns the box) | 88385 377370
 10800 |   0       0 |   (none) |         (no realm owns the box) | 93558 377370
 10900 |   0       0 |   (none) |         (no realm owns the box) | 98932 377370
 11000 |   0       0 |   (none) |         (no realm owns the box) | 104494 377370
 11100 |   0       0 |   (none) |         (no realm owns the box) | 110233 377370
 11200 |   0       0 |   (none) |         (no realm owns the box) | 116140 377370
 11300 |   0       0 |   (none) |         (no realm owns the box) | 122204 377370
 11400 |   0       0 |   (none) |         (no realm owns the box) | 128469 386108
 11500 |   0       0 |   (none) |         (no realm owns the box) | 134954 386110
 11600 |   0       0 |   (none) |         (no realm owns the box) | 141572 386115
 11700 |   0       0 |   (none) |         (no realm owns the box) | 148300 386124
 11800 |   0       0 |   (none) |         (no realm owns the box) | 155119 386159
 11900 |   0       0 |   (none) |         (no realm owns the box) | 162020 386337
 12000 |   0       0 |   (none) |         (no realm owns the box) | 168998 386675
 12100 |   0       0 |   (none) |         (no realm owns the box) | 176176 394582
 12200 |   0       0 |   (none) |         (no realm owns the box) | 183450 395232
 12300 |   0       0 |   (none) |         (no realm owns the box) | 190759 396125
 12400 |   0       0 |   (none) |         (no realm owns the box) | 198087 397315
[peopleSim] AGRICULTURE INVENTED at (149,38) (43.5E 33.0N) — the basin farms; a city will rise when its market gathers one (score 4.32)
 12500 |   0       0 |   (none) |         (no realm owns the box) | 205429 398975
 12600 |   0       0 |   (none) |         (no realm owns the box) | 212790 401249
 12700 |   0       0 |   (none) |         (no realm owns the box) | 220203 412062
 12800 |   0       0 |   (none) |         (no realm owns the box) | 227880 415168
 12900 |   0       0 |   (none) |         (no realm owns the box) | 235596 418845
 13000 |   0       0 |   (none) |         (no realm owns the box) | 243361 423057
 13100 |   0       0 |   (none) |         (no realm owns the box) | 251179 427769
 13200 |   0       0 |   (none) |         (no realm owns the box) | 259055 432944
 13300 |   0       0 |   (none) |         (no realm owns the box) | 266998 438551
 13400 |   0       0 |   (none) |         (no realm owns the box) | 275146 453084
 13500 |   2      30 | Ňěňní         15/    0 0.00 0.00 0.28 c-1 |         (no realm owns the box) | 283548 459241
 13600 |   6    8962 | Ňěňní       5679/  330 0.99 0.00 0.28 c-1 |         (no realm owns the box) | 291485 467497
 13700 |  10   10201 | Ňěňní       8019/  338 0.99 0.00 0.28 c-1 |         (no realm owns the box) | 298529 474260
 13800 |  14   10579 | Ňěňní       8233/  346 1.00 0.04 0.29 c-1 |         (no realm owns the box) | 305776 481302
 13900 |  18   10928 | Ňěňní       8441/  355 1.00 0.04 0.29 c-1 |         (no realm owns the box) | 313300 488573
 14000 |  22   11270 | Ňěňní       8650/  363 1.00 0.04 0.30 c-1 |         (no realm owns the box) | 321025 496098
 14100 |  25   11594 | Ňěňní       8851/  364 0.89 0.08 0.30 c-1 |         (no realm owns the box) | 328328 513145
 14200 |  25   11879 | Ňěňní       9051/  370 0.81 0.08 0.31 c-1 |         (no realm owns the box) | 335728 520600
 14300 |  26   12182 | Ňěňní       9251/  377 0.73 0.08 0.31 c-1 |         (no realm owns the box) | 343286 528488
 14400 |  26   12462 | Ňěňní       9454/  385 0.65 0.11 0.32 c-1 |         (no realm owns the box) | 350898 536342
 14500 |  27   12752 | Ňěňní       9644/  392 0.63 0.11 0.32 c-1 |         (no realm owns the box) | 358143 544793
 14600 |  31   12510 | Ňěňní       9244/  400 0.61 0.11 0.33 c-1 |         (no realm owns the box) | 365553 553661
 14700 |  36   12871 | Ňěňní       9438/  408 0.60 0.15 0.34 c-1 |         (no realm owns the box) | 373428 572859
 14800 |  40   13213 | Ňěňní       9658/  416 0.58 0.15 0.34 c-1 |         (no realm owns the box) | 381921 581091
 14900 |  40   13518 | Ňěňní       9891/  434 0.69 0.15 0.35 c-1 |         (no realm owns the box) | 391421 589771
 15000 |  41   13815 | Ňěňní      10066/  448 0.78 0.19 0.35 c1 |         (no realm owns the box) | 399612 562279
 15100 |  43   14115 | Ňěňní      10230/  458 0.84 0.19 0.36 c1 |         (no realm owns the box) | 406704 571769
 15200 |  40   14360 | Ňěňní      10428/  468 0.89 0.19 0.36 c1 |    1   29     29   726k   31  26/46   0 | 414924 581081
 15300 |  44   14668 | Ňěňní      10663/  478 0.92 0.22 0.37 c1 |    1   25     25   623k   31  26/46   0 | 423681 590112
 15400 |  36   14818 | Ňěňní      10880/  488 0.94 0.22 0.38 c1 |    1   25     25   623k   28  23/52   0 | 432160 612367
 15500 |  40   13891 | Ňěňní       9150/  490 0.80 0.22 0.38 c1 |    1   25     25   621k   20  25/37   0 | 440053 620796
 15600 |  36    9758 | Ňěňní       6471/  495 0.58 0.25 0.39 c1 |    1   23     23   572k   20  25/37   0 | 447673 629777
 15700 |  41   11213 | Ňěňní       4968/  502 0.41 0.25 0.39 c1 |    1   22     22   546k   12  12/16   0 | 454881 640430
 15800 |  41   11351 | Ňěňní       5052/  511 0.32 0.25 0.40 c1 |    1   22     22   546k    8  39/12   0 | 476540 649812
 15900 |  45    9183 | Ňěňní       5101/  515 0.25 0.29 0.40 c1 |    1   23     23   572k    8  39/12   0 | 473190 669939
 16000 |  48   15388 | Fùlpū       5352/  695 0.07 0.25 0.39 c45 |    1   22     22   546k    9  13/16   1 | 474621 667617
 16100 |  49   15294 | Ňěňní       5425/  521 0.13 0.29 0.41 c1 |    1   22     22   546k    8  78/15   0 | 478318 684543
 16200 |  49   10446 | Ňěňní       5244/  524 0.21 0.32 0.42 c1 |    1   23     23   572k    8  78/15   0 | 485843 707141
 16300 |  51   14895 | Ňěňní       5143/  526 0.31 0.32 0.43 c1 |  106   17     30   783k    4  29/2   4 | 480242 704318
 16400 |  45   14567 | Ňěňní       5160/  537 0.22 0.32 0.43 c1 |  106   16     29   757k    5  50/2   1 | 476386 703743
 16500 |  49   13269 | Lāffí       6446/  656 0.49 0.09 0.41 c106 |  106   18     29   755k    5  50/2   1 | 495091 715463
 16600 |  51   15249 | Lāffí       7341/  513 0.61 0.09 0.42 c106 |  129   13     14   341k    1  -/-   0 | 498840 720158
 16700 |  52   15141 | Lāffí       7430/  199 0.69 0.09 0.42 c106 |  129   13     14   341k    2  296/0   2 | 496755 727811
 16800 |  52    7574 | Lāffí       3148/  685 0.64 0.14 0.43 c106 |    1   14     14   349k    6  330/17   0 | 517792 751551
 16900 |  55   10452 | Lāffí       3318/  599 0.50 0.14 0.43 c106 |  126   14     14   341k    4  308/3   2 | 529702 734023
 17000 |  54   15562 | Ňúpīrọ̀    3674/  777 0.09 0.07 0.44 c109 |  168   17     17   437k    1  -/-   0 | 531651 731945
 17100 |  55   14861 | Ňúpīrọ̀    3462/  728 0.12 0.12 0.45 c109 |  168   17     17   437k    1  -/-   0 | 525027 740423
 17200 |  53   13006 | Sem           2983/  722 0.12 0.11 0.48 c126 |  126   16     16   390k    4  714/3   1 | 535356 788025
 17300 |  56   15598 | Hóuxkòu     4072/  802 0.94 0.00 0.45 c166 |  166   20     23   594k    1  -/-   0 | 541279 741429
 17400 |  52   14498 | Hóuxkòu     3979/  780 0.68 0.06 0.46 c166 |  166   20     23   594k    1  -/-   0 | 525378 758869
 17500 |  55   15815 | Hóuxkòu     6406/  115 0.48 0.06 0.46 c166 |  166   20     33   861k    9  282/6   3 | 509956 758123
 17600 |  51   16160 | Hóuxkòu     7561/  143 0.34 0.06 0.47 c166 |  166   20     36   942k   20  518/36   2 | 510089 768624
[transHeap] step=17664 cap=2048 peakN=1111 pushes=5785 (0.0MB backing)
 17700 |  52   15573 | Hóuxkòu     7574/  107 0.25 0.11 0.47 c166 |  166   20     36   942k   20  518/36   2 | 507196 774924
 17800 |  56   15284 | Hóuxkòu     7780/  662 0.18 0.11 0.48 c166 |  166   18     20   516k   29  26/55   0 | 524870 772590
 17900 |  55   11086 | Hóuxkòu     3709/  726 0.23 0.11 0.48 c166 |  126   15     15   365k    4  630/5   0 | 532567 783799
 18000 |  57   14030 | Hóuxkòu     3735/  373 0.26 0.16 0.49 c166 |    1   18     18   452k   12  537/54   0 | 538982 790276
 18100 |  53   13038 | Ňěňní       3047/  580 0.13 0.48 0.52 c89 |    1   18     18   452k   12  586/63   0 | 545323 782687
 18200 |  58   15571 | Hǔlhụ̌      3646/  230 0.16 0.09 0.50 c190 |  126   17     17   414k    9  506/19   1 | 549755 802226
 18300 |  56   14763 | Hǔlhụ̌      2594/  300 0.12 0.13 0.50 c190 |  190   16     17   436k    5  434/6   1 | 546910 782808
 18400 |  58   14176 | Hǔlhụ̌      2746/  107 0.09 0.13 0.51 c190 |  190   16     17   436k   11  112/67   0 | 542377 790637
 18500 |  55   11139 | Xóuttīu     3447/  664 0.14 0.16 0.51 c190 |  190   17     18   456k   11  38/34   0 | 538918 860950
 18600 |  56   10982 | Xóuttīu     2886/  716 0.11 0.20 0.52 c190 |  187   13     13   324k    4  26/2   1 | 539166 830307
 18700 |  57   10730 | Xóuttīu     2882/  734 0.07 0.20 0.52 c190 |  187   13     13   324k    4  22/11   0 | 542934 832879
[peopleSim] AGRICULTURE INVENTED at (196,38) (114.0E 33.0N) — the basin farms; a city will rise when its market gathers one (score 4.11)
[peopleSim] AGRICULTURE INVENTED at (140,73) (30.0E -19.5N) — the basin farms; a city will rise when its market gathers one (score 1.32)
 18800 |  58   10056 | Hǔlhụ̌      3832/  756 0.19 0.16 0.53 c249 |  190   12     12   299k    9  24/18   1 | 550842 908425
 18900 |  58   16041 | Ňúpī        3850/  766 0.03 0.16 0.53 c231 |  315   19     19   482k    1  -/-   0 | 555035 878682
[peopleSim] AGRICULTURE INVENTED at (111,53) (-13.5E 10.5N) — the basin farms; a city will rise when its market gathers one (score 1.76)
 19000 |  58   14874 | Ňúpī        3822/  758 0.02 0.16 0.54 c231 |  315   19     19   482k    3  46/0   1 | 555581 878478
 19100 |  58   19224 | Ňímrá       3459/  748 0.46 0.01 0.55 c315 |  305   20     20   508k    4  59/2   2 | 562776 841123
 19200 |  54   17723 | Ňěňní       3666/  410 0.01 0.54 0.46 c233 |  137   17     38   998k    7  70/4   0 | 553933 923369
 19300 |  57   19168 | Hímpíü      6454/  718 0.06 0.24 0.37 c137 |  315   19     19   484k    2  24/0   2 | 573788 838588
 19400 |  52   17563 | Hímpíü      6214/  745 0.10 0.24 0.39 c137 |  315   19     20   511k    2  45/0   1 | 547763 887434
 19500 |  56   11198 | Rimowumkyui   2246/  722 0.02 0.22 0.57 c252 |  368   19     19   463k    1  -/-   0 | 543832 841777
 19600 |  57   14436 | Syamomuisium  3629/  625 0.59 0.05 0.58 c368 |  368   19     19   465k    5  32/4   4 | 615496 850811
 19700 |  61   13852 | Syamomuisium  3712/  735 0.43 0.05 0.59 c368 |  368   19     19   465k    7  83/11   0 | 634239 870522
 19800 |  61   16183 | Fòkfé       4903/  828 0.02 0.36 0.39 c339 |  364   17     17   414k    1  -/-   0 | 607622 962806
 19900 |  63   11180 | Xōukfí      3911/  873 0.36 0.02 0.57 c399 |  364   20     24   588k    5  35/2   4 | 602943 819955
 20000 |  58   10490 | Xōukfí      3597/  763 0.29 0.02 0.57 c399 |  364   19     23   564k    3  55/5   2 | 577207 900975
 20100 |  40   13758 | Xụ́ttīu     4606/  873 0.47 0.06 0.46 c438 |  364   14     14   341k    3  55/5   2 | 581506 890435
 20200 |  45   15758 | Xụ́ttīu     4291/  429 0.33 0.06 0.48 c438 |  438   24     24   610k    5  34/2   0 | 584792 986485
 20300 |  49   14561 | Xụ́ttīu     3473/  347 0.24 0.06 0.50 c438 |  438   24     24   610k   11  46/16   0 | 592793 943569
 20400 |  53   14233 | Ňímrá       5415/  736 0.05 0.24 0.50 c438 |  469   26     26   641k    1  -/-   0 | 592167 934281
[peopleSim] hearth candidate at (58,38) (-93.0E 33.0N) stood down — the farming package arrived before it was invented
 20500 |  57   13815 | Hóuxkòu     4936/  868 0.10 0.34 0.59 c399 |  465   16     16   401k    1  -/-   0 | 582476 845829
 20600 |  60    9520 | Xụ́ttīu     1733/  173 0.11 0.11 0.54 c438 |  612   24     25   640k    1  -/-   0 | 572741 995343
 20700 |  60    8095 | Xụ́ttīu     1349/  135 0.09 0.15 0.55 c438 |  612   24     25   640k    1  -/-   0 | 564060 1000886
 20800 |  61   12444 | Xōukfí      5181/  789 0.24 0.13 0.61 c612 |  170   14     14   356k    2  49/0   0 | 554315 835109
 20900 |  61    9026 | Kyu           3094/  608 0.24 0.05 0.63 c559 |  616    9      9   226k    2  47/0   0 | 553176 1026354
 21000 |  60    8202 | Kyu           2819/  572 0.17 0.11 0.64 c559 |  616    9      9   226k    2  47/0   0 | 570675 1025301
[peopleSim] hearth candidate at (117,23) (-4.5E 55.5N) stood down — the farming package arrived before it was invented
[peopleSim] hearth candidate at (31,23) (-133.5E 55.5N) stood down — the farming package arrived before it was invented
 21100 |  61    7306 | Līütlàkú   3500/  701 0.30 0.08 0.60 c616 |  616   19     21   534k    2  31/0   2 | 569215 881989
 21200 |  57    8294 | Līütlàkú   3923/  673 0.21 0.08 0.61 c616 |  616   19     23   586k    2  48/0   0 | 554345 921036
 21300 |  33    7626 | Līütlàkú   3799/  681 0.15 0.13 0.62 c616 |  616   19     23   586k    2  48/0   0 | 538762 904968
 21400 |  38    9636 | Līütlàkú   3987/  701 0.26 0.13 0.63 c616 |  616   18     20   509k    1  48/0   0 | 533999 803128
 21500 |  41    9494 | Līütlàkú   4007/  711 0.38 0.13 0.64 c616 |  565   21     30   774k   15  88/54   0 | 519273 845523
 21600 |  43    8307 | Līütlàkú   4051/  709 0.28 0.18 0.64 c616 |  457   15     15   364k    7  46/8   0 | 523669 788037
 21700 |  47    7906 | Līütlàkú   4048/  701 0.20 0.18 0.65 c616 |  457   15     15   364k   13  36/93   0 | 522367 761685
 21800 |  47    7933 | Ňěňní       2945/  585 0.00 0.55 0.45 c1 |  616   18     28   713k    5  90/17   0 | 529697 869122
 21900 |  52   12026 | Tāptáịrú  4893/  750 0.09 0.08 0.61 c682 |  469   19     27   680k    0  6/44   0 | 543319 807277
[peopleSim] hearth candidate at (77,72) (-64.5E -18.0N) stood down — the farming package arrived before it was invented
 22000 |  56   11618 | Tāptáịrú  4720/  727 0.06 0.08 0.62 c682 |  469   19     27   680k    5  33/21   0 | 530880 769909
 22100 |  56    9728 | Dapboyumf     4330/  682 0.10 0.24 0.57 c895 |  682   16     16   411k    5  101/5   1 | 518732 830315
 22200 |  55    9487 | Dapboyumf     3632/  676 0.07 0.28 0.59 c895 |  457   16     16   388k   14  2/30   0 | 509944 814476
 22300 |  53    8884 | Dapboyumf     3595/  665 0.05 0.28 0.60 c895 |  457   16     16   388k   16  47/61   1 | 499819 792120
 22400 |  51    8695 | Lụ́ňlì      3361/  654 0.29 0.04 0.64 c921 |  921   28     29   735k    1  -/-   0 | 478187 736478
 22500 |  33   13259 | Tāptáịrú  6325/  599 0.01 0.18 0.65 c921 |  921   37     39   987k    1  -/-   0 | 466232 738433
 22600 |  38   12791 | Tāptáịrú  6092/  538 0.07 0.18 0.65 c892 |  921   37     39   987k   16  55/151   0 | 430582 806704
 22700 |  39    9021 | Umosummusui   2623/  153 0.01 0.41 0.56 c921 |  364   16     16   387k    3  45/2   2 | 491253 856077
 22800 |  45    9518 | Tāptáịrú  2942/  697 0.04 0.22 0.66 c892 |  364   17     17   413k    3  45/2   2 | 492875 801241
 22900 |  47    9481 | Imoyipim      2633/   99 0.31 0.06 0.58 c364 |  364   20     22   533k    7  36/9   1 | 484705 866085
 23000 |  47    9065 | Imoyipim      2555/  123 0.22 0.06 0.60 c364 |  364   20     22   533k   14  42/22   0 | 479579 842802
 23100 |  47   14178 | Imoyipim      4014/  427 0.23 0.13 0.61 c364 |  364   24     27   660k   14  42/22   0 | 475623 798432
 23200 |  53   14748 | Imoyipim      3841/  221 0.45 0.13 0.63 c364 | 1141   12     12   298k    0  -/-   0 | 476468 811899
 23300 |  52   13659 | Imoyipim      3974/  564 0.46 0.13 0.64 c364 | 1141   12     12   298k    3  39/0   0 | 479654 796307
 23400 |  53   11243 | Muimowumkyui  3326/  643 0.45 0.07 0.47 c1226 | 1129   15     15   382k    1  -/-   0 | 479340 874955
 23500 |  52   13811 | Muimowumkyui  3252/  325 0.42 0.07 0.49 c1226 | 1141   17     18   446k    2  10/0   3 | 471311 758383
 23600 |  43   12351 | Muimowumkyui  2533/  253 0.30 0.07 0.51 c1226 | 1141   17     18   446k    5  43/29   1 | 437122 754894
 23700 |  47   15587 | Hóuxkòu     4245/  567 0.27 0.32 0.68 c1130 | 1205   12     14   335k    3  46/2   0 | 437453 738039
 23800 |  47   15487 | Hóuxkòu     4599/  380 0.47 0.32 0.69 c1130 | 1339   18     18   450k    1  -/-   0 | 422520 818293
 23900 |  47   14847 | Hóuxkòu     4641/  550 0.62 0.32 0.69 c1130 | 1339   18     18   450k    1  -/-   0 | 430472 812976
 24000 |  48    8802 | Pàpụ̀       2177/  221 0.28 0.09 0.61 c1310 | 1332   16     16   401k    1  -/-   0 | 434641 950984
 24100 |  47    8454 | Nǎnpíü      2963/  522 0.32 0.06 0.61 c1332 |    1   11     11   276k    0  86/0   0 | 427224 751825
 24200 |  45    7395 | Ňěňní       3012/  490 0.00 0.56 0.64 c1 | 1392   18     20   509k    1  -/-   0 | 421413 939789
 24300 |  37    5759 | Ňěňní       2812/  479 0.22 0.58 0.65 c1 | 1392   18     20   509k    1  -/-   0 | 414046 945044
 24400 |  35    4281 | Bummomuisu    2113/  414 0.42 0.16 0.71 c1199 | 1332   20     20   504k    3  96/0   0 | 414347 972252
 24500 |  39    7632 | Muimowumkyui  3406/  618 0.07 0.19 0.64 c1324 | 1199   18     22   534k   12  49/41   1 | 422980 719780
 24600 |  42    7587 | Muimowumkyui  3238/  556 0.05 0.23 0.66 c1324 | 1199   18     22   534k   12  49/41   1 | 426844 724213
 24700 |  43    7492 | Muimowumkyui  2880/  529 0.04 0.23 0.67 c1324 | 1199   18     22   534k   12  71/22   0 | 419170 698849
 24800 |  42    5911 | Bummomuisu    1562/  407 0.30 0.21 0.72 c1199 | 1310   18     18   451k    3  36/0   0 | 415701 1012309
 24900 |  38    5992 | Xóuttīu     2002/   55 0.04 0.51 0.39 c1310 | 1310   18     18   451k    3  36/0   0 | 424926 997183
 25000 |  44    8432 | Xóuttīu     2930/  535 0.03 0.51 0.42 c1310 | 1141   12     12   300k    3  46/0   0 | 429736 933631

=== THE EVENT LOG, EGYPT BOX, steps 9000+ (the sim's own record — not inferred) ===
  -- complete type histogram (3436 events; the listing below may truncate) --
       954  settlement.founded
       625  war.began
       386  war.ended
       268  settlement.abandoned
       181  settlement.dissolved
       164  war.indemnity
       114  polity.submitted
       112  market.dearth
        97  polity.ended
        96  plague.outbreak
        74  settlement.tier
        68  polity.seceded
        68  settlement.annexed
        60  settlement.withered
        51  polity.shattered
        47  succession.crisis
        46  famine.struck
         9  town.planted
         9  polity.restored
         5  slave.revolt
         2  plague.virginSoil
   13500  settlement.founded     s=1 sName=Ňěňní kind=cradle
          └ Ňěňní was founded at the dawn of civilisation.
   13500  settlement.founded     s=1 sName=Ňěňní city=1
          └ The city of Ňěňní arose.
   13500  settlement.founded     s=2 sName=Fùlpū kind=crystallized
          └ Fùlpū was founded.
   13500  settlement.founded     s=2 sName=Fùlpū city=1
          └ The city of Fùlpū arose.
   13525  settlement.founded     s=3 sName=Kèňtọ̄ị kind=crystallized
          └ Kèňtọ̄ị was founded.
   13525  settlement.founded     s=3 sName=Kèňtọ̄ị city=1
          └ The city of Kèňtọ̄ị arose.
   13537  settlement.tier        s=2 sName=Fùlpū
          └ Fùlpū grew into a metropolis (408,000 souls).
   13550  settlement.founded     s=4 sName=Fōnfǐu kind=crystallized
          └ Fōnfǐu was founded.
   13550  settlement.founded     s=4 sName=Fōnfǐu city=1
          └ The city of Fōnfǐu arose.
   13573  market.dearth          s=2 sName=Fùlpū
          └ Dearth in Fùlpū — bread at famine prices in the market.
   13575  settlement.founded     s=5 sName=Nāthị̌ kind=crystallized
          └ Nāthị̌ was founded.
   13575  settlement.founded     s=5 sName=Nāthị̌ city=1
          └ The city of Nāthị̌ arose.
   13592  market.dearth          s=1 sName=Ňěňní
          └ Dearth in Ňěňní — bread at famine prices in the market.
   13600  settlement.founded     s=6 sName=Lǎxkòu kind=crystallized
          └ Lǎxkòu was founded.
   13600  settlement.founded     s=6 sName=Lǎxkòu city=1
          └ The city of Lǎxkòu arose.
   13625  settlement.founded     s=8 sName=Sǔsfá kind=crystallized
          └ Sǔsfá was founded.
   13625  settlement.founded     s=8 sName=Sǔsfá city=1
          └ The city of Sǔsfá arose.
   13650  settlement.founded     s=9 sName=Fǒptàị kind=crystallized
          └ Fǒptàị was founded.
   13650  settlement.founded     s=9 sName=Fǒptàị city=1
          └ The city of Fǒptàị arose.
   13667  settlement.tier        s=1 sName=Ňěňní
          └ Ňěňní grew into a metropolis (335,000 souls).
   13675  settlement.founded     s=10 sName=Ňúpīkò kind=crystallized
          └ Ňúpīkò was founded.
   13675  settlement.founded     s=10 sName=Ňúpīkò city=1
          └ The city of Ňúpīkò arose.
   13700  settlement.founded     s=11 sName=Ňǐlňà kind=crystallized
          └ Ňǐlňà was founded.
   13700  settlement.founded     s=11 sName=Ňǐlňà city=1
          └ The city of Ňǐlňà arose.
   13725  settlement.founded     s=12 sName=Xòufpù kind=crystallized
          └ Xòufpù was founded.
   13725  settlement.founded     s=12 sName=Xòufpù city=1
          └ The city of Xòufpù arose.
   13750  settlement.founded     s=13 sName=Lǎlpù kind=crystallized
          └ Lǎlpù was founded.
   13750  settlement.founded     s=13 sName=Lǎlpù city=1
          └ The city of Lǎlpù arose.
   13775  settlement.founded     s=14 sName=Tàstù kind=crystallized
          └ Tàstù was founded.
   13775  settlement.founded     s=14 sName=Tàstù city=1
          └ The city of Tàstù arose.
   13800  settlement.founded     s=15 sName=Ňěxkòu kind=crystallized
          └ Ňěxkòu was founded.
   13800  settlement.founded     s=15 sName=Ňěxkòu city=1
          └ The city of Ňěxkòu arose.
   13825  settlement.founded     s=16 sName=Nīpsē kind=crystallized
          └ Nīpsē was founded.
   13825  settlement.founded     s=16 sName=Nīpsē city=1
          └ The city of Nīpsē arose.
   13850  settlement.founded     s=17 sName=Lẹ́fị̌kú kind=crystallized
          └ Lẹ́fị̌kú was founded.
   13850  settlement.founded     s=17 sName=Lẹ́fị̌kú city=1
          └ The city of Lẹ́fị̌kú arose.
   13875  settlement.founded     s=18 sName=Fōnfǐu kind=crystallized
          └ Fōnfǐu was founded.
   13875  settlement.founded     s=18 sName=Fōnfǐu city=1
          └ The city of Fōnfǐu arose.
   13900  settlement.founded     s=19 sName=Hǐlhụ̌ kind=crystallized
          └ Hǐlhụ̌ was founded.
   13900  settlement.founded     s=19 sName=Hǐlhụ̌ city=1
          └ The city of Hǐlhụ̌ arose.
   13925  settlement.founded     s=20 sName=Xóuňpì kind=crystallized
          └ Xóuňpì was founded.
   13925  settlement.founded     s=20 sName=Xóuňpì city=1
          └ The city of Xóuňpì arose.
   13950  settlement.founded     s=21 sName=Lá kind=crystallized
          └ Lá was founded.
   13950  settlement.founded     s=21 sName=Lá city=1
          └ The city of Lá arose.
   13975  settlement.founded     s=22 sName=Lụ́ňpì kind=crystallized
          └ Lụ́ňpì was founded.
   13975  settlement.founded     s=22 sName=Lụ́ňpì city=1
          └ The city of Lụ́ňpì arose.
   14000  settlement.founded     s=23 sName=Mīnglì kind=crystallized
          └ Mīnglì was founded.
   14000  settlement.founded     s=23 sName=Mīnglì city=1
          └ The city of Mīnglì arose.
   14025  settlement.founded     s=24 sName=Ňúpī kind=crystallized
          └ Ňúpī was founded.
   14025  settlement.founded     s=24 sName=Ňúpī city=1
          └ The city of Ňúpī arose.
   14050  settlement.founded     s=25 sName=Lǎtlà kind=crystallized
          └ Lǎtlà was founded.
   14050  settlement.founded     s=25 sName=Lǎtlà city=1
          └ The city of Lǎtlà arose.
   14075  settlement.founded     s=26 sName=Xòutà kind=crystallized
          └ Xòutà was founded.
   14075  settlement.founded     s=26 sName=Xòutà city=1
          └ The city of Xòutà arose.
   14250  settlement.founded     s=27 sName=Fòutrọ̌ị kind=crystallized
          └ Fòutrọ̌ị was founded.
   14250  settlement.founded     s=27 sName=Fòutrọ̌ị city=1
          └ The city of Fòutrọ̌ị arose.
   14407  market.dearth          s=2 sName=Fùlpū
          └ Dearth in Fùlpū — bread at famine prices in the market.
   14425  settlement.founded     s=28 sName=Pọ̄ịtrọ́ịkò kind=crystallized
          └ Pọ̄ịtrọ́ịkò was founded.
   14425  settlement.founded     s=28 sName=Pọ̄ịtrọ́ịkò city=1
          └ The city of Pọ̄ịtrọ́ịkò arose.
   14426  market.dearth          s=1 sName=Ňěňní
          └ Dearth in Ňěňní — bread at famine prices in the market.
   14525  settlement.founded     s=30 sName=Họ̄ịkú kind=crystallized
          └ Họ̄ịkú was founded.
   14525  settlement.founded     s=30 sName=Sogyoepa city=1
          └ The city of Sogyoepa arose.
   14550  settlement.founded     s=31 sName=Omomessi kind=crystallized
          └ Omomessi was founded.
   14550  settlement.founded     s=31 sName=Omomessi city=1
          └ The city of Omomessi arose.
   14575  settlement.founded     s=32 sName=Dumomoi kind=crystallized
          └ Dumomoi was founded.
   14575  settlement.founded     s=32 sName=Dumomoi city=1
          └ The city of Dumomoi arose.
   14600  settlement.founded     s=33 sName=Dosudu kind=crystallized
          └ Dosudu was founded.
   14600  settlement.founded     s=33 sName=Dosudu city=1
          └ The city of Dosudu arose.
   14625  settlement.founded     s=34 sName=Umkyoi kind=crystallized
          └ Umkyoi was founded.
   14625  settlement.founded     s=34 sName=Umkyoi city=1
          └ The city of Umkyoi arose.
   14625  settlement.founded     s=35 sName=Sùlhụ̌ kind=crystallized
          └ Sùlhụ̌ was founded.
   14625  settlement.founded     s=35 sName=Sùlhụ̌ city=1
          └ The city of Sùlhụ̌ arose.
   14650  settlement.founded     s=36 sName=Rimmopuiky kind=crystallized
          └ Rimmopuiky was founded.
   14650  settlement.founded     s=36 sName=Rimmopuiky city=1
          └ The city of Rimmopuiky arose.
   14675  settlement.founded     s=37 sName=Mumommoe kind=crystallized
          └ Mumommoe was founded.
   14675  settlement.founded     s=37 sName=Mumommoe city=1
          └ The city of Mumommoe arose.
   14700  settlement.founded     s=38 sName=Nokyopa kind=crystallized
          └ Nokyopa was founded.
   14700  settlement.founded     s=38 sName=Nokyopa city=1
          └ The city of Nokyopa arose.
   14725  settlement.founded     s=39 sName=Bommodu kind=crystallized
          └ Bommodu was founded.
   14725  settlement.founded     s=39 sName=Bommodu city=1
          └ The city of Bommodu arose.
   14750  settlement.founded     s=40 sName=Pomponsomdu kind=crystallized
          └ Pomponsomdu was founded.
   14750  settlement.founded     s=40 sName=Pomponsomdu city=1
          └ The city of Pomponsomdu arose.
   14775  settlement.founded     s=41 sName=Togyomuky kind=crystallized
          └ Togyomuky was founded.
   14775  settlement.founded     s=41 sName=Togyomuky city=1
          └ The city of Togyomuky arose.
   14800  settlement.founded     s=42 sName=Tàịňnī kind=crystallized
          └ Tàịňnī was founded.
   14800  settlement.founded     s=42 sName=Tàịňnī city=1
          └ The city of Tàịňnī arose.
   14950  settlement.founded     s=43 sName=Hóuptàị kind=crystallized
          └ Hóuptàị was founded.
   14950  settlement.founded     s=43 sName=Hóuptàị city=1
          └ The city of Hóuptàị arose.
   15075  settlement.founded     s=44 sName=Pismoe kind=crystallized
          └ Pismoe was founded.
   15075  settlement.founded     s=44 sName=Pismoe city=1
          └ The city of Pismoe arose.
   15100  settlement.founded     s=45 sName=Sùňní kind=crystallized
          └ Sùňní was founded.
   15100  settlement.founded     s=45 sName=Sùňní city=1
          └ The city of Sùňní arose.
   15187  polity.seceded         from=1 fromName=Ňěňní
          └ Broke away from Ňěňní in a war of secession.
   15195  settlement.dissolved   s=5 why=core sName=Nāthị̌
          └ Nāthị̌ faded back into the countryside.
   15196  settlement.dissolved   s=4 why=core sName=Fōnfǐu
          └ Fōnfǐu faded back into the countryside.
   15197  settlement.dissolved   s=3 why=core sName=Kèňtọ̄ị
          └ Kèňtọ̄ị faded back into the countryside.
   15225  settlement.founded     s=47 sName=Sǐlāị kind=crystallized
          └ Sǐlāị was founded.
   15225  settlement.founded     s=47 sName=Sǐlāị city=1
          └ The city of Sǐlāị arose.
   15241  market.dearth          s=2 sName=Fùlpū
          └ Dearth in Fùlpū — bread at famine prices in the market.
   15250  settlement.founded     s=48 sName=Fòuňpì kind=crystallized
          └ Fòuňpì was founded.
   15250  settlement.founded     s=48 sName=Fòuňpì city=1
          └ The city of Fòuňpì arose.
   15260  market.dearth          s=1 sName=Ňěňní
          └ Dearth in Ňěňní — bread at famine prices in the market.
   15275  settlement.founded     s=49 sName=Nātlà kind=crystallized
          └ Nātlà was founded.
   15275  settlement.founded     s=49 sName=Nātlà city=1
          └ The city of Nātlà arose.
   15300  settlement.founded     s=50 sName=Fọ̄ịkfé kind=crystallized
          └ Fọ̄ịkfé was founded.
   15300  settlement.founded     s=50 sName=Fọ̄ịkfé city=1
          └ The city of Fọ̄ịkfé arose.
   15360  settlement.founded     s=52 sName=Tị̄lākú kind=planted
          └ Tị̄lākú was founded.
   15360  town.planted           s=52 sName=Tị̄lākú
          └ The crown chartered Tị̄lākú to govern the countryside.
   15386  settlement.dissolved   s=14 why=core sName=Tàstù
          └ Tàstù faded back into the countryside.
   15387  settlement.dissolved   s=13 why=core sName=Lǎlpù
          └ Lǎlpù faded back into the countryside.
   15388  settlement.dissolved   s=12 why=core sName=Xòufpù
          └ Xòufpù faded back into the countryside.
   15389  settlement.dissolved   s=11 why=core sName=Ňǐlňà
          └ Ňǐlňà faded back into the countryside.
   15390  settlement.dissolved   s=10 why=core sName=Ňúpīkò
          └ Ňúpīkò faded back into the countryside.
   15391  settlement.dissolved   s=9 why=core sName=Fǒptàị
          └ Fǒptàị faded back into the countryside.
   15392  settlement.dissolved   s=8 why=core sName=Sǔsfá
          └ Sǔsfá faded back into the countryside.
   15394  settlement.dissolved   s=6 why=core sName=Lǎxkòu
          └ Lǎxkòu faded back into the countryside.
   15400  famine.struck          
          └ A famine gripped the land.
   15400  famine.struck          
          └ A famine gripped the land.
   15400  famine.struck          
          └ A famine gripped the land.
   15400  famine.struck          
          └ A famine gripped the land.
   15400  famine.struck          
          └ A famine gripped the land.
   15400  famine.struck          
          └ A famine gripped the land.
   15400  settlement.founded     s=54 sName=Fị̀lpì city=1
          └ The city of Fị̀lpì arose.
   15409  settlement.tier        s=52 sName=Tị̄lākú
          └ Tị̄lākú grew into a city (77,000 souls).
   15425  settlement.founded     s=55 sName=Pọ̄ịtrọ́ịkò kind=crystallized
          └ Pọ̄ịtrọ́ịkò was founded.
   15425  settlement.founded     s=55 sName=Pọ̄ịtrọ́ịkò city=1
          └ The city of Pọ̄ịtrọ́ịkò arose.
   15450  settlement.founded     s=57 sName=Tǎ kind=crystallized
          └ Tǎ was founded.
   15450  settlement.founded     s=57 sName=Tǎ city=1
          └ The city of Tǎ arose.
   15450  war.began              from=1 to=29 name=Ňěňní
          └ Marched to war against Pomponsomsyus.
   15475  settlement.founded     s=59 sName=Xóutrọ̌ị kind=crystallized
          └ Xóutrọ̌ị was founded.
   15475  settlement.founded     s=59 sName=Xóutrọ̌ị city=1
          └ The city of Xóutrọ̌ị arose.
   15475  settlement.founded     s=60 sName=Fōntà city=1
          └ The city of Fōntà arose.
   15487  polity.seceded         from=29 fromName=Pomponsomsyus
          └ Broke away from Pomponsomsyus in a war of secession.
   15500  settlement.founded     s=61 sName=Nāppè kind=crystallized
          └ Nāppè was founded.
   15500  settlement.founded     s=61 sName=Nāppè city=1
          └ The city of Nāppè arose.
   15500  settlement.founded     s=62 sName=Fị̀lhụ̌ city=1
          └ The city of Fị̀lhụ̌ arose.
   15500  war.began              from=29 to=1 name=Pomponsomsyus
          └ Marched to war against Ňěňní.
   15500  war.began              from=2 to=54 name=Fùlpū
          └ Marched to war against Fị̀lpìlěā.
   15525  settlement.founded     s=64 sName=Kǐlī kind=crystallized
          └ Kǐlī was founded.
   15525  settlement.founded     s=64 sName=Kǐlī city=1
          └ The city of Kǐlī arose.
   15525  settlement.founded     s=65 sName=Xóulpù city=1
          └ The city of Xóulpù arose.
   15550  settlement.founded     s=66 sName=Lǎlpì kind=crystallized
          └ Lǎlpì was founded.
   15550  settlement.founded     s=66 sName=Lǎlpì city=1
          └ The city of Lǎlpì arose.
   15550  settlement.founded     s=67 sName=Tǎltù city=1
          └ The city of Tǎltù arose.
   15550  war.began              from=1 to=50 name=Ňěňní
          └ Marched to war against Fọ̄ịkfélěā.
   15550  war.began              from=54 to=50 name=Fị̀lpìlěā
          └ Marched to war against Fọ̄ịkfélěā.
   15553  settlement.tier        s=54 sName=Fị̀lpì
          └ Fị̀lpì grew into a metropolis (946,000 souls).
   15571  market.dearth          s=50 sName=Fọ̄ịkfé
          └ Dearth in Fọ̄ịkfé — bread at famine prices in the market.
   15575  settlement.founded     s=68 sName=Hǔxkòu kind=crystallized
          └ Hǔxkòu was founded.
   15575  settlement.founded     s=68 sName=Hǔxkòu city=1
          └ The city of Hǔxkòu arose.
   15575  settlement.founded     s=69 sName=Súkú city=1
          └ The city of Súkú arose.
   15578  settlement.dissolved   s=22 why=core sName=Lụ́ňpì
          └ Lụ́ňpì faded back into the countryside.
   15579  settlement.dissolved   s=21 why=core sName=Lá
          └ Lá faded back into the countryside.
   15580  settlement.dissolved   s=20 why=core sName=Xóuňpì
          └ Xóuňpì faded back into the countryside.
   15581  settlement.dissolved   s=19 why=core sName=Hǐlhụ̌
          └ Hǐlhụ̌ faded back into the countryside.
   15582  settlement.dissolved   s=18 why=core sName=Fōnfǐu
          └ Fōnfǐu faded back into the countryside.
   15583  settlement.dissolved   s=17 why=core sName=Lẹ́fị̌kú
          └ Lẹ́fị̌kú faded back into the countryside.
   15584  settlement.dissolved   s=16 why=core sName=Nīpsē
          └ Nīpsē faded back into the countryside.
   15585  settlement.dissolved   s=15 why=core sName=Ňěxkòu
          └ Ňěxkòu faded back into the countryside.
   15600  settlement.founded     s=70 sName=Sǐufpù kind=crystallized
          └ Sǐufpù was founded.
   15600  settlement.founded     s=70 sName=Sǐufpù city=1
          └ The city of Sǐufpù arose.
   15600  settlement.founded     s=71 sName=Tǎxkòu city=1
          └ The city of Tǎxkòu arose.
   15600  war.began              from=1 to=60 name=Ňěňní
          └ Marched to war against Fōntàlě.
   15600  war.began              from=2 to=60 name=Fùlpū
          └ Marched to war against Fōntàlě.
   15625  settlement.founded     s=72 sName=Ommosommosoe kind=crystallized
          └ Ommosommosoe was founded.
   15625  settlement.founded     s=72 sName=Ommosommosoe city=1
          └ The city of Ommosommosoe arose.
   15625  settlement.founded     s=73 sName=Pọ̀lňà kind=crystallized
          └ Pọ̀lňà was founded.
   15625  settlement.founded     s=73 sName=Pọ̀lňà city=1
          └ The city of Pọ̀lňà arose.
   15625  settlement.founded     s=74 sName=Lǎrọ̀ city=1
          └ The city of Lǎrọ̀ arose.
   15637  polity.submitted       how=submission to=54 toName=Fị̀lpìlěā name=Tǎ
          └ Facing hopeless odds, the court of Tǎ bowed to Fị̀lpìlěā — keeping its throne at the price of tribute.
   15637  polity.submitted       how=submission to=54 toName=Fị̀lpìlěā name=Nǐnfǐulěā
          └ Facing hopeless odds, the court of Nǐnfǐulěā bowed to Fị̀lpìlěā — keeping its throne at the price of tribute.
   15650  settlement.founded     s=75 sName=Lǐfpúkú kind=crystallized
          └ Lǐfpúkú was founded.
   15650  settlement.founded     s=75 sName=Lǐfpúkú city=1
          └ The city of Lǐfpúkú arose.
   15650  settlement.founded     s=76 sName=Hātò city=1
          └ The city of Hātò arose.
   15650  war.began              from=1 to=30 name=Ňěňní
          └ Marched to war against Sogyoepasyus.
   15675  settlement.founded     s=77 sName=Èthị̌ kind=crystallized
          └ Èthị̌ was founded.
   15675  settlement.founded     s=77 sName=Èthị̌ city=1
          └ The city of Èthị̌ arose.
   15675  settlement.founded     s=78 sName=Nǔfīurọ̀ city=1
          └ The city of Nǔfīurọ̀ arose.
   15697  settlement.tier        s=60 sName=Fōntà
          └ Fōntà grew into a metropolis (967,000 souls).
   15699  market.dearth          s=30 sName=Sogyoepa
          └ Dearth in Sogyoepa — bread at famine prices in the market.
   15700  settlement.founded     s=79 sName=Kèhtà kind=crystallized
          └ Kèhtà was founded.
   15700  settlement.founded     s=79 sName=Kèhtà city=1
          └ The city of Kèhtà arose.
   15700  settlement.founded     s=80 sName=Pēüffì city=1
          └ The city of Pēüffì arose.
   15700  war.began              from=1 to=72 name=Ňěňní
          └ Marched to war against Ommosommosoesyusa.
   15715  market.dearth          s=59 sName=Xóutrọ̌ị
          └ Dearth in Xóutrọ̌ị — bread at famine prices in the market.
   15725  settlement.founded     s=82 sName=Nǔfīukò kind=crystallized
          └ Nǔfīukò was founded.
   15725  settlement.founded     s=82 sName=Nǔfīukò city=1
          └ The city of Nǔfīukò arose.
   15725  settlement.founded     s=83 sName=Nāptàị city=1
          └ The city of Nāptàị arose.
   15750  settlement.founded     s=84 sName=Lōròrọ̀ kind=crystallized
          └ Lōròrọ̀ was founded.
   15750  settlement.founded     s=84 sName=Lōròrọ̀ city=1
          └ The city of Lōròrọ̀ arose.
   15750  settlement.founded     s=85 sName=Fị̌stù city=1
          └ The city of Fị̌stù arose.
   15774  settlement.dissolved   s=26 why=core sName=Xòutà
          └ Xòutà faded back into the countryside.
   15775  settlement.dissolved   s=25 why=core sName=Lǎtlà
          └ Lǎtlà faded back into the countryside.
   15775  settlement.founded     s=86 sName=Ǎịmràkò kind=crystallized
          └ Ǎịmràkò was founded.
   15775  settlement.founded     s=86 sName=Ǎịmràkò city=1
          └ The city of Ǎịmràkò arose.
   15775  settlement.founded     s=87 sName=Tēü city=1
          └ The city of Tēü arose.
   15776  settlement.dissolved   s=24 why=core sName=Ňúpī
          └ Ňúpī faded back into the countryside.
   15777  settlement.dissolved   s=23 why=core sName=Mīnglì
          └ Mīnglì faded back into the countryside.
   15787  war.ended              how=submission to=54 toName=Fị̀lpìlěā name=Fùlpū
          └ The war with Fùlpū ended; some 1 soldiers never came home.
   15787  polity.submitted       how=submission to=54 toName=Fị̀lpìlěā name=Fùlpū
          └ Facing hopeless odds, the court of Fùlpū bowed to Fị̀lpìlěā — keeping its throne at the price of tribute.
   15787  polity.seceded         from=2 fromName=Fùlpū
          └ Broke away from Fùlpū in a war of secession.
   15795  settlement.tier        s=59 sName=Xóutrọ̌ị
          └ Xóutrọ̌ị grew into a metropolis (778,000 souls).
   15800  settlement.founded     s=88 sName=Lụ́ppè kind=crystallized
          └ Lụ́ppè was founded.
   15800  settlement.founded     s=88 sName=Lụ́ppè city=1
          └ The city of Lụ́ppè arose.
   15800  settlement.founded     s=89 sName=Sīuxkòu city=1
          └ The city of Sīuxkòu arose.
   15800  polity.shattered       s=72 sName=Ommosommosoe to=1 toName=Ňěňní
          └ Its capital Ommosommosoe fell to Ňěňní — the realm collapsed.
   15800  polity.ended           how=conquest byName=Ňěňní name=Ommosommosoesyusa
          └ Fell to Ňěňní and was erased from the map.
   15825  settlement.founded     s=90 sName=Kúrọ̀ kind=crystallized
          └ Kúrọ̀ was founded.
   15825  settlement.founded     s=90 sName=Kúrọ̀ city=1
          └ The city of Kúrọ̀ arose.
   15825  settlement.founded     s=91 sName=Pọ̄ịtrọ́ị city=1
          └ The city of Pọ̄ịtrọ́ị arose.
   15841  settlement.tier        s=50 sName=Fọ̄ịkfé
          └ Fọ̄ịkfé grew into a metropolis (677,000 souls).
   15850  settlement.founded     s=92 sName=Yútlà kind=crystallized
          └ Yútlà was founded.
   15850  settlement.founded     s=92 sName=Yútlà city=1
          └ The city of Yútlà arose.
   15850  war.began              from=29 to=30 name=Pomponsomsyus
          └ Marched to war against Sogyoepasyus.
   15850  war.began              from=30 to=1 name=Sogyoepasyus
          └ Marched to war against Ňěňní.
   15875  settlement.founded     s=94 sName=Ụ́ kind=crystallized
          └ Ụ́ was founded.
   15875  settlement.founded     s=94 sName=Ụ́ city=1
          └ The city of Ụ́ arose.
   15900  settlement.founded     s=96 sName=Lǎptàị kind=crystallized
          └ Lǎptàị was founded.
   15900  settlement.founded     s=96 sName=Lǎptàị city=1
          └ The city of Lǎptàị arose.
   15900  settlement.founded     s=97 sName=Kètrọ̌ị city=1
          └ The city of Kètrọ̌ị arose.
   15925  settlement.founded     s=99 sName=Fòkfé kind=crystallized
          └ Fòkfé was founded.
   15925  settlement.founded     s=99 sName=Fòkfé city=1
          └ The city of Fòkfé arose.
   15925  settlement.founded     s=100 sName=Lụ̄nlākò city=1
          └ The city of Lụ̄nlākò arose.
   15937  polity.seceded         from=60 fromName=Fōntàlě
          └ Broke away from Fōntàlě in a war of secession.
   15950  settlement.founded     s=101 sName=Hǐlňà kind=crystallized
          └ Hǐlňà was founded.
   15950  settlement.founded     s=101 sName=Hǐlňà city=1
          └ The city of Hǐlňà arose.
   15950  settlement.founded     s=102 sName=Hóuttīu city=1
          └ The city of Hóuttīu arose.
   15950  war.ended              how=siegeLifted to=30 toName=Sogyoepasyus name=Ňěňní
          └ The war with Ňěňní ended.
   15973  settlement.dissolved   s=27 why=core sName=Fòutrọ̌ị
          └ Fòutrọ̌ị faded back into the countryside.
   15975  settlement.founded     s=103 sName=Xóutárọ̀ kind=crystallized
          └ Xóutárọ̀ was founded.
   15975  settlement.founded     s=103 sName=Xóutárọ̀ city=1
          └ The city of Xóutárọ̀ arose.
   15975  settlement.founded     s=104 sName=Pụ̄lhụ̀kò city=1
          └ The city of Pụ̄lhụ̀kò arose.
   16000  settlement.founded     s=105 sName=Fìụkú kind=crystallized
          └ Fìụkú was founded.
   16000  settlement.founded     s=105 sName=Fìụkú city=1
          └ The city of Fìụkú arose.
   16000  war.began              from=1 to=99 name=Ňěňní
          └ Marched to war against Fòkfélě.
   16000  war.began              from=60 to=99 name=Fōntàlě
          └ Marched to war against Fòkfélě.
   16025  settlement.founded     s=106 sName=Lāffí kind=crystallized
          └ Lāffí was founded.
   16025  settlement.founded     s=106 sName=Lāffí city=1
          └ The city of Lāffí arose.
   16050  war.began              from=60 to=2 name=Fōntàlě
          └ Marched to war against Fùlpū.
   16075  market.dearth          s=2 sName=Fùlpū
          └ Dearth in Fùlpū — bread at famine prices in the market.
   16094  market.dearth          s=1 sName=Ňěňní
          └ Dearth in Ňěňní — bread at famine prices in the market.
   16100  war.began              from=89 to=99 name=Sīuxkòu
          └ Marched to war against Fòkfélě.
   16100  polity.shattered       s=99 sName=Fòkfé to=1 toName=Ňěňní
          └ Its capital Fòkfé fell to Ňěňní — the realm collapsed.
   16100  polity.ended           how=conquest byName=Ňěňní name=Fòkfélě
          └ Fell to Ňěňní and was erased from the map.
   16100  war.ended              how=sackedIntoTribute to=99 toName=Fòkfélě name=Fōntàlě
          └ The war with Fōntàlě ended.
   16100  polity.submitted       how=sackedIntoTribute to=60 toName=Fōntàlě name=Fòkfélě
          └ Facing hopeless odds, the court of Fòkfélě bowed to Fōntàlě — keeping its throne at the price of tribute.
   16129  settlement.tier        s=89 sName=Sīuxkòu
          └ Sīuxkòu grew into a metropolis (867,000 souls).
   16150  war.began              from=30 to=29 name=Sogyoepasyus
          └ Marched to war against Pomponsomsyus.
   16150  war.began              from=1 to=106 name=Ňěňní
          └ Marched to war against Lāffílěā.
   16150  war.began              from=2 to=106 name=Fùlpū
          └ Marched to war against Lāffílěā.
   16150  war.began              from=60 to=106 name=Fōntàlě
          └ Marched to war against Lāffílěā.
   16169  settlement.dissolved   s=31 why=core sName=Omomessi
          └ Omomessi faded back into the countryside.
   16172  settlement.dissolved   s=28 why=core sName=Pọ̄ịtrọ́ịkò
          └ Pọ̄ịtrọ́ịkò faded back into the countryside.
   16200  plague.outbreak        s=1 sName=Ňěňní
          └ Plague broke out in Ňěňní and swept through the realm.
   16200  settlement.founded     s=108 sName=Gyamomumom kind=crystallized
          └ Gyamomumom was founded.
   16200  settlement.founded     s=108 sName=Gyamomumom city=1
          └ The city of Gyamomumom arose.
   16200  settlement.founded     s=109 sName=Ňúpīrọ̀ kind=crystallized
          └ Ňúpīrọ̀ was founded.
   16200  settlement.founded     s=109 sName=Ňúpīrọ̀ city=1
          └ The city of Ňúpīrọ̀ arose.
   16200  war.began              from=100 to=106 name=Lụ̄nlākòlěā
          └ Marched to war against Lāffílěā.
   16225  settlement.founded     s=110 sName=Puikypa kind=crystallized
          └ Puikypa was founded.
   16225  settlement.founded     s=110 sName=Puikypa city=1
          └ The city of Puikypa arose.
   16225  settlement.founded     s=111 sName=Lǎňní kind=crystallized
          └ Lǎňní was founded.
   16225  settlement.founded     s=111 sName=Lǎňní city=1
          └ The city of Lǎňní arose.
   16225  settlement.founded     s=112 sName=Xụ̀nlà city=1
          └ The city of Xụ̀nlà arose.
   16237  war.ended              how=submission to=30 toName=Sogyoepasyus name=Pomponsomsyus
          └ The war with Pomponsomsyus ended; some 2 soldiers never came home.
   16237  polity.submitted       how=submission to=30 toName=Sogyoepasyus name=Pomponsomsyus
          └ Facing hopeless odds, the court of Pomponsomsyus bowed to Sogyoepasyus — keeping its throne at the price of tribute.
   16237  war.ended              how=submission to=106 toName=Lāffílěā name=Fùlpū
          └ The war with Fùlpū ended.
   16237  polity.submitted       how=submission to=106 toName=Lāffílěā name=Fùlpū
          └ Facing hopeless odds, the court of Fùlpū bowed to Lāffílěā — keeping its throne at the price of tribute.
   16237  polity.submitted       how=submission to=1 toName=Ňěňní name=Lụ̄nlākòlěā
          └ Facing hopeless odds, the court of Lụ̄nlākòlěā bowed to Ňěňní — keeping its throne at the price of tribute.
   16237  polity.submitted       how=submission to=1 toName=Ňěňní name=Fìụkúlěā
          └ Facing hopeless odds, the court of Fìụkúlěā bowed to Ňěňní — keeping its throne at the price of tribute.
   16237  polity.submitted       how=union to=50 toName=Fọ̄ịkfélěā name=Lǎptàị
          └ In the troubles of the succession, the court of Lǎptàị joined its crown to Fọ̄ịkfélěā — one senior throne, two realms.
   16273  settlement.tier        s=106 sName=Lāffí
          └ Lāffí grew into a metropolis (719,000 souls).
   16292  market.dearth          s=106 sName=Lāffí
          └ Dearth in Lāffí — bread at famine prices in the market.
   16300  war.began              from=106 to=1 name=Lāffílěā
          └ Marched to war against Ňěňní as the succession failed.
   16309  succession.crisis      name=Sīuxkòu
          └ The royal line failed — an interregnum of rival claimants.
   16334  succession.crisis      name=Ňěňní
          └ The royal line failed — an interregnum of rival claimants.
   16350  war.ended              how=siegeLifted to=106 toName=Lāffílěā name=Ňěňní
          └ The war with Ňěňní ended.
   16360  settlement.dissolved   s=40 why=core sName=Pomponsomdu
          └ Pomponsomdu faded back into the countryside.
   16361  settlement.dissolved   s=39 why=core sName=Bommodu
          └ Bommodu faded back into the countryside.
   16362  settlement.dissolved   s=38 why=core sName=Nokyopa
          └ Nokyopa faded back into the countryside.
   16363  settlement.dissolved   s=37 why=core sName=Mumommoe
          └ Mumommoe faded back into the countryside.
   16364  settlement.dissolved   s=36 why=core sName=Rimmopuiky
          └ Rimmopuiky faded back into the countryside.
   16365  settlement.dissolved   s=35 why=core sName=Sùlhụ̌
          └ Sùlhụ̌ faded back into the countryside.
   16366  settlement.dissolved   s=34 why=core sName=Umkyoi
          └ Umkyoi faded back into the countryside.
   16367  settlement.dissolved   s=33 why=core sName=Dosudu
          └ Dosudu faded back into the countryside.
   16368  settlement.dissolved   s=32 why=core sName=Dumomoi
          └ Dumomoi faded back into the countryside.
   16375  settlement.founded     s=113 sName=Sismopa kind=crystallized
          └ Sismopa was founded.
   16375  settlement.founded     s=113 sName=Sismopa city=1
          └ The city of Sismopa arose.
   16375  settlement.founded     s=114 sName=Hímpíü kind=crystallized
          └ Hímpíü was founded.
   16375  settlement.founded     s=114 sName=Hímpíü city=1
          └ The city of Hímpíü arose.
   16387  settlement.annexed     s=29 sName=Pomponsom from=29 fromName=Pomponsomsyus to=30 toName=Sogyoepasyus
          └ Peacefully absorbed Pomponsom from Pomponsomsyus.
   16387  settlement.annexed     s=41 sName=Togyomuky from=29 fromName=Pomponsomsyus to=30 toName=Sogyoepasyus
          └ Peacefully absorbed Togyomuky from Pomponsomsyus.
   16387  polity.ended           how=integrated byName=Sogyoepasyus name=Pomponsomsyus
          └ Dissolved — its last cities scattered or fell silent.
   16387  settlement.annexed     s=96 sName=Lǎptàị from=96 fromName=Lǎptàị to=50 toName=Fọ̄ịkfélěā
          └ Peacefully absorbed Lǎptàị from Lǎptàị.
   16387  polity.ended           how=integrated byName=Fọ̄ịkfélěā name=Lǎptàị
          └ Dissolved — its last cities scattered or fell silent.
   16387  settlement.annexed     s=105 sName=Fìụkú from=105 fromName=Fìụkúlěā to=1 toName=Ňěňní
          └ Peacefully absorbed Fìụkú from Fìụkúlěā.
   16387  polity.ended           how=integrated byName=Ňěňní name=Fìụkúlěā
          └ Dissolved — its last cities scattered or fell silent.
   16387  polity.seceded         from=30 fromName=Sogyoepasyus
          └ Broke away from Sogyoepasyus in a war of secession.
   16400  settlement.founded     s=116 sName=Gyamosiim kind=crystallized
          └ Gyamosiim was founded.
   16400  settlement.founded     s=116 sName=Gyamosiim city=1
          └ The city of Gyamosiim arose.
   16400  settlement.founded     s=117 sName=Hìutlà city=1
          └ The city of Hìutlà arose.
   16400  war.began              from=106 to=100 name=Lāffílěā
          └ Marched to war against Lụ̄nlākòlěā.
   16425  settlement.founded     s=119 sName=Ommobuimmoe kind=crystallized
          └ Ommobuimmoe was founded.
   16425  settlement.founded     s=119 sName=Ommobuimmoe city=1
          └ The city of Ommobuimmoe arose.
   16434  succession.crisis      name=Ňěňní
          └ The royal line failed — an interregnum of rival claimants.
   16450  settlement.founded     s=121 sName=Omomabem kind=crystallized
          └ Omomabem was founded.
   16450  settlement.founded     s=121 sName=Omomabem city=1
          └ The city of Omomabem arose.
   16475  settlement.founded     s=123 sName=Gyomamoe kind=crystallized
          └ Gyomamoe was founded.
   16475  settlement.founded     s=123 sName=Gyomamoe city=1
          └ The city of Gyomamoe arose.
   16500  settlement.founded     s=126 sName=Sem kind=crystallized
          └ Sem was founded.
   16500  settlement.founded     s=126 sName=Sem city=1
          └ The city of Sem arose.
   16525  settlement.founded     s=129 sName=Pigyimmoe kind=crystallized
          └ Pigyimmoe was founded.
   16525  settlement.founded     s=129 sName=Pigyimmoe city=1
          └ The city of Pigyimmoe arose.
   16525  settlement.founded     s=130 sName=Ìtlà kind=crystallized
          └ Ìtlà was founded.
   16525  settlement.founded     s=130 sName=Ìtlà city=1
          └ The city of Ìtlà arose.
   16533  market.dearth          s=30 sName=Sogyoepa
          └ Dearth in Sogyoepa — bread at famine prices in the market.
   16537  war.ended              how=union to=106 toName=Lāffílěā name=Fōntàlě
          └ The war with Fōntàlě ended.
   16537  polity.submitted       how=union to=106 toName=Lāffílěā name=Fōntàlě
          └ In the troubles of the succession, the court of Fōntàlě joined its crown to Lāffílěā — one senior throne, two realms.
   16537  polity.seceded         from=106 fromName=Lāffílěā
          └ Broke away from Lāffílěā in a war of secession.
   16549  market.dearth          s=59 sName=Xóutrọ̌ị
          └ Dearth in Xóutrọ̌ị — bread at famine prices in the market.
   16550  settlement.founded     s=133 sName=Papa kind=crystallized
          └ Papa was founded.
   16550  settlement.founded     s=133 sName=Papa city=1
          └ The city of Papa arose.
   16550  war.began              from=30 to=108 name=Sogyoepasyus
          └ Marched to war against Gyamomumomsyusa.
   16550  war.began              from=1 to=108 name=Ňěňní
          └ Marched to war against Gyamomumomsyusa.
   16557  settlement.dissolved   s=43 why=core sName=Hóuptàị
          └ Hóuptàị faded back into the countryside.
   16558  settlement.dissolved   s=42 why=core sName=Tàịňnī
          └ Tàịňnī faded back into the countryside.
   16559  settlement.dissolved   s=41 why=core sName=Togyomuky
          └ Togyomuky faded back into the countryside.
   16563  market.dearth          s=108 sName=Gyamomumom
          └ Dearth in Gyamomumom — bread at famine prices in the market.
   16575  settlement.founded     s=136 sName=Ososmoe kind=crystallized
          └ Ososmoe was founded.
   16575  settlement.founded     s=136 sName=Ososmoe city=1
          └ The city of Ososmoe arose.
   16575  settlement.founded     s=137 sName=Pīüffì city=1
          └ The city of Pīüffì arose.
   16600  settlement.founded     s=140 sName=Pīurụ́ kind=crystallized
          └ Pīurụ́ was founded.
   16600  settlement.founded     s=140 sName=Pīurụ́ city=1
          └ The city of Pīurụ́ arose.
   16600  war.began              from=30 to=129 name=Sogyoepasyus
          └ Marched to war against Pigyimmoesyus.
   16600  war.began              from=1 to=129 name=Ňěňní
          └ Marched to war against Pigyimmoesyus.
   16600  war.ended              how=siegeLifted to=106 toName=Lāffílěā name=Lụ̄nlākòlěā
          └ The war with Lụ̄nlākòlěā ended; some 4 soldiers never came home.
   16625  settlement.founded     s=143 sName=Kǎňtụ̀ịrụ́ kind=crystallized
          └ Kǎňtụ̀ịrụ́ was founded.
   16625  settlement.founded     s=143 sName=Kǎňtụ̀ịrụ́ city=1
          └ The city of Kǎňtụ̀ịrụ́ arose.
   16700  war.began              from=106 to=112 name=Lāffílěā
          └ Marched to war against Xụ̀nlàlǐ.
   16700  war.began              from=2 to=112 name=Fùlpū
          └ Marched to war against Xụ̀nlàlǐ.
   16700  war.ended              how=sackedIntoTribute to=129 toName=Pigyimmoesyus name=Sogyoepasyus
          └ The war with Sogyoepasyus ended.
   16700  polity.submitted       how=sackedIntoTribute to=30 toName=Sogyoepasyus name=Pigyimmoesyus
          └ Facing hopeless odds, the court of Pigyimmoesyus bowed to Sogyoepasyus — keeping its throne at the price of tribute.
   16700  polity.shattered       s=136 sName=Ososmoe to=1 toName=Ňěňní
          └ Its capital Ososmoe fell to Ňěňní — the realm collapsed.
   16700  polity.ended           how=conquest byName=Ňěňní name=Pigyimmoesyus
          └ Fell to Ňěňní and was erased from the map.
   16705  settlement.abandoned   s=30 sName=Sogyoepa
          └ Sogyoepa was abandoned.
   16705  settlement.tier        s=112 sName=Xụ̀nlà
          └ Xụ̀nlà grew into a metropolis (1,124,000 souls).
   16725  settlement.founded     s=156 sName=Mom kind=crystallized
          └ Mom was founded.
   16725  settlement.founded     s=156 sName=Mom city=1
          └ The city of Mom arose.
   16750  war.began              from=30 to=126 name=Sogyoepasyus
          └ Marched to war against Semsyus.
   16750  war.began              from=1 to=126 name=Ňěňní
          └ Marched to war against Semsyus.
   16750  war.began              from=106 to=137 name=Lāffílěā
          └ Marched to war against Pīüffì.
   16750  war.began              from=100 to=137 name=Lụ̄nlākòlěā
          └ Marched to war against Pīüffì.
   16750  war.began              from=2 to=137 name=Fùlpū
          └ Marched to war against Pīüffì.
   16750  war.ended              how=faded to=50 toName=Fọ̄ịkfélěā name=Ňěňní
          └ The war with Ňěňní ended.
   16755  settlement.dissolved   s=45 why=core sName=Sùňní
          └ Sùňní faded back into the countryside.
   16756  settlement.dissolved   s=44 why=core sName=Pismoe
          └ Pismoe faded back into the countryside.
   16800  famine.struck          
          └ A famine gripped the land.
   16800  famine.struck          
          └ A famine gripped the land.
   16800  famine.struck          
          └ A famine gripped the land.
   16800  famine.struck          
          └ A famine gripped the land.
   16800  famine.struck          
          └ A famine gripped the land.
   16800  famine.struck          
          └ A famine gripped the land.
   16800  famine.struck          
          └ A famine gripped the land.
   16800  famine.struck          
          └ A famine gripped the land.
   16800  famine.struck          
          └ A famine gripped the land.
   16800  famine.struck          
          └ A famine gripped the land.
   16800  famine.struck          
          └ A famine gripped the land.
   16800  famine.struck          
          └ A famine gripped the land.
   16800  famine.struck          
          └ A famine gripped the land.
   16800  famine.struck          
          └ A famine gripped the land.
   16800  famine.struck          
          └ A famine gripped the land.
   16800  famine.struck          
          └ A famine gripped the land.
   16800  settlement.founded     s=162 sName=Ommoe kind=crystallized
          └ Ommoe was founded.
   16800  settlement.founded     s=162 sName=Ommoe city=1
          └ The city of Ommoe arose.
   16800  settlement.founded     s=163 sName=Fòulpì kind=crystallized
          └ Fòulpì was founded.
   16800  settlement.founded     s=163 sName=Fòulpì city=1
          └ The city of Fòulpì arose.
   16825  settlement.founded     s=164 sName=Amosiim kind=crystallized
          └ Amosiim was founded.
   16825  settlement.founded     s=164 sName=Amosiim city=1
          └ The city of Amosiim arose.
   16825  settlement.founded     s=165 sName=Nǔfīurụ́ kind=crystallized
          └ Nǔfīurụ́ was founded.
   16825  settlement.founded     s=165 sName=Nǔfīurụ́ city=1
          └ The city of Nǔfīurụ́ arose.
   16837  polity.submitted       how=submission to=112 toName=Xụ̀nlàlǐ name=Fọ̄ịkfélěā
          └ Facing hopeless odds, the court of Fọ̄ịkfélěā bowed to Xụ̀nlàlǐ — keeping its throne at the price of tribute.
   16837  polity.seceded         from=106 fromName=Lāffílěā
          └ Broke away from Lāffílěā in a war of secession.
   16849  settlement.tier        s=137 sName=Pīüffì
          └ Pīüffì grew into a metropolis (1,039,000 souls).
   16859  succession.crisis      name=Pīüffì
          └ The royal line failed — an interregnum of rival claimants.
   16869  market.dearth          s=126 sName=Sem
          └ Dearth in Sem — bread at famine prices in the market.
   16875  settlement.founded     s=166 sName=Xǐrụ́ kind=crystallized
          └ Xǐrụ́ was founded.
   16875  settlement.founded     s=166 sName=Xǐrụ́ city=1
          └ The city of Xǐrụ́ arose.
   16928  market.dearth          s=1 sName=Ňěňní
          └ Dearth in Ňěňní — bread at famine prices in the market.
   16950  war.began              from=126 to=30 name=Semsyus
          └ Marched to war against Sogyoepasyus as the succession failed.
   16950  war.began              from=137 to=100 name=Pīüffì
          └ Marched to war against Lụ̄nlākòlěā.
   16950  war.ended              how=faded to=60 toName=Fōntàlě name=Ňěňní
          └ The war with Ňěňní ended.
   16950  war.ended              how=siegeLifted to=126 toName=Semsyus name=Ňěňní
          └ The war with Ňěňní ended.
   16951  settlement.dissolved   s=49 why=core sName=Nātlà
          └ Nātlà faded back into the countryside.
   16952  settlement.dissolved   s=48 why=core sName=Fòuňpì
          └ Fòuňpì faded back into the countryside.
   16953  settlement.dissolved   s=47 why=core sName=Sǐlāị
          └ Sǐlāị faded back into the countryside.
   16975  settlement.founded     s=168 sName=Pārụ́ kind=crystallized
          └ Pārụ́ was founded.
   16975  settlement.founded     s=168 sName=Pārụ́ city=1
          └ The city of Pārụ́ arose.
   16987  settlement.annexed     s=100 sName=Lụ̄nlākò from=100 fromName=Lụ̄nlākòlěā to=1 toName=Ňěňní
          └ Peacefully absorbed Lụ̄nlākò from Lụ̄nlākòlěā.
   16987  polity.ended           how=integrated byName=Ňěňní name=Lụ̄nlākòlěā
          └ Dissolved — its last cities scattered or fell silent.
   16993  market.dearth          s=2 sName=Fùlpū
          └ Dearth in Fùlpū — bread at famine prices in the market.
   17000  settlement.founded     s=170 sName=Xóuttīu kind=crystallized
          └ Xóuttīu was founded.
   17000  settlement.founded     s=170 sName=Xóuttīu city=1
          └ The city of Xóuttīu arose.
   17000  war.began              from=1 to=168 name=Ňěňní
          └ Marched to war against Pārụ́lǐā.
   17000  war.began              from=137 to=168 name=Pīüffì
          └ Marched to war against Pārụ́lǐā.
   17000  war.began              from=97 to=168 name=Kètrọ̌ịlěā
          └ Marched to war against Pārụ́lǐā.
   17000  war.ended              how=faded to=72 toName=Ommosommosoesyusa name=Ňěňní
          └ The war with Ňěňní ended; some 53 soldiers never came home.
   17009  market.dearth          s=109 sName=Ňúpīrọ̀
          └ Dearth in Ňúpīrọ̀ — bread at famine prices in the market.
   17016  market.dearth          s=99 sName=Fòkfé
          └ Dearth in Fòkfé — bread at famine prices in the market.
   17025  settlement.founded     s=171 sName=Fụ̀ịlňà kind=crystallized
          └ Fụ̀ịlňà was founded.
   17025  settlement.founded     s=171 sName=Fụ̀ịlňà city=1
          └ The city of Fụ̀ịlňà arose.
   17050  war.began              from=137 to=97 name=Pīüffì
          └ Marched to war against Kètrọ̌ịlěā.
   17100  war.began              from=137 to=2 name=Pīüffì
          └ Marched to war against Fùlpū.
   17100  polity.shattered       s=168 sName=Pārụ́ to=1 toName=Ňěňní
          └ Its capital Pārụ́ fell to Ňěňní — the realm collapsed.
   17100  polity.ended           how=conquest byName=Ňěňní name=Pārụ́lǐā
          └ Fell to Ňěňní and was erased from the map.
   17100  polity.shattered       s=168 sName=Pārụ́ to=137 toName=Pīüffì
          └ Its capital Pārụ́ fell to Pīüffì — the realm collapsed.
   17125  settlement.founded     s=173 sName=Sǔtūrụ́ city=1
          └ The city of Sǔtūrụ́ arose.
   17126  market.dearth          s=106 sName=Lāffí
          └ Dearth in Lāffí — bread at famine prices in the market.
   17135  settlement.dissolved   s=65 why=core sName=Xóulpù
          └ Xóulpù faded back into the countryside.
   17136  settlement.dissolved   s=64 why=core sName=Kǐlī
          └ Kǐlī faded back into the countryside.
   17138  settlement.dissolved   s=62 why=core sName=Fị̀lhụ̌
          └ Fị̀lhụ̌ faded back into the countryside.
   17139  settlement.dissolved   s=61 why=core sName=Nāppè
          └ Nāppè faded back into the countryside.
   17143  settlement.dissolved   s=57 why=core sName=Tǎ
          └ Tǎ faded back into the countryside.
   17145  settlement.dissolved   s=55 why=core sName=Pọ̄ịtrọ́ịkò
          └ Pọ̄ịtrọ́ịkò faded back into the countryside.
   17150  settlement.founded     s=174 sName=Kóltù city=1
          └ The city of Kóltù arose.
   17150  war.began              from=1 to=166 name=Ňěňní
          └ Marched to war against Xǐrụ́lǐā.
   17150  war.began              from=137 to=166 name=Pīüffì
          └ Marched to war against Xǐrụ́lǐā.
   17175  settlement.founded     s=175 sName=Tǎlňà kind=crystallized
          └ Tǎlňà was founded.
   17175  settlement.founded     s=175 sName=Tǎlňà city=1
          └ The city of Tǎlňà arose.
   17175  settlement.founded     s=176 sName=Tāptáịrụ́ city=1
          └ The city of Tāptáịrụ́ arose.
   17200  settlement.founded     s=177 sName=Fụ̀ịtlà kind=crystallized
          └ Fụ̀ịtlà was founded.
   17200  settlement.founded     s=177 sName=Fụ̀ịtlà city=1
          └ The city of Fụ̀ịtlà arose.
   17200  settlement.founded     s=178 sName=Hìuhtà city=1
          └ The city of Hìuhtà arose.
   17200  war.began              from=97 to=166 name=Kètrọ̌ịlěā
          └ Marched to war against Xǐrụ́lǐā.
   17209  succession.crisis      name=Xǐrụ́lǐā
          └ The royal line failed — an interregnum of rival claimants.
   17225  settlement.founded     s=179 sName=Xụ́lňà kind=crystallized
          └ Xụ́lňà was founded.
   17225  settlement.founded     s=179 sName=Xụ́lňà city=1
          └ The city of Xụ́lňà arose.
   17250  settlement.founded     s=180 sName=Fị́ffí kind=crystallized
          └ Fị́ffí was founded.
   17250  settlement.founded     s=180 sName=Fị́ffí city=1
          └ The city of Fị́ffí arose.
   17250  polity.shattered       s=166 sName=Xǐrụ́ to=1 toName=Ňěňní
          └ Its capital Xǐrụ́ fell to Ňěňní — the realm collapsed.
   17250  polity.ended           how=conquest byName=Ňěňní name=Xǐrụ́lǐā
          └ Fell to Ňěňní and was erased from the map.
   17250  polity.shattered       s=166 sName=Xǐrụ́ to=137 toName=Pīüffì
          └ Its capital Xǐrụ́ fell to Pīüffì — the realm collapsed.
   17250  war.ended              how=siegeLifted to=137 toName=Pīüffì name=Kètrọ̌ịlěā
          └ The war with Kètrọ̌ịlěā ended.
   17250  war.indemnity          to=97 toName=Kètrọ̌ịlěā name=Pīüffì
          └ Pīüffì paid a heavy indemnity to Kètrọ̌ịlěā at the peace.
   17275  settlement.founded     s=181 sName=Hóuxkòu kind=crystallized
          └ Hóuxkòu was founded.
   17275  settlement.founded     s=181 sName=Hóuxkòu city=1
          └ The city of Hóuxkòu arose.
   17280  settlement.founded     s=183 sName=Suimobuimmiu kind=planted
          └ Suimobuimmiu was founded.
   17280  town.planted           s=183 sName=Suimobuimmiu
          └ The crown planted Suimobuimmiu to hold the march.
   17287  polity.restored        from=-1 name=Xǐrụ́lǐā
          └ The old nation rose again.
   17300  war.began              from=2 to=166 name=Fùlpū
          └ Marched to war against Xǐrụ́lǐā as the succession failed.
   17300  war.ended              how=faded to=99 toName=Fòkfélě name=Ňěňní
          └ The war with Ňěňní ended; some 35 soldiers never came home.
   17300  war.ended              how=faded to=99 toName=Fòkfélě name=Sīuxkòu
          └ The war with Sīuxkòu ended.
   17300  war.ended              how=faded to=99 toName=Fòkfélě name=Fōntàlě
          └ The war with Fōntàlě ended; some 3 soldiers never came home.
   17300  war.ended              how=siegeLifted to=126 toName=Semsyus name=Sogyoepasyus
          └ The war with Sogyoepasyus ended.
   17315  market.dearth          s=181 sName=Hóuxkòu
          └ Dearth in Hóuxkòu — bread at famine prices in the market.
   17320  settlement.dissolved   s=80 why=core sName=Pēüffì
          └ Pēüffì faded back into the countryside.
   17321  settlement.dissolved   s=79 why=core sName=Kèhtà
          └ Kèhtà faded back into the countryside.
   17322  settlement.dissolved   s=78 why=core sName=Nǔfīurọ̀
          └ Nǔfīurọ̀ faded back into the countryside.
   17323  settlement.dissolved   s=77 why=core sName=Èthị̌
          └ Èthị̌ faded back into the countryside.
   17324  settlement.dissolved   s=76 why=core sName=Hātò
          └ Hātò faded back into the countryside.
   17325  settlement.dissolved   s=75 why=core sName=Lǐfpúkú
          └ Lǐfpúkú faded back into the countryside.
   17326  settlement.dissolved   s=74 why=core sName=Lǎrọ̀
          └ Lǎrọ̀ faded back into the countryside.
   17327  settlement.dissolved   s=73 why=core sName=Pọ̀lňà
          └ Pọ̀lňà faded back into the countryside.
   17329  settlement.dissolved   s=71 why=core sName=Tǎxkòu
          └ Tǎxkòu faded back into the countryside.
   17330  settlement.dissolved   s=70 why=core sName=Sǐufpù
          └ Sǐufpù faded back into the countryside.
   17331  settlement.dissolved   s=69 why=core sName=Súkú
          └ Súkú faded back into the countryside.
   17332  settlement.dissolved   s=68 why=core sName=Hǔxkòu
          └ Hǔxkòu faded back into the countryside.
   17333  settlement.dissolved   s=67 why=core sName=Tǎltù
          └ Tǎltù faded back into the countryside.
   17334  settlement.dissolved   s=66 why=core sName=Lǎlpì
          └ Lǎlpì faded back into the countryside.
   17350  settlement.founded     s=187 sName=Hímpíü kind=crystallized
          └ Hímpíü was founded.
   17350  settlement.founded     s=187 sName=Hímpíü city=1
          └ The city of Hímpíü arose.
   17350  settlement.founded     s=188 sName=Fụ̀ịthị̌ city=1
          └ The city of Fụ̀ịthị̌ arose.
   17350  war.began              from=166 to=1 name=Xǐrụ́lǐā
          └ Marched to war against Ňěňní.
   17375  settlement.founded     s=190 sName=Hǔlhụ̌ kind=crystallized
          └ Hǔlhụ̌ was founded.
   17375  settlement.founded     s=190 sName=Hǔlhụ̌ city=1
          └ The city of Hǔlhụ̌ arose.
   17375  settlement.founded     s=191 sName=Pị̀kú city=1
          └ The city of Pị̀kú arose.
   17400  settlement.founded     s=193 sName=Ǎịmràkú kind=crystallized
          └ Ǎịmràkú was founded.
   17400  settlement.founded     s=193 sName=Ǎịmràkú city=1
          └ The city of Ǎịmràkú arose.
   17400  settlement.founded     s=194 sName=Fị̀xkòu city=1
          └ The city of Fị̀xkòu arose.
   17400  war.ended              how=faded to=60 toName=Fōntàlě name=Fùlpū
          └ The war with Fùlpū ended.
   17425  settlement.tier        s=183 sName=Suimobuimmiu
          └ Suimobuimmiu grew into a city (66,000 souls).
   17425  settlement.founded     s=198 sName=Fùlpūkò kind=crystallized
          └ Fùlpūkò was founded.
   17425  settlement.founded     s=198 sName=Fùlpūkò city=1
          └ The city of Fùlpūkò arose.
   17425  settlement.founded     s=199 sName=Pụ́ňtụ̌ị city=1
          └ The city of Pụ́ňtụ̌ị arose.
   17437  polity.submitted       how=submission to=166 toName=Xǐrụ́lǐā name=Kètrọ̌ịlěā
          └ Facing hopeless odds, the court of Kètrọ̌ịlěā bowed to Xǐrụ́lǐā — keeping its throne at the price of tribute.
   17437  polity.submitted       how=submission to=166 toName=Xǐrụ́lǐā name=Fọ̄ịkfélěā
          └ Facing hopeless odds, the court of Fọ̄ịkfélěā bowed to Xǐrụ́lǐā — keeping its throne at the price of tribute.
   17437  polity.seceded         from=30 fromName=Sogyoepasyus
          └ Broke away from Sogyoepasyus in a war of secession.
   17450  settlement.founded     s=201 sName=Píkfìrụ́ kind=crystallized
          └ Píkfìrụ́ was founded.
   17450  settlement.founded     s=201 sName=Píkfìrụ́ city=1
          └ The city of Píkfìrụ́ arose.
   17450  settlement.founded     s=202 sName=Kóthị̌ city=1
          └ The city of Kóthị̌ arose.
   17475  settlement.founded     s=203 sName=Pụ̀nlà kind=crystallized
          └ Pụ̀nlà was founded.
   17475  settlement.founded     s=203 sName=Pụ̀nlà city=1
          └ The city of Pụ̀nlà arose.
   17475  settlement.founded     s=204 sName=Lǎlhụ̌ city=1
          └ The city of Lǎlhụ̌ arose.
   17500  settlement.founded     s=205 sName=Hǐxkòu city=1
          └ The city of Hǐxkòu arose.
   17504  settlement.dissolved   s=96 why=core sName=Lǎptàị
          └ Lǎptàị faded back into the countryside.
   17506  settlement.dissolved   s=94 why=core sName=Ụ́
          └ Ụ́ faded back into the countryside.
   17508  settlement.dissolved   s=92 why=core sName=Yútlà
          └ Yútlà faded back into the countryside.
   17509  settlement.dissolved   s=91 why=core sName=Pọ̄ịtrọ́ị
          └ Pọ̄ịtrọ́ị faded back into the countryside.
   17510  settlement.dissolved   s=90 why=core sName=Kúrọ̀
          └ Kúrọ̀ faded back into the countryside.
   17512  settlement.dissolved   s=88 why=core sName=Lụ́ppè
          └ Lụ́ppè faded back into the countryside.
   17513  settlement.dissolved   s=87 why=core sName=Tēü
          └ Tēü faded back into the countryside.
   17514  settlement.dissolved   s=86 why=core sName=Ǎịmràkò
          └ Ǎịmràkò faded back into the countryside.
   17515  settlement.dissolved   s=85 why=core sName=Fị̌stù
          └ Fị̌stù faded back into the countryside.
   17516  settlement.dissolved   s=84 why=core sName=Lōròrọ̀
          └ Lōròrọ̀ faded back into the countryside.
   17517  settlement.dissolved   s=83 why=core sName=Nāptàị
          └ Nāptàị faded back into the countryside.
   17518  settlement.dissolved   s=82 why=core sName=Nǔfīukò
          └ Nǔfīukò faded back into the countryside.
   17525  settlement.founded     s=206 sName=Ìppì kind=crystallized
          └ Ìppì was founded.
   17525  settlement.founded     s=206 sName=Ìppì city=1
          └ The city of Ìppì arose.
   17525  settlement.founded     s=207 sName=Xōusfá city=1
          └ The city of Xōusfá arose.
   17538  settlement.abandoned   s=60 sName=Fōntà
          └ Fōntà was abandoned.
   17550  settlement.founded     s=208 sName=Fùppīrụ́ kind=crystallized
          └ Fùppīrụ́ was founded.
   17550  settlement.founded     s=208 sName=Fùppīrụ́ city=1
          └ The city of Fùppīrụ́ arose.
   17550  settlement.founded     s=209 sName=Kǎňtụ̀ịkú city=1
          └ The city of Kǎňtụ̀ịkú arose.
   17575  settlement.founded     s=210 sName=Fòuttīu kind=crystallized
          └ Fòuttīu was founded.
   17575  settlement.founded     s=210 sName=Fòuttīu city=1
          └ The city of Fòuttīu arose.
   17575  settlement.founded     s=211 sName=Fị̀ppì city=1
          └ The city of Fị̀ppì arose.
   17587  polity.seceded         from=166 fromName=Xǐrụ́lǐā
          └ Broke away from Xǐrụ́lǐā in a war of secession.
   17587  polity.ended           how=dissolved name=Fōntàlě
          └ Dissolved — its last cities scattered or fell silent.
   17600  settlement.founded     s=212 sName=Pụ́xkòu kind=crystallized
          └ Pụ́xkòu was founded.
   17600  settlement.founded     s=212 sName=Pụ́xkòu city=1
          └ The city of Pụ́xkòu arose.
   17600  settlement.founded     s=213 sName=Lāffí city=1
          └ The city of Lāffí arose.
   17600  war.began              from=30 to=184 name=Sogyoepasyus
          └ Marched to war against Pimpasyusa.
   17600  war.ended              how=siegeLifted to=166 toName=Xǐrụ́lǐā name=Ňěňní
          └ The war with Ňěňní ended; some 11 soldiers never came home.
   17600  war.ended              how=siegeLifted to=166 toName=Xǐrụ́lǐā name=Fùlpū
          └ The war with Fùlpū ended.
   17600  war.indemnity          to=2 toName=Fùlpū name=Xǐrụ́lǐā
          └ Xǐrụ́lǐā paid a heavy indemnity to Fùlpū at the peace.
   17625  settlement.founded     s=215 sName=Hǐlpì kind=crystallized
          └ Hǐlpì was founded.
   17625  settlement.founded     s=215 sName=Hǐlpì city=1
          └ The city of Hǐlpì arose.
   17625  settlement.founded     s=216 sName=Fị̀tlà city=1
          └ The city of Fị̀tlà arose.
   17650  settlement.founded     s=217 sName=Sīutlà kind=crystallized
          └ Sīutlà was founded.
   17650  settlement.founded     s=217 sName=Sīutlà city=1
          └ The city of Sīutlà arose.
   17650  settlement.founded     s=218 sName=Lǎňpì city=1
          └ The city of Lǎňpì arose.
   17675  settlement.founded     s=219 sName=Hóuthị̌ kind=crystallized
          └ Hóuthị̌ was founded.
   17675  settlement.founded     s=219 sName=Hóuthị̌ city=1
          └ The city of Hóuthị̌ arose.
   17675  settlement.founded     s=220 sName=Ǔltǔkò city=1
          └ The city of Ǔltǔkò arose.
   17695  settlement.dissolved   s=105 why=core sName=Fìụkú
          └ Fìụkú faded back into the countryside.
   17696  settlement.dissolved   s=104 why=core sName=Pụ̄lhụ̀kò
          └ Pụ̄lhụ̀kò faded back into the countryside.
   17697  settlement.dissolved   s=103 why=core sName=Xóutárọ̀
          └ Xóutárọ̀ faded back into the countryside.
   17698  settlement.dissolved   s=102 why=core sName=Hóuttīu
          └ Hóuttīu faded back into the countryside.
   17699  settlement.dissolved   s=101 why=core sName=Hǐlňà
          └ Hǐlňà faded back into the countryside.
   17700  settlement.founded     s=221 sName=Ňīnlà kind=crystallized
          └ Ňīnlà was founded.
   17700  settlement.founded     s=221 sName=Ňīnlà city=1
          └ The city of Ňīnlà arose.
   17700  settlement.founded     s=222 sName=Sǎfǎrụ́ city=1
          └ The city of Sǎfǎrụ́ arose.
   17725  settlement.founded     s=223 sName=Ìňtà kind=crystallized
          └ Ìňtà was founded.
   17725  settlement.founded     s=223 sName=Ìňtà city=1
          └ The city of Ìňtà arose.
   17737  polity.seceded         from=166 fromName=Xǐrụ́lǐā
          └ Broke away from Xǐrụ́lǐā in a war of secession.
   17737  polity.seceded         from=166 fromName=Xǐrụ́lǐā
          └ Broke away from Xǐrụ́lǐā in a war of secession.
   17750  settlement.founded     s=225 sName=Hūnfǐu kind=crystallized
          └ Hūnfǐu was founded.
   17750  settlement.founded     s=225 sName=Hūnfǐu city=1
          └ The city of Hūnfǐu arose.
   17750  settlement.founded     s=226 sName=Nị̀tlà city=1
          └ The city of Nị̀tlà arose.
   17750  war.began              from=166 to=188 name=Xǐrụ́lǐā
          └ Marched to war against Fụ̀ịthị̌lǐ.
   17750  war.began              from=97 to=188 name=Kètrọ̌ịlěā
          └ Marched to war against Fụ̀ịthị̌lǐ.
   17750  war.began              from=2 to=188 name=Fùlpū
          └ Marched to war against Fụ̀ịthị̌lǐ.
   17762  market.dearth          s=1 sName=Ňěňní
          └ Dearth in Ňěňní — bread at famine prices in the market.
   17775  settlement.founded     s=227 sName=Ňīfpù kind=crystallized
          └ Ňīfpù was founded.
   17775  settlement.founded     s=227 sName=Ňīfpù city=1
          └ The city of Ňīfpù arose.
   17775  settlement.founded     s=228 sName=Lụ̄ňākò city=1
          └ The city of Lụ̄ňākò arose.
   17800  settlement.founded     s=230 sName=Tụ̀lǒu kind=crystallized
          └ Tụ̀lǒu was founded.
   17800  settlement.founded     s=230 sName=Tụ̀lǒu city=1
          └ The city of Tụ̀lǒu arose.
   17843  market.dearth          s=109 sName=Ňúpīrọ̀
          └ Dearth in Ňúpīrọ̀ — bread at famine prices in the market.
   17850  settlement.founded     s=231 sName=Ňúpī kind=crystallized
          └ Ňúpī was founded.
   17850  settlement.founded     s=231 sName=Ňúpī city=1
          └ The city of Ňúpī arose.
   17857  market.dearth          s=2 sName=Fùlpū
          └ Dearth in Fùlpū — bread at famine prices in the market.
   17857  settlement.tier        s=188 sName=Fụ̀ịthị̌
          └ Fụ̀ịthị̌ grew into a metropolis (1,153,000 souls).
   17887  polity.seceded         from=166 fromName=Xǐrụ́lǐā
          └ Broke away from Xǐrụ́lǐā in a war of secession.
   17889  settlement.dissolved   s=111 why=core sName=Lǎňní
          └ Lǎňní faded back into the countryside.
   17890  settlement.dissolved   s=110 why=core sName=Puikypa
          └ Puikypa faded back into the countryside.
   17900  war.began              from=1 to=187 name=Ňěňní
          └ Marched to war against Hímpíü.
   17900  war.began              from=191 to=187 name=Pị̀kúlǐ
          └ Marched to war against Hímpíü.
   17900  war.began              from=97 to=187 name=Kètrọ̌ịlěā
          └ Marched to war against Hímpíü.
   17900  war.ended              how=faded to=129 toName=Pigyimmoesyus name=Ňěňní
          └ The war with Ňěňní ended; some 22 soldiers never came home.
   17900  war.ended              how=faded to=129 toName=Pigyimmoesyus name=Sogyoepasyus
          └ The war with Sogyoepasyus ended; some 7 soldiers never came home.
   17920  settlement.abandoned   s=54 sName=Fị̀lpì
          └ Fị̀lpì was abandoned.
   17925  settlement.founded     s=233 sName=Sismomabim kind=crystallized
          └ Sismomabim was founded.
   17925  settlement.founded     s=233 sName=Sismomabim city=1
          └ The city of Sismomabim arose.
   17925  settlement.founded     s=234 sName=Lāfpù kind=crystallized
          └ Lāfpù was founded.
   17925  settlement.founded     s=234 sName=Lāfpù city=1
          └ The city of Lāfpù arose.
   17950  settlement.founded     s=235 sName=Tǎlhụ̌ city=1
          └ The city of Tǎlhụ̌ arose.
   17950  war.began              from=1 to=2 name=Ňěňní
          └ Marched to war against Fùlpū.
   17950  war.began              from=97 to=191 name=Kètrọ̌ịlěā
          └ Marched to war against Pị̀kúlǐ.
   17975  settlement.founded     s=236 sName=Pụ́ppì city=1
          └ The city of Pụ́ppì arose.
   18000  war.began              from=97 to=224 name=Kètrọ̌ịlěā
          └ Marched to war against Sǔstùlǐā.
   18000  war.ended              how=faded to=137 toName=Pīüffì name=Lāffílěā
          └ The war with Lāffílěā ended.
   18001  settlement.tier        s=191 sName=Pị̀kú
          └ Pị̀kú grew into a metropolis (1,164,000 souls).
   18020  market.dearth          s=187 sName=Hímpíü
          └ Dearth in Hímpíü — bread at famine prices in the market.
   18037  settlement.annexed     s=1 sName=Ňěňní from=1 fromName=Ňěňní to=89 toName=Sīuxkòu
          └ Peacefully absorbed Ňěňní from Ňěňní.
   18037  polity.ended           how=dissolved name=Fị̀lpìlěā
          └ Dissolved — its last cities scattered or fell silent.
   18050  war.began              from=190 to=1 name=Hǔlhụ̌
          └ Marched to war against Ňěňní.
   18050  war.began              from=2 to=1 name=Fùlpū
          └ Marched to war against Ňěňní.
   18050  war.began              from=1 to=190 name=Ňěňní
          └ Marched to war against Hǔlhụ̌.
   18050  war.began              from=97 to=190 name=Kètrọ̌ịlěā
          └ Marched to war against Hǔlhụ̌.
   18077  settlement.dissolved   s=123 why=core sName=Gyomamoe
          └ Gyomamoe faded back into the countryside.
   18079  settlement.dissolved   s=121 why=core sName=Omomabem
          └ Omomabem faded back into the countryside.
   18081  settlement.dissolved   s=119 why=core sName=Ommobuimmoe
          └ Ommobuimmoe faded back into the countryside.
   18083  settlement.dissolved   s=117 why=core sName=Hìutlà
          └ Hìutlà faded back into the countryside.
   18084  settlement.dissolved   s=116 why=core sName=Gyamosiim
          └ Gyamosiim faded back into the countryside.
   18086  settlement.dissolved   s=114 why=core sName=Hímpíü
          └ Hímpíü faded back into the countryside.
   18087  settlement.dissolved   s=113 why=core sName=Sismopa
          └ Sismopa faded back into the countryside.
   18100  settlement.founded     s=241 sName=Sumsusa kind=crystallized
          └ Sumsusa was founded.
   18100  settlement.founded     s=241 sName=Sumsusa city=1
          └ The city of Sumsusa arose.
   18100  settlement.founded     s=242 sName=Tǎltù kind=crystallized
          └ Tǎltù was founded.
   18100  settlement.founded     s=242 sName=Tǎltù city=1
          └ The city of Tǎltù arose.
   18100  war.began              from=108 to=1 name=Gyamomumomsyusa
          └ Marched to war against Ňěňní.
   18125  settlement.founded     s=245 sName=Summusui kind=crystallized
          └ Summusui was founded.
   18125  settlement.founded     s=245 sName=Summusui city=1
          └ The city of Summusui arose.
   18125  settlement.founded     s=246 sName=Ìxkòu kind=crystallized
          └ Ìxkòu was founded.
   18125  settlement.founded     s=246 sName=Ìxkòu city=1
          └ The city of Ìxkòu arose.
   18128  settlement.dissolved   s=72 why=core sName=Ommosommosoe
          └ Ommosommosoe faded back into the countryside.
   18142  settlement.withered    s=59 sName=Xóutrọ̌ị
          └ Xóutrọ̌ị withered away and was abandoned.
   18147  market.dearth          s=99 sName=Fòkfé
          └ Dearth in Fòkfé — bread at famine prices in the market.
   18149  market.dearth          s=181 sName=Hóuxkòu
          └ Dearth in Hóuxkòu — bread at famine prices in the market.
   18150  settlement.founded     s=248 sName=Dyuimopadu kind=crystallized
          └ Dyuimopadu was founded.
   18150  settlement.founded     s=248 sName=Dyuimopadu city=1
          └ The city of Dyuimopadu arose.
   18150  settlement.founded     s=249 sName=Pụ̄nglì kind=crystallized
          └ Pụ̄nglì was founded.
   18150  settlement.founded     s=249 sName=Pụ̄nglì city=1
          └ The city of Pụ̄nglì arose.
   18150  war.began              from=89 to=126 name=Sīuxkòu
          └ Marched to war against Semsyus.
   18150  war.ended              how=faded to=137 toName=Pīüffì name=Lụ̄nlākòlěā
          └ The war with Lụ̄nlākòlěā ended.
   18167  settlement.tier        s=170 sName=Xóuttīu
          └ Xóuttīu grew into a town (2,000 souls).
   18168  market.dearth          s=129 sName=Pigyimmoe
          └ Dearth in Pigyimmoe — bread at famine prices in the market.
   18174  market.dearth          s=126 sName=Sem
          └ Dearth in Sem — bread at famine prices in the market.
   18175  settlement.founded     s=251 sName=Kyusbukymiu kind=crystallized
          └ Kyusbukymiu was founded.
   18175  settlement.founded     s=251 sName=Kyusbukymiu city=1
          └ The city of Kyusbukymiu arose.
   18187  polity.submitted       how=submission to=126 toName=Semsyus name=Pimpasyusa
          └ Facing hopeless odds, the court of Pimpasyusa bowed to Semsyus — keeping its throne at the price of tribute.
   18187  polity.seceded         from=1 fromName=Ňěňní
          └ Broke away from Ňěňní in a war of secession.
   18187  polity.ended           how=dissolved name=Xóutrọ̌ịlěā
          └ Dissolved — its last cities scattered or fell silent.
   18200  settlement.founded     s=252 sName=Rimowumkyui kind=crystallized
          └ Rimowumkyui was founded.
   18200  settlement.founded     s=252 sName=Rimowumkyui city=1
          └ The city of Rimowumkyui arose.
   18200  settlement.founded     s=253 sName=Ǐstù kind=crystallized
          └ Ǐstù was founded.
   18200  settlement.founded     s=253 sName=Ǐstù city=1
          └ The city of Ǐstù arose.
   18215  market.dearth          s=190 sName=Hǔlhụ̌
          └ Dearth in Hǔlhụ̌ — bread at famine prices in the market.
   18225  settlement.founded     s=256 sName=Tị̄lākú city=1
          └ The city of Tị̄lākú arose.
   18240  settlement.founded     s=257 sName=Tótị̀kò kind=planted
          └ Tótị̀kò was founded.
   18240  town.planted           s=257 sName=Tótị̀kò
          └ The crown planted Tótị̀kò to hold the march.
   18250  war.began              from=2 to=112 name=Fùlpū
          └ Renewed the old war against Xụ̀nlàlǐ.
   18250  war.began              from=97 to=112 name=Kètrọ̌ịlěā
          └ Marched to war against Xụ̀nlàlǐ.
   18254  settlement.withered    s=112 sName=Xụ̀nlà
          └ Xụ̀nlà withered away and was abandoned.
   18257  settlement.dissolved   s=143 why=core sName=Kǎňtụ̀ịrụ́
          └ Kǎňtụ̀ịrụ́ faded back into the countryside.
   18260  settlement.dissolved   s=140 why=core sName=Pīurụ́
          └ Pīurụ́ faded back into the countryside.
   18264  settlement.dissolved   s=136 why=core sName=Ososmoe
          └ Ososmoe faded back into the countryside.
   18267  settlement.dissolved   s=133 why=core sName=Papa
          └ Papa faded back into the countryside.
   18270  settlement.dissolved   s=130 why=core sName=Ìtlà
          └ Ìtlà faded back into the countryside.
   18275  settlement.founded     s=259 sName=Làkfí kind=crystallized
          └ Làkfí was founded.
   18275  settlement.founded     s=259 sName=Làkfí city=1
          └ The city of Làkfí arose.
   18275  settlement.founded     s=260 sName=Fị́tà city=1
          └ The city of Fị́tà arose.
   18289  settlement.tier        s=171 sName=Fụ̀ịlňà
          └ Fụ̀ịlňà grew into a city (808,000 souls).
   18289  settlement.tier        s=256 sName=Tị̄lākú
          └ Tị̄lākú grew into a metropolis (1,225,000 souls).
   18300  settlement.founded     s=264 sName=Dupa kind=crystallized
          └ Dupa was founded.
   18300  settlement.founded     s=264 sName=Dupa city=1
          └ The city of Dupa arose.
   18300  settlement.founded     s=265 sName=Rụ̄ịkò kind=crystallized
          └ Rụ̄ịkò was founded.
   18300  settlement.founded     s=265 sName=Rụ̄ịkò city=1
          └ The city of Rụ̄ịkò arose.
   18300  war.ended              how=faded to=168 toName=Pārụ́lǐā name=Ňěňní
          └ The war with Ňěňní ended; some 20 soldiers never came home.
   18300  war.ended              how=faded to=168 toName=Pārụ́lǐā name=Pīüffì
          └ The war with Pīüffì ended; some 25 soldiers never came home.
   18321  market.dearth          s=171 sName=Fụ̀ịlňà
          └ Dearth in Fụ̀ịlňà — bread at famine prices in the market.
   18325  settlement.founded     s=269 sName=Kìhsī kind=crystallized
          └ Kìhsī was founded.
   18325  settlement.founded     s=269 sName=Kìhsī city=1
          └ The city of Kìhsī arose.
   18337  polity.seceded         from=30 fromName=Sogyoepasyus
          └ Broke away from Sogyoepasyus in a war of secession.
   18337  polity.seceded         from=126 fromName=Semsyus
          └ Broke away from Semsyus in a war of secession.
   18348  settlement.tier        s=187 sName=Hímpíü
          └ Hímpíü grew into a metropolis (848,000 souls).
   18350  war.began              from=126 to=129 name=Semsyus
          └ Marched to war against Pigyimmoesyus.
   18350  war.began              from=1 to=129 name=Ňěňní
          └ Renewed the old war against Pigyimmoesyus.
   18350  war.ended              how=truce to=129 toName=Pigyimmoesyus name=Ňěňní
          └ The war with Ňěňní ended.
   18350  war.indemnity          to=129 toName=Pigyimmoesyus name=Ňěňní
          └ Ňěňní paid a heavy indemnity to Pigyimmoesyus at the peace.
   18350  war.ended              how=truce to=190 toName=Hǔlhụ̌ name=Ňěňní
          └ The war with Ňěňní ended.
   18350  war.indemnity          to=190 toName=Hǔlhụ̌ name=Ňěňní
          └ Ňěňní paid a heavy indemnity to Hǔlhụ̌ at the peace.
   18350  war.ended              how=truce to=2 toName=Fùlpū name=Ňěňní
          └ The war with Ňěňní ended.
   18350  war.indemnity          to=2 toName=Fùlpū name=Ňěňní
          └ Ňěňní paid a heavy indemnity to Fùlpū at the peace.
   18350  polity.submitted       how=capitulation to=190 toName=Hǔlhụ̌ name=Ňěňní
          └ Beaten in the field, the court of Ňěňní bent the knee to Hǔlhụ̌ — a client crown under the conqueror's peace.
   18375  settlement.founded     s=276 sName=Simowumkyui kind=crystallized
          └ Simowumkyui was founded.
   18375  settlement.founded     s=276 sName=Simowumkyui city=1
          └ The city of Simowumkyui arose.
   18400  war.began              from=89 to=1 name=Sīuxkòu
          └ Marched to war against Ňěňní.
   18400  war.began              from=190 to=112 name=Hǔlhụ̌
          └ Marched to war against Xụ̀nlàlǐ.
   18400  war.began              from=97 to=261 name=Kètrọ̌ịlěā
          └ Marched to war against Tótị̀kòlǐ.
   18400  war.ended              how=sackedIntoTribute to=112 toName=Xụ̀nlàlǐ name=Fùlpū
          └ The war with Fùlpū ended; some 7 soldiers never came home.
   18400  polity.submitted       how=sackedIntoTribute to=2 toName=Fùlpū name=Xụ̀nlàlǐ
          └ Facing hopeless odds, the court of Xụ̀nlàlǐ bowed to Fùlpū — keeping its throne at the price of tribute.
   18433  settlement.tier        s=170 sName=Xóuttīu
          └ Xóuttīu grew into a metropolis (882,000 souls).
   18435  settlement.dissolved   s=165 why=core sName=Nǔfīurụ́
          └ Nǔfīurụ́ faded back into the countryside.
   18436  settlement.dissolved   s=164 why=core sName=Amosiim
          └ Amosiim faded back into the countryside.
   18437  settlement.dissolved   s=163 why=core sName=Fòulpì
          └ Fòulpì faded back into the countryside.
   18438  settlement.dissolved   s=162 why=core sName=Ommoe
          └ Ommoe faded back into the countryside.
   18444  settlement.dissolved   s=156 why=core sName=Mom
          └ Mom faded back into the countryside.
   18450  war.began              from=190 to=89 name=Hǔlhụ̌
          └ Marched to war against Sīuxkòu.
   18450  war.began              from=2 to=187 name=Fùlpū
          └ Marched to war against Hímpíü.
   18450  war.began              from=261 to=2 name=Tótị̀kòlǐ
          └ Marched to war against Fùlpū.
   18475  settlement.founded     s=288 sName=Mumum kind=crystallized
          └ Mumum was founded.
   18475  settlement.founded     s=288 sName=Mumum city=1
          └ The city of Mumum arose.
   18475  settlement.founded     s=289 sName=Nītlà kind=crystallized
          └ Nītlà was founded.
   18475  settlement.founded     s=289 sName=Nītlà city=1
          └ The city of Nītlà arose.
   18487  polity.submitted       how=union to=126 toName=Semsyus name=Gyamomumomsyusa
          └ In the troubles of the succession, the court of Gyamomumomsyusa joined its crown to Semsyus — one senior throne, two realms.
   18487  settlement.annexed     s=108 sName=Gyamomumom from=108 fromName=Gyamomumomsyusa to=126 toName=Semsyus
          └ Peacefully absorbed Gyamomumom from Gyamomumomsyusa.
   18487  polity.ended           how=integrated byName=Semsyus name=Gyamomumomsyusa
          └ Dissolved — its last cities scattered or fell silent.
   18487  polity.seceded         from=190 fromName=Hǔlhụ̌
          └ Broke away from Hǔlhụ̌ in a war of secession.
   18487  settlement.annexed     s=1 sName=Ňěňní from=89 fromName=Sīuxkòu to=187 toName=Hímpíü
          └ Peacefully absorbed Ňěňní from Sīuxkòu.
   18496  settlement.withered    s=50 sName=Fọ̄ịkfé
          └ Fọ̄ịkfé withered away and was abandoned.
   18500  settlement.founded     s=293 sName=Mumum kind=crystallized
          └ Mumum was founded.
   18500  settlement.founded     s=293 sName=Mumum city=1
          └ The city of Mumum arose.
   18500  war.began              from=233 to=129 name=Sismomabimsyus
          └ Marched to war against Pigyimmoesyus.
   18500  war.began              from=126 to=233 name=Semsyus
          └ Marched to war against Sismomabimsyus.
   18500  war.began              from=190 to=233 name=Hǔlhụ̌
          └ Marched to war against Sismomabimsyus.
   18500  war.began              from=187 to=190 name=Hímpíü
          └ Marched to war against Hǔlhụ̌.
   18500  war.began              from=187 to=89 name=Hímpíü
          └ Marched to war against Sīuxkòu.
   18500  war.began              from=45 to=89 name=Fùlpū
          └ Marched to war against Sīuxkòu.
   18500  war.began              from=30 to=183 name=Sogyoepasyus
          └ Marched to war against Suimobuimmiusyus.
   18517  market.dearth          s=170 sName=Xóuttīu
          └ Dearth in Xóuttīu — bread at famine prices in the market.
   18525  settlement.founded     s=298 sName=Tummosigyim kind=crystallized
          └ Tummosigyim was founded.
   18525  settlement.founded     s=298 sName=Tummosigyim city=1
          └ The city of Tummosigyim arose.
   18525  settlement.founded     s=301 sName=Muimdu city=1
          └ The city of Muimdu arose.
   18550  war.began              from=129 to=233 name=Pigyimmoesyus
          └ Marched to war against Sismomabimsyus.
   18550  war.began              from=187 to=112 name=Hímpíü
          └ Marched to war against Xụ̀nlàlǐ.
   18550  war.began              from=2 to=261 name=Fùlpū
          └ Marched to war against Tótị̀kòlǐ.
   18550  war.ended              how=sackedIntoTribute to=190 toName=Hǔlhụ̌ name=Sīuxkòu
          └ The war with Sīuxkòu ended; some 2 soldiers never came home.
   18550  polity.submitted       how=sackedIntoTribute to=190 toName=Hǔlhụ̌ name=Sīuxkòu
          └ Facing hopeless odds, the court of Sīuxkòu bowed to Hǔlhụ̌ — keeping its throne at the price of tribute.
   18577  market.dearth          s=233 sName=Sismomabim
          └ Dearth in Sismomabim — bread at famine prices in the market.
   18577  settlement.abandoned   s=289 sName=Nītlà
          └ Nītlà was abandoned.
   18596  market.dearth          s=1 sName=Ňěňní
          └ Dearth in Ňěňní — bread at famine prices in the market.
   18600  settlement.founded     s=305 sName=Xụ̀ftà kind=crystallized
          └ Xụ̀ftà was founded.
   18600  settlement.founded     s=305 sName=Xụ̀ftà city=1
          └ The city of Xụ̀ftà arose.
   18600  war.began              from=184 to=183 name=Pimpasyusa
          └ Marched to war against Suimobuimmiusyus.
   18600  war.began              from=129 to=288 name=Pigyimmoesyus
          └ Marched to war against Mumumsyusa.
   18600  war.began              from=187 to=288 name=Hímpíü
          └ Marched to war against Mumumsyusa.
   18600  war.began              from=190 to=288 name=Hǔlhụ̌
          └ Marched to war against Mumumsyusa.
   18600  war.began              from=1 to=224 name=Ňěňní
          └ Marched to war against Sǔstùlǐā.
   18600  war.ended              how=faded to=137 toName=Pīüffì name=Fùlpū
          └ The war with Fùlpū ended.
   18600  war.ended              how=faded to=166 toName=Xǐrụ́lǐā name=Pīüffì
          └ The war with Pīüffì ended; some 28 soldiers never came home.
   18625  settlement.founded     s=306 sName=Mabimdu kind=crystallized
          └ Mabimdu was founded.
   18625  settlement.founded     s=306 sName=Mabimdu city=1
          └ The city of Mabimdu arose.
   18632  settlement.dissolved   s=168 why=core sName=Pārụ́
          └ Pārụ́ faded back into the countryside.
   18634  settlement.dissolved   s=166 why=core sName=Xǐrụ́
          └ Xǐrụ́ faded back into the countryside.
   18637  polity.seceded         from=190 fromName=Hǔlhụ̌
          └ Broke away from Hǔlhụ̌ in a war of secession.
   18637  polity.ended           how=dissolved name=Fọ̄ịkfélěā
          └ Dissolved — its last cities scattered or fell silent.
   18650  settlement.founded     s=307 sName=Kǎňtụ̀ịrụ́ kind=crystallized
          └ Kǎňtụ̀ịrụ́ was founded.
   18650  settlement.founded     s=307 sName=Kǎňtụ̀ịrụ́ city=1
          └ The city of Kǎňtụ̀ịrụ́ arose.
   18650  war.began              from=190 to=183 name=Hǔlhụ̌
          └ Marched to war against Suimobuimmiusyus.
   18650  war.began              from=129 to=30 name=Pigyimmoesyus
          └ Marched to war against Sogyoepasyus.
   18650  war.began              from=30 to=129 name=Sogyoepasyus
          └ Renewed the old war against Pigyimmoesyus.
   18650  war.began              from=249 to=187 name=Hǔlhụ̌
          └ Marched to war against Hímpíü.
   18650  war.began              from=2 to=190 name=Fùlpū
          └ Marched to war against Hǔlhụ̌.
   18675  settlement.founded     s=308 sName=Fụ̀ịňní kind=crystallized
          └ Fụ̀ịňní was founded.
   18675  settlement.founded     s=308 sName=Fụ̀ịňní city=1
          └ The city of Fụ̀ịňní arose.
   18700  polity.shattered       s=306 sName=Mabimdu to=190 toName=Hǔlhụ̌
          └ Its capital Mabimdu fell to Hǔlhụ̌ — the realm collapsed.
   18700  polity.ended           how=conquest byName=Hǔlhụ̌ name=Mumumsyusa
          └ Fell to Hǔlhụ̌ and was erased from the map.
   18721  settlement.tier        s=126 sName=Sem
          └ Sem grew into a city (650,000 souls).
   18744  market.dearth          s=108 sName=Gyamomumom
          └ Dearth in Gyamomumom — bread at famine prices in the market.
   18750  settlement.founded     s=312 sName=Pụ́ttīu city=1
          └ The city of Pụ́ttīu arose.
   18750  war.began              from=190 to=264 name=Hǔlhụ̌
          └ Marched to war against Dupasyusa.
   18750  war.began              from=187 to=264 name=Hímpíü
          └ Marched to war against Dupasyusa.
   18750  war.began              from=264 to=187 name=Dupasyusa
          └ Marched to war against Hímpíü.
   18750  war.began              from=112 to=1 name=Xụ̀nlàlǐ
          └ Marched to war against Ňěňní.
   18775  settlement.founded     s=315 sName=Ňímrá kind=crystallized
          └ Ňímrá was founded.
   18775  settlement.founded     s=315 sName=Ňímrá city=1
          └ The city of Ňímrá arose.
   18787  settlement.annexed     s=187 sName=Hímpíü from=231 fromName=Ňúpīlǐ to=187 toName=Hímpíü
          └ Peacefully absorbed Hímpíü from Ňúpīlǐ.
   18800  war.began              from=190 to=30 name=Hǔlhụ̌
          └ Marched to war against Sogyoepasyus.
   18800  war.began              from=30 to=190 name=Sogyoepasyus
          └ Marched to war against Hǔlhụ̌.
   18800  war.began              from=1 to=231 name=Ňěňní
          └ Marched to war against Ňúpīlǐ.
   18800  war.began              from=112 to=231 name=Xụ̀nlàlǐ
          └ Marched to war against Ňúpīlǐ.
   18800  war.ended              how=sackedIntoTribute to=190 toName=Hǔlhụ̌ name=Fùlpū
          └ The war with Fùlpū ended; some 6 soldiers never came home.
   18800  polity.submitted       how=sackedIntoTribute to=2 toName=Fùlpū name=Hǔlhụ̌
          └ Facing hopeless odds, the court of Hǔlhụ̌ bowed to Fùlpū — keeping its throne at the price of tribute.
   18822  settlement.dissolved   s=178 why=core sName=Hìuhtà
          └ Hìuhtà faded back into the countryside.
   18823  settlement.dissolved   s=177 why=core sName=Fụ̀ịtlà
          └ Fụ̀ịtlà faded back into the countryside.
   18824  settlement.dissolved   s=176 why=core sName=Tāptáịrụ́
          └ Tāptáịrụ́ faded back into the countryside.
   18825  settlement.dissolved   s=175 why=core sName=Tǎlňà
          └ Tǎlňà faded back into the countryside.
   18826  settlement.dissolved   s=174 why=core sName=Kóltù
          └ Kóltù faded back into the countryside.
   18827  settlement.dissolved   s=173 why=core sName=Sǔtūrụ́
          └ Sǔtūrụ́ faded back into the countryside.
   18850  settlement.founded     s=319 sName=Tǎtlà kind=crystallized
          └ Tǎtlà was founded.
   18850  settlement.founded     s=319 sName=Tǎtlà city=1
          └ The city of Tǎtlà arose.
   18850  settlement.founded     s=320 sName=Ňīffí city=1
          └ The city of Ňīffí arose.
   18850  war.began              from=2 to=231 name=Fùlpū
          └ Marched to war against Ňúpīlǐ.
   18850  polity.shattered       s=183 sName=Suimobuimmiu to=30 toName=Sogyoepasyus
          └ Its capital Suimobuimmiu fell to Sogyoepasyus — the realm collapsed.
   18850  polity.ended           how=conquest byName=Sogyoepasyus name=Suimobuimmiusyus
          └ Fell to Sogyoepasyus and was erased from the map.
   18867  market.dearth          s=231 sName=Ňúpī
          └ Dearth in Ňúpī — bread at famine prices in the market.
   18875  settlement.founded     s=322 sName=Lụ̀là kind=crystallized
          └ Lụ̀là was founded.
   18875  settlement.founded     s=322 sName=Lụ̀là city=1
          └ The city of Lụ̀là arose.
   18875  settlement.founded     s=323 sName=Hǎịkụ̀ị city=1
          └ The city of Hǎịkụ̀ị arose.
   18900  famine.struck          
          └ A famine gripped the land.
   18900  famine.struck          
          └ A famine gripped the land.
   18900  famine.struck          
          └ A famine gripped the land.
   18900  famine.struck          
          └ A famine gripped the land.
   18900  famine.struck          
          └ A famine gripped the land.
   18900  famine.struck          
          └ A famine gripped the land.
   18900  famine.struck          
          └ A famine gripped the land.
   18900  famine.struck          
          └ A famine gripped the land.
   18900  famine.struck          
          └ A famine gripped the land.
   18900  famine.struck          
          └ A famine gripped the land.
   18900  famine.struck          
          └ A famine gripped the land.
   18900  famine.struck          
          └ A famine gripped the land.
   18900  famine.struck          
          └ A famine gripped the land.
   18900  famine.struck          
          └ A famine gripped the land.
   18900  famine.struck          
          └ A famine gripped the land.
   18900  famine.struck          
          └ A famine gripped the land.
   18900  famine.struck          
          └ A famine gripped the land.
   18900  famine.struck          
          └ A famine gripped the land.
   18900  famine.struck          
          └ A famine gripped the land.
   18900  famine.struck          
          └ A famine gripped the land.
   18900  famine.struck          
          └ A famine gripped the land.
   18900  famine.struck          
          └ A famine gripped the land.
   18900  famine.struck          
          └ A famine gripped the land.
   18900  settlement.founded     s=325 sName=Lụ̄nlārụ́ city=1
          └ The city of Lụ̄nlārụ́ arose.
   18900  war.began              from=233 to=187 name=Sismomabimsyus
          └ Marched to war against Hímpíü.
   18900  war.began              from=1 to=315 name=Ňěňní
          └ Marched to war against Ňímrálǐ.
   18907  settlement.abandoned   s=137 sName=Pīüffì
          └ Pīüffì was abandoned.
   18912  settlement.abandoned   s=100 sName=Lụ̄nlākò
          └ Lụ̄nlākò was abandoned.
   18916  market.dearth          s=305 sName=Xụ̀ftà
          └ Dearth in Xụ̀ftà — bread at famine prices in the market.
   18925  settlement.founded     s=327 sName=Tǎxkòu city=1
          └ The city of Tǎxkòu arose.
   18937  polity.submitted       how=submission to=224 toName=Sǔstùlǐā name=Fụ̀ịthị̌lǐ
          └ Facing hopeless odds, the court of Fụ̀ịthị̌lǐ bowed to Sǔstùlǐā — keeping its throne at the price of tribute.
   18937  settlement.annexed     s=99 sName=Fòkfé from=1 fromName=Ňěňní to=190 toName=Hǔlhụ̌
          └ Peacefully absorbed Fòkfé from Ňěňní.
   18937  settlement.annexed     s=179 sName=Xụ́lňà from=1 fromName=Ňěňní to=190 toName=Hǔlhụ̌
          └ Peacefully absorbed Xụ́lňà from Ňěňní.
   18937  settlement.annexed     s=180 sName=Fị́ffí from=1 fromName=Ňěňní to=190 toName=Hǔlhụ̌
          └ Peacefully absorbed Fị́ffí from Ňěňní.
   18937  polity.ended           how=integrated byName=Hǔlhụ̌ name=Ňěňní
          └ Dissolved — its last cities scattered or fell silent.
   18937  settlement.annexed     s=187 sName=Hímpíü from=315 fromName=Ňímrálǐ to=187 toName=Hímpíü
          └ Peacefully absorbed Hímpíü from Ňímrálǐ.
   18937  settlement.annexed     s=52 sName=Tị̄lākú from=2 fromName=Fùlpū to=261 toName=Tótị̀kòlǐ
          └ Peacefully absorbed Tị̄lākú from Fùlpū.
   18937  polity.ended           how=dissolved name=Fùlpū
          └ Dissolved — its last cities scattered or fell silent.
   18950  settlement.founded     s=329 sName=Lụ̌kú city=1
          └ The city of Lụ̌kú arose.
   18950  war.began              from=2 to=137 name=Fùlpū
          └ Renewed the old war against Pīüffì.
   18950  war.ended              how=siegeLifted to=129 toName=Pigyimmoesyus name=Sogyoepasyus
          └ The war with Sogyoepasyus ended.
   18950  war.indemnity          to=129 toName=Pigyimmoesyus name=Sogyoepasyus
          └ Sogyoepasyus paid a heavy indemnity to Pigyimmoesyus at the peace.
   18959  succession.crisis      name=Ňúpīlǐ
          └ The royal line failed — an interregnum of rival claimants.
   18975  settlement.founded     s=331 sName=Tị̄lākò city=1
          └ The city of Tị̄lākò arose.
   18981  market.dearth          s=99 sName=Fòkfé
          └ Dearth in Fòkfé — bread at famine prices in the market.
   19000  polity.shattered       s=1 sName=Ňěňní to=233 toName=Sismomabimsyus
          └ Its capital Ňěňní fell to Sismomabimsyus — the realm collapsed.
   19000  polity.ended           how=conquest byName=Sismomabimsyus name=Hímpíü
          └ Fell to Sismomabimsyus and was erased from the map.
   19000  polity.restored        from=187 fromName=Hímpíü name=Ňěňní
          └ The old nation rose again, casting off Hímpíü.
   19002  market.dearth          s=129 sName=Pigyimmoe
          └ Dearth in Pigyimmoe — bread at famine prices in the market.
   19006  settlement.dissolved   s=194 why=core sName=Fị̀xkòu
          └ Fị̀xkòu faded back into the countryside.
   19007  settlement.dissolved   s=193 why=core sName=Ǎịmràkú
          └ Ǎịmràkú faded back into the countryside.
   19008  market.dearth          s=126 sName=Sem
          └ Dearth in Sem — bread at famine prices in the market.
   19008  settlement.dissolved   s=192 why=core sName=Siim
          └ Siim faded back into the countryside.
   19009  settlement.tier        s=323 sName=Hǎịkụ̀ị
          └ Hǎịkụ̀ị grew into a metropolis (1,082,000 souls).
   19011  settlement.dissolved   s=189 why=core sName=Mabimdu
          └ Mabimdu faded back into the countryside.
   19014  settlement.dissolved   s=186 why=core sName=Syumosigyim
          └ Syumosigyim faded back into the countryside.
   19020  settlement.dissolved   s=180 why=core sName=Fị́ffí
          └ Fị́ffí faded back into the countryside.
   19021  settlement.dissolved   s=179 why=core sName=Xụ́lňà
          └ Xụ́lňà faded back into the countryside.
   19025  settlement.founded     s=334 sName=Fǒlpù kind=crystallized
          └ Fǒlpù was founded.
   19025  settlement.founded     s=334 sName=Fǒlpù city=1
          └ The city of Fǒlpù arose.
   19025  settlement.founded     s=335 sName=Līütlàkú city=1
          └ The city of Līütlàkú arose.
   19029  market.dearth          s=315 sName=Ňímrá
          └ Dearth in Ňímrá — bread at famine prices in the market.
   19049  market.dearth          s=190 sName=Hǔlhụ̌
          └ Dearth in Hǔlhụ̌ — bread at famine prices in the market.
   19050  settlement.founded     s=337 sName=Hìulpù kind=crystallized
          └ Hìulpù was founded.
   19050  settlement.founded     s=337 sName=Hìulpù city=1
          └ The city of Hìulpù arose.
   19050  war.began              from=233 to=305 name=Sismomabimsyus
          └ Marched to war against Xụ̀ftàlǐā.
   19050  war.began              from=97 to=305 name=Kètrọ̌ịlěā
          └ Marched to war against Xụ̀ftàlǐā.
   19050  war.began              from=137 to=190 name=Pīüffì
          └ Marched to war against Hǔlhụ̌.
   19075  settlement.founded     s=339 sName=Tìttíukú kind=crystallized
          └ Tìttíukú was founded.
   19075  settlement.founded     s=339 sName=Tìttíukú city=1
          └ The city of Tìttíukú arose.
   19087  polity.seceded         from=233 fromName=Sismomabimsyus
          └ Broke away from Sismomabimsyus in a war of secession.
   19100  war.began              from=261 to=137 name=Tótị̀kòlǐ
          └ Marched to war against Pīüffì.
   19125  settlement.founded     s=341 sName=Kyimmomuisu kind=crystallized
          └ Kyimmomuisu was founded.
   19125  settlement.founded     s=341 sName=Umsyuimiu city=1
          └ The city of Umsyuimiu arose.
   19150  war.began              from=137 to=305 name=Pīüffì
          └ Marched to war against Xụ̀ftàlǐā.
   19181  market.dearth          s=187 sName=Hímpíü
          └ Dearth in Hímpíü — bread at famine prices in the market.
   19189  settlement.dissolved   s=211 why=core sName=Fị̀ppì
          └ Fị̀ppì faded back into the countryside.
   19190  settlement.dissolved   s=210 why=core sName=Fòuttīu
          └ Fòuttīu faded back into the countryside.
   19191  settlement.dissolved   s=209 why=core sName=Kǎňtụ̀ịkú
          └ Kǎňtụ̀ịkú faded back into the countryside.
   19192  settlement.dissolved   s=208 why=core sName=Fùppīrụ́
          └ Fùppīrụ́ faded back into the countryside.
   19193  settlement.dissolved   s=207 why=core sName=Xōusfá
          └ Xōusfá faded back into the countryside.
   19194  settlement.dissolved   s=206 why=core sName=Ìppì
          └ Ìppì faded back into the countryside.
   19195  settlement.dissolved   s=205 why=core sName=Hǐxkòu
          └ Hǐxkòu faded back into the countryside.
   19196  settlement.dissolved   s=204 why=core sName=Lǎlhụ̌
          └ Lǎlhụ̌ faded back into the countryside.
   19197  settlement.dissolved   s=203 why=core sName=Pụ̀nlà
          └ Pụ̀nlà faded back into the countryside.
   19198  settlement.dissolved   s=202 why=core sName=Kóthị̌
          └ Kóthị̌ faded back into the countryside.
   19199  settlement.dissolved   s=201 why=core sName=Píkfìrụ́
          └ Píkfìrụ́ faded back into the countryside.
   19200  settlement.founded     s=344 sName=Līütlàkò kind=planted
          └ Līütlàkò was founded.
   19200  town.planted           s=344 sName=Līütlàkò
          └ The crown planted Līütlàkò to hold the march.
   19200  war.began              from=190 to=129 name=Hǔlhụ̌
          └ Marched to war against Pigyimmoesyus.
   19200  war.began              from=233 to=315 name=Sismomabimsyus
          └ Marched to war against Ňímrálǐ.
   19200  war.began              from=137 to=315 name=Pīüffì
          └ Marched to war against Ňímrálǐ.
   19200  war.ended              how=faded to=224 toName=Sǔstùlǐā name=Kètrọ̌ịlěā
          └ The war with Kètrọ̌ịlěā ended.
   19201  settlement.dissolved   s=199 why=core sName=Pụ́ňtụ̌ị
          └ Pụ́ňtụ̌ị faded back into the countryside.
   19202  settlement.dissolved   s=198 why=core sName=Fùlpūkò
          └ Fùlpūkò faded back into the countryside.
   19225  settlement.founded     s=345 sName=Kyumiu kind=crystallized
          └ Kyumiu was founded.
   19225  settlement.founded     s=345 sName=Kyumiu city=1
          └ The city of Kyumiu arose.
   19225  settlement.founded     s=346 sName=Tàthị̀ city=1
          └ The city of Tàthị̀ arose.
   19225  settlement.founded     s=349 sName=Ífpù city=1
          └ The city of Ífpù arose.
   19237  polity.seceded         from=233 fromName=Sismomabimsyus
          └ Broke away from Sismomabimsyus in a war of secession.
   19237  polity.seceded         from=137 fromName=Pīüffì
          └ Broke away from Pīüffì in a war of secession.
   19250  settlement.founded     s=350 sName=Muimopuigy kind=crystallized
          └ Muimopuigy was founded.
   19250  settlement.founded     s=350 sName=Muimopuigy city=1
          └ The city of Muimopuigy arose.
   19250  settlement.founded     s=351 sName=Mīnglìrụ́ city=1
          └ The city of Mīnglìrụ́ arose.
   19250  war.began              from=298 to=129 name=Sismomabim
          └ Marched to war against Pigyimmoesyus.
   19250  war.began              from=129 to=298 name=Pigyimmoesyus
          └ Marched to war against Sismomabim.
   19265  settlement.abandoned   s=188 sName=Fụ̀ịthị̌
          └ Fụ̀ịthị̌ was abandoned.
   19275  settlement.founded     s=355 sName=Xóutlà kind=crystallized
          └ Xóutlà was founded.
   19275  settlement.founded     s=355 sName=Xóutlà city=1
          └ The city of Xóutlà arose.
   19275  settlement.founded     s=356 sName=Xụ́ňní city=1
          └ The city of Xụ́ňní arose.
   19300  settlement.founded     s=359 sName=Muimmiu kind=crystallized
          └ Muimmiu was founded.
   19300  settlement.founded     s=359 sName=Muimmiu city=1
          └ The city of Muimmiu arose.
   19300  war.began              from=190 to=345 name=Hǔlhụ̌
          └ Marched to war against Kyumiudua.
   19300  war.began              from=112 to=315 name=Xụ̀nlàlǐ
          └ Marched to war against Ňímrálǐ.
   19325  settlement.founded     s=364 sName=Umiu kind=crystallized
          └ Umiu was founded.
   19325  settlement.founded     s=364 sName=Umiu city=1
          └ The city of Umiu arose.
   19350  settlement.founded     s=368 sName=Syamomuisium kind=crystallized
          └ Syamomuisium was founded.
   19350  settlement.founded     s=368 sName=Syamomuisium city=1
          └ The city of Syamomuisium arose.
   19350  war.began              from=315 to=345 name=Ňímrálǐ
          └ Marched to war against Kyumiudua as the succession failed.
   19350  polity.shattered       s=170 sName=Xóuttīu to=30 toName=Sogyoepasyus
          └ Its capital Xóuttīu fell to Sogyoepasyus — the realm collapsed.
   19350  polity.ended           how=conquest byName=Sogyoepasyus name=Hǔlhụ̌
          └ Fell to Sogyoepasyus and was erased from the map.
   19350  polity.restored        from=190 fromName=Hǔlhụ̌ name=Mumumsyusa
          └ The old nation rose again, casting off Hǔlhụ̌.
   19351  market.dearth          s=170 sName=Xóuttīu
          └ Dearth in Xóuttīu — bread at famine prices in the market.
   19374  settlement.dissolved   s=226 why=core sName=Nị̀tlà
          └ Nị̀tlà faded back into the countryside.
   19375  settlement.dissolved   s=225 why=core sName=Hūnfǐu
          └ Hūnfǐu faded back into the countryside.
   19377  settlement.dissolved   s=223 why=core sName=Ìňtà
          └ Ìňtà faded back into the countryside.
   19378  settlement.dissolved   s=222 why=core sName=Sǎfǎrụ́
          └ Sǎfǎrụ́ faded back into the countryside.
   19379  settlement.dissolved   s=221 why=core sName=Ňīnlà
          └ Ňīnlà faded back into the countryside.
   19380  settlement.dissolved   s=220 why=core sName=Ǔltǔkò
          └ Ǔltǔkò faded back into the countryside.
   19381  settlement.dissolved   s=219 why=core sName=Hóuthị̌
          └ Hóuthị̌ faded back into the countryside.
   19382  settlement.dissolved   s=218 why=core sName=Lǎňpì
          └ Lǎňpì faded back into the countryside.
   19383  settlement.dissolved   s=217 why=core sName=Sīutlà
          └ Sīutlà faded back into the countryside.
   19384  settlement.dissolved   s=216 why=core sName=Fị̀tlà
          └ Fị̀tlà faded back into the countryside.
   19385  settlement.dissolved   s=215 why=core sName=Hǐlpì
          └ Hǐlpì faded back into the countryside.
   19387  settlement.dissolved   s=213 why=core sName=Lāffí
          └ Lāffí faded back into the countryside.
   19387  polity.submitted       how=union to=315 toName=Ňímrálǐ name=Pị̀kúlǐ
          └ In the troubles of the succession, the court of Pị̀kúlǐ joined its crown to Ňímrálǐ — one senior throne, two realms.
   19387  settlement.annexed     s=191 sName=Pị̀kú from=191 fromName=Pị̀kúlǐ to=315 toName=Ňímrálǐ
          └ Peacefully absorbed Pị̀kú from Pị̀kúlǐ.
   19387  settlement.annexed     s=235 sName=Tǎlhụ̌ from=191 fromName=Pị̀kúlǐ to=315 toName=Ňímrálǐ
          └ Peacefully absorbed Tǎlhụ̌ from Pị̀kúlǐ.
   19387  settlement.annexed     s=236 sName=Pụ́ppì from=191 fromName=Pị̀kúlǐ to=315 toName=Ňímrálǐ
          └ Peacefully absorbed Pụ́ppì from Pị̀kúlǐ.
   19387  polity.ended           how=integrated byName=Ňímrálǐ name=Pị̀kúlǐ
          └ Dissolved — its last cities scattered or fell silent.
   19387  polity.seceded         from=261 fromName=Tótị̀kòlǐ
          └ Broke away from Tótị̀kòlǐ in a war of secession.
   19387  polity.seceded         from=137 fromName=Pīüffì
          └ Broke away from Pīüffì in a war of secession.
   19387  polity.seceded         from=137 fromName=Pīüffì
          └ Broke away from Pīüffì in a war of secession.
   19387  settlement.annexed     s=1 sName=Ňěňní from=233 fromName=Sismomabimsyus to=89 toName=Sīuxkòu
          └ Peacefully absorbed Ňěňní from Sismomabimsyus.
   19388  settlement.dissolved   s=212 why=core sName=Pụ́xkòu
          └ Pụ́xkòu faded back into the countryside.
   19389  settlement.abandoned   s=106 sName=Lāffí
          └ Lāffí was abandoned.
   19400  settlement.founded     s=375 sName=Dyuimokyu kind=crystallized
          └ Dyuimokyu was founded.
   19400  settlement.founded     s=375 sName=Pezylugo city=1
          └ The city of Pezylugo arose.
   19400  settlement.founded     s=376 sName=Ňǐttīu city=1
          └ The city of Ňǐttīu arose.
   19400  war.began              from=129 to=252 name=Pigyimmoesyus
          └ Marched to war against Rimowumkyuidu.
   19400  war.began              from=137 to=357 name=Pīüffì
          └ Marched to war against Līütlàkòlǐ.
   19400  war.began              from=89 to=358 name=Sīuxkòu
          └ Marched to war against Píụịtrụ̀ịkòlǐ.
   19400  war.began              from=45 to=358 name=Fùlpū
          └ Marched to war against Píụịtrụ̀ịkòlǐ.
   19400  war.ended              how=siegeLifted to=261 toName=Tótị̀kòlǐ name=Pīüffì
          └ The war with Pīüffì ended.
   19411  market.dearth          s=233 sName=Sismomabim
          └ Dearth in Sismomabim — bread at famine prices in the market.
   19425  settlement.founded     s=380 sName=Dugyumuky kind=crystallized
          └ Dugyumuky was founded.
   19425  settlement.founded     s=380 sName=Dylobfu city=1
          └ The city of Dylobfu arose.
   19425  settlement.founded     s=381 sName=Īmlà city=1
          └ The city of Īmlà arose.
   19441  market.dearth          s=2 sName=Fùlpū
          └ Dearth in Fùlpū — bread at famine prices in the market.
   19441  settlement.tier        s=335 sName=Līütlàkú
          └ Līütlàkú grew into a metropolis (973,000 souls).
   19441  settlement.abandoned   s=341 sName=Umsyuimiu
          └ Umsyuimiu was abandoned.
   19442  market.dearth          s=1 sName=Ňěňní
          └ Dearth in Ňěňní — bread at famine prices in the market.
   19443  market.dearth          s=252 sName=Rimowumkyui
          └ Dearth in Rimowumkyui — bread at famine prices in the market.
   19450  settlement.founded     s=386 sName=Mumumkyu kind=crystallized
          └ Mumumkyu was founded.
   19450  settlement.founded     s=386 sName=Phaphut'eb city=1
          └ The city of Phaphut'eb arose.
   19450  war.began              from=89 to=368 name=Sīuxkòu
          └ Marched to war against Syamomuisiumdu.
   19450  war.began              from=315 to=368 name=Ňímrálǐ
          └ Marched to war against Syamomuisiumdu.
   19450  war.began              from=345 to=368 name=Kyumiudua
          └ Marched to war against Syamomuisiumdu.
   19450  war.began              from=30 to=345 name=Sogyoepasyus
          └ Marched to war against Kyumiudua as the succession failed.
   19467  market.dearth          s=345 sName=Kyumiu
          └ Dearth in Kyumiu — bread at famine prices in the market.
   19475  settlement.founded     s=390 sName=Missi kind=crystallized
          └ Missi was founded.
   19475  settlement.founded     s=390 sName=Umosummusui city=1
          └ The city of Umosummusui arose.
   19475  settlement.founded     s=391 sName=Umopisyim kind=crystallized
          └ Umopisyim was founded.
   19475  settlement.founded     s=391 sName=Piziba city=1
          └ The city of Piziba arose.
   19500  settlement.founded     s=395 sName=Summusui kind=crystallized
          └ Summusui was founded.
   19500  settlement.founded     s=395 sName=Pikymokyu city=1
          └ The city of Pikymokyu arose.
   19500  war.began              from=129 to=368 name=Pigyimmoesyus
          └ Marched to war against Syamomuisiumdu.
   19500  war.began              from=315 to=89 name=Ňímrálǐ
          └ Marched to war against Sīuxkòu as the succession failed.
   19525  settlement.founded     s=399 sName=Xōukfí kind=crystallized
          └ Xōukfí was founded.
   19525  settlement.founded     s=399 sName=Xōukfí city=1
          └ The city of Xōukfí arose.
   19525  settlement.founded     s=400 sName=Xị̀'ǐükú city=1
          └ The city of Xị̀'ǐükú arose.
   19537  polity.submitted       how=union to=368 toName=Syamomuisiumdu name=Kyumiudua
          └ In the troubles of the succession, the court of Kyumiudua joined its crown to Syamomuisiumdu — one senior throne, two realms.
   19537  polity.seceded         from=30 fromName=Sogyoepasyus
          └ Broke away from Sogyoepasyus in a war of secession.
   19537  polity.seceded         from=137 fromName=Pīüffì
          └ Broke away from Pīüffì in a war of secession.
   19537  polity.seceded         from=137 fromName=Pīüffì
          └ Broke away from Pīüffì in a war of secession.
   19537  polity.seceded         from=315 fromName=Ňímrálǐ
          └ Broke away from Ňímrálǐ in a war of secession.
   19537  settlement.annexed     s=52 sName=Tị̄lākú from=261 fromName=Tótị̀kòlǐ to=257 toName=Tótị̀kòlǐ
          └ Peacefully absorbed Tị̄lākú from Tótị̀kòlǐ.
   19537  settlement.annexed     s=52 sName=Tị̄lākú from=257 fromName=Tótị̀kòlǐ to=258 toName=Púnǐkúlǐ
          └ Peacefully absorbed Tị̄lākú from Tótị̀kòlǐ.
   19537  polity.ended           how=dissolved name=Lāffílěā
          └ Dissolved — its last cities scattered or fell silent.
   19537  polity.ended           how=dissolved name=Sismomabimsyus
          └ Dissolved — its last cities scattered or fell silent.
   19543  settlement.tier        s=315 sName=Ňímrá
          └ Ňímrá grew into a metropolis (846,000 souls).
   19550  settlement.founded     s=403 sName=Lǒtòkò kind=crystallized
          └ Lǒtòkò was founded.
   19550  settlement.founded     s=403 sName=Lǒtòkò city=1
          └ The city of Lǒtòkò arose.
   19550  settlement.founded     s=404 sName=Pụ́lhụ̌ city=1
          └ The city of Pụ́lhụ̌ arose.
   19550  war.began              from=368 to=129 name=Syamomuisiumdu
          └ Marched to war against Pigyimmoesyus.
   19550  war.began              from=345 to=315 name=Kyumiudua
          └ Marched to war against Ňímrálǐ as the succession failed.
   19550  war.began              from=323 to=315 name=Hǎịkụ̀ị
          └ Marched to war against Ňímrálǐ as the succession failed.
   19565  settlement.dissolved   s=235 why=core sName=Tǎlhụ̌
          └ Tǎlhụ̌ faded back into the countryside.
   19566  settlement.dissolved   s=234 why=core sName=Lāfpù
          └ Lāfpù faded back into the countryside.
   19570  settlement.dissolved   s=230 why=core sName=Tụ̀lǒu
          └ Tụ̀lǒu faded back into the countryside.
   19572  settlement.dissolved   s=228 why=core sName=Lụ̄ňākò
          └ Lụ̄ňākò faded back into the countryside.
   19573  settlement.dissolved   s=227 why=core sName=Ňīfpù
          └ Ňīfpù faded back into the countryside.
   19575  settlement.founded     s=407 sName=Pụ̀fpù kind=crystallized
          └ Pụ̀fpù was founded.
   19575  settlement.founded     s=407 sName=Pụ̀fpù city=1
          └ The city of Pụ̀fpù arose.
   19585  settlement.tier        s=99 sName=Fòkfé
          └ Fòkfé grew into a metropolis (749,000 souls).
   19585  settlement.tier        s=108 sName=Gyamomumom
          └ Gyamomumom grew into a metropolis (650,000 souls).
   19585  settlement.tier        s=109 sName=Ňúpīrọ̀
          └ Ňúpīrọ̀ grew into a metropolis (715,000 souls).
   19585  settlement.tier        s=126 sName=Sem
          └ Sem grew into a metropolis (731,000 souls).
   19585  settlement.tier        s=129 sName=Pigyimmoe
          └ Pigyimmoe grew into a metropolis (696,000 souls).
   19585  settlement.tier        s=181 sName=Hóuxkòu
          └ Hóuxkòu grew into a metropolis (741,000 souls).
   19585  settlement.tier        s=190 sName=Hǔlhụ̌
          └ Hǔlhụ̌ grew into a metropolis (774,000 souls).
   19585  settlement.tier        s=231 sName=Ňúpī
          └ Ňúpī grew into a metropolis (757,000 souls).
   19585  settlement.tier        s=252 sName=Rimowumkyui
          └ Rimowumkyui grew into a metropolis (719,000 souls).
   19585  settlement.tier        s=345 sName=Kyumiu
          └ Kyumiu grew into a metropolis (734,000 souls).
   19585  settlement.tier        s=368 sName=Syamomuisium
          └ Syamomuisium grew into a metropolis (646,000 souls).
   19585  settlement.tier        s=399 sName=Xōukfí
          └ Xōukfí grew into a metropolis (667,000 souls).
   19600  settlement.founded     s=410 sName=Nị́ffí kind=crystallized
          └ Nị́ffí was founded.
   19600  settlement.founded     s=410 sName=Nị́ffí city=1
          └ The city of Nị́ffí arose.
   19600  war.began              from=30 to=368 name=Sogyoepasyus
          └ Marched to war against Syamomuisiumdu.
   19600  war.began              from=270 to=257 name=Kị̀pị̀kòlǐ
          └ Marched to war against Tótị̀kòlǐ.
   19600  war.ended              how=faded to=184 toName=Pimpasyusa name=Sogyoepasyus
          └ The war with Sogyoepasyus ended; some 60 soldiers never came home.
   19600  war.ended              how=faded to=112 toName=Xụ̀nlàlǐ name=Kètrọ̌ịlěā
          └ The war with Kètrọ̌ịlěā ended.
   19600  war.ended              how=faded to=112 toName=Xụ̀nlàlǐ name=Fùlpū
          └ The war with Fùlpū ended; some 91 soldiers never came home.
   19600  war.ended              how=faded to=190 toName=Hǔlhụ̌ name=Xụ̀nlàlǐ
          └ The war with Xụ̀nlàlǐ ended; some 5 soldiers never came home.
   19603  market.dearth          s=368 sName=Syamomuisium
          └ Dearth in Syamomuisium — bread at famine prices in the market.
   19623  market.dearth          s=399 sName=Xōukfí
          └ Dearth in Xōukfí — bread at famine prices in the market.
   19625  settlement.founded     s=415 sName=Yùlà kind=crystallized
          └ Yùlà was founded.
   19625  settlement.founded     s=415 sName=Yùlà city=1
          └ The city of Yùlà arose.
   19650  settlement.founded     s=417 sName=Kìhtà kind=crystallized
          └ Kìhtà was founded.
   19650  settlement.founded     s=417 sName=Kìhtà city=1
          └ The city of Kìhtà arose.
   19650  war.began              from=258 to=323 name=Púnǐkúlǐ
          └ Marched to war against Hǎịkụ̀ị.
   19650  polity.shattered       s=129 sName=Pigyimmoe to=368 toName=Syamomuisiumdu
          └ Its capital Pigyimmoe fell to Syamomuisiumdu — the realm collapsed.
   19650  polity.ended           how=conquest byName=Syamomuisiumdu name=Pigyimmoesyus
          └ Fell to Syamomuisiumdu and was erased from the map.
   19675  settlement.founded     s=418 sName=Fīpìrụ́ kind=crystallized
          └ Fīpìrụ́ was founded.
   19675  settlement.founded     s=418 sName=Fīpìrụ́ city=1
          └ The city of Fīpìrụ́ arose.
   19687  polity.submitted       how=submission to=137 toName=Pīüffì name=Fóunlàlǐā
          └ Facing hopeless odds, the court of Fóunlàlǐā bowed to Pīüffì — keeping its throne at the price of tribute.
   19687  polity.submitted       how=union to=97 toName=Kètrọ̌ịlěā name=Káịkòlǐā
          └ In the troubles of the succession, the court of Káịkòlǐā joined its crown to Kètrọ̌ịlěā — one senior throne, two realms.
   19687  polity.seceded         from=315 fromName=Ňímrálǐ
          └ Broke away from Ňímrálǐ in a war of secession.
   19687  settlement.annexed     s=304 sName=Lụ́lňà from=270 fromName=Kị̀pị̀kòlǐ to=257 toName=Tótị̀kòlǐ
          └ Peacefully absorbed Lụ́lňà from Kị̀pị̀kòlǐ.
   19687  settlement.annexed     s=52 sName=Tị̄lākú from=258 fromName=Púnǐkúlǐ to=257 toName=Tótị̀kòlǐ
          └ Peacefully absorbed Tị̄lākú from Púnǐkúlǐ.
   19687  polity.ended           how=dissolved name=Ňěňní
          └ Dissolved — its last cities scattered or fell silent.
   19687  polity.ended           how=dissolved name=Fụ̀ịthị̌lǐ
          └ Dissolved — its last cities scattered or fell silent.
   19700  settlement.founded     s=421 sName=Kóňtụ̌ị kind=crystallized
          └ Kóňtụ̌ị was founded.
   19700  settlement.founded     s=421 sName=Kóňtụ̌ị city=1
          └ The city of Kóňtụ̌ị arose.
   19700  war.began              from=240 to=183 name=Pimpadu
          └ Marched to war against Suimobuimmiusyus.
   19700  war.began              from=368 to=30 name=Syamomuisiumdu
          └ Marched to war against Sogyoepasyus as the succession failed.
   19700  war.began              from=322 to=339 name=Ňímrá
          └ Marched to war against Tìttíukúlǐā.
   19700  war.began              from=257 to=258 name=Tótị̀kòlǐ
          └ Marched to war against Púnǐkúlǐ.
   19700  war.ended              how=stalemate to=183 toName=Suimobuimmiusyus name=Sogyoepasyus
          └ The war with Sogyoepasyus ended; some 22 soldiers never came home.
   19701  market.dearth          s=231 sName=Ňúpī
          └ Dearth in Ňúpī — bread at famine prices in the market.
   19725  settlement.founded     s=423 sName=Fǒlňà kind=crystallized
          └ Fǒlňà was founded.
   19725  settlement.founded     s=423 sName=Fǒlňà city=1
          └ The city of Fǒlňà arose.
   19729  settlement.abandoned   s=335 sName=Līütlàkú
          └ Līütlàkú was abandoned.
   19729  settlement.tier        s=400 sName=Xị̀'ǐükú
          └ Xị̀'ǐükú grew into a metropolis (815,000 souls).
   19750  settlement.founded     s=425 sName=Nātrụ̄ị kind=crystallized
          └ Nātrụ̄ị was founded.
   19750  settlement.founded     s=425 sName=Nātrụ̄ị city=1
          └ The city of Nātrụ̄ị arose.
   19750  war.began              from=183 to=240 name=Suimobuimmiusyus
          └ Marched to war against Pimpadu.
   19750  war.began              from=288 to=364 name=Mumumsyusa
          └ Marched to war against Umiu.
   19750  war.began              from=89 to=364 name=Sīuxkòu
          └ Marched to war against Umiu.
   19750  war.began              from=345 to=364 name=Kyumiudua
          └ Marched to war against Umiu.
   19750  war.began              from=137 to=400 name=Pīüffì
          └ Marched to war against Xị̀'ǐükúlǐ.
   19750  war.ended              how=faded to=190 toName=Hǔlhụ̌ name=Sīuxkòu
          └ The war with Sīuxkòu ended; some 29 soldiers never came home.
   19751  settlement.dissolved   s=249 why=core sName=Pụ̄nglì
          └ Pụ̄nglì faded back into the countryside.
   19752  settlement.dissolved   s=248 why=core sName=Dyuimopadu
          └ Dyuimopadu faded back into the countryside.
   19754  settlement.dissolved   s=246 why=core sName=Ìxkòu
          └ Ìxkòu faded back into the countryside.
   19755  settlement.dissolved   s=245 why=core sName=Summusui
          └ Summusui faded back into the countryside.
   19758  settlement.dissolved   s=242 why=core sName=Tǎltù
          └ Tǎltù faded back into the countryside.
   19759  settlement.dissolved   s=241 why=core sName=Sumsusa
          └ Sumsusa faded back into the countryside.
   19764  settlement.dissolved   s=236 why=core sName=Pụ́ppì
          └ Pụ́ppì faded back into the countryside.
   19775  settlement.founded     s=427 sName=Mabimmiu kind=crystallized
          └ Mabimmiu was founded.
   19775  settlement.founded     s=427 sName=Mabimmiu city=1
          └ The city of Mabimmiu arose.
   19775  settlement.founded     s=428 sName=Ňímrá kind=crystallized
          └ Ňímrá was founded.
   19775  settlement.founded     s=428 sName=Ňímrá city=1
          └ The city of Ňímrá arose.
   19800  plague.outbreak        s=253 sName=Ǐstù
          └ Plague broke out in Ǐstù and swept through the realm.
   19800  plague.outbreak        s=276 sName=Simowumkyui
          └ Plague broke out in Simowumkyui and swept through the realm.
   19800  plague.outbreak        s=288 sName=Mumum
          └ Plague broke out in Mumum and swept through the realm.
   19800  plague.outbreak        s=293 sName=Mumum
          └ Plague broke out in Mumum and swept through the realm.
   19800  plague.outbreak        s=298 sName=Tummosigyim
          └ Plague broke out in Tummosigyim and swept through the realm.
   19800  plague.outbreak        s=304 sName=Lụ́lňà
          └ Plague broke out in Lụ́lňà and swept through the realm.
   19800  plague.outbreak        s=305 sName=Xụ̀ftà
          └ Plague broke out in Xụ̀ftà and swept through the realm.
   19800  plague.outbreak        s=307 sName=Kǎňtụ̀ịrụ́
          └ Plague broke out in Kǎňtụ̀ịrụ́ and swept through the realm.
   19800  plague.outbreak        s=312 sName=Pụ́ttīu
          └ Plague broke out in Pụ́ttīu and swept through the realm.
   19800  plague.outbreak        s=315 sName=Ňímrá
          └ Plague broke out in Ňímrá and swept through the realm.
   19800  plague.outbreak        s=319 sName=Tǎtlà
          └ Plague broke out in Tǎtlà and swept through the realm.
   19800  plague.outbreak        s=323 sName=Hǎịkụ̀ị
          └ Plague broke out in Hǎịkụ̀ị and swept through the realm.
   19800  plague.outbreak        s=325 sName=Lụ̄nlārụ́
          └ Plague broke out in Lụ̄nlārụ́ and swept through the realm.
   19800  plague.outbreak        s=339 sName=Tìttíukú
          └ Plague broke out in Tìttíukú and swept through the realm.
   19800  plague.outbreak        s=345 sName=Kyumiu
          └ Plague broke out in Kyumiu and swept through the realm.
   19800  plague.outbreak        s=346 sName=Tàthị̀
          └ Plague broke out in Tàthị̀ and swept through the realm.
   19800  plague.outbreak        s=349 sName=Ífpù
          └ Plague broke out in Ífpù and swept through the realm.
   19800  plague.outbreak        s=351 sName=Mīnglìrụ́
          └ Plague broke out in Mīnglìrụ́ and swept through the realm.
   19800  plague.outbreak        s=359 sName=Muimmiu
          └ Plague broke out in Muimmiu and swept through the realm.
   19800  plague.outbreak        s=364 sName=Umiu
          └ Plague broke out in Umiu and swept through the realm.
   19800  plague.outbreak        s=399 sName=Xōukfí
          └ Plague broke out in Xōukfí and swept through the realm.
   19800  plague.outbreak        s=400 sName=Xị̀'ǐükú
          └ Plague broke out in Xị̀'ǐükú and swept through the realm.
   19800  plague.outbreak        s=403 sName=Lǒtòkò
          └ Plague broke out in Lǒtòkò and swept through the realm.
   19800  plague.outbreak        s=410 sName=Nị́ffí
          └ Plague broke out in Nị́ffí and swept through the realm.
   19800  plague.outbreak        s=415 sName=Yùlà
          └ Plague broke out in Yùlà and swept through the realm.
   19800  plague.outbreak        s=417 sName=Kìhtà
          └ Plague broke out in Kìhtà and swept through the realm.
   19800  plague.outbreak        s=418 sName=Fīpìrụ́
          └ Plague broke out in Fīpìrụ́ and swept through the realm.
   19800  plague.outbreak        s=425 sName=Nātrụ̄ị
          └ Plague broke out in Nātrụ̄ị and swept through the realm.
   19800  plague.outbreak        s=428 sName=Ňímrá
          └ Plague broke out in Ňímrá and swept through the realm.
   19800  settlement.founded     s=431 sName=Dyuimodimis kind=crystallized
          └ Dyuimodimis was founded.
   19800  settlement.founded     s=431 sName=Dyuimodimis city=1
          └ The city of Dyuimodimis arose.
   19800  settlement.founded     s=432 sName=Fị́tà kind=crystallized
          └ Fị́tà was founded.
   19800  settlement.founded     s=432 sName=Fị́tà city=1
          └ The city of Fị́tà arose.
   19800  settlement.founded     s=433 sName=Kị́kú city=1
          └ The city of Kị́kú arose.
   19800  war.began              from=345 to=30 name=Kyumiudua
          └ Marched to war against Sogyoepasyus as the succession failed.
   19800  war.began              from=30 to=364 name=Sogyoepasyus
          └ Marched to war against Umiu.
   19800  war.ended              how=faded to=224 toName=Sǔstùlǐā name=Ňěňní
          └ The war with Ňěňní ended; some 1 soldiers never came home.
   19815  market.dearth          s=99 sName=Fòkfé
          └ Dearth in Fòkfé — bread at famine prices in the market.
   19825  settlement.founded     s=437 sName=Tukyukyu kind=crystallized
          └ Tukyukyu was founded.
   19825  settlement.founded     s=437 sName=Tukyukyu city=1
          └ The city of Tukyukyu arose.
   19825  settlement.founded     s=438 sName=Xụ́ttīu kind=crystallized
          └ Xụ́ttīu was founded.
   19825  settlement.founded     s=438 sName=Xụ́ttīu city=1
          └ The city of Xụ́ttīu arose.
   19825  settlement.founded     s=439 sName=Fòutlà city=1
          └ The city of Fòutlà arose.
   19836  market.dearth          s=129 sName=Pigyimmoe
          └ Dearth in Pigyimmoe — bread at famine prices in the market.
   19837  polity.submitted       how=submission to=364 toName=Umiu name=Mumumsyusa
          └ Facing hopeless odds, the court of Mumumsyusa bowed to Umiu — keeping its throne at the price of tribute.
   19837  polity.submitted       how=submission to=339 toName=Tìttíukúlǐā name=Píụịtrụ̀ịkòlǐ
          └ Facing hopeless odds, the court of Píụịtrụ̀ịkòlǐ bowed to Tìttíukúlǐā — keeping its throne at the price of tribute.
   19837  polity.submitted       how=submission to=364 toName=Umiu name=Kìhtàlǐ
          └ Facing hopeless odds, the court of Kìhtàlǐ bowed to Umiu — keeping its throne at the price of tribute.
   19837  polity.submitted       how=submission to=364 toName=Umiu name=Fīpìrụ́
          └ Facing hopeless odds, the court of Fīpìrụ́ bowed to Umiu — keeping its throne at the price of tribute.
   19837  polity.submitted       how=union to=399 toName=Xōukfílǐā name=Ňímrá
          └ In the troubles of the succession, the court of Ňímrá joined its crown to Xōukfílǐā — one senior throne, two realms.
   19837  settlement.annexed     s=108 sName=Gyamomumom from=126 fromName=Semsyus to=30 toName=Sogyoepasyus
          └ Peacefully absorbed Gyamomumom from Semsyus.
   19837  settlement.annexed     s=184 sName=Pimpa from=240 fromName=Pimpadu to=183 toName=Suimobuimmiusyus
          └ Peacefully absorbed Pimpa from Pimpadu.
   19837  settlement.annexed     s=353 sName=Hǐlpù from=270 fromName=Kị̀pị̀kòlǐ to=257 toName=Tótị̀kòlǐ
          └ Peacefully absorbed Hǐlpù from Kị̀pị̀kòlǐ.
   19850  settlement.founded     s=443 sName=Sǔtū city=1
          └ The city of Sǔtū arose.
   19850  war.began              from=399 to=345 name=Xōukfílǐā
          └ Marched to war against Kyumiudua.
   19850  war.began              from=400 to=322 name=Xị̀'ǐükúlǐ
          └ Marched to war against Ňímrá as the succession failed.
   19850  war.began              from=257 to=357 name=Tótị̀kòlǐ
          └ Marched to war against Līütlàkòlǐ.
   19863  market.dearth          s=315 sName=Ňímrá
          └ Dearth in Ňímrá — bread at famine prices in the market.
   19874  settlement.tier        s=364 sName=Umiu
          └ Umiu grew into a metropolis (773,000 souls).
   19884  succession.crisis      name=Xōukfílǐā
          └ The royal line failed — an interregnum of rival claimants.
   19891  settlement.dissolved   s=109 why=core sName=Ňúpīrọ̀
          └ Ňúpīrọ̀ faded back into the countryside.
   19898  market.dearth          s=364 sName=Umiu
          └ Dearth in Umiu — bread at famine prices in the market.
   19900  settlement.founded     s=446 sName=Xóuxkòu kind=crystallized
          └ Xóuxkòu was founded.
   19900  settlement.founded     s=446 sName=Xóuxkòu city=1
          └ The city of Xóuxkòu arose.
   19900  war.began              from=345 to=438 name=Kyumiudua
          └ Marched to war against Xụ́ttīu.
   19900  war.began              from=400 to=438 name=Xị̀'ǐükúlǐ
          └ Marched to war against Xụ́ttīu.
   19900  war.began              from=257 to=438 name=Tótị̀kòlǐ
          └ Marched to war against Xụ́ttīu.
   19900  war.ended              how=faded to=288 toName=Mumumsyusa name=Hímpíü
          └ The war with Hímpíü ended.
   19900  war.ended              how=faded to=288 toName=Mumumsyusa name=Hǔlhụ̌
          └ The war with Hǔlhụ̌ ended; some 16 soldiers never came home.
   19900  polity.shattered       s=431 sName=Dyuimodimis to=30 toName=Sogyoepasyus
          └ Its capital Dyuimodimis fell to Sogyoepasyus — the realm collapsed.
   19900  polity.ended           how=conquest byName=Sogyoepasyus name=Umiu
          └ Fell to Sogyoepasyus and was erased from the map.
   19900  polity.submitted       how=inherited to=30 toName=Sogyoepasyus name=Mumumsyusa
          └ Facing hopeless odds, the court of Mumumsyusa bowed to Sogyoepasyus — keeping its throne at the price of tribute.
   19900  polity.submitted       how=inherited to=30 toName=Sogyoepasyus name=Kìhtàlǐ
          └ Facing hopeless odds, the court of Kìhtàlǐ bowed to Sogyoepasyus — keeping its throne at the price of tribute.
   19900  polity.submitted       how=inherited to=30 toName=Sogyoepasyus name=Fīpìrụ́
          └ Facing hopeless odds, the court of Fīpìrụ́ bowed to Sogyoepasyus — keeping its throne at the price of tribute.
   19900  polity.shattered       s=431 sName=Dyuimodimis to=345 toName=Kyumiudua
          └ Its capital Dyuimodimis fell to Kyumiudua — the realm collapsed.
   19909  succession.crisis      name=Hǎịkụ̀ị
          └ The royal line failed — an interregnum of rival claimants.
   19909  succession.crisis      name=Ífpùlǐ
          └ The royal line failed — an interregnum of rival claimants.
   19909  succession.crisis      name=Mīnglìrụ́lǐ
          └ The royal line failed — an interregnum of rival claimants.
   19925  settlement.founded     s=448 sName=Fǐulpūkò city=1
          └ The city of Fǐulpūkò arose.
   19931  settlement.dissolved   s=269 why=core sName=Kìhsī
          └ Kìhsī faded back into the countryside.
   19934  succession.crisis      name=Līütlàkúlǐā
          └ The royal line failed — an interregnum of rival claimants.
   19935  settlement.dissolved   s=265 why=core sName=Rụ̄ịkò
          └ Rụ̄ịkò faded back into the countryside.
   19940  settlement.dissolved   s=260 why=core sName=Fị́tà
          └ Fị́tà faded back into the countryside.
   19941  settlement.dissolved   s=259 why=core sName=Làkfí
          └ Làkfí faded back into the countryside.
   19947  settlement.dissolved   s=253 why=core sName=Ǐstù
          └ Ǐstù faded back into the countryside.
   19949  settlement.dissolved   s=251 why=core sName=Kyusbukymiu
          └ Kyusbukymiu faded back into the countryside.
   19950  settlement.founded     s=451 sName=Imokyumu kind=crystallized
          └ Imokyumu was founded.
   19950  settlement.founded     s=451 sName=Yaghat city=1
          └ The city of Yaghat arose.
   19950  settlement.founded     s=452 sName=Tàịňnī city=1
          └ The city of Tàịňnī arose.
   19950  war.began              from=30 to=89 name=Sogyoepasyus
          └ Marched to war against Sīuxkòu.
   19950  war.began              from=358 to=89 name=Píụịtrụ̀ịkòlǐ
          └ Marched to war against Sīuxkòu.
   19950  war.began              from=357 to=438 name=Līütlàkòlǐ
          └ Marched to war against Xụ́ttīu.
   19950  war.began              from=257 to=400 name=Tótị̀kòlǐ
          └ Marched to war against Xị̀'ǐükúlǐ.
   19959  succession.crisis      name=Mīnglìrụ́lǐ
          └ The royal line failed — an interregnum of rival claimants.
   19974  plague.outbreak        s=89 sName=Sīuxkòu
          └ Plague broke out in Sīuxkòu and swept through the realm.
   19975  settlement.founded     s=457 sName=Mumui kind=crystallized
          └ Mumui was founded.
   19975  settlement.founded     s=457 sName=Mumui city=1
          └ The city of Mumui arose.
   19975  settlement.founded     s=458 sName=Pimobimsyi kind=crystallized
          └ Pimobimsyi was founded.
   19975  settlement.founded     s=458 sName=Yuphut'eb city=1
          └ The city of Yuphut'eb arose.
   19986  settlement.abandoned   s=308 sName=Fụ̀ịňní
          └ Fụ̀ịňní was abandoned.
   19987  polity.submitted       how=submission to=364 toName=Umiu name=Ňúpīlǐ
          └ Facing hopeless odds, the court of Ňúpīlǐ bowed to Umiu — keeping its throne at the price of tribute.
   19987  polity.submitted       how=union to=137 toName=Pīüffì name=Līütlàkúlǐā
          └ In the troubles of the succession, the court of Līütlàkúlǐā joined its crown to Pīüffì — one senior throne, two realms.
   19987  polity.submitted       how=union to=345 toName=Kyumiudua name=Muimmiu
          └ In the troubles of the succession, the court of Muimmiu joined its crown to Kyumiudua — one senior throne, two realms.
   19987  settlement.annexed     s=346 sName=Tàthị̀ from=335 fromName=Līütlàkúlǐā to=137 toName=Pīüffì
          └ Peacefully absorbed Tàthị̀ from Līütlàkúlǐā.
   19987  settlement.annexed     s=376 sName=Ňǐttīu from=335 fromName=Līütlàkúlǐā to=137 toName=Pīüffì
          └ Peacefully absorbed Ňǐttīu from Līütlàkúlǐā.
   19987  settlement.annexed     s=381 sName=Īmlà from=335 fromName=Līütlàkúlǐā to=137 toName=Pīüffì
          └ Peacefully absorbed Īmlà from Līütlàkúlǐā.
   19987  polity.ended           how=integrated byName=Pīüffì name=Līütlàkúlǐā
          └ Dissolved — its last cities scattered or fell silent.
   19987  settlement.annexed     s=359 sName=Muimmiu from=359 fromName=Muimmiu to=345 toName=Kyumiudua
          └ Peacefully absorbed Muimmiu from Muimmiu.
   19987  polity.ended           how=integrated byName=Kyumiudua name=Muimmiu
          └ Dissolved — its last cities scattered or fell silent.
   19987  settlement.annexed     s=360 sName=Káịkò from=360 fromName=Káịkòlǐā to=97 toName=Kètrọ̌ịlěā
          └ Peacefully absorbed Káịkò from Káịkòlǐā.
   19987  polity.seceded         from=30 fromName=Sogyoepasyus
          └ Broke away from Sogyoepasyus in a war of secession.
   19987  polity.seceded         from=30 fromName=Sogyoepasyus
          └ Broke away from Sogyoepasyus in a war of secession.
   19987  polity.seceded         from=367 fromName=Tisuimdu
          └ Broke away from Tisuimdu in a war of secession.
   19987  settlement.annexed     s=52 sName=Tị̄lākú from=257 fromName=Tótị̀kòlǐ to=424 toName=Sírụ́lǐā
          └ Peacefully absorbed Tị̄lākú from Tótị̀kòlǐ.
   19987  polity.restored        from=-1 name=Umiu
          └ The old nation rose again.
   19987  polity.ended           how=dissolved name=Semsyus
          └ Dissolved — its last cities scattered or fell silent.
   19987  polity.ended           how=dissolved name=Ňúpīrọ̀lǐ
          └ Dissolved — its last cities scattered or fell silent.
   19988  settlement.abandoned   s=306 sName=Mabimdu
          └ Mabimdu was abandoned.
   19998  settlement.abandoned   s=293 sName=Mumum
          └ Mumum was abandoned.
   19998  settlement.abandoned   s=329 sName=Lụ̌kú
          └ Lụ̌kú was abandoned.
   20000  settlement.abandoned   s=301 sName=Muimdu
          └ Muimdu was abandoned.
   20000  settlement.founded     s=463 sName=Suimokyumu city=1
          └ The city of Suimokyumu arose.
   20000  war.ended              how=faded to=190 toName=Hǔlhụ̌ name=Fùlpū
          └ The war with Fùlpū ended; some 24 soldiers never came home.
   20000  war.ended              how=sackedIntoTribute to=438 toName=Xụ́ttīu name=Tótị̀kòlǐ
          └ The war with Tótị̀kòlǐ ended.
   20000  polity.submitted       how=sackedIntoTribute to=257 toName=Tótị̀kòlǐ name=Xụ́ttīu
          └ Facing hopeless odds, the court of Xụ́ttīu bowed to Tótị̀kòlǐ — keeping its throne at the price of tribute.
   20000  war.ended              how=siegeLifted to=240 toName=Pimpadu name=Suimobuimmiusyus
          └ The war with Suimobuimmiusyus ended.
   20005  settlement.abandoned   s=276 sName=Simowumkyui
          └ Simowumkyui was abandoned.
   20005  settlement.abandoned   s=307 sName=Kǎňtụ̀ịrụ́
          └ Kǎňtụ̀ịrụ́ was abandoned.
   20009  succession.crisis      name=Mīnglìrụ́lǐ
          └ The royal line failed — an interregnum of rival claimants.
   20017  settlement.tier        s=451 sName=Yaghat
          └ Yaghat grew into a metropolis (857,000 souls).
   20019  market.dearth          s=108 sName=Gyamomumom
          └ Dearth in Gyamomumom — bread at famine prices in the market.
   20019  settlement.abandoned   s=312 sName=Pụ́ttīu
          └ Pụ́ttīu was abandoned.
   20019  settlement.abandoned   s=319 sName=Tǎtlà
          └ Tǎtlà was abandoned.
   20019  settlement.abandoned   s=320 sName=Ňīffí
          └ Ňīffí was abandoned.
   20019  settlement.abandoned   s=322 sName=Lụ̀là
          └ Lụ̀là was abandoned.
   20019  settlement.tier        s=438 sName=Xụ́ttīu
          └ Xụ́ttīu grew into a metropolis (685,000 souls).
   20020  settlement.abandoned   s=327 sName=Tǎxkòu
          └ Tǎxkòu was abandoned.
   20020  settlement.abandoned   s=331 sName=Tị̄lākò
          └ Tị̄lākò was abandoned.
   20025  settlement.founded     s=464 sName=Gyumamiu kind=crystallized
          └ Gyumamiu was founded.
   20025  settlement.founded     s=464 sName=Gyumamiu city=1
          └ The city of Gyumamiu arose.
   20025  settlement.founded     s=465 sName=Kyimmopuigy kind=crystallized
          └ Kyimmopuigy was founded.
   20025  settlement.founded     s=465 sName=Datholay city=1
          └ The city of Datholay arose.
   20026  settlement.abandoned   s=350 sName=Muimopuigy
          └ Muimopuigy was abandoned.
   20026  settlement.abandoned   s=375 sName=Pezylugo
          └ Pezylugo was abandoned.
   20026  settlement.abandoned   s=380 sName=Dylobfu
          └ Dylobfu was abandoned.
   20026  settlement.abandoned   s=386 sName=Phaphut'eb
          └ Phaphut'eb was abandoned.
   20026  settlement.abandoned   s=391 sName=Piziba
          └ Piziba was abandoned.
   20026  settlement.abandoned   s=421 sName=Kóňtụ̌ị
          └ Kóňtụ̌ị was abandoned.
   20026  settlement.abandoned   s=427 sName=Mabimmiu
          └ Mabimmiu was abandoned.
   20034  succession.crisis      name=Pīüffì
          └ The royal line failed — an interregnum of rival claimants.
   20034  succession.crisis      name=Hǎịkụ̀ị
          └ The royal line failed — an interregnum of rival claimants.
   20034  succession.crisis      name=Xị̀'ǐükúlǐ
          └ The royal line failed — an interregnum of rival claimants.
   20039  settlement.abandoned   s=298 sName=Tummosigyim
          └ Tummosigyim was abandoned.
   20039  settlement.abandoned   s=334 sName=Fǒlpù
          └ Fǒlpù was abandoned.
   20039  settlement.abandoned   s=355 sName=Xóutlà
          └ Xóutlà was abandoned.
   20039  settlement.abandoned   s=356 sName=Xụ́ňní
          └ Xụ́ňní was abandoned.
   20039  settlement.abandoned   s=359 sName=Muimmiu
          └ Muimmiu was abandoned.
   20039  settlement.abandoned   s=360 sName=Káịkò
          └ Káịkò was abandoned.
   20039  settlement.abandoned   s=376 sName=Ňǐttīu
          └ Ňǐttīu was abandoned.
   20039  settlement.abandoned   s=381 sName=Īmlà
          └ Īmlà was abandoned.
   20039  settlement.abandoned   s=395 sName=Pikymokyu
          └ Pikymokyu was abandoned.
   20039  settlement.abandoned   s=398 sName=Tipa
          └ Tipa was abandoned.
   20039  settlement.abandoned   s=403 sName=Lǒtòkò
          └ Lǒtòkò was abandoned.
   20039  settlement.abandoned   s=404 sName=Pụ́lhụ̌
          └ Pụ́lhụ̌ was abandoned.
   20039  settlement.abandoned   s=407 sName=Pụ̀fpù
          └ Pụ̀fpù was abandoned.
   20039  settlement.abandoned   s=410 sName=Nị́ffí
          └ Nị́ffí was abandoned.
   20039  settlement.abandoned   s=415 sName=Yùlà
          └ Yùlà was abandoned.
   20039  settlement.abandoned   s=417 sName=Kìhtà
          └ Kìhtà was abandoned.
   20039  settlement.abandoned   s=418 sName=Fīpìrụ́
          └ Fīpìrụ́ was abandoned.
   20039  settlement.abandoned   s=423 sName=Fǒlňà
          └ Fǒlňà was abandoned.
   20039  settlement.abandoned   s=428 sName=Ňímrá
          └ Ňímrá was abandoned.
   20040  settlement.abandoned   s=337 sName=Hìulpù
          └ Hìulpù was abandoned.
   20040  market.dearth          s=438 sName=Xụ́ttīu
          └ Dearth in Xụ́ttīu — bread at famine prices in the market.
   20041  settlement.abandoned   s=346 sName=Tàthị̀
          └ Tàthị̀ was abandoned.
   20042  settlement.abandoned   s=425 sName=Nātrụ̄ị
          └ Nātrụ̄ị was abandoned.
   20050  settlement.founded     s=468 sName=Uduspa kind=crystallized
          └ Uduspa was founded.
   20050  settlement.founded     s=468 sName=Uduspa city=1
          └ The city of Uduspa arose.
   20050  settlement.founded     s=469 sName=Ummosummusui kind=crystallized
          └ Ummosummusui was founded.
   20050  settlement.founded     s=469 sName=Dapboyumf city=1
          └ The city of Dapboyumf arose.
   20050  settlement.founded     s=470 sName=Tị̄ city=1
          └ The city of Tị̄ arose.
   20050  war.began              from=322 to=89 name=Ňímrá
          └ Marched to war against Sīuxkòu.
   20050  war.began              from=438 to=322 name=Xụ́ttīu
          └ Marched to war against Ňímrá as the succession failed.
   20050  war.began              from=424 to=257 name=Sírụ́lǐā
          └ Marched to war against Tótị̀kòlǐ.
   20075  settlement.founded     s=478 sName=Pinimmiu kind=crystallized
          └ Pinimmiu was founded.
   20075  settlement.founded     s=478 sName=Pinimmiu city=1
          └ The city of Pinimmiu arose.
   20075  settlement.founded     s=479 sName=Ňǐppì kind=crystallized
          └ Ňǐppì was founded.
   20075  settlement.founded     s=479 sName=Ňǐppì city=1
          └ The city of Ňǐppì arose.
   20075  settlement.founded     s=480 sName=Fị̌kfí city=1
          └ The city of Fị̌kfí arose.
   20095  settlement.tier        s=97 sName=Kètrọ̌ị
          └ Kètrọ̌ị grew into a metropolis (695,000 souls).
   20100  settlement.founded     s=486 sName=Papa kind=crystallized
          └ Papa was founded.
   20100  settlement.founded     s=486 sName=Papa city=1
          └ The city of Papa arose.
   20100  settlement.founded     s=487 sName=Ngǎịstù kind=crystallized
          └ Ngǎịstù was founded.
   20100  settlement.founded     s=487 sName=Ngǎịstù city=1
          └ The city of Ngǎịstù arose.
   20100  settlement.founded     s=488 sName=Yūsfá city=1
          └ The city of Yūsfá arose.
   20100  war.began              from=257 to=424 name=Tótị̀kòlǐ
          └ Marched to war against Sírụ́lǐā as the succession failed.
   20100  war.ended              how=faded to=315 toName=Ňímrálǐ name=Ňěňní
          └ The war with Ňěňní ended.
   20125  settlement.founded     s=494 sName=Nástù kind=crystallized
          └ Nástù was founded.
   20125  settlement.founded     s=494 sName=Nástù city=1
          └ The city of Nástù arose.
   20125  settlement.founded     s=495 sName=Fị̌kfí city=1
          └ The city of Fị̌kfí arose.
   20125  settlement.founded     s=499 sName=Ukymotisuim city=1
          └ The city of Ukymotisuim arose.
   20137  polity.submitted       how=submission to=364 toName=Umiu name=Dupasyusa
          └ Facing hopeless odds, the court of Dupasyusa bowed to Umiu — keeping its throne at the price of tribute.
   20137  settlement.annexed     s=231 sName=Ňúpī from=231 fromName=Ňúpīlǐ to=364 toName=Umiu
          └ Peacefully absorbed Ňúpī from Ňúpīlǐ.
   20137  polity.ended           how=integrated byName=Umiu name=Ňúpīlǐ
          └ Dissolved — its last cities scattered or fell silent.
   20137  settlement.annexed     s=432 sName=Fị́tà from=432 fromName=Fị́tàlǐā to=53 toName=Èňkūlě
          └ Peacefully absorbed Fị́tà from Fị́tàlǐā.
   20137  polity.ended           how=integrated byName=Èňkūlě name=Fị́tàlǐā
          └ Dissolved — its last cities scattered or fell silent.
   20137  settlement.annexed     s=97 sName=Kètrọ̌ị from=97 fromName=Kètrọ̌ịlěā to=400 toName=Xị̀'ǐükúlǐ
          └ Peacefully absorbed Kètrọ̌ị from Kètrọ̌ịlěā.
   20137  settlement.annexed     s=383 sName=Fụ̀ịttīu from=270 fromName=Kị̀pị̀kòlǐ to=257 toName=Tótị̀kòlǐ
          └ Peacefully absorbed Fụ̀ịttīu from Kị̀pị̀kòlǐ.
   20137  polity.ended           how=dissolved name=Kètrọ̌ịlěā
          └ Dissolved — its last cities scattered or fell silent.
   20142  settlement.tier        s=457 sName=Mumui
          └ Mumui grew into a town (2,000 souls).
   20147  settlement.abandoned   s=187 sName=Hímpíü
          └ Hímpíü was abandoned.
   20150  settlement.founded     s=503 sName=Sīutlà kind=crystallized
          └ Sīutlà was founded.
   20150  settlement.founded     s=503 sName=Sīutlà city=1
          └ The city of Sīutlà arose.
   20150  settlement.founded     s=504 sName=Híufpù city=1
          └ The city of Híufpù arose.
   20150  settlement.founded     s=511 sName=Dugyumuky city=1
          └ The city of Dugyumuky arose.
   20150  war.began              from=371 to=463 name=Unkyuimiu
          └ Marched to war against Suimokyumudua.
   20150  war.began              from=406 to=371 name=Istuimiu
          └ Marched to war against Unkyuimiu.
   20150  war.began              from=364 to=29 name=Umiu
          └ Marched to war against Pomponsomsyus.
   20150  war.began              from=29 to=364 name=Pomponsomsyus
          └ Marched to war against Umiu.
   20150  war.began              from=29 to=183 name=Pomponsomsyus
          └ Marched to war against Suimobuimmiusyus under the banner of the faith.
   20150  polity.shattered       s=315 sName=Ňímrá to=438 toName=Xụ́ttīu
          └ Its capital Ňímrá fell to Xụ́ttīu — the realm collapsed.
   20150  polity.ended           how=conquest byName=Xụ́ttīu name=Ňímrá
          └ Fell to Xụ́ttīu and was erased from the map.
   20150  polity.shattered       s=344 sName=Līütlàkò to=257 toName=Tótị̀kòlǐ
          └ Its capital Līütlàkò fell to Tótị̀kòlǐ — the realm collapsed.
   20160  settlement.founded     s=513 sName=Tǎrụ́ kind=planted
          └ Tǎrụ́ was founded.
   20160  town.planted           s=513 sName=Tǎrụ́
          └ The crown planted Tǎrụ́ to hold the march.
   20161  settlement.tier        s=390 sName=Umosummusui
          └ Umosummusui grew into a metropolis (852,000 souls).
   20175  settlement.founded     s=516 sName=Buimmiupa kind=crystallized
          └ Buimmiupa was founded.
   20175  settlement.founded     s=516 sName=Buimmiupa city=1
          └ The city of Buimmiupa arose.
   20175  settlement.founded     s=517 sName=Fòuttīu kind=crystallized
          └ Fòuttīu was founded.
   20175  settlement.founded     s=517 sName=Fòuttīu city=1
          └ The city of Fòuttīu arose.
   20175  settlement.founded     s=518 sName=Tàịňnīrụ́ city=1
          └ The city of Tàịňnīrụ́ arose.
   20188  market.dearth          s=170 sName=Xóuttīu
          └ Dearth in Xóuttīu — bread at famine prices in the market.
   20200  settlement.founded     s=525 sName=Ummobimsyi kind=crystallized
          └ Ummobimsyi was founded.
   20200  settlement.founded     s=525 sName=Ummobimsyi city=1
          └ The city of Ummobimsyi arose.
   20200  settlement.founded     s=526 sName=Nàmrá kind=crystallized
          └ Nàmrá was founded.
   20200  settlement.founded     s=526 sName=Nàmrá city=1
          └ The city of Nàmrá arose.
   20200  settlement.founded     s=527 sName=Sírụ́ city=1
          └ The city of Sírụ́ arose.
   20200  war.began              from=499 to=502 name=Ukymotisuimdu
          └ Marched to war against Rugyudua.
   20200  war.began              from=502 to=499 name=Rugyudua
          └ Marched to war against Ukymotisuimdu.
   20200  war.began              from=406 to=499 name=Istuimiu
          └ Marched to war against Ukymotisuimdu.
   20200  war.began              from=367 to=499 name=Tisuimdu
          └ Marched to war against Ukymotisuimdu.
   20200  war.began              from=345 to=29 name=Kyumiudua
          └ Marched to war against Pomponsomsyus.
   20200  war.began              from=364 to=345 name=Umiu
          └ Marched to war against Kyumiudua as the succession failed.
   20200  war.began              from=438 to=469 name=Xụ́ttīu
          └ Marched to war against Dapboyumf.
   20200  war.began              from=257 to=373 name=Tótị̀kòlǐ
          └ Marched to war against Yūstùlǐ.
   20200  war.ended              how=faded to=137 toName=Pīüffì name=Fùlpū
          └ The war with Fùlpū ended.
   20200  war.ended              how=faded to=233 toName=Sismomabimsyus name=Hímpíü
          └ The war with Hímpíü ended; some 8 soldiers never came home.
   20225  settlement.founded     s=537 sName=Kǔrụ́ kind=crystallized
          └ Kǔrụ́ was founded.
   20225  settlement.founded     s=537 sName=Kǔrụ́ city=1
          └ The city of Kǔrụ́ arose.
   20225  settlement.founded     s=538 sName=Fǒu'sī city=1
          └ The city of Fǒu'sī arose.
   20250  settlement.founded     s=544 sName=Nīfìü kind=crystallized
          └ Nīfìü was founded.
   20250  settlement.founded     s=544 sName=Nīfìü city=1
          └ The city of Nīfìü arose.
   20250  settlement.founded     s=545 sName=Kǎňtụ̀ị city=1
          └ The city of Kǎňtụ̀ị arose.
   20250  settlement.founded     s=549 sName=Umobimsyi city=1
          └ The city of Umobimsyi arose.
   20250  war.began              from=438 to=364 name=Xụ́ttīu
          └ Marched to war against Umiu.
   20250  war.began              from=364 to=469 name=Umiu
          └ Marched to war against Dapboyumf.
   20250  polity.shattered       s=183 sName=Suimobuimmiu to=29 toName=Pomponsomsyus
          └ Its capital Suimobuimmiu fell to Pomponsomsyus — the realm collapsed.
   20250  polity.ended           how=conquest byName=Pomponsomsyus name=Suimobuimmiusyus
          └ Fell to Pomponsomsyus and was erased from the map.
   20275  settlement.founded     s=552 sName=Xǒumpíü kind=crystallized
          └ Xǒumpíü was founded.
   20275  settlement.founded     s=552 sName=Xǒumpíü city=1
          └ The city of Xǒumpíü arose.
   20275  settlement.founded     s=553 sName=Ngàịtlà city=1
          └ The city of Ngàịtlà arose.
   20287  polity.submitted       how=union to=53 toName=Èňkūlě name=Mīnglìrụ́lǐ
          └ In the troubles of the succession, the court of Mīnglìrụ́lǐ joined its crown to Èňkūlě — one senior throne, two realms.
   20287  settlement.annexed     s=351 sName=Mīnglìrụ́ from=351 fromName=Mīnglìrụ́lǐ to=53 toName=Èňkūlě
          └ Peacefully absorbed Mīnglìrụ́ from Mīnglìrụ́lǐ.
   20287  polity.ended           how=integrated byName=Èňkūlě name=Mīnglìrụ́lǐ
          └ Dissolved — its last cities scattered or fell silent.
   20287  polity.ended           how=dissolved name=Hímpíü
          └ Dissolved — its last cities scattered or fell silent.
   20300  settlement.founded     s=559 sName=Kyu kind=crystallized
          └ Kyu was founded.
   20300  settlement.founded     s=559 sName=Kyu city=1
          └ The city of Kyu arose.
   20300  settlement.founded     s=560 sName=Fōnlà city=1
          └ The city of Fōnlà arose.
   20300  war.began              from=29 to=345 name=Pomponsomsyus
          └ Marched to war against Kyumiudua.
   20307  market.dearth          s=345 sName=Kyumiu
          └ Dearth in Kyumiu — bread at famine prices in the market.
   20322  market.dearth          s=390 sName=Umosummusui
          └ Dearth in Umosummusui — bread at famine prices in the market.
   20324  market.dearth          s=469 sName=Dapboyumf
          └ Dearth in Dapboyumf — bread at famine prices in the market.
   20325  settlement.founded     s=565 sName=Lǐfpú kind=crystallized
          └ Lǐfpú was founded.
   20325  settlement.founded     s=565 sName=Lǐfpú city=1
          └ The city of Lǐfpú arose.
   20325  settlement.founded     s=566 sName=Lǎtlà city=1
          └ The city of Lǎtlà arose.
   20350  settlement.founded     s=572 sName=Tị̌pō kind=crystallized
          └ Tị̌pō was founded.
   20350  settlement.founded     s=572 sName=Tị̌pō city=1
          └ The city of Tị̌pō arose.
   20350  settlement.founded     s=573 sName=Fōnlà city=1
          └ The city of Fōnlà arose.
   20350  war.began              from=257 to=29 name=Tótị̀kòlǐ
          └ Marched to war against Pomponsomsyus as the succession failed.
   20350  war.ended              how=faded to=233 toName=Sismomabimsyus name=Pigyimmoesyus
          └ The war with Pigyimmoesyus ended; some 3 soldiers never came home.
   20375  settlement.founded     s=578 sName=Lǎňpì kind=crystallized
          └ Lǎňpì was founded.
   20375  settlement.founded     s=578 sName=Lǎňpì city=1
          └ The city of Lǎňpì arose.
   20375  settlement.founded     s=579 sName=Fòutrụ̄ị city=1
          └ The city of Fòutrụ̄ị arose.
   20400  settlement.founded     s=584 sName=Nị̌stù kind=crystallized
          └ Nị̌stù was founded.
   20400  settlement.founded     s=584 sName=Nị̌stù city=1
          └ The city of Nị̌stù arose.
   20400  settlement.founded     s=585 sName=Ìňní city=1
          └ The city of Ìňní arose.
   20400  war.began              from=499 to=406 name=Ukymotisuimdu
          └ Marched to war against Istuimiu.
   20400  war.began              from=257 to=469 name=Tótị̀kòlǐ
          └ Marched to war against Dapboyumf.
   20400  war.began              from=438 to=399 name=Xụ́ttīu
          └ Marched to war against Xōukfílǐā.
   20404  settlement.abandoned   s=323 sName=Hǎịkụ̀ị
          └ Hǎịkụ̀ị was abandoned.
   20425  settlement.founded     s=586 sName=Īmpíü kind=crystallized
          └ Īmpíü was founded.
   20425  settlement.founded     s=586 sName=Īmpíü city=1
          └ The city of Īmpíü arose.
   20425  settlement.founded     s=587 sName=Tụ̄kò city=1
          └ The city of Tụ̄kò arose.
   20425  settlement.founded     s=589 sName=Immosismuib city=1
          └ The city of Immosismuib arose.
   20437  polity.submitted       how=submission to=399 toName=Xōukfílǐā name=Xǐrụ́lǐā
          └ Facing hopeless odds, the court of Xǐrụ́lǐā bowed to Xōukfílǐā — keeping its throne at the price of tribute.
   20437  polity.submitted       how=submission to=399 toName=Xōukfílǐā name=Sǔstùlǐā
          └ Facing hopeless odds, the court of Sǔstùlǐā bowed to Xōukfílǐā — keeping its throne at the price of tribute.
   20437  polity.submitted       how=submission to=137 toName=Pīüffì name=Sị́lǐā
          └ Facing hopeless odds, the court of Sị́lǐā bowed to Pīüffì — keeping its throne at the price of tribute.
   20437  polity.submitted       how=submission to=499 toName=Ukymotisuimdu name=Masmomissi
          └ Facing hopeless odds, the court of Masmomissi bowed to Ukymotisuimdu — keeping its throne at the price of tribute.
   20437  settlement.annexed     s=181 sName=Hóuxkòu from=166 fromName=Xǐrụ́lǐā to=399 toName=Xōukfílǐā
          └ Peacefully absorbed Hóuxkòu from Xǐrụ́lǐā.
   20437  polity.ended           how=integrated byName=Xōukfílǐā name=Xǐrụ́lǐā
          └ Dissolved — its last cities scattered or fell silent.
   20437  polity.seceded         from=399 fromName=Xōukfílǐā
          └ Broke away from Xōukfílǐā in a war of secession.
   20437  polity.ended           how=dissolved name=Hǎịkụ̀ị
          └ Dissolved — its last cities scattered or fell silent.
   20449  settlement.tier        s=325 sName=Lụ̄nlārụ́
          └ Lụ̄nlārụ́ grew into a metropolis (918,000 souls).
   20449  settlement.tier        s=457 sName=Mumui
          └ Mumui grew into a metropolis (896,000 souls).
   20450  settlement.founded     s=591 sName=Nàmpíü kind=crystallized
          └ Nàmpíü was founded.
   20450  settlement.founded     s=591 sName=Nàmpíü city=1
          └ The city of Nàmpíü arose.
   20450  settlement.founded     s=594 sName=Umodugyumuky city=1
          └ The city of Umodugyumuky arose.
   20450  war.began              from=469 to=465 name=Dapboyumf
          └ Marched to war against Datholaytay.
   20450  war.began              from=438 to=89 name=Xụ́ttīu
          └ Marched to war against Sīuxkòu.
   20450  war.began              from=400 to=137 name=Xị̀'ǐükúlǐ
          └ Marched to war against Pīüffì.
   20450  war.began              from=349 to=475 name=Ífpùlǐ
          └ Marched to war against Sị́lǐā.
   20450  war.began              from=29 to=445 name=Pomponsomsyus
          └ Marched to war against Timuimiu.
   20450  war.began              from=170 to=445 name=Xóuttīulǐ
          └ Marched to war against Timuimiu.
   20450  war.ended              how=siegeLifted to=502 toName=Rugyudua name=Ukymotisuimdu
          └ The war with Ukymotisuimdu ended.
   20452  settlement.tier        s=559 sName=Kyu
          └ Kyu grew into a city (86,000 souls).
   20475  settlement.founded     s=595 sName=Tàthị̀kò kind=crystallized
          └ Tàthị̀kò was founded.
   20475  settlement.founded     s=595 sName=Tàthị̀kò city=1
          └ The city of Tàthị̀kò arose.
   20475  settlement.founded     s=596 sName=Pụ̄lhụ̀ city=1
          └ The city of Pụ̄lhụ̀ arose.
   20500  settlement.founded     s=599 sName=Ňímpíü kind=crystallized
          └ Ňímpíü was founded.
   20500  settlement.founded     s=599 sName=Ňímpíü city=1
          └ The city of Ňímpíü arose.
   20500  war.began              from=29 to=465 name=Pomponsomsyus
          └ Marched to war against Datholaytay.
   20500  war.began              from=438 to=465 name=Xụ́ttīu
          └ Marched to war against Datholaytay.
   20500  war.began              from=469 to=170 name=Dapboyumf
          └ Marched to war against Xóuttīulǐ.
   20500  polity.shattered       s=345 sName=Kyumiu to=29 toName=Pomponsomsyus
          └ Its capital Kyumiu fell to Pomponsomsyus — the realm collapsed.
   20500  polity.ended           how=conquest byName=Pomponsomsyus name=Kyumiudua
          └ Fell to Pomponsomsyus and was erased from the map.
   20520  settlement.abandoned   s=397 sName=Úrírụ́
          └ Úrírụ́ was abandoned.
   20525  settlement.founded     s=604 sName=Pị́rụ́ kind=crystallized
          └ Pị́rụ́ was founded.
   20525  settlement.founded     s=604 sName=Pị́rụ́ city=1
          └ The city of Pị́rụ́ arose.
   20525  settlement.founded     s=605 sName=Fǒtlà city=1
          └ The city of Fǒtlà arose.
   20550  settlement.founded     s=608 sName=Līütlàkú kind=crystallized
          └ Līütlàkú was founded.
   20550  settlement.founded     s=608 sName=Līütlàkú city=1
          └ The city of Līütlàkú arose.
   20550  settlement.founded     s=609 sName=Xóulhụ̌ city=1
          └ The city of Xóulhụ̌ arose.
   20550  war.began              from=499 to=367 name=Ukymotisuimdu
          └ Marched to war against Tisuimdu.
   20550  war.began              from=469 to=89 name=Dapboyumf
          └ Marched to war against Sīuxkòu.
   20550  war.began              from=137 to=424 name=Pīüffì
          └ Marched to war against Sírụ́lǐā.
   20550  war.began              from=29 to=146 name=Pomponsomsyus
          └ Marched to war against Dibavymitax.
   20550  war.began              from=29 to=449 name=Pomponsomsyus
          └ Marched to war against Niifax.
   20550  war.ended              how=faded to=315 toName=Ňímrálǐ name=Xụ̀nlàlǐ
          └ The war with Xụ̀nlàlǐ ended; some 2 soldiers never came home.
   20550  war.ended              how=faded to=190 toName=Hǔlhụ̌ name=Sogyoepasyus
          └ The war with Sogyoepasyus ended; some 20 soldiers never came home.
   20550  polity.shattered       s=465 sName=Datholay to=469 toName=Dapboyumf
          └ Its capital Datholay fell to Dapboyumf — the realm collapsed.
   20550  polity.ended           how=conquest byName=Dapboyumf name=Datholaytay
          └ Fell to Dapboyumf and was erased from the map.
   20575  settlement.founded     s=612 sName=Kǎňtụ̀ịkú kind=crystallized
          └ Kǎňtụ̀ịkú was founded.
   20575  settlement.founded     s=612 sName=Kǎňtụ̀ịkú city=1
          └ The city of Kǎňtụ̀ịkú arose.
   20587  polity.seceded         from=469 fromName=Dapboyumf
          └ Broke away from Dapboyumf in a war of secession.
   20593  market.dearth          s=2 sName=Fùlpū
          └ Dearth in Fùlpū — bread at famine prices in the market.
   20593  settlement.withered    s=368 sName=Syamomuisium
          └ Syamomuisium withered away and was abandoned.
   20594  market.dearth          s=1 sName=Ňěňní
          └ Dearth in Ňěňní — bread at famine prices in the market.
   20600  settlement.founded     s=616 sName=Līütlàkú kind=crystallized
          └ Līütlàkú was founded.
   20600  settlement.founded     s=616 sName=Līütlàkú city=1
          └ The city of Līütlàkú arose.
   20600  war.began              from=45 to=89 name=Fùlpū
          └ Renewed the old war against Sīuxkòu.
   20600  war.began              from=349 to=89 name=Ífpùlǐ
          └ Marched to war against Sīuxkòu.
   20600  polity.shattered       s=445 sName=Timuimiu to=29 toName=Pomponsomsyus
          └ Its capital Timuimiu fell to Pomponsomsyus — the realm collapsed.
   20600  polity.submitted       how=inherited to=29 toName=Pomponsomsyus name=Iskyudu
          └ Facing hopeless odds, the court of Iskyudu bowed to Pomponsomsyus — keeping its throne at the price of tribute.
   20619  market.dearth          s=399 sName=Xōukfí
          └ Dearth in Xōukfí — bread at famine prices in the market.
   20625  settlement.founded     s=620 sName=Pụ́lhụ̌ kind=crystallized
          └ Pụ́lhụ̌ was founded.
   20625  settlement.founded     s=620 sName=Pụ́lhụ̌ city=1
          └ The city of Pụ́lhụ̌ arose.
   20625  settlement.founded     s=621 sName=Kíffí city=1
          └ The city of Kíffí arose.
   20629  settlement.dissolved   s=171 why=core sName=Fụ̀ịlňà
          └ Fụ̀ịlňà faded back into the countryside.
   20650  settlement.founded     s=625 sName=Sǒ kind=crystallized
          └ Sǒ was founded.
   20650  settlement.founded     s=625 sName=Sǒ city=1
          └ The city of Sǒ arose.
   20650  war.began              from=612 to=469 name=Kǎňtụ̀ịkúlǐā
          └ Marched to war against Dapboyumf.
   20650  war.began              from=469 to=612 name=Dapboyumf
          └ Marched to war against Kǎňtụ̀ịkúlǐā.
   20650  polity.shattered       s=1 sName=Ňěňní to=469 toName=Dapboyumf
          └ Its capital Ňěňní fell to Dapboyumf — the realm collapsed.
   20650  polity.ended           how=conquest byName=Dapboyumf name=Sīuxkòu
          └ Fell to Dapboyumf and was erased from the map.
   20655  settlement.withered    s=339 sName=Tìttíukú
          └ Tìttíukú withered away and was abandoned.
   20671  settlement.withered    s=305 sName=Xụ̀ftà
          └ Xụ̀ftà withered away and was abandoned.
   20673  settlement.abandoned   s=304 sName=Lụ́lňà
          └ Lụ́lňà was abandoned.
   20675  settlement.founded     s=628 sName=Kótlà kind=crystallized
          └ Kótlà was founded.
   20675  settlement.founded     s=628 sName=Kótlà city=1
          └ The city of Kótlà arose.
   20678  market.dearth          s=457 sName=Mumui
          └ Dearth in Mumui — bread at famine prices in the market.
   20694  settlement.abandoned   s=190 sName=Hǔlhụ̌
          └ Hǔlhụ̌ was abandoned.
   20697  market.dearth          s=315 sName=Ňímrá
          └ Dearth in Ňímrá — bread at famine prices in the market.
   20700  settlement.founded     s=632 sName=Lụ̄nlārụ́ kind=crystallized
          └ Lụ̄nlārụ́ was founded.
   20700  settlement.founded     s=632 sName=Lụ̄nlārụ́ city=1
          └ The city of Lụ̄nlārụ́ arose.
   20725  settlement.founded     s=639 sName=Xóuxkòu kind=crystallized
          └ Xóuxkòu was founded.
   20725  settlement.founded     s=639 sName=Xóuxkòu city=1
          └ The city of Xóuxkòu arose.
   20736  settlement.dissolved   s=264 why=core sName=Dupa
          └ Dupa faded back into the countryside.
   20737  polity.seceded         from=469 fromName=Dapboyumf
          └ Broke away from Dapboyumf in a war of secession.
   20737  polity.seceded         from=612 fromName=Kǎňtụ̀ịkúlǐā
          └ Broke away from Kǎňtụ̀ịkúlǐā in a war of secession.
   20737  polity.ended           how=dissolved name=Hǔlhụ̌
          └ Dissolved — its last cities scattered or fell silent.
   20737  polity.ended           how=dissolved name=Xụ̀ftàlǐā
          └ Dissolved — its last cities scattered or fell silent.
   20738  market.dearth          s=559 sName=Kyu
          └ Dearth in Kyu — bread at famine prices in the market.
   20750  settlement.founded     s=644 sName=Līütlàkú kind=crystallized
          └ Līütlàkú was founded.
   20750  settlement.founded     s=644 sName=Līütlàkú city=1
          └ The city of Līütlàkú arose.
   20750  war.began              from=29 to=444 name=Pomponsomsyus
          └ Marched to war against Masmopa.
   20750  war.began              from=469 to=559 name=Dapboyumf
          └ Marched to war against Kyudu.
   20750  war.began              from=170 to=559 name=Xóuttīulǐ
          └ Marched to war against Kyudu.
   20750  war.began              from=612 to=170 name=Kǎňtụ̀ịkúlǐā
          └ Marched to war against Xóuttīulǐ.
   20750  war.began              from=45 to=469 name=Fùlpū
          └ Marched to war against Dapboyumf.
   20750  war.began              from=349 to=469 name=Ífpùlǐ
          └ Marched to war against Dapboyumf.
   20750  war.ended              how=faded to=288 toName=Mumumsyusa name=Pigyimmoesyus
          └ The war with Pigyimmoesyus ended; some 1 soldiers never came home.
   20750  war.ended              how=faded to=345 toName=Kyumiudua name=Ňímrálǐ
          └ The war with Ňímrálǐ ended.
   20750  war.ended              how=faded to=368 toName=Syamomuisiumdu name=Ňímrálǐ
          └ The war with Ňímrálǐ ended.
   20800  war.began              from=559 to=170 name=Kyudu
          └ Marched to war against Xóuttīulǐ.
   20800  war.ended              how=faded to=368 toName=Syamomuisiumdu name=Sīuxkòu
          └ The war with Sīuxkòu ended.
   20825  settlement.founded     s=655 sName=Ìltù city=1
          └ The city of Ìltù arose.
   20850  war.began              from=29 to=631 name=Pomponsomsyus
          └ Marched to war against Pimsymiuptu.
   20850  war.ended              how=faded to=368 toName=Syamomuisiumdu name=Pigyimmoesyus
          └ The war with Pigyimmoesyus ended; some 41 soldiers never came home.
   20850  polity.shattered       s=170 sName=Xóuttīu to=612 toName=Kǎňtụ̀ịkúlǐā
          └ Its capital Xóuttīu fell to Kǎňtụ̀ịkúlǐā — the realm collapsed.
   20850  polity.ended           how=conquest byName=Kǎňtụ̀ịkúlǐā name=Xóuttīulǐ
          └ Fell to Kǎňtụ̀ịkúlǐā and was erased from the map.
   20850  polity.shattered       s=469 sName=Dapboyumf to=45 toName=Fùlpū
          └ Its capital Dapboyumf fell to Fùlpū — the realm collapsed.
   20850  polity.ended           how=conquest byName=Fùlpū name=Dapboyumf
          └ Fell to Fùlpū and was erased from the map.
   20850  war.ended              how=sackedIntoTribute to=469 toName=Dapboyumf name=Ífpùlǐ
          └ The war with Ífpùlǐ ended; some 1 soldiers never came home.
   20850  polity.submitted       how=sackedIntoTribute to=349 toName=Ífpùlǐ name=Dapboyumf
          └ Facing hopeless odds, the court of Dapboyumf bowed to Ífpùlǐ — keeping its throne at the price of tribute.
   20874  market.dearth          s=438 sName=Xụ́ttīu
          └ Dearth in Xụ́ttīu — bread at famine prices in the market.
   20887  polity.submitted       how=submission to=399 toName=Xōukfílǐā name=Xụ̀nlàlǐ
          └ Facing hopeless odds, the court of Xụ̀nlàlǐ bowed to Xōukfílǐā — keeping its throne at the price of tribute.
   20887  polity.submitted       how=submission to=499 toName=Ukymotisuimdu name=Kyuspa
          └ Facing hopeless odds, the court of Kyuspa bowed to Ukymotisuimdu — keeping its throne at the price of tribute.
   20887  polity.seceded         from=29 fromName=Pomponsomsyus
          └ Broke away from Pomponsomsyus in a war of secession.
   20900  war.began              from=559 to=457 name=Kyudu
          └ Marched to war against Mumuidua.
   20900  war.began              from=457 to=616 name=Mumuidua
          └ Marched to war against Līütlàkú.
   20900  war.began              from=45 to=616 name=Fùlpū
          └ Marched to war against Līütlàkú.
   20900  war.began              from=612 to=45 name=Kǎňtụ̀ịkúlǐā
          └ Marched to war against Fùlpū.
   20900  war.began              from=424 to=591 name=Sírụ́lǐā
          └ Marched to war against Nàmpíülǐā.
   20900  war.ended              how=siegeLifted to=499 toName=Ukymotisuimdu name=Istuimiu
          └ The war with Istuimiu ended.
   20950  settlement.founded     s=667 sName=Kyumiu city=1
          └ The city of Kyumiu arose.
   20950  war.began              from=605 to=591 name=Fǒtlàlǐ
          └ Marched to war against Nàmpíülǐā.
   20950  war.began              from=424 to=605 name=Sírụ́lǐā
          └ Marched to war against Fǒtlàlǐ.
   20981  settlement.abandoned   s=252 sName=Rimowumkyui
          └ Rimowumkyui was abandoned.
   20996  settlement.tier        s=513 sName=Tǎrụ́
          └ Tǎrụ́ grew into a city (10,000 souls).
   21000  plague.outbreak        s=431 sName=Dyuimodimis
          └ Plague broke out in Dyuimodimis and swept through the realm.
   21000  plague.outbreak        s=437 sName=Tukyukyu
          └ Plague broke out in Tukyukyu and swept through the realm.
   21000  plague.outbreak        s=451 sName=Yaghat
          └ Plague broke out in Yaghat and swept through the realm.
   21000  plague.outbreak        s=457 sName=Mumui
          └ Plague broke out in Mumui and swept through the realm.
   21000  plague.outbreak        s=463 sName=Suimokyumu
          └ Plague broke out in Suimokyumu and swept through the realm.
   21000  plague.outbreak        s=465 sName=Datholay
          └ Plague broke out in Datholay and swept through the realm.
   21000  plague.outbreak        s=503 sName=Sīutlà
          └ Plague broke out in Sīutlà and swept through the realm.
   21000  plague.outbreak        s=513 sName=Tǎrụ́
          └ Plague broke out in Tǎrụ́ and swept through the realm.
   21000  plague.outbreak        s=549 sName=Umobimsyi
          └ Plague broke out in Umobimsyi and swept through the realm.
   21000  plague.outbreak        s=559 sName=Kyu
          └ Plague broke out in Kyu and swept through the realm.
   21000  plague.outbreak        s=616 sName=Līütlàkú
          └ Plague broke out in Līütlàkú and swept through the realm.
   21000  plague.outbreak        s=439 sName=Fòutlà
          └ Plague broke out in Fòutlà and swept through the realm.
   21000  plague.outbreak        s=566 sName=Lǎtlà
          └ Plague broke out in Lǎtlà and swept through the realm.
   21000  plague.outbreak        s=605 sName=Fǒtlà
          └ Plague broke out in Fǒtlà and swept through the realm.
   21000  plague.outbreak        s=609 sName=Xóulhụ̌
          └ Plague broke out in Xóulhụ̌ and swept through the realm.
   21000  plague.virginSoil      s=445 sName=Timuimiu mortality=0.61
          └ A pestilence unknown to Timuimiu came ashore with the strangers, and they had no defence against it.
   21000  plague.outbreak        s=432 sName=Fị́tà
          └ Plague broke out in Fị́tà and swept through the realm.
   21000  plague.outbreak        s=438 sName=Xụ́ttīu
          └ Plague broke out in Xụ́ttīu and swept through the realm.
   21000  plague.outbreak        s=565 sName=Lǐfpú
          └ Plague broke out in Lǐfpú and swept through the realm.
   21000  plague.outbreak        s=572 sName=Tị̌pō
          └ Plague broke out in Tị̌pō and swept through the realm.
   21000  plague.outbreak        s=591 sName=Nàmpíü
          └ Plague broke out in Nàmpíü and swept through the realm.
   21000  plague.outbreak        s=596 sName=Pụ̄lhụ̀
          └ Plague broke out in Pụ̄lhụ̀ and swept through the realm.
   21000  war.began              from=364 to=457 name=Umiu
          └ Marched to war against Mumuidua.
   21000  polity.shattered       s=591 sName=Nàmpíü to=424 toName=Sírụ́lǐā
          └ Its capital Nàmpíü fell to Sírụ́lǐā — the realm collapsed.
   21000  polity.ended           how=conquest byName=Sírụ́lǐā name=Nàmpíülǐā
          └ Fell to Sírụ́lǐā and was erased from the map.
   21022  market.dearth          s=170 sName=Xóuttīu
          └ Dearth in Xóuttīu — bread at famine prices in the market.
   21025  settlement.abandoned   s=231 sName=Ňúpī
          └ Ňúpī was abandoned.
   21025  settlement.abandoned   s=559 sName=Kyu
          └ Kyu was abandoned.
   21025  settlement.tier        s=605 sName=Fǒtlà
          └ Fǒtlà grew into a metropolis (1,128,000 souls).
   21025  settlement.founded     s=670 sName=Tụ̀ịrúkò kind=crystallized
          └ Tụ̀ịrúkò was founded.
   21025  settlement.founded     s=670 sName=Tụ̀ịrúkò city=1
          └ The city of Tụ̀ịrúkò arose.
   21032  plague.outbreak        s=183 sName=Suimobuimmiu
          └ Plague broke out in Suimobuimmiu and swept through the realm.
   21035  market.dearth          s=616 sName=Līütlàkú
          └ Dearth in Līütlàkú — bread at famine prices in the market.
   21037  polity.submitted       how=submission to=605 toName=Fǒtlàlǐ name=Tótị̀kòlǐ
          └ Facing hopeless odds, the court of Tótị̀kòlǐ bowed to Fǒtlàlǐ — keeping its throne at the price of tribute.
   21037  polity.submitted       how=submission to=605 toName=Fǒtlàlǐ name=Sị́lǐā
          └ Facing hopeless odds, the court of Sị́lǐā bowed to Fǒtlàlǐ — keeping its throne at the price of tribute.
   21037  polity.submitted       how=submission to=499 toName=Ukymotisuimdu name=Dyuimomissidua
          └ Facing hopeless odds, the court of Dyuimomissidua bowed to Ukymotisuimdu — keeping its throne at the price of tribute.
   21037  polity.seceded         from=612 fromName=Kǎňtụ̀ịkúlǐā
          └ Broke away from Kǎňtụ̀ịkúlǐā in a war of secession.
   21037  polity.seceded         from=257 fromName=Tótị̀kòlǐ
          └ Broke away from Tótị̀kòlǐ in a war of secession.
   21037  polity.seceded         from=257 fromName=Tótị̀kòlǐ
          └ Broke away from Tótị̀kòlǐ in a war of secession.
   21037  polity.ended           how=dissolved name=Rimowumkyuidu
          └ Dissolved — its last cities scattered or fell silent.
   21037  polity.ended           how=dissolved name=Kyudu
          └ Dissolved — its last cities scattered or fell silent.
   21050  settlement.founded     s=673 sName=Fị́sī kind=crystallized
          └ Fị́sī was founded.
   21050  settlement.founded     s=673 sName=Fị́sī city=1
          └ The city of Fị́sī arose.
   21050  war.began              from=424 to=616 name=Sírụ́lǐā
          └ Marched to war against Līütlàkú.
   21050  war.began              from=438 to=45 name=Xụ́ttīu
          └ Marched to war against Fùlpū.
   21050  war.began              from=605 to=565 name=Fǒtlàlǐ
          └ Marched to war against Lǐfpúlǐā.
   21050  war.began              from=596 to=565 name=Pụ̄lhụ̀
          └ Marched to war against Lǐfpúlǐā.
   21050  war.began              from=612 to=183 name=Kǎňtụ̀ịkúlǐā
          └ Marched to war against Suimobuimmiusyus.
   21050  war.began              from=336 to=183 name=Bofvu
          └ Marched to war against Suimobuimmiusyus under the banner of the faith.
   21050  war.began              from=612 to=590 name=Kǎňtụ̀ịkúlǐā
          └ Marched to war against Muimogyumadu.
   21050  war.began              from=183 to=590 name=Suimobuimmiusyus
          └ Marched to war against Muimogyumadu.
   21050  war.began              from=612 to=598 name=Kǎňtụ̀ịkúlǐā
          └ Marched to war against Iskyudu.
   21050  war.ended              how=stalemate to=336 toName=Bofvu name=Pomponsomsyus
          └ The war with Pomponsomsyus ended.
   21050  war.indemnity          to=336 toName=Bofvu name=Pomponsomsyus
          └ Pomponsomsyus paid a heavy indemnity to Bofvu at the peace.
   21050  war.ended              how=siegeLifted to=364 toName=Umiu name=Pomponsomsyus
          └ The war with Pomponsomsyus ended.
   21050  war.indemnity          to=364 toName=Umiu name=Pomponsomsyus
          └ Pomponsomsyus paid a heavy indemnity to Umiu at the peace.
   21075  settlement.founded     s=677 sName=Ňīfpù kind=crystallized
          └ Ňīfpù was founded.
   21075  settlement.founded     s=677 sName=Ňīfpù city=1
          └ The city of Ňīfpù arose.
   21084  succession.crisis      name=Suimobuimmiusyus
          └ The royal line failed — an interregnum of rival claimants.
   21084  succession.crisis      name=Kǎňtụ̀ịkúlǐā
          └ The royal line failed — an interregnum of rival claimants.
   21100  war.began              from=438 to=616 name=Xụ́ttīu
          └ Marched to war against Līütlàkú.
   21100  war.began              from=605 to=596 name=Fǒtlàlǐ
          └ Marched to war against Pụ̄lhụ̀.
   21100  war.began              from=30 to=590 name=Sogyoepasyus
          └ Marched to war against Muimogyumadu as the succession failed.
   21100  war.ended              how=siegeLifted to=616 toName=Līütlàkú name=Fùlpū
          └ The war with Fùlpū ended.
   21100  war.ended              how=siegeLifted to=631 toName=Pimsymiuptu name=Pomponsomsyus
          └ The war with Pomponsomsyus ended.
   21100  war.indemnity          to=631 toName=Pimsymiuptu name=Pomponsomsyus
          └ Pomponsomsyus paid a heavy indemnity to Pimsymiuptu at the peace.
   21109  succession.crisis      name=Līütlàkú
          └ The royal line failed — an interregnum of rival claimants.
   21120  settlement.founded     s=679 sName=Ukymopa kind=planted
          └ Ukymopa was founded.
   21120  town.planted           s=679 sName=Ukymopa
          └ The crown planted Ukymopa to hold the march.
   21134  succession.crisis      name=Suimobuimmiusyus
          └ The royal line failed — an interregnum of rival claimants.
   21140  settlement.abandoned   s=451 sName=Yaghat
          └ Yaghat was abandoned.
   21150  settlement.founded     s=682 sName=Tāptáịrụ́ kind=crystallized
          └ Tāptáịrụ́ was founded.
   21150  settlement.founded     s=682 sName=Tāptáịrụ́ city=1
          └ The city of Tāptáịrụ́ arose.
   21150  war.began              from=616 to=364 name=Līütlàkú
          └ Marched to war against Umiu.
   21150  war.began              from=605 to=424 name=Fǒtlàlǐ
          └ Marched to war against Sírụ́lǐā.
   21150  war.ended              how=faded to=438 toName=Xụ́ttīu name=Kyumiudua
          └ The war with Kyumiudua ended.
   21150  war.ended              how=faded to=438 toName=Xụ́ttīu name=Xị̀'ǐükúlǐ
          └ The war with Xị̀'ǐükúlǐ ended.
   21150  polity.shattered       s=590 sName=Muimogyuma to=612 toName=Kǎňtụ̀ịkúlǐā
          └ Its capital Muimogyuma fell to Kǎňtụ̀ịkúlǐā — the realm collapsed.
   21156  market.dearth          s=390 sName=Umosummusui
          └ Dearth in Umosummusui — bread at famine prices in the market.
   21166  settlement.abandoned   s=594 sName=Umodugyumuky
          └ Umodugyumuky was abandoned.
   21169  settlement.tier        s=565 sName=Lǐfpú
          └ Lǐfpú grew into a metropolis (818,000 souls).
   21169  settlement.tier        s=679 sName=Ukymopa
          └ Ukymopa grew into a city (97,000 souls).
   21184  succession.crisis      name=Suimobuimmiusyus
          └ The royal line failed — an interregnum of rival claimants.
   21187  war.ended              how=submission to=605 toName=Fǒtlàlǐ name=Sírụ́lǐā
          └ The war with Sírụ́lǐā ended.
   21187  polity.submitted       how=submission to=605 toName=Fǒtlàlǐ name=Sírụ́lǐā
          └ Facing hopeless odds, the court of Sírụ́lǐā bowed to Fǒtlàlǐ — keeping its throne at the price of tribute.
   21187  polity.submitted       how=union to=565 toName=Lǐfpúlǐā name=Èňkūlě
          └ In the troubles of the succession, the court of Èňkūlě joined its crown to Lǐfpúlǐā — one senior throne, two realms.
   21187  war.ended              how=union to=596 toName=Pụ̄lhụ̀ name=Lǐfpúlǐā
          └ The war with Lǐfpúlǐā ended.
   21187  polity.submitted       how=union to=565 toName=Lǐfpúlǐā name=Pụ̄lhụ̀
          └ In the troubles of the succession, the court of Pụ̄lhụ̀ joined its crown to Lǐfpúlǐā — one senior throne, two realms.
   21187  polity.submitted       how=union to=137 toName=Pīüffì name=Fị̌sfálǐ
          └ In the troubles of the succession, the court of Fị̌sfálǐ joined its crown to Pīüffì — one senior throne, two realms.
   21187  polity.seceded         from=29 fromName=Pomponsomsyus
          └ Broke away from Pomponsomsyus in a war of secession.
   21188  settlement.abandoned   s=525 sName=Ummobimsyi
          └ Ummobimsyi was abandoned.
   21192  settlement.abandoned   s=458 sName=Yuphut'eb
          └ Yuphut'eb was abandoned.
   21197  settlement.abandoned   s=612 sName=Kǎňtụ̀ịkú
          └ Kǎňtụ̀ịkú was abandoned.
   21198  settlement.abandoned   s=486 sName=Papa
          └ Papa was abandoned.
   21198  settlement.abandoned   s=504 sName=Híufpù
          └ Híufpù was abandoned.
   21200  war.began              from=499 to=681 name=Ukymotisuimdu
          └ Marched to war against Masmosiduiky.
   21200  war.began              from=616 to=457 name=Līütlàkú
          └ Marched to war against Mumuidua.
   21200  war.began              from=565 to=45 name=Lǐfpúlǐā
          └ Marched to war against Fùlpū.
   21200  war.began              from=29 to=513 name=Pomponsomsyus
          └ Marched to war against Tǎrụ́lǐā.
   21200  war.began              from=257 to=424 name=Tótị̀kòlǐ
          └ Renewed the old war against Sírụ́lǐā.
   21200  war.ended              how=faded to=364 toName=Umiu name=Sogyoepasyus
          └ The war with Sogyoepasyus ended; some 23 soldiers never came home.
   21200  war.ended              how=faded to=438 toName=Xụ́ttīu name=Līütlàkòlǐ
          └ The war with Līütlàkòlǐ ended.
   21200  war.ended              how=faded to=438 toName=Xụ́ttīu name=Tótị̀kòlǐ
          └ The war with Tótị̀kòlǐ ended; some 27 soldiers never came home.
   21202  settlement.abandoned   s=431 sName=Dyuimodimis
          └ Dyuimodimis was abandoned.
   21203  settlement.abandoned   s=437 sName=Tukyukyu
          └ Tukyukyu was abandoned.
   21205  settlement.abandoned   s=495 sName=Fị̌kfí
          └ Fị̌kfí was abandoned.
   21209  succession.crisis      name=Ukymotisuimdu
          └ The royal line failed — an interregnum of rival claimants.
   21213  settlement.abandoned   s=439 sName=Fòutlà
          └ Fòutlà was abandoned.
   21213  settlement.abandoned   s=552 sName=Xǒumpíü
          └ Xǒumpíü was abandoned.
   21218  market.dearth          s=565 sName=Lǐfpú
          └ Dearth in Lǐfpú — bread at famine prices in the market.
   21219  settlement.abandoned   s=443 sName=Sǔtū
          └ Sǔtū was abandoned.
   21219  settlement.abandoned   s=448 sName=Fǐulpūkò
          └ Fǐulpūkò was abandoned.
   21219  settlement.abandoned   s=452 sName=Tàịňnī
          └ Tàịňnī was abandoned.
   21219  settlement.abandoned   s=464 sName=Gyumamiu
          └ Gyumamiu was abandoned.
   21219  settlement.abandoned   s=468 sName=Uduspa
          └ Uduspa was abandoned.
   21219  settlement.abandoned   s=470 sName=Tị̄
          └ Tị̄ was abandoned.
   21219  settlement.abandoned   s=478 sName=Pinimmiu
          └ Pinimmiu was abandoned.
   21219  settlement.abandoned   s=480 sName=Fị̌kfí
          └ Fị̌kfí was abandoned.
   21219  settlement.abandoned   s=488 sName=Yūsfá
          └ Yūsfá was abandoned.
   21219  settlement.abandoned   s=494 sName=Nástù
          └ Nástù was abandoned.
   21219  settlement.abandoned   s=516 sName=Buimmiupa
          └ Buimmiupa was abandoned.
   21219  settlement.abandoned   s=518 sName=Tàịňnīrụ́
          └ Tàịňnīrụ́ was abandoned.
   21219  settlement.abandoned   s=527 sName=Sírụ́
          └ Sírụ́ was abandoned.
   21219  settlement.abandoned   s=538 sName=Fǒu'sī
          └ Fǒu'sī was abandoned.
   21219  settlement.abandoned   s=544 sName=Nīfìü
          └ Nīfìü was abandoned.
   21219  settlement.abandoned   s=545 sName=Kǎňtụ̀ị
          └ Kǎňtụ̀ị was abandoned.
   21219  settlement.abandoned   s=553 sName=Ngàịtlà
          └ Ngàịtlà was abandoned.
   21220  settlement.abandoned   s=446 sName=Xóuxkòu
          └ Xóuxkòu was abandoned.
   21225  settlement.founded     s=689 sName=Rumomissi kind=crystallized
          └ Rumomissi was founded.
   21225  settlement.founded     s=689 sName=Rumomissi city=1
          └ The city of Rumomissi arose.
   21225  settlement.founded     s=690 sName=Lákò kind=crystallized
          └ Lákò was founded.
   21225  settlement.founded     s=690 sName=Lákò city=1
          └ The city of Lákò arose.
   21225  settlement.founded     s=691 sName=Xụ́ňtụ̌ị city=1
          └ The city of Xụ́ňtụ̌ị arose.
   21226  settlement.abandoned   s=432 sName=Fị́tà
          └ Fị́tà was abandoned.
   21226  settlement.abandoned   s=433 sName=Kị́kú
          └ Kị́kú was abandoned.
   21226  settlement.abandoned   s=465 sName=Datholay
          └ Datholay was abandoned.
   21226  settlement.abandoned   s=503 sName=Sīutlà
          └ Sīutlà was abandoned.
   21226  settlement.abandoned   s=560 sName=Fōnlà
          └ Fōnlà was abandoned.
   21226  settlement.abandoned   s=584 sName=Nị̌stù
          └ Nị̌stù was abandoned.
   21226  settlement.abandoned   s=586 sName=Īmpíü
          └ Īmpíü was abandoned.
   21226  settlement.abandoned   s=609 sName=Xóulhụ̌
          └ Xóulhụ̌ was abandoned.
   21226  settlement.abandoned   s=644 sName=Līütlàkú
          └ Līütlàkú was abandoned.
   21228  settlement.abandoned   s=655 sName=Ìltù
          └ Ìltù was abandoned.
   21234  settlement.abandoned   s=591 sName=Nàmpíü
          └ Nàmpíü was abandoned.
   21234  succession.crisis      name=Suimokyumudua
          └ The royal line failed — an interregnum of rival claimants.
   21234  succession.crisis      name=Pụ̄lhụ̀
          └ The royal line failed — an interregnum of rival claimants.
   21239  settlement.abandoned   s=479 sName=Ňǐppì
          └ Ňǐppì was abandoned.
   21239  settlement.abandoned   s=487 sName=Ngǎịstù
          └ Ngǎịstù was abandoned.
   21239  settlement.abandoned   s=511 sName=Dugyumuky
          └ Dugyumuky was abandoned.
   21239  settlement.abandoned   s=526 sName=Nàmrá
          └ Nàmrá was abandoned.
   21239  settlement.abandoned   s=537 sName=Kǔrụ́
          └ Kǔrụ́ was abandoned.
   21239  settlement.abandoned   s=549 sName=Umobimsyi
          └ Umobimsyi was abandoned.
   21239  settlement.abandoned   s=566 sName=Lǎtlà
          └ Lǎtlà was abandoned.
   21239  settlement.abandoned   s=572 sName=Tị̌pō
          └ Tị̌pō was abandoned.
   21239  settlement.abandoned   s=578 sName=Lǎňpì
          └ Lǎňpì was abandoned.
   21239  settlement.abandoned   s=579 sName=Fòutrụ̄ị
          └ Fòutrụ̄ị was abandoned.
   21239  settlement.abandoned   s=585 sName=Ìňní
          └ Ìňní was abandoned.
   21239  settlement.abandoned   s=587 sName=Tụ̄kò
          └ Tụ̄kò was abandoned.
   21239  settlement.abandoned   s=589 sName=Immosismuib
          └ Immosismuib was abandoned.
   21239  settlement.abandoned   s=595 sName=Tàthị̀kò
          └ Tàthị̀kò was abandoned.
   21239  settlement.abandoned   s=599 sName=Ňímpíü
          └ Ňímpíü was abandoned.
   21239  settlement.abandoned   s=604 sName=Pị́rụ́
          └ Pị́rụ́ was abandoned.
   21239  settlement.abandoned   s=620 sName=Pụ́lhụ̌
          └ Pụ́lhụ̌ was abandoned.
   21239  settlement.abandoned   s=625 sName=Sǒ
          └ Sǒ was abandoned.
   21239  settlement.abandoned   s=628 sName=Kótlà
          └ Kótlà was abandoned.
   21239  settlement.abandoned   s=632 sName=Lụ̄nlārụ́
          └ Lụ̄nlārụ́ was abandoned.
   21239  settlement.abandoned   s=639 sName=Xóuxkòu
          └ Xóuxkòu was abandoned.
   21239  settlement.abandoned   s=667 sName=Kyumiu
          └ Kyumiu was abandoned.
   21240  settlement.abandoned   s=573 sName=Fōnlà
          └ Fōnlà was abandoned.
   21241  settlement.abandoned   s=621 sName=Kíffí
          └ Kíffí was abandoned.
   21242  settlement.abandoned   s=608 sName=Līütlàkú
          └ Līütlàkú was abandoned.
   21250  settlement.founded     s=695 sName=Masmomuim kind=crystallized
          └ Masmomuim was founded.
   21250  settlement.founded     s=695 sName=Masmomuim city=1
          └ The city of Masmomuim arose.
   21250  settlement.founded     s=696 sName=Lǐfpúrụ́ kind=crystallized
          └ Lǐfpúrụ́ was founded.
   21250  settlement.founded     s=696 sName=Lǐfpúrụ́ city=1
          └ The city of Lǐfpúrụ́ arose.
   21250  settlement.founded     s=697 sName=Lụ̄nlākú city=1
          └ The city of Lụ̄nlākú arose.
   21250  settlement.founded     s=713 sName=Kyimmogyuma city=1
          └ The city of Kyimmogyuma arose.
   21250  war.ended              how=siegeLifted to=457 toName=Mumuidua name=Umiu
          └ The war with Umiu ended.
   21275  settlement.founded     s=715 sName=Pisyimpa kind=crystallized
          └ Pisyimpa was founded.
   21275  settlement.founded     s=715 sName=Pisyimpa city=1
          └ The city of Pisyimpa arose.
   21275  settlement.founded     s=716 sName=Lǐtì kind=crystallized
          └ Lǐtì was founded.
   21275  settlement.founded     s=716 sName=Lǐtì city=1
          └ The city of Lǐtì arose.
   21275  settlement.founded     s=717 sName=Húmpíü city=1
          └ The city of Húmpíü arose.
   21275  settlement.founded     s=730 sName=Umogyuma city=1
          └ The city of Umogyuma arose.
   21300  settlement.founded     s=731 sName=Buigyinkyu kind=crystallized
          └ Buigyinkyu was founded.
   21300  settlement.founded     s=731 sName=Buigyinkyu city=1
          └ The city of Buigyinkyu arose.
   21300  settlement.founded     s=732 sName=Hóuxkòu kind=crystallized
          └ Hóuxkòu was founded.
   21300  settlement.founded     s=732 sName=Hóuxkòu city=1
          └ The city of Hóuxkòu arose.
   21300  settlement.founded     s=733 sName=Hóulhụ̌ city=1
          └ The city of Hóulhụ̌ arose.
   21300  settlement.founded     s=746 sName=Rugyu city=1
          └ The city of Rugyu arose.
   21300  war.began              from=616 to=513 name=Līütlàkú
          └ Marched to war against Tǎrụ́lǐā.
   21300  war.ended              how=siegeLifted to=605 toName=Fǒtlàlǐ name=Lǐfpúlǐā
          └ The war with Lǐfpúlǐā ended.
   21304  settlement.abandoned   s=233 sName=Sismomabim
          └ Sismomabim was abandoned.
   21325  settlement.founded     s=747 sName=Masmomuim kind=crystallized
          └ Masmomuim was founded.
   21325  settlement.founded     s=747 sName=Masmomuim city=1
          └ The city of Masmomuim arose.
   21325  settlement.founded     s=748 sName=Xụ́lpì kind=crystallized
          └ Xụ́lpì was founded.
   21325  settlement.founded     s=748 sName=Xụ́lpì city=1
          └ The city of Xụ́lpì arose.
   21325  settlement.founded     s=749 sName=Lókò city=1
          └ The city of Lókò arose.
   21325  settlement.founded     s=762 sName=Dyimmogyuma city=1
          └ The city of Dyimmogyuma arose.
   21337  polity.submitted       how=submission to=605 toName=Fǒtlàlǐ name=Ífpùlǐ
          └ Facing hopeless odds, the court of Ífpùlǐ bowed to Fǒtlàlǐ — keeping its throne at the price of tribute.
   21337  polity.submitted       how=submission to=605 toName=Fǒtlàlǐ name=Yūstùlǐ
          └ Facing hopeless odds, the court of Yūstùlǐ bowed to Fǒtlàlǐ — keeping its throne at the price of tribute.
   21337  polity.submitted       how=submission to=605 toName=Fǒtlàlǐ name=Píụịtrụ̀ịkòlǐ
          └ Facing hopeless odds, the court of Píụịtrụ̀ịkòlǐ bowed to Fǒtlàlǐ — keeping its throne at the price of tribute.
   21337  polity.submitted       how=union to=450 toName=Pimomuibumdu name=Suimokyumudua
          └ In the troubles of the succession, the court of Suimokyumudua joined its crown to Pimomuibumdu — one senior throne, two realms.
   21337  settlement.annexed     s=126 sName=Sem from=264 fromName=Dupasyusa to=364 toName=Umiu
          └ Peacefully absorbed Sem from Dupasyusa.
   21337  polity.ended           how=integrated byName=Umiu name=Dupasyusa
          └ Dissolved — its last cities scattered or fell silent.
   21337  settlement.annexed     s=596 sName=Pụ̄lhụ̀ from=596 fromName=Pụ̄lhụ̀ to=565 toName=Lǐfpúlǐā
          └ Peacefully absorbed Pụ̄lhụ̀ from Pụ̄lhụ̀.
   21337  polity.ended           how=integrated byName=Lǐfpúlǐā name=Pụ̄lhụ̀
          └ Dissolved — its last cities scattered or fell silent.
   21337  polity.seceded         from=499 fromName=Ukymotisuimdu
          └ Broke away from Ukymotisuimdu in a war of secession.
   21337  polity.ended           how=dissolved name=Pīüffì
          └ Dissolved — its last cities scattered or fell silent.
   21337  polity.ended           how=dissolved name=Sismomabim
          └ Dissolved — its last cities scattered or fell silent.
   21350  settlement.founded     s=763 sName=Suimokyu kind=crystallized
          └ Suimokyu was founded.
   21350  settlement.founded     s=763 sName=Suimokyu city=1
          └ The city of Suimokyu arose.
   21350  settlement.founded     s=764 sName=Kínfǐu kind=crystallized
          └ Kínfǐu was founded.
   21350  settlement.founded     s=764 sName=Kínfǐu city=1
          └ The city of Kínfǐu arose.
   21350  settlement.founded     s=765 sName=Līutǐkú city=1
          └ The city of Līutǐkú arose.
   21350  settlement.founded     s=776 sName=Gyumapa city=1
          └ The city of Gyumapa arose.
   21350  war.began              from=457 to=368 name=Mumuidua
          └ Marched to war against Syamomuisiumdu.
   21350  war.began              from=29 to=368 name=Pomponsomsyus
          └ Marched to war against Syamomuisiumdu.
   21350  war.ended              how=faded to=357 toName=Līütlàkòlǐ name=Tótị̀kòlǐ
          └ The war with Tótị̀kòlǐ ended; some 64 soldiers never came home.
   21350  war.ended              how=faded to=322 toName=Ňímrá name=Sīuxkòu
          └ The war with Sīuxkòu ended.
   21350  war.ended              how=faded to=438 toName=Xụ́ttīu name=Ňímrá
          └ The war with Ňímrá ended; some 60 soldiers never came home.
   21375  settlement.founded     s=777 sName=Sīuňní kind=crystallized
          └ Sīuňní was founded.
   21375  settlement.founded     s=777 sName=Sīuňní city=1
          └ The city of Sīuňní arose.
   21375  settlement.founded     s=778 sName=Fị́fpù city=1
          └ The city of Fị́fpù arose.
   21375  settlement.founded     s=787 sName=Bummomuisium city=1
          └ The city of Bummomuisium arose.
   21400  settlement.founded     s=788 sName=Fónglì kind=crystallized
          └ Fónglì was founded.
   21400  settlement.founded     s=788 sName=Fónglì city=1
          └ The city of Fónglì arose.
   21400  settlement.founded     s=789 sName=Kǎňtụ̀ịkò city=1
          └ The city of Kǎňtụ̀ịkò arose.
   21400  settlement.founded     s=798 sName=Ibim city=1
          └ The city of Ibim arose.
   21400  war.began              from=457 to=45 name=Mumuidua
          └ Marched to war against Fùlpū.
   21418  settlement.tier        s=616 sName=Līütlàkú
          └ Līütlàkú grew into a metropolis (704,000 souls).
   21425  settlement.founded     s=800 sName=Fǒlhụ̌ kind=crystallized
          └ Fǒlhụ̌ was founded.
   21425  settlement.founded     s=800 sName=Fǒlhụ̌ city=1
          └ The city of Fǒlhụ̌ arose.
   21425  settlement.founded     s=801 sName=Ngàịtlà city=1
          └ The city of Ngàịtlà arose.
   21425  settlement.founded     s=811 sName=Ukymokyu city=1
          └ The city of Ukymokyu arose.
   21450  settlement.founded     s=812 sName=Fǒu'kū kind=crystallized
          └ Fǒu'kū was founded.
   21450  settlement.founded     s=812 sName=Fǒu'kū city=1
          └ The city of Fǒu'kū arose.
   21450  settlement.founded     s=813 sName=Líụňā city=1
          └ The city of Líụňā arose.
   21450  settlement.founded     s=820 sName=Tummoyibim city=1
          └ The city of Tummoyibim arose.
   21450  war.ended              how=faded to=469 toName=Dapboyumf name=Umiu
          └ The war with Umiu ended.
   21450  polity.shattered       s=129 sName=Pigyimmoe to=457 toName=Mumuidua
          └ Its capital Pigyimmoe fell to Mumuidua — the realm collapsed.
   21450  polity.ended           how=conquest byName=Mumuidua name=Syamomuisiumdu
          └ Fell to Mumuidua and was erased from the map.
   21450  polity.shattered       s=129 sName=Pigyimmoe to=29 toName=Pomponsomsyus
          └ Its capital Pigyimmoe fell to Pomponsomsyus — the realm collapsed.
   21450  war.ended              how=siegeLifted to=513 toName=Tǎrụ́lǐā name=Pomponsomsyus
          └ The war with Pomponsomsyus ended.
   21450  war.indemnity          to=513 toName=Tǎrụ́lǐā name=Pomponsomsyus
          └ Pomponsomsyus paid a heavy indemnity to Tǎrụ́lǐā at the peace.
   21457  settlement.abandoned   s=108 sName=Gyamomumom
          └ Gyamomumom was abandoned.
   21475  settlement.founded     s=822 sName=Umodugyumuky kind=crystallized
          └ Umodugyumuky was founded.
   21475  settlement.founded     s=822 sName=Umodugyumuky city=1
          └ The city of Umodugyumuky arose.
   21475  settlement.founded     s=823 sName=Fǐulpūkú kind=crystallized
          └ Fǐulpūkú was founded.
   21475  settlement.founded     s=823 sName=Fǐulpūkú city=1
          └ The city of Fǐulpūkú arose.
   21475  settlement.founded     s=824 sName=Hǐukfí city=1
          └ The city of Hǐukfí arose.
   21478  settlement.abandoned   s=129 sName=Pigyimmoe
          └ Pigyimmoe was abandoned.
   21487  polity.submitted       how=submission to=605 toName=Fǒtlàlǐ name=Xóulhụ̌
          └ Facing hopeless odds, the court of Xóulhụ̌ bowed to Fǒtlàlǐ — keeping its throne at the price of tribute.
   21487  polity.submitted       how=union to=364 toName=Umiu name=Mumumsyusa
          └ In the troubles of the succession, the court of Mumumsyusa joined its crown to Umiu — one senior throne, two realms.
   21487  polity.submitted       how=union to=713 toName=Kyimmogyuma name=Pimomuibumdu
          └ In the troubles of the succession, the court of Pimomuibumdu joined its crown to Kyimmogyuma — one senior throne, two realms.
   21487  polity.submitted       how=union to=565 toName=Lǐfpúlǐā name=Tǎrụ́lǐā
          └ In the troubles of the succession, the court of Tǎrụ́lǐā joined its crown to Lǐfpúlǐā — one senior throne, two realms.
   21487  settlement.annexed     s=463 sName=Suimokyumu from=463 fromName=Suimokyumudua to=450 toName=Pimomuibumdu
          └ Peacefully absorbed Suimokyumu from Suimokyumudua.
   21487  polity.ended           how=integrated byName=Pimomuibumdu name=Suimokyumudua
          └ Dissolved — its last cities scattered or fell silent.
   21487  polity.seceded         from=45 fromName=Fùlpū
          └ Broke away from Fùlpū in a war of secession.
   21487  polity.seceded         from=183 fromName=Suimobuimmiusyus
          └ Broke away from Suimobuimmiusyus in a war of secession.
   21487  settlement.annexed     s=126 sName=Sem from=364 fromName=Umiu to=457 toName=Mumuidua
          └ Peacefully absorbed Sem from Umiu.
   21488  settlement.abandoned   s=517 sName=Fòuttīu
          └ Fòuttīu was abandoned.
   21500  settlement.founded     s=829 sName=Pumbunsum kind=crystallized
          └ Pumbunsum was founded.
   21500  settlement.founded     s=829 sName=Pumbunsum city=1
          └ The city of Pumbunsum arose.
   21500  settlement.founded     s=830 sName=Lámpíü kind=crystallized
          └ Lámpíü was founded.
   21500  settlement.founded     s=830 sName=Lámpíü city=1
          └ The city of Lámpíü arose.
   21500  settlement.founded     s=831 sName=Pụ́lkū city=1
          └ The city of Pụ́lkū arose.
   21500  war.began              from=713 to=502 name=Kyimmogyuma
          └ Marched to war against Rugyudua.
   21500  war.began              from=367 to=713 name=Tisuimdu
          └ Marched to war against Kyimmogyuma.
   21500  war.began              from=565 to=457 name=Lǐfpúlǐā
          └ Marched to war against Mumuidua.
   21500  war.began              from=344 to=616 name=Līütlàkòlǐ
          └ Marched to war against Līütlàkú.
   21500  war.began              from=257 to=270 name=Tótị̀kòlǐ
          └ Marched to war against Kị̀pị̀kòlǐ as the succession failed.
   21500  war.began              from=453 to=257 name=Hùkfílǐ
          └ Marched to war against Tótị̀kòlǐ.
   21500  war.ended              how=faded to=364 toName=Umiu name=Kyumiudua
          └ The war with Kyumiudua ended; some 10 soldiers never came home.
   21500  war.ended              how=siegeLifted to=616 toName=Līütlàkú name=Mumuidua
          └ The war with Mumuidua ended.
   21503  settlement.abandoned   s=181 sName=Hóuxkòu
          └ Hóuxkòu was abandoned.
   21512  market.dearth          s=457 sName=Mumui
          └ Dearth in Mumui — bread at famine prices in the market.
   21525  settlement.founded     s=837 sName=Suimosiduiky kind=crystallized
          └ Suimosiduiky was founded.
   21525  settlement.founded     s=837 sName=Suimosiduiky city=1
          └ The city of Suimosiduiky arose.
   21525  settlement.founded     s=838 sName=Hǒumrá city=1
          └ The city of Hǒumrá arose.
   21550  settlement.founded     s=842 sName=Pimopisyim kind=crystallized
          └ Pimopisyim was founded.
   21550  settlement.founded     s=842 sName=Pimopisyim city=1
          └ The city of Pimopisyim arose.
   21550  settlement.founded     s=843 sName=Hī city=1
          └ The city of Hī arose.
   21550  war.ended              how=faded to=240 toName=Pimpadu name=Pomponsomsyus
          └ The war with Pomponsomsyus ended; some 2 soldiers never came home.
   21564  settlement.abandoned   s=364 sName=Umiu
          └ Umiu was abandoned.
   21575  settlement.founded     s=846 sName=Bifkyu kind=crystallized
          └ Bifkyu was founded.
   21575  settlement.founded     s=846 sName=Bifkyu city=1
          └ The city of Bifkyu arose.
   21575  settlement.founded     s=847 sName=Kìňpì city=1
          └ The city of Kìňpì arose.
   21579  market.dearth          s=126 sName=Sem
          └ Dearth in Sem — bread at famine prices in the market.
   21600  settlement.founded     s=851 sName=Bummomuibum kind=crystallized
          └ Bummomuibum was founded.
   21600  settlement.founded     s=851 sName=Imopazu city=1
          └ The city of Imopazu arose.
   21600  settlement.founded     s=852 sName=Níufīurụ́ city=1
          └ The city of Níufīurụ́ arose.
   21600  settlement.founded     s=856 sName=Tàịňnīkú kind=planted
          └ Tàịňnīkú was founded.
   21600  town.planted           s=856 sName=Tàịňnīkú
          └ The crown planted Tàịňnīkú to hold the march.
   21600  war.ended              how=faded to=469 toName=Dapboyumf name=Xụ́ttīu
          └ The war with Xụ́ttīu ended.
   21601  settlement.tier        s=713 sName=Kyimmogyuma
          └ Kyimmogyuma grew into a city (267,000 souls).
   21625  settlement.founded     s=861 sName=Tìttíu kind=crystallized
          └ Tìttíu was founded.
   21625  settlement.founded     s=861 sName=Tìttíu city=1
          └ The city of Tìttíu arose.
   21625  settlement.founded     s=862 sName=Tị̄lārụ́ city=1
          └ The city of Tị̄lārụ́ arose.
   21637  polity.submitted       how=submission to=605 toName=Fǒtlàlǐ name=Kǎňtụ̀ịkúlǐā
          └ Facing hopeless odds, the court of Kǎňtụ̀ịkúlǐā bowed to Fǒtlàlǐ — keeping its throne at the price of tribute.
   21637  polity.submitted       how=submission to=457 toName=Mumuidua name=Masmopa
          └ Facing hopeless odds, the court of Masmopa bowed to Mumuidua — keeping its throne at the price of tribute.
   21637  polity.submitted       how=submission to=605 toName=Fǒtlàlǐ name=Lǐfpúlǐā
          └ Facing hopeless odds, the court of Lǐfpúlǐā bowed to Fǒtlàlǐ — keeping its throne at the price of tribute.
   21637  polity.submitted       how=submission to=605 toName=Fǒtlàlǐ name=Kị̀pị̀kòlǐ
          └ Facing hopeless odds, the court of Kị̀pị̀kòlǐ bowed to Fǒtlàlǐ — keeping its throne at the price of tribute.
   21637  settlement.annexed     s=700 sName=Lụ̄sfá from=270 fromName=Kị̀pị̀kòlǐ to=605 toName=Fǒtlàlǐ
          └ Peacefully absorbed Lụ̄sfá from Kị̀pị̀kòlǐ.
   21637  settlement.annexed     s=719 sName=Yútlà from=270 fromName=Kị̀pị̀kòlǐ to=605 toName=Fǒtlàlǐ
          └ Peacefully absorbed Yútlà from Kị̀pị̀kòlǐ.
   21637  settlement.annexed     s=735 sName=Tōrụ̄ịkò from=270 fromName=Kị̀pị̀kòlǐ to=605 toName=Fǒtlàlǐ
          └ Peacefully absorbed Tōrụ̄ịkò from Kị̀pị̀kòlǐ.
   21637  settlement.annexed     s=751 sName=Lá from=270 fromName=Kị̀pị̀kòlǐ to=605 toName=Fǒtlàlǐ
          └ Peacefully absorbed Lá from Kị̀pị̀kòlǐ.
   21637  settlement.annexed     s=767 sName=Sípù from=270 fromName=Kị̀pị̀kòlǐ to=605 toName=Fǒtlàlǐ
          └ Peacefully absorbed Sípù from Kị̀pị̀kòlǐ.
   21637  settlement.annexed     s=780 sName=Tàịňnīrụ́ from=270 fromName=Kị̀pị̀kòlǐ to=605 toName=Fǒtlàlǐ
          └ Peacefully absorbed Tàịňnīrụ́ from Kị̀pị̀kòlǐ.
   21637  settlement.annexed     s=791 sName=Tàthị̀rụ́ from=270 fromName=Kị̀pị̀kòlǐ to=605 toName=Fǒtlàlǐ
          └ Peacefully absorbed Tàthị̀rụ́ from Kị̀pị̀kòlǐ.
   21637  settlement.annexed     s=804 sName=Tìu'ìurụ́ from=270 fromName=Kị̀pị̀kòlǐ to=605 toName=Fǒtlàlǐ
          └ Peacefully absorbed Tìu'ìurụ́ from Kị̀pị̀kòlǐ.
   21637  polity.seceded         from=565 fromName=Lǐfpúlǐā
          └ Broke away from Lǐfpúlǐā in a war of secession.
   21637  settlement.annexed     s=315 sName=Ňímrá from=438 fromName=Xụ́ttīu to=616 toName=Līütlàkú
          └ Peacefully absorbed Ňímrá from Xụ́ttīu.
   21637  settlement.annexed     s=590 sName=Muimogyuma from=612 fromName=Kǎňtụ̀ịkúlǐā to=672 toName=Sismopadua
          └ Peacefully absorbed Muimogyuma from Kǎňtụ̀ịkúlǐā.
   21637  polity.ended           how=dissolved name=Sogyoepasyus
          └ Dissolved — its last cities scattered or fell silent.
   21650  settlement.founded     s=869 sName=Ummopa kind=crystallized
          └ Ummopa was founded.
   21650  settlement.founded     s=869 sName=Buninmiu city=1
          └ The city of Buninmiu arose.
   21650  settlement.founded     s=870 sName=Sīuppì city=1
          └ The city of Sīuppì arose.
   21650  war.began              from=29 to=768 name=Pomponsomsyus
          └ Marched to war against Udo̰vokhpokyi̤z.
   21650  war.began              from=457 to=768 name=Mumuidua
          └ Marched to war against Udo̰vokhpokyi̤z.
   21650  war.began              from=183 to=768 name=Suimobuimmiusyus
          └ Marched to war against Udo̰vokhpokyi̤z.
   21650  war.began              from=457 to=29 name=Mumuidua
          └ Marched to war against Pomponsomsyus under the banner of the faith.
   21650  war.began              from=238 to=29 name=Foofaxa
          └ Marched to war against Pomponsomsyus under the banner of the faith.
   21650  war.began              from=184 to=29 name=Pimpasyusa
          └ Marched to war against Pomponsomsyus.
   21650  war.began              from=616 to=1 name=Līütlàkú
          └ Marched to war against Ňěňní.
   21650  war.began              from=457 to=675 name=Mumuidua
          └ Marched to war against Pumbunsum.
   21650  war.began              from=29 to=672 name=Pomponsomsyus
          └ Marched to war against Sismopadua.
   21650  war.began              from=457 to=672 name=Mumuidua
          └ Marched to war against Sismopadua.
   21650  war.began              from=183 to=672 name=Suimobuimmiusyus
          └ Marched to war against Sismopadua.
   21650  war.began              from=238 to=183 name=Foofaxa
          └ Marched to war against Suimobuimmiusyus under the banner of the faith.
   21650  war.began              from=457 to=183 name=Mumuidua
          └ Marched to war against Suimobuimmiusyus under the banner of the faith.
   21650  war.began              from=309 to=183 name=Dyakyoxyfax
          └ Marched to war against Suimobuimmiusyus.
   21650  war.began              from=184 to=183 name=Pimpasyusa
          └ Renewed the old war against Suimobuimmiusyus.
   21650  war.began              from=457 to=676 name=Mumuidua
          └ Marched to war against Pisyimkyudua.
   21650  war.ended              how=faded to=438 toName=Xụ́ttīu name=Sīuxkòu
          └ The war with Sīuxkòu ended; some 1 soldiers never came home.
   21675  settlement.founded     s=874 sName=Mumumkyu kind=crystallized
          └ Mumumkyu was founded.
   21675  settlement.founded     s=874 sName=Dyimokyumu city=1
          └ The city of Dyimokyumu arose.
   21675  settlement.founded     s=875 sName=Tìụtǎkò city=1
          └ The city of Tìụtǎkò arose.
   21689  settlement.withered    s=256 sName=Tị̄lākú
          └ Tị̄lākú withered away and was abandoned.
   21700  famine.struck          
          └ A famine gripped the land.
   21700  settlement.founded     s=878 sName=Ummokyumu kind=crystallized
          └ Ummokyumu was founded.
   21700  settlement.founded     s=878 sName=Munsuikyu city=1
          └ The city of Munsuikyu arose.
   21700  settlement.founded     s=879 sName=Ngị́ngfǐu city=1
          └ The city of Ngị́ngfǐu arose.
   21700  war.began              from=685 to=183 name=Umowutua
          └ Marched to war against Suimobuimmiusyus.
   21700  war.began              from=686 to=183 name=Muipunmiu
          └ Marched to war against Suimobuimmiusyus.
   21700  war.ended              how=truce to=672 toName=Sismopadua name=Mumuidua
          └ The war with Mumuidua ended.
   21700  war.indemnity          to=457 toName=Mumuidua name=Sismopadua
          └ Sismopadua paid a heavy indemnity to Mumuidua at the peace.
   21700  war.ended              how=truce to=457 toName=Mumuidua name=Pomponsomsyus
          └ The war with Pomponsomsyus ended.
   21700  war.ended              how=truce to=768 toName=Udo̰vokhpokyi̤z name=Mumuidua
          └ The war with Mumuidua ended.
   21700  war.ended              how=truce to=457 toName=Mumuidua name=Suimobuimmiusyus
          └ The war with Suimobuimmiusyus ended.
   21700  war.ended              how=truce to=672 toName=Sismopadua name=Pomponsomsyus
          └ The war with Pomponsomsyus ended.
   21700  war.indemnity          to=29 toName=Pomponsomsyus name=Sismopadua
          └ Sismopadua paid a heavy indemnity to Pomponsomsyus at the peace.
   21700  war.ended              how=truce to=672 toName=Sismopadua name=Suimobuimmiusyus
          └ The war with Suimobuimmiusyus ended.
   21700  war.indemnity          to=183 toName=Suimobuimmiusyus name=Sismopadua
          └ Sismopadua paid a heavy indemnity to Suimobuimmiusyus at the peace.
   21700  war.ended              how=truce to=768 toName=Udo̰vokhpokyi̤z name=Pomponsomsyus
          └ The war with Pomponsomsyus ended.
   21700  war.indemnity          to=768 toName=Udo̰vokhpokyi̤z name=Pomponsomsyus
          └ Pomponsomsyus paid a heavy indemnity to Udo̰vokhpokyi̤z at the peace.
   21700  war.ended              how=truce to=238 toName=Foofaxa name=Pomponsomsyus
          └ The war with Pomponsomsyus ended.
   21700  war.ended              how=truce to=184 toName=Pimpasyusa name=Pomponsomsyus
          └ The war with Pomponsomsyus ended.
   21700  war.indemnity          to=184 toName=Pimpasyusa name=Pomponsomsyus
          └ Pomponsomsyus paid a heavy indemnity to Pimpasyusa at the peace.
   21700  war.ended              how=truce to=768 toName=Udo̰vokhpokyi̤z name=Suimobuimmiusyus
          └ The war with Suimobuimmiusyus ended.
   21700  polity.shattered       s=502 sName=Rugyu to=713 toName=Kyimmogyuma
          └ Its capital Rugyu fell to Kyimmogyuma — the realm collapsed.
   21700  polity.shattered       s=513 sName=Tǎrụ́ to=616 toName=Līütlàkú
          └ Its capital Tǎrụ́ fell to Līütlàkú — the realm collapsed.
   21700  polity.ended           how=conquest byName=Līütlàkú name=Tǎrụ́lǐā
          └ Fell to Līütlàkú and was erased from the map.
   21701  settlement.dissolved   s=99 why=core sName=Fòkfé
          └ Fòkfé faded back into the countryside.
   21712  settlement.dissolved   s=288 why=core sName=Mumum
          └ Mumum faded back into the countryside.
   21725  settlement.founded     s=884 sName=Sigyimkyu kind=crystallized
          └ Sigyimkyu was founded.
   21725  settlement.founded     s=884 sName=Umobimsyi city=1
          └ The city of Umobimsyi arose.
   21725  settlement.founded     s=885 sName=Tàịňnīkò city=1
          └ The city of Tàịňnīkò arose.
   21745  settlement.abandoned   s=457 sName=Mumui
          └ Mumui was abandoned.
   21745  settlement.abandoned   s=565 sName=Lǐfpú
          └ Lǐfpú was abandoned.
   21745  settlement.tier        s=856 sName=Tàịňnīkú
          └ Tàịňnīkú grew into a city (17,000 souls).
   21746  market.dearth          s=1 sName=Ňěňní
          └ Dearth in Ňěňní — bread at famine prices in the market.
   21750  settlement.founded     s=887 sName=Pimomuibum kind=crystallized
          └ Pimomuibum was founded.
   21750  settlement.founded     s=887 sName=Pimomuibum city=1
          └ The city of Pimomuibum arose.
   21750  war.ended              how=faded to=469 toName=Dapboyumf name=Datholaytay
          └ The war with Datholaytay ended; some 26 soldiers never came home.
   21750  war.ended              how=faded to=345 toName=Kyumiudua name=Pomponsomsyus
          └ The war with Pomponsomsyus ended; some 58 soldiers never came home.
   21750  war.ended              how=faded to=465 toName=Datholaytay name=Pomponsomsyus
          └ The war with Pomponsomsyus ended.
   21750  war.ended              how=faded to=465 toName=Datholaytay name=Xụ́ttīu
          └ The war with Xụ́ttīu ended.
   21762  market.dearth          s=315 sName=Ňímrá
          └ Dearth in Ňímrá — bread at famine prices in the market.
   21775  settlement.founded     s=891 sName=Sǎfǎkú kind=crystallized
          └ Sǎfǎkú was founded.
   21775  settlement.founded     s=891 sName=Sǎfǎkú city=1
          └ The city of Sǎfǎkú arose.
   21775  settlement.founded     s=892 sName=Ǎrụ́ city=1
          └ The city of Ǎrụ́ arose.
   21787  polity.submitted       how=submission to=605 toName=Fǒtlàlǐ name=Mumuidua
          └ Facing hopeless odds, the court of Mumuidua bowed to Fǒtlàlǐ — keeping its throne at the price of tribute.
   21787  polity.submitted       how=submission to=605 toName=Fǒtlàlǐ name=Hùkfílǐ
          └ Facing hopeless odds, the court of Hùkfílǐ bowed to Fǒtlàlǐ — keeping its throne at the price of tribute.
   21787  polity.seceded         from=616 fromName=Līütlàkú
          └ Broke away from Līütlàkú in a war of secession.
   21787  polity.ended           how=dissolved name=Xụ̀nlàlǐ
          └ Dissolved — its last cities scattered or fell silent.
   21787  polity.ended           how=dissolved name=Mumumsyusa
          └ Dissolved — its last cities scattered or fell silent.
   21787  polity.ended           how=dissolved name=Tìttíukúlǐā
          └ Dissolved — its last cities scattered or fell silent.
   21800  settlement.founded     s=895 sName=Tụ̌ kind=crystallized
          └ Tụ̌ was founded.
   21800  settlement.founded     s=895 sName=Tụ̌ city=1
          └ The city of Tụ̌ arose.
   21800  settlement.founded     s=896 sName=Xóuptù city=1
          └ The city of Xóuptù arose.
   21800  war.began              from=364 to=616 name=Umiu
          └ Marched to war against Līütlàkú.
   21800  war.began              from=29 to=616 name=Pomponsomsyus
          └ Marched to war against Līütlàkú.
   21800  war.began              from=605 to=616 name=Fǒtlàlǐ
          └ Marched to war against Līütlàkú.
   21800  war.ended              how=faded to=445 toName=Timuimiu name=Pomponsomsyus
          └ The war with Pomponsomsyus ended; some 37 soldiers never came home.
   21825  settlement.founded     s=899 sName=Mabimmiu kind=crystallized
          └ Mabimmiu was founded.
   21825  settlement.founded     s=899 sName=Mabimmiu city=1
          └ The city of Mabimmiu arose.
   21825  settlement.founded     s=900 sName=Lụ̄stù kind=crystallized
          └ Lụ̄stù was founded.
   21825  settlement.founded     s=900 sName=Lụ̄stù city=1
          └ The city of Lụ̄stù arose.
   21825  settlement.founded     s=901 sName=Tǎtị̄ city=1
          └ The city of Tǎtị̄ arose.
   21850  settlement.founded     s=906 sName=Tùtǔ kind=crystallized
          └ Tùtǔ was founded.
   21850  settlement.founded     s=906 sName=Tùtǔ city=1
          └ The city of Tùtǔ arose.
   21850  settlement.founded     s=907 sName=Tǎkò city=1
          └ The city of Tǎkò arose.
   21850  war.began              from=725 to=713 name=Pimokyumuutua
          └ Marched to war against Kyimmogyuma.
   21850  war.began              from=605 to=682 name=Fǒtlàlǐ
          └ Marched to war against Lǐfpú.
   21850  war.ended              how=faded to=358 toName=Píụịtrụ̀ịkòlǐ name=Sīuxkòu
          └ The war with Sīuxkòu ended.
   21875  settlement.founded     s=910 sName=Ngị̌tlà kind=crystallized
          └ Ngị̌tlà was founded.
   21875  settlement.founded     s=910 sName=Ngị̌tlà city=1
          └ The city of Ngị̌tlà arose.
   21875  settlement.founded     s=911 sName=Ngị̄fpù city=1
          └ The city of Ngị̄fpù arose.
   21889  settlement.tier        s=682 sName=Tāptáịrụ́
          └ Tāptáịrụ́ grew into a metropolis (751,000 souls).
   21900  settlement.founded     s=914 sName=Lụ̌ị kind=crystallized
          └ Lụ̌ị was founded.
   21900  settlement.founded     s=914 sName=Lụ̌ị city=1
          └ The city of Lụ̌ị arose.
   21900  war.began              from=616 to=682 name=Līütlàkú
          └ Marched to war against Lǐfpú.
   21900  war.began              from=605 to=892 name=Fǒtlàlǐ
          └ Marched to war against Ǎrụ́.
   21900  war.began              from=349 to=1 name=Ífpùlǐ
          └ Marched to war against Ňěňní.
   21900  war.ended              how=faded to=469 toName=Dapboyumf name=Sīuxkòu
          └ The war with Sīuxkòu ended; some 6 soldiers never came home.
   21911  market.dearth          s=682 sName=Tāptáịrụ́
          └ Dearth in Tāptáịrụ́ — bread at famine prices in the market.
   21925  settlement.founded     s=921 sName=Lụ́ňlì kind=crystallized
          └ Lụ́ňlì was founded.
   21925  settlement.founded     s=921 sName=Lụ́ňlì city=1
          └ The city of Lụ́ňlì arose.
   21937  polity.submitted       how=submission to=457 toName=Mumuidua name=Suimobuimmiusyus
          └ Facing hopeless odds, the court of Suimobuimmiusyus bowed to Mumuidua — keeping its throne at the price of tribute.
   21937  polity.submitted       how=submission to=605 toName=Fǒtlàlǐ name=Lụ̀là
          └ Facing hopeless odds, the court of Lụ̀là bowed to Fǒtlàlǐ — keeping its throne at the price of tribute.
   21937  polity.submitted       how=submission to=605 toName=Fǒtlàlǐ name=Púnǐkúlǐ
          └ Facing hopeless odds, the court of Púnǐkúlǐ bowed to Fǒtlàlǐ — keeping its throne at the price of tribute.
   21937  polity.submitted       how=submission to=605 toName=Fǒtlàlǐ name=Xōukfílǐā
          └ Facing hopeless odds, the court of Xōukfílǐā bowed to Fǒtlàlǐ — keeping its throne at the price of tribute.
   21937  polity.seceded         from=616 fromName=Līütlàkú
          └ Broke away from Līütlàkú in a war of secession.
   21937  polity.seceded         from=499 fromName=Ukymotisuimdu
          └ Broke away from Ukymotisuimdu in a war of secession.
   21950  settlement.founded     s=922 sName=Pụ́tị̄ kind=crystallized
          └ Pụ́tị̄ was founded.
   21950  settlement.founded     s=922 sName=Pụ́tị̄ city=1
          └ The city of Pụ́tị̄ arose.
   21950  war.began              from=681 to=499 name=Masmosiduiky
          └ Marched to war against Ukymotisuimdu.
   21950  war.began              from=713 to=499 name=Kyimmogyuma
          └ Marched to war against Ukymotisuimdu.
   21950  war.began              from=469 to=364 name=Dapboyumf
          └ Marched to war against Umiu.
   21950  war.began              from=364 to=469 name=Umiu
          └ Renewed the old war against Dapboyumf.
   21950  war.began              from=682 to=616 name=Lǐfpú
          └ Marched to war against Līütlàkú.
   21950  war.began              from=520 to=183 name=Kogpozḭsyyi̤z
          └ Marched to war against Suimobuimmiusyus.
   21975  settlement.founded     s=923 sName=Mumoyibim kind=crystallized
          └ Mumoyibim was founded.
   21975  settlement.founded     s=923 sName=Simsuikyu city=1
          └ The city of Simsuikyu arose.
   21975  settlement.founded     s=924 sName=Fòuňlì kind=crystallized
          └ Fòuňlì was founded.
   21975  settlement.founded     s=924 sName=Fòuňlì city=1
          └ The city of Fòuňlì arose.
   21990  market.dearth          s=390 sName=Umosummusui
          └ Dearth in Umosummusui — bread at famine prices in the market.
   22000  war.began              from=45 to=1 name=Fùlpū
          └ Marched to war against Ňěňní.
   22000  war.ended              how=faded to=469 toName=Dapboyumf name=Xóuttīulǐ
          └ The war with Xóuttīulǐ ended; some 2 soldiers never came home.
   22000  polity.shattered       s=1 sName=Ňěňní to=616 toName=Līütlàkú
          └ Its capital Ňěňní fell to Līütlàkú — the realm collapsed.
   22000  polity.ended           how=conquest byName=Līütlàkú name=Ňěňní
          └ Fell to Līütlàkú and was erased from the map.
   22000  polity.shattered       s=892 sName=Ǎrụ́ to=605 toName=Fǒtlàlǐ
          └ Its capital Ǎrụ́ fell to Fǒtlàlǐ — the realm collapsed.
   22000  polity.ended           how=conquest byName=Fǒtlàlǐ name=Ǎrụ́
          └ Fell to Fǒtlàlǐ and was erased from the map.
   22000  polity.shattered       s=1 sName=Ňěňní to=349 toName=Ífpùlǐ
          └ Its capital Ňěňní fell to Ífpùlǐ — the realm collapsed.
   22025  settlement.founded     s=927 sName=Rīupīrụ́ city=1
          └ The city of Rīupīrụ́ arose.
   22033  settlement.tier        s=469 sName=Dapboyumf
          └ Dapboyumf grew into a city (676,000 souls).
   22033  settlement.tier        s=746 sName=Rugyu
          └ Rugyu grew into a city (281,000 souls).
   22033  settlement.tier        s=927 sName=Rīupīrụ́
          └ Rīupīrụ́ grew into a metropolis (931,000 souls).
   22034  slave.revolt           s=1 sName=Ňěňní
          └ The unfree of Ňěňní rose in revolt, and the labour was lost.
   22050  war.began              from=29 to=469 name=Pomponsomsyus
          └ Marched to war against Dapboyumf.
   22050  war.began              from=520 to=29 name=Kogpozḭsyyi̤z
          └ Marched to war against Pomponsomsyus.
   22050  war.ended              how=faded to=612 toName=Kǎňtụ̀ịkúlǐā name=Xóuttīulǐ
          └ The war with Xóuttīulǐ ended; some 17 soldiers never came home.
   22050  war.ended              how=faded to=469 toName=Dapboyumf name=Fùlpū
          └ The war with Fùlpū ended; some 7 soldiers never came home.
   22050  war.ended              how=faded to=559 toName=Kyudu name=Xóuttīulǐ
          └ The war with Xóuttīulǐ ended.
   22050  war.ended              how=faded to=469 toName=Dapboyumf name=Ífpùlǐ
          └ The war with Ífpùlǐ ended; some 10 soldiers never came home.
   22087  polity.restored        from=-1 name=Ǎrụ́
          └ The old nation rose again.
   22100  war.began              from=713 to=811 name=Kyimmogyuma
          └ Marched to war against Ukymotisuim.
   22100  war.began              from=349 to=895 name=Ífpùlǐ
          └ Marched to war against Tụ̌lǐ.
   22100  war.ended              how=siegeLifted to=682 toName=Lǐfpú name=Fǒtlàlǐ
          └ The war with Fǒtlàlǐ ended.
   22103  market.dearth          s=469 sName=Dapboyumf
          └ Dearth in Dapboyumf — bread at famine prices in the market.
   22134  settlement.abandoned   s=399 sName=Xōukfí
          └ Xōukfí was abandoned.
   22150  war.began              from=811 to=713 name=Ukymotisuim
          └ Marched to war against Kyimmogyuma.
   22150  war.began              from=725 to=811 name=Pimokyumuutua
          └ Marched to war against Ukymotisuim.
   22150  war.began              from=895 to=469 name=Tụ̌lǐ
          └ Marched to war against Dapboyumf.
   22150  war.ended              how=faded to=444 toName=Masmopa name=Pomponsomsyus
          └ The war with Pomponsomsyus ended; some 5 soldiers never came home.
   22172  settlement.tier        s=469 sName=Dapboyumf
          └ Dapboyumf grew into a metropolis (681,000 souls).
   22175  settlement.founded     s=939 sName=Tīkú city=1
          └ The city of Tīkú arose.
   22188  slave.revolt           s=315 sName=Ňímrá
          └ The unfree of Ňímrá rose in revolt, and the labour was lost.
   22200  plague.outbreak        s=670 sName=Tụ̀ịrúkò
          └ Plague broke out in Tụ̀ịrúkò and swept through the realm.
   22200  plague.outbreak        s=682 sName=Tāptáịrụ́
          └ Plague broke out in Tāptáịrụ́ and swept through the realm.
   22200  plague.outbreak        s=689 sName=Rumomissi
          └ Plague broke out in Rumomissi and swept through the realm.
   22200  plague.outbreak        s=691 sName=Xụ́ňtụ̌ị
          └ Plague broke out in Xụ́ňtụ̌ị and swept through the realm.
   22200  plague.outbreak        s=763 sName=Suimokyu
          └ Plague broke out in Suimokyu and swept through the realm.
   22200  plague.outbreak        s=891 sName=Sǎfǎkú
          └ Plague broke out in Sǎfǎkú and swept through the realm.
   22200  plague.outbreak        s=895 sName=Tụ̌
          └ Plague broke out in Tụ̌ and swept through the realm.
   22200  plague.outbreak        s=900 sName=Lụ̄stù
          └ Plague broke out in Lụ̄stù and swept through the realm.
   22200  plague.outbreak        s=914 sName=Lụ̌ị
          └ Plague broke out in Lụ̌ị and swept through the realm.
   22200  plague.outbreak        s=921 sName=Lụ́ňlì
          └ Plague broke out in Lụ́ňlì and swept through the realm.
   22200  plague.outbreak        s=927 sName=Rīupīrụ́
          └ Plague broke out in Rīupīrụ́ and swept through the realm.
   22200  war.began              from=713 to=930 name=Kyimmogyuma
          └ Marched to war against Ummomumumdua.
   22200  war.began              from=457 to=921 name=Mumuidua
          └ Marched to war against Lụ́ňlìlǐ.
   22200  war.began              from=616 to=921 name=Līütlàkú
          └ Marched to war against Lụ́ňlìlǐ.
   22200  war.began              from=895 to=457 name=Tụ̌lǐ
          └ Marched to war against Mumuidua.
   22200  war.ended              how=faded to=591 toName=Nàmpíülǐā name=Sírụ́lǐā
          └ The war with Sírụ́lǐā ended; some 4 soldiers never came home.
   22216  settlement.abandoned   s=438 sName=Xụ́ttīu
          └ Xụ́ttīu was abandoned.
   22234  succession.crisis      name=Lụ́ňlìlǐ
          └ The royal line failed — an interregnum of rival claimants.
   22237  settlement.abandoned   s=383 sName=Fụ̀ịttīu
          └ Fụ̀ịttīu was abandoned.
   22237  polity.seceded         from=811 fromName=Ukymotisuim
          └ Broke away from Ukymotisuim in a war of secession.
   22237  polity.seceded         from=605 fromName=Fǒtlàlǐ
          └ Broke away from Fǒtlàlǐ in a war of secession.
   22237  polity.ended           how=dissolved name=Xōukfílǐā
          └ Dissolved — its last cities scattered or fell silent.
   22237  polity.ended           how=dissolved name=Xụ́ttīu
          └ Dissolved — its last cities scattered or fell silent.
   22250  settlement.founded     s=945 sName=Lụ́ttīu city=1
          └ The city of Lụ́ttīu arose.
   22250  war.began              from=811 to=499 name=Ukymotisuim
          └ Marched to war against Ukymotisuimdu.
   22250  war.began              from=682 to=457 name=Lǐfpú
          └ Marched to war against Mumuidua.
   22250  war.began              from=457 to=682 name=Mumuidua
          └ Marched to war against Lǐfpú.
   22250  war.began              from=29 to=866 name=Pomponsomsyus
          └ Marched to war against Dumomuisium.
   22250  war.began              from=457 to=866 name=Mumuidua
          └ Marched to war against Dumomuisium.
   22250  war.began              from=183 to=866 name=Suimobuimmiusyus
          └ Marched to war against Dumomuisium.
   22250  war.began              from=29 to=867 name=Pomponsomsyus
          └ Marched to war against Amopadu.
   22250  war.began              from=457 to=867 name=Mumuidua
          └ Marched to war against Amopadu.
   22250  war.began              from=499 to=678 name=Ukymotisuimdu
          └ Marched to war against Mimomuisiumdu.
   22250  war.ended              how=faded to=336 toName=Bofvu name=Pomponsomsyus
          └ The war with Pomponsomsyus ended; some 1 soldiers never came home.
   22269  settlement.withered    s=837 sName=Suimosiduiky
          └ Suimosiduiky withered away and was abandoned.
   22275  settlement.founded     s=946 sName=Kyumupa city=1
          └ The city of Kyumupa arose.
   22300  war.began              from=457 to=469 name=Mumuidua
          └ Marched to war against Dapboyumf.
   22300  war.ended              how=faded to=183 toName=Suimobuimmiusyus name=Pomponsomsyus
          └ The war with Pomponsomsyus ended; some 42 soldiers never came home.
   22300  war.ended              how=sackedIntoTribute to=930 toName=Ummomumumdua name=Kyimmogyuma
          └ The war with Kyimmogyuma ended; some 2 soldiers never came home.
   22300  polity.submitted       how=sackedIntoTribute to=713 toName=Kyimmogyuma name=Ummomumumdua
          └ Facing hopeless odds, the court of Ummomumumdua bowed to Kyimmogyuma — keeping its throne at the price of tribute.
   22300  war.ended              how=siegeLifted to=469 toName=Dapboyumf name=Pomponsomsyus
          └ The war with Pomponsomsyus ended.
   22300  war.indemnity          to=469 toName=Dapboyumf name=Pomponsomsyus
          └ Pomponsomsyus paid a heavy indemnity to Dapboyumf at the peace.
   22321  settlement.abandoned   s=469 sName=Dapboyumf
          └ Dapboyumf was abandoned.
   22321  settlement.abandoned   s=689 sName=Rumomissi
          └ Rumomissi was abandoned.
   22321  settlement.tier        s=921 sName=Lụ́ňlì
          └ Lụ́ňlì grew into a metropolis (720,000 souls).
   22325  settlement.founded     s=951 sName=Sismuibakyu kind=crystallized
          └ Sismuibakyu was founded.
   22325  settlement.founded     s=951 sName=Pa city=1
          └ The city of Pa arose.
   22350  market.dearth          s=921 sName=Lụ́ňlì
          └ Dearth in Lụ́ňlì — bread at famine prices in the market.
   22350  war.began              from=921 to=364 name=Lụ́ňlìlǐ
          └ Marched to war against Umiu.
   22350  war.began              from=364 to=921 name=Umiu
          └ Marched to war against Lụ́ňlìlǐ as the succession failed.
   22350  war.began              from=685 to=29 name=Umowutua
          └ Marched to war against Pomponsomsyus as the succession failed.
   22350  war.ended              how=faded to=373 toName=Yūstùlǐ name=Tótị̀kòlǐ
          └ The war with Tótị̀kòlǐ ended; some 14 soldiers never came home.
   22350  war.ended              how=faded to=612 toName=Kǎňtụ̀ịkúlǐā name=Muimogyumadu
          └ The war with Muimogyumadu ended; some 15 soldiers never came home.
   22350  polity.submitted       how=capitulation to=520 toName=Kogpozḭsyyi̤z name=Pomponsomsyus
          └ Beaten in the field, the court of Pomponsomsyus bent the knee to Kogpozḭsyyi̤z — a client crown under the conqueror's peace.
   22350  war.ended              how=truce to=685 toName=Umowutua name=Pomponsomsyus
          └ The war with Pomponsomsyus ended.
   22350  war.indemnity          to=685 toName=Umowutua name=Pomponsomsyus
          └ Pomponsomsyus paid a heavy indemnity to Umowutua at the peace.
   22350  polity.shattered       s=29 sName=Pomponsom to=520 toName=Kogpozḭsyyi̤z
          └ Its capital Pomponsom fell to Kogpozḭsyyi̤z — the realm collapsed.
   22350  polity.ended           how=conquest byName=Kogpozḭsyyi̤z name=Pomponsomsyus
          └ Fell to Kogpozḭsyyi̤z and was erased from the map.
   22385  settlement.abandoned   s=690 sName=Lákò
          └ Lákò was abandoned.
   22387  polity.submitted       how=union to=921 toName=Lụ́ňlìlǐ name=Lǐfpú
          └ In the troubles of the succession, the court of Lǐfpú joined its crown to Lụ́ňlìlǐ — one senior throne, two realms.
   22387  settlement.annexed     s=682 sName=Tāptáịrụ́ from=682 fromName=Lǐfpú to=921 toName=Lụ́ňlìlǐ
          └ Peacefully absorbed Tāptáịrụ́ from Lǐfpú.
   22387  settlement.annexed     s=896 sName=Xóuptù from=682 fromName=Lǐfpú to=921 toName=Lụ́ňlìlǐ
          └ Peacefully absorbed Xóuptù from Lǐfpú.
   22387  settlement.annexed     s=901 sName=Tǎtị̄ from=682 fromName=Lǐfpú to=921 toName=Lụ́ňlìlǐ
          └ Peacefully absorbed Tǎtị̄ from Lǐfpú.
   22387  settlement.annexed     s=907 sName=Tǎkò from=682 fromName=Lǐfpú to=921 toName=Lụ́ňlìlǐ
          └ Peacefully absorbed Tǎkò from Lǐfpú.
   22387  settlement.annexed     s=911 sName=Ngị̄fpù from=682 fromName=Lǐfpú to=921 toName=Lụ́ňlìlǐ
          └ Peacefully absorbed Ngị̄fpù from Lǐfpú.
   22387  polity.ended           how=integrated byName=Lụ́ňlìlǐ name=Lǐfpú
          └ Dissolved — its last cities scattered or fell silent.
   22387  polity.seceded         from=605 fromName=Fǒtlàlǐ
          └ Broke away from Fǒtlàlǐ in a war of secession.
   22387  settlement.annexed     s=1 sName=Ňěňní from=349 fromName=Ífpùlǐ to=746 toName=Rugyudu
          └ Peacefully absorbed Ňěňní from Ífpùlǐ.
   22400  war.began              from=713 to=746 name=Kyimmogyuma
          └ Marched to war against Rugyudu.
   22400  war.began              from=364 to=895 name=Umiu
          └ Marched to war against Tụ̌lǐ under the banner of the faith.
   22400  war.began              from=344 to=469 name=Līütlàkòlǐ
          └ Marched to war against Dapboyumf.
  … 1436 more events elided

=== SETTLEMENT LIFE TABLE (everything ever settled in the box) ===
  id     name           first   last    peak   tier  death (type @ step)
      1  Ňěňní        13500   24700   10880    3   abandoned @ 24769
      2  Fùlpū        13500   25000    5420    3   (alive at end)
      3  Kèňtọ̄ị     13600   15100      15    2   dissolved(core) @ 15197
      4  Fōnfǐu       13600   15100      15    2   dissolved(core) @ 15196
      5  Nāthị̌       13600   15100      15    2   dissolved(core) @ 15195
      6  Lǎxkòu       13600   15300      15    2   dissolved(core) @ 15394
      8  Sǔsfá        13700   15300      15    2   dissolved(core) @ 15392
      9  Fǒptàị      13700   15300      15    2   dissolved(core) @ 15391
     10  Ňúpīkò      13700   15300      15    2   dissolved(core) @ 15390
     11  Ňǐlňà        13700   15300      15    2   dissolved(core) @ 15389
     12  Xòufpù       13800   15300      15    2   dissolved(core) @ 15388
     13  Lǎlpù        13800   15300      15    2   dissolved(core) @ 15387
     14  Tàstù        13800   15300      15    2   dissolved(core) @ 15386
     15  Ňěxkòu       13800   15500      15    2   dissolved(core) @ 15585
     16  Nīpsē        13900   15500      15    2   dissolved(core) @ 15584
     17  Lẹ́fị̌kú    13900   15500      15    2   dissolved(core) @ 15583
     18  Fōnfǐu       13900   15500      15    2   dissolved(core) @ 15582
     19  Hǐlhụ̌       13900   15500      15    2   dissolved(core) @ 15581
     20  Xóuňpì       14000   15500      15    2   dissolved(core) @ 15580
     21  Lá            14000   15500      15    2   dissolved(core) @ 15579
     22  Lụ́ňpì       14000   15500      15    2   dissolved(core) @ 15578
     23  Mīnglì       14000   15700      15    2   dissolved(core) @ 15777
     24  Ňúpī         14100   15700      15    2   dissolved(core) @ 15776
     25  Lǎtlà        14100   15700      15    2   dissolved(core) @ 15775
     26  Xòutà        14100   15700      15    2   dissolved(core) @ 15774
     27  Fòutrọ̌ị    14300   15900      15    2   dissolved(core) @ 15973
     28  Pọ̄ịtrọ́ị  14500   16100      15    2   dissolved(core) @ 16172
     30  Sogyoepa       14600   16700    1828    2   abandoned @ 16705
     31  Omomessi       14600   16100      15    2   dissolved(core) @ 16169
     32  Dumomoi        14600   16300      15    2   dissolved(core) @ 16368
     33  Dosudu         14600   16300      15    2   dissolved(core) @ 16367
     34  Umkyoi         14700   16300      15    2   dissolved(core) @ 16366
     35  Sùlhụ̌       14700   16300      15    2   dissolved(core) @ 16365
     36  Rimmopuiky     14700   16300      15    2   dissolved(core) @ 16364
     37  Mumommoe       14700   16300      15    2   dissolved(core) @ 16363
     38  Nokyopa        14700   16300      15    2   dissolved(core) @ 16362
     39  Bommodu        14800   16300      15    2   dissolved(core) @ 16361
     40  Pomponsomdu    14800   16300      15    2   dissolved(core) @ 16360
     41  Togyomuky      14800   16500      15    2   dissolved(core) @ 16559
     42  Tàịňnī      14800   16500      15    2   dissolved(core) @ 16558
     43  Hóuptàị     15000   16500      15    2   dissolved(core) @ 16557
     44  Pismoe         15100   16700      15    2   dissolved(core) @ 16756
     45  Sùňní        15100   16700      15    2   dissolved(core) @ 16755
     47  Sǐlāị       15300   16900      15    2   dissolved(core) @ 16953
     48  Fòuňpì       15300   16900      15    2   dissolved(core) @ 16952
     49  Nātlà        15300   16900      15    2   dissolved(core) @ 16951
     50  Fọ̄ịkfé     15300   18400    1220    3   withered @ 18496
     55  Pọ̄ịtrọ́ị  15500   17100      15    2   dissolved(core) @ 17145
     57  Tǎ            15500   17100      15    2   dissolved(core) @ 17143
     59  Xóutrọ̌ị    15500   18100    1307    3   withered @ 18142
     61  Nāppè        15500   17100      15    2   dissolved(core) @ 17139
     64  Kǐlī         15600   17100      15    2   dissolved(core) @ 17136
     66  Lǎlpì        15600   17300      15    2   dissolved(core) @ 17334
     68  Hǔxkòu       15600   17300      15    2   dissolved(core) @ 17332
     70  Sǐufpù       15600   17300      15    2   dissolved(core) @ 17330
     72  Ommosommosoe   15700   18100      33    2   dissolved(core) @ 18128
     73  Pọ̀lňà       15700   17300      13    2   dissolved(core) @ 17327
     75  Lǐfpúkú     15700   17300      15    2   dissolved(core) @ 17325
     77  Èthị̌        15700   17300      15    2   dissolved(core) @ 17323
     79  Kèhtà        15700   17300      15    2   dissolved(core) @ 17321
     82  Nǔfīukò     15800   17500      16    2   dissolved(core) @ 17518
     84  Lōròrọ̀     15800   17500      15    2   dissolved(core) @ 17516
     86  Ǎịmràkò    15800   17500      15    2   dissolved(core) @ 17514
     88  Lụ́ppè       15800   17500      15    2   dissolved(core) @ 17512
     90  Kúrọ̀        15900   17500      15    2   dissolved(core) @ 17510
     92  Yútlà        15900   17500      15    2   dissolved(core) @ 17508
     94  Ụ́            15900   17500      15    2   dissolved(core) @ 17506
     96  Lǎptàị      15900   17500      16    2   dissolved(core) @ 17504
     99  Fòkfé        16000   21700    4903    3   dissolved(core) @ 21701
    101  Hǐlňà        16000   17600      15    2   dissolved(core) @ 17699
    103  Xóutárọ̀    16000   17600      15    2   dissolved(core) @ 17697
    105  Fìụkú       16000   17600      15    2   dissolved(core) @ 17695
    106  Lāffí        16100   19300    7430    3   abandoned @ 19389
    108  Gyamomumom     16200   21400    2883    3   abandoned @ 21457
    109  Ňúpīrọ̀     16200   19800    3674    3   dissolved(core) @ 19891
    110  Puikypa        16300   17800      16    2   dissolved(core) @ 17890
    111  Lǎňní        16300   17800      13    2   dissolved(core) @ 17889
    113  Sismopa        16400   18000      15    2   dissolved(core) @ 18087
    114  Hímpíü       16400   18000      15    2   dissolved(core) @ 18086
    116  Gyamosiim      16400   18000      15    2   dissolved(core) @ 18084
    119  Ommobuimmoe    16500   18000      15    2   dissolved(core) @ 18081
    121  Omomabem       16500   18000      15    2   dissolved(core) @ 18079
    123  Gyomamoe       16500   18000      15    2   dissolved(core) @ 18077
    126  Sem            16500   24000    2983    3   abandoned @ 24045
    129  Pigyimmoe      16600   21400    3929    3   abandoned @ 21478
    130  Ìtlà         16600   18200      15    2   dissolved(core) @ 18270
    133  Papa           16600   18200      15    2   dissolved(core) @ 18267
    136  Ososmoe        16600   18200      15    2   dissolved(core) @ 18264
    140  Pīurụ́       16600   18200      15    2   dissolved(core) @ 18260
    143  Kǎňtụ̀ịrú  16700   18200      16    2   dissolved(core) @ 18257
    156  Mom            16800   18400      15    2   dissolved(core) @ 18444
    162  Ommoe          16800   18400      15    2   dissolved(core) @ 18438
    163  Fòulpì       16800   18400      15    2   dissolved(core) @ 18437
    164  Amosiim        16900   18400      15    2   dissolved(core) @ 18436
    165  Nǔfīurụ́    16900   18400      15    2   dissolved(core) @ 18435
    166  Xǐrụ́        16900   18600      15    2   dissolved(core) @ 18634
    168  Pārụ́        17000   18600      15    2   dissolved(core) @ 18632
    170  Xóuttīu      17000   25000    3595    3   (alive at end)
    171  Fụ̀ịlňà     17100   20600     805    2   dissolved(core) @ 20629
    175  Tǎlňà        17200   18800      16    2   dissolved(core) @ 18825
    177  Fụ̀ịtlà     17200   18800      15    2   dissolved(core) @ 18823
    179  Xụ́lňà       17300   19000      15    2   dissolved(core) @ 19021
    180  Fị́ffí       17300   19000      15    2   dissolved(core) @ 19020
    181  Hóuxkòu      17300   21500    7780    3   abandoned @ 21503
    187  Hímpíü       17400   20100    6454    3   abandoned @ 20147
    190  Hǔlhụ̌       17400   20600    3832    3   abandoned @ 20694
    193  Ǎịmràkú    17400   19000      15    2   dissolved(core) @ 19007
    198  Fùlpūkò     17500   19200      16    2   dissolved(core) @ 19202
    201  Píkfìrụ́    17500   19100      15    2   dissolved(core) @ 19199
    203  Pụ̀nlà       17500   19100      15    2   dissolved(core) @ 19197
    206  Ìppì         17600   19100      16    2   dissolved(core) @ 19194
    208  Fùppīrụ́    17600   19100      15    2   dissolved(core) @ 19192
    210  Fòuttīu      17600   19100      15    2   dissolved(core) @ 19190
    212  Pụ́xkòu      17600   19300      16    2   dissolved(core) @ 19388
    215  Hǐlpì        17700   19300      16    2   dissolved(core) @ 19385
    217  Sīutlà       17700   19300      15    2   dissolved(core) @ 19383
    219  Hóuthị̌      17700   19300      16    2   dissolved(core) @ 19381
    221  Ňīnlà        17700   19300      15    2   dissolved(core) @ 19379
    223  Ìňtà         17800   19300      15    2   dissolved(core) @ 19377
    225  Hūnfǐu       17800   19300      15    2   dissolved(core) @ 19375
    227  Ňīfpù        17800   19500      15    2   dissolved(core) @ 19573
    230  Tụ̀lǒu       17800   19500      15    2   dissolved(core) @ 19570
    231  Ňúpī         17900   21000    3850    3   abandoned @ 21025
    233  Sismomabim     18000   21300    2691    2   abandoned @ 21304
    234  Lāfpù        18000   19500      15    2   dissolved(core) @ 19566
    241  Sumsusa        18100   19700      15    2   dissolved(core) @ 19759
    242  Tǎltù        18100   19700      15    2   dissolved(core) @ 19758
    245  Summusui       18200   19700      15    2   dissolved(core) @ 19755
    246  Ìxkòu        18200   19700      15    2   dissolved(core) @ 19754
    248  Dyuimopadu     18200   19700      15    2   dissolved(core) @ 19752
    249  Pụ̄nglì      18200   19700      15    2   dissolved(core) @ 19751
    251  Kyusbukymiu    18200   19900      15    2   dissolved(core) @ 19949
    252  Rimowumkyui    18200   20900    2246    3   abandoned @ 20981
    253  Ǐstù         18200   19900      15    2   dissolved(core) @ 19947
    259  Làkfí        18300   19900      15    2   dissolved(core) @ 19941
    264  Dupa           18300   20700      15    2   dissolved(core) @ 20736
    265  Rụ̄ịkò      18300   19900      15    2   dissolved(core) @ 19935
    269  Kìhsī        18400   19900      14    2   dissolved(core) @ 19931
    276  Simowumkyui    18400   20000      15    2   abandoned @ 20005
    288  Mumum          18500   21700      52    2   dissolved(core) @ 21712
    289  Nītlà        18500   18500      15    2   abandoned @ 18577
    293  Mumum          18500   19900      15    2   abandoned @ 19998
    298  Tummosigyim    18600   20000      15    2   abandoned @ 20039
    305  Xụ̀ftà       18600   20600    1344    2   withered @ 20671
    306  Mabimdu        18700   19900      14    2   abandoned @ 19988
    307  Kǎňtụ̀ịrú  18700   20000      15    2   abandoned @ 20005
    308  Fụ̀ịňní     18700   19900      16    2   abandoned @ 19986
    315  Ňímrá        18800   24500    5415    3   abandoned @ 24501
    319  Tǎtlà        18900   20000      15    2   abandoned @ 20019
    322  Lụ̀là        18900   20000      15    2   abandoned @ 20019
    334  Fǒlpù        19100   20000      15    2   abandoned @ 20039
    337  Hìulpù       19100   20000      16    2   abandoned @ 20040
    339  Tìttíukú    19100   20600      48    2   withered @ 20655
    341  Umsyuimiu      19200   19400      15    2   abandoned @ 19441
    345  Kyumiu         19300   22600    1500    3   abandoned @ 22669
    350  Muimopuigy     19300   20000      15    2   abandoned @ 20026
    355  Xóutlà       19300   20000      15    2   abandoned @ 20039
    359  Muimmiu        19300   20000      15    2   abandoned @ 20039
    364  Umiu           19400   21500    3220    3   abandoned @ 21564
    368  Syamomuisium   19400   20500    3712    3   withered @ 20593
    375  Pezylugo       19400   20000      15    2   abandoned @ 20026
    380  Dylobfu        19500   20000      15    2   abandoned @ 20026
    386  Phaphut'eb     19500   20000      15    2   abandoned @ 20026
    390  Umosummusui    19500   22700    2645    3   abandoned @ 22753
    391  Piziba         19500   20000      15    2   abandoned @ 20026
    395  Pikymokyu      19500   20000      15    2   abandoned @ 20039
    399  Xōukfí       19600   22100    5181    3   abandoned @ 22134
    403  Lǒtòkò      19600   20000      15    2   abandoned @ 20039
    407  Pụ̀fpù       19600   20000      15    2   abandoned @ 20039
    410  Nị́ffí       19600   20000      15    2   abandoned @ 20039
    415  Yùlà         19700   20000      15    2   abandoned @ 20039
    417  Kìhtà        19700   20000      15    2   abandoned @ 20039
    418  Fīpìrụ́     19700   20000      15    2   abandoned @ 20039
    421  Kóňtụ̌ị     19700   20000      15    2   abandoned @ 20026
    423  Fǒlňà        19800   20000      15    2   abandoned @ 20039
    425  Nātrụ̄ị     19800   20000      15    2   abandoned @ 20042
    427  Mabimmiu       19800   20000      15    2   abandoned @ 20026
    428  Ňímrá        19800   20000      15    2   abandoned @ 20039
    431  Dyuimodimis    19800   21200      15    2   abandoned @ 21202
    432  Fị́tà        19800   21200      15    2   abandoned @ 21226
    437  Tukyukyu       19900   21200      14    2   abandoned @ 21203
    438  Xụ́ttīu      19900   22200    4606    3   abandoned @ 22216
    446  Xóuxkòu      19900   21200      16    2   abandoned @ 21220
    451  Yaghat         20000   21100    3692    3   abandoned @ 21140
    457  Mumui          20000   21700    2999    3   abandoned @ 21745
    458  Yuphut'eb      20000   21100      13    2   abandoned @ 21192
    464  Gyumamiu       20100   21200      15    2   abandoned @ 21219
    465  Datholay       20100   21200      15    2   abandoned @ 21226
    468  Uduspa         20100   21200      15    2   abandoned @ 21219
    469  Dapboyumf      20100   22300    4330    3   abandoned @ 22321
    478  Pinimmiu       20100   21200      15    2   abandoned @ 21219
    479  Ňǐppì        20100   21200      15    2   abandoned @ 21239
    486  Papa           20100   21100      15    2   abandoned @ 21198
    487  Ngǎịstù     20100   21200      15    2   abandoned @ 21239
    494  Nástù        20200   21200      15    2   abandoned @ 21219
    503  Sīutlà       20200   21200      15    2   abandoned @ 21226
    516  Buimmiupa      20200   21200      15    2   abandoned @ 21219
    517  Fòuttīu      20200   21400      23    2   abandoned @ 21488
    525  Ummobimsyi     20200   21100      15    2   abandoned @ 21188
    526  Nàmrá        20200   21200      15    2   abandoned @ 21239
    537  Kǔrụ́        20300   21200      15    2   abandoned @ 21239
    544  Nīfìü        20300   21200      15    2   abandoned @ 21219
    552  Xǒumpíü      20300   21200      13    2   abandoned @ 21213
    559  Kyu            20300   21000    3125    2   abandoned @ 21025
    565  Lǐfpú        20400   21700    2795    3   abandoned @ 21745
    572  Tị̌pō        20400   21200      15    2   abandoned @ 21239
    578  Lǎňpì        20400   21200      15    2   abandoned @ 21239
    584  Nị̌stù       20400   21200      15    2   abandoned @ 21226
    586  Īmpíü        20500   21200      15    2   abandoned @ 21226
    591  Nàmpíü       20500   21200      15    2   abandoned @ 21234
    595  Tàthị̀kò    20500   21200      15    2   abandoned @ 21239
    599  Ňímpíü       20500   21200      15    2   abandoned @ 21239
    604  Pị́rụ́       20600   21200      15    2   abandoned @ 21239
    608  Līütlàkú    20600   21200      15    2   abandoned @ 21242
    612  Kǎňtụ̀ịkú  20600   21100      15    2   abandoned @ 21197
    616  Līütlàkú    20600   22400    4051    3   abandoned @ 22465
    620  Pụ́lhụ̌      20700   21200      15    2   abandoned @ 21239
    625  Sǒ            20700   21200      15    2   abandoned @ 21239
    628  Kótlà        20700   21200      15    2   abandoned @ 21239
    632  Lụ̄nlārụ́   20700   21200      15    2   abandoned @ 21239
    639  Xóuxkòu      20800   21200      15    2   abandoned @ 21239
    644  Līütlàkú    20800   21200      15    2   abandoned @ 21226
    670  Tụ̀ịrúkò   21100   22400      39    2   abandoned @ 22428
    673  Fị́sī        21100   22400      15    2   abandoned @ 22419
    677  Ňīfpù        21100   22400      15    2   abandoned @ 22420
    682  Tāptáịrụ́  21200   25000    6325    3   (alive at end)
    689  Rumomissi      21300   22300      15    2   abandoned @ 22321
    690  Lákò         21300   22300      15    2   abandoned @ 22385
    695  Masmomuim      21300   22900      15    2   dissolved(core) @ 22905
    696  Lǐfpúrụ́    21300   22400      15    2   abandoned @ 22415
    715  Pisyimpa       21300   22800      15    2   dissolved(core) @ 22885
    716  Lǐtì         21300   22400      15    2   abandoned @ 22435
    731  Buigyinkyu     21300   22400      15    2   abandoned @ 22428
    732  Hóuxkòu      21300   25000    4641    3   (alive at end)
    747  Masmomuim      21400   22400      15    2   abandoned @ 22421
    748  Xụ́lpì       21400   22400      15    2   abandoned @ 22419
    763  Suimokyu       21400   22400      15    2   abandoned @ 22436
    764  Kínfǐu       21400   22400      15    2   abandoned @ 22426
    777  Sīuňní       21400   22400      15    2   abandoned @ 22440
    788  Fónglì       21400   22400      15    2   abandoned @ 22419
    800  Fǒlhụ̌       21500   22400      15    2   abandoned @ 22419
    812  Fǒu'kū       21500   22400      13    2   abandoned @ 22440
    822  Umodugyumuky   21500   22600      15    2   abandoned @ 22688
    823  Fǐulpūkú    21500   22400      16    2   abandoned @ 22446
    829  Pumbunsum      21500   22600      15    2   abandoned @ 22688
    830  Lámpíü       21500   22400      15    2   abandoned @ 22426
    837  Suimosiduiky   21600   22200       8    2   withered @ 22269
    842  Pimopisyim     21600   22400      15    2   abandoned @ 22445
    846  Bifkyu         21600   22900      15    2   withered @ 22944
    851  Imopazu        21600   22800      15    2   abandoned @ 22838
    861  Tìttíu       21700   22400      15    2   abandoned @ 22419
    869  Buninmiu       21700   22900      15    2   withered @ 22942
    874  Dyimokyumu     21700   22900      15    2   withered @ 22943
    878  Munsuikyu      21700   22900      15    2   withered @ 22942
    884  Umobimsyi      21800   22500      15    2   abandoned @ 22538
    887  Pimomuibum     21800   22700      15    2   abandoned @ 22753
    891  Sǎfǎkú      21800   22500      15    2   abandoned @ 22538
    895  Tụ̌           21800   24000    2742    3   abandoned @ 24049
    899  Mabimmiu       21900   25000    1443    2   (alive at end)
    900  Lụ̄stù       21900   22600      17    2   abandoned @ 22688
    906  Tùtǔ         21900   22400      15    2   abandoned @ 22426
    910  Ngị̌tlà      21900   22400      15    2   abandoned @ 22439
    914  Lụ̌ị         21900   22400      15    2   abandoned @ 22439
    921  Lụ́ňlì       22000   24300    3361    3   abandoned @ 24398
    922  Pụ́tị̄       22000   22400      15    2   abandoned @ 22439
    923  Simsuikyu      22000   22900      15    2   withered @ 22945
    924  Fòuňlì       22000   22400      15    2   abandoned @ 22419
    951  Pa             22400   23000      16    2   abandoned @ 23044
    965  Punpunsun      22500   23000      16    2   abandoned @ 23045
    966  P'oetephamd    22500   23000      15    2   abandoned @ 23035
    979  Dunupa         22500   23000      16    2   abandoned @ 23043
    980  Thatammolz     22500   23000      16    2   abandoned @ 23029
    994  Imomissi       22500   23000      15    2   abandoned @ 23039
    995  Píụịtrụ̀i  22500   23500      15    2   withered @ 23542
   1007  Imoyipim       22600   25000    4014    2   (alive at end)
   1008  Pụ́lpù       22600   23500      14    2   withered @ 23532
   1017  Nītlà        22600   23500      15    2   withered @ 23544
   1026  Bumupa         22600   24100      74    2   dissolved(core) @ 24174
   1032  Xòunkū       22600   23500      15    2   withered @ 23544
   1040  Rugyu          22600   23400      15    2   abandoned @ 23438
   1041  Fị̌stù       22600   23500      15    2   withered @ 23544
   1049  Lákò         22700   23500      15    2   withered @ 23542
   1056  Nāttīu       22700   23500      15    2   withered @ 23544
   1061  Rumomunin      22700   23500      15    2   withered @ 23545
   1062  Nǒurụ́       22700   23500      15    2   withered @ 23544
   1070  Ìňlà         22700   23500      15    2   withered @ 23545
   1074  Buimmiu        22800   23500      15    2   withered @ 23544
   1075  Tāxụ̄ịkú   22800   23500      15    2   withered @ 23543
   1082  Bunmosiduiky   22800   23200      15    2   abandoned @ 23288
   1083  Fùppīrụ́    22800   23500      15    2   withered @ 23544
   1090  Dugyumuky      22800   23500      15    2   withered @ 23543
   1091  Xòunsī       22800   24200    1101    3   abandoned @ 24299
   1093  Pimosigyin     22800   24200      15    2   abandoned @ 24224
   1094  Nǐrtụ̌ị     22800   24200      15    2   abandoned @ 24238
   1098  Xóutlà       22900   24100      13    2   abandoned @ 24188
   1105  Ibuimmiub      22900   24200      15    2   abandoned @ 24230
   1112  Pini           22900   24200      15    2   abandoned @ 24230
   1116  Dugyumukymiu   22900   24300      15    2   abandoned @ 24338
   1128  Muisumiub      23000   24300      15    2   abandoned @ 24338
   1129  Píụịtrụ̀i  23000   25000    2148    2   (alive at end)
   1140  Muisiumiu      23000   24200      15    2   abandoned @ 24239
   1141  Muimowumkyui   23000   25000    3406    3   (alive at end)
   1150  Zylug          23000   25000    1165    3   (alive at end)
   1158  Sismopuigy     23000   24300      15    2   abandoned @ 24338
   1165  Daptayyamfap   23100   24200      15    2   abandoned @ 24224
   1175  Mibghat        23100   24300      15    2   abandoned @ 24338
   1189  Sunmusuipa     23100   24700      15    2   withered @ 24743
   1190  Yaboyumf       23100   24300      15    2   abandoned @ 24338
   1199  Bummomuisu     23100   25000    2624    2   (alive at end)
   1200  Tabdat         23100   24200      15    2   abandoned @ 24230
   1205  Ukymowunkyui   23200   24200      15    2   abandoned @ 24215
   1206  Damfazib       23200   24200      15    2   abandoned @ 24239
   1213  Umsyuimiu      23200   24200      15    2   abandoned @ 24246
   1214  Yomyayaph      23200   24300      15    2   abandoned @ 24338
   1219  Zayamphib      23200   24200      15    2   abandoned @ 24215
   1226  Srap'uph       23200   25000      45    2   (alive at end)
   1245  Pummokyu       23400   25000    2449    3   (alive at end)
   1291  Umiu           23600   24600      15    2   abandoned @ 24638
   1292  Damfughazy     23600   24200      15    2   abandoned @ 24239
   1300  U              23600   24600      15    2   abandoned @ 24638
   1301  Phap'yafayok   23600   24200      15    2   abandoned @ 24226
   1310  Pàpụ̀        23600   25000    2444    2   (alive at end)
   1317  Lụ́tlà       23700   24700      15    2   withered @ 24744
   1324  Tàsfá        23700   25000      15    2   (alive at end)
   1332  Nǎnpíü       23700   25000    2963    2   (alive at end)
   1339  Xụ̄stù       23700   24200      15    2   abandoned @ 24234
   1377  Nīňlìkú     24000   24700      15    2   withered @ 24744
   1392  Láylà        24100   24800      15    2   abandoned @ 24821
   1428  Lǎtị̄        24300   24800      15    2   abandoned @ 24839
   1439  Punbunsun      24300   25000      17    2   (alive at end)
   1440  Lǐrụ́        24300   24800      15    2   abandoned @ 24839
   1453  Mumunkyu       24300   25000      15    2   (alive at end)
   1454  Rimomium       24300   25000      15    2   (alive at end)
   1465  Amosismuiba    24300   25000      15    2   (alive at end)
   1466  Mimosisyim     24300   25000      15    2   (alive at end)
   1476  Imobimi        24400   25000      16    2   (alive at end)
   1485  Fiumosumpusa   24400   25000      15    2   (alive at end)
   1487  Unkyuipa       24400   25000      15    2   (alive at end)
   1488  Fị̌srụ̄ị    24400   24800      15    2   abandoned @ 24839
   1495  Xǐusàịxō   24400   24800      15    2   abandoned @ 24839
   1500  Sīuňlì       24500   24800      15    2   abandoned @ 24839
   1503  Xàrāsụ́ị   24500   24800      15    2   abandoned @ 24839
   1506  Lụ́tlà       24500   24800      13    2   abandoned @ 24826
   1517  Tíulì        24500   25000      15    2   (alive at end)
   1528  Pòuxì        24600   25000      15    2   (alive at end)
   1540  Pīxfìrụ́    24600   25000      15    2   (alive at end)
   1552  Xòunfìü      24600   25000      15    2   (alive at end)
   1560  Wúsī         24600   25000      15    2   (alive at end)
   1569  Pụ́pfí       24700   24700      15    2   abandoned @ 24769
   1581  Bunmosiduiky   24700   25000      16    2   (alive at end)
   1582  Fị́là        24700   25000      16    2   (alive at end)
   1632  Umopadu        24800   25000      13    2   (alive at end)
   1633  Nīpfí        24800   25000      15    2   (alive at end)
   1651  Ūsúrụ́      24800   25000      15    2   (alive at end)
   1668  P'amfophghat   24800   25000      15    2   (alive at end)
   1681  Zyibayamphiby  24900   25000      15    2   (alive at end)
   1690  Baphdat        24900   25000      15    2   (alive at end)
   1703  Zomtephamd     24900   25000      15    2   (alive at end)
   1714  Dyap           24900   25000      15    2   (alive at end)
   1724  Tamyamdat      25000   25000      15    2   (alive at end)
   1731  Umowu          25000   25000      15    2   (alive at end)
   1732  Pimosiu        25000   25000      15    2   (alive at end)
   1751  Ulmo'usy       25000   25000      15    2   (alive at end)
   1752  Rumopiuf       25000   25000      15    2   (alive at end)
   1765  Pinmakypa      25000   25000      15    2   (alive at end)

=== REALM LIFE TABLE (everything that ever owned a box tile) ===
  id     name             firstSeen  peakBoxT  peakWorldT  peakMem  born(how)          end(how @ step)
      1  Ňěňní             15200        29          29       31                     dissolved @ 24787
      2  ?                   15300         6           0        0                     dissolved @ 18937
     29  ?                   15500         4           0        0                     conquest by Kogpozḭsyyi̤z @ 22350
     50  ?                   15500         5           0        0                     dissolved @ 18637
     54  ?                   15500         3           0        0                     dissolved @ 18037
     30  ?                   15600        11           0        0                     dissolved @ 21637
     60  ?                   15600        10           0        0                     dissolved @ 17587
     59  ?                   15600         5           0        0                     dissolved @ 18187
     72  ?                   15700         6           0        0                     conquest by Ňěňní @ 15800
     45  ?                   15900         6           0        0                     (alive at end)
     99  ?                   16000         7           0        0                     conquest by Ňěňní @ 16100
     89  ?                   16000        16           0        0                     conquest by Dapboyumf @ 20650
    106  Lāffílěā        16200        18          30        5                     dissolved @ 19537
    108  ?                   16500        10           0        0                     integrated by Semsyus @ 18487
    129  Pigyimmoesyus       16600        13          14        2                     conquest by Syamomuisiumdu @ 19650
    112  ?                   16600         3           0        0                     dissolved @ 21787
    100  ?                   16600         1           0        0                     integrated by Ňěňní @ 16987
    126  Semsyus             16800        17          17        9                     dissolved @ 19987
    137  Pīüffì            16800        17          38        7                     dissolved @ 21337
    109  ?                   16900        10           0        0                     dissolved @ 19987
    168  Pārụ́lǐā        17000        17          17        1                     shattered by Pīüffì @ 17100
    166  Xǐrụ́lǐā        17200        20          36       29                     integrated by Xōukfílǐā @ 20437
    188  ?                   17800         2           0        0                     dissolved @ 19687
    187  Hímpíü            17900        13          13        4                     dissolved @ 20287
    191  ?                   17900         3           0        0                     integrated by Ňímrálǐ @ 19387
     97  ?                   17900         1           0        0                     dissolved @ 20137
    190  Hǔlhụ̌            18000        17          18       11                     conquest by Sogyoepasyus @ 19350
    233  ?                   18500        18           0        0                     dissolved @ 19537
    288  ?                   18600        11           0        0                     dissolved @ 21787
    249  ?                   18600        10           0        0                     dissolved @ 20737
    264  ?                   18800        11           0        0                     integrated by Umiu @ 21337
    305  Xụ̀ftàlǐā       18800        20          20        4                     dissolved @ 20737
    231  ?                   18800        10           0        0                     integrated by Umiu @ 20137
    315  Ňímrálǐ          18900        19          20        3                     dissolved @ 22687
    298  ?                   19200         8           0        0                     dissolved @ 21337
    252  ?                   19300         8           0        0                     dissolved @ 21037
    345  ?                   19300         6           0        0                     conquest by Pomponsomsyus @ 20500
    335  ?                   19300         3           0        0                     integrated by Pīüffì @ 19987
    368  Syamomuisiumdu      19500        19          19        7                     shattered by Pomponsomsyus @ 21450
    323  ?                   19500         1           0        0                     dissolved @ 20437
    351  ?                   19500         3           0        0                     integrated by Èňkūlě @ 20287
    322  ?                   19600         7           0        0                     conquest by Xụ́ttīu @ 20150
    339  ?                   19600         6           0        0                     dissolved @ 21787
    400  ?                   19600         6           0        0                     dissolved @ 23287
    364  Umiu                19800        24          27       14                     conquest by Lụ́ňlìlǐ @ 22500
    399  ?                   19800        13           0        0                     dissolved @ 22237
    438  Xụ́ttīu           19900        24          24       11                     dissolved @ 22237
    463  ?                   20100         1           0        0                     integrated by Pimomuibumdu @ 21487
    371  ?                   20100         1           0        0                     dissolved @ 22537
    170  Xóuttīulǐ        20100        14          14        2                     conquest by Kǎňtụ̀ịkúlǐā @ 20850
    469  Dapboyumf           20200        26          27        5                     conquest by Lụ́ňlìlǐ @ 22650
    257  ?                   20400         1           0        0                     dissolved @ 23737
    465  Datholaytay         20500        16          16        1                     conquest by Dapboyumf @ 20550
    565  Lǐfpúlǐā        20500        21          30       15                     dissolved @ 24187
    559  ?                   20600        13           0        0                     dissolved @ 21037
    612  Kǎňtụ̀ịkúli     20600        24          25        1                     dissolved @ 22687
    609  ?                   20600         3           0        0                     dissolved @ 24337
    596  ?                   20600         2           0        0                     integrated by Lǐfpúlǐā @ 21337
    499  ?                   20900         2           0        0                     integrated by Mumsukyudua @ 24637
    457  Mumuidua            20900        16          16       16                     dissolved @ 24187
    616  Līütlàkú         20900        19          28        5                     dissolved @ 24637
    591  ?                   20900         7           0        0                     conquest by Sírụ́lǐā @ 21000
    605  ?                   20900         7           0        0                     (alive at end)
    713  ?                   21500         3           0        0                     conquest by Gyumapadua @ 23500
    682  Lǐfpú             21800        16          16        5                     integrated by Lụ́ňlìlǐ @ 22387
    892  ?                   21900        15           0        0                     dissolved @ 24337
    811  ?                   22100         1           0        0                     dissolved @ 24637
    895  ?                   22100         9           0        0                     dissolved @ 23587
    349  ?                   22100         2           0        0                     (alive at end)
    921  Lụ́ňlìlǐ         22200        37          39       16                     conquest by Sǎfǎkúlǐā @ 23400
    746  ?                   22400         9           0        0                     integrated by Ǎrụ́ @ 23137
    749  ?                   22500         2           0        0                     dissolved @ 24037
   1009  ?                   22700         5           0        0                     integrated by Xụ́tlàlǐā @ 23587
    927  ?                   22800         3           0        0                     dissolved @ 24637
    732  ?                   22900         6           0        0                     (alive at end)
   1129  Píụịtrụ̀ịk     23100        15          15        1                     (alive at end)
   1151  ?                   23100         6           0        0                     (alive at end)
   1142  ?                   23100        10           0        0                     (alive at end)
   1205  Ukymowunkyuidu      23200        12          14        3                     conquest by Bummomuisu @ 24100
   1141  Zylugtay            23200        17          18        5                     conquest by Ňīrtụ̌ịlǐ @ 23750
    183  ?                   23300         1           0        0                     conquest by Pomponsomsyus @ 20250
   1226  ?                   23400         8           0        0                     conquest by Nǎnpíülǐā @ 24450
   1310  Pàpụ̀lǐā        23700        18          18        3                     (alive at end)
   1130  ?                   23700         8           0        0                     (alive at end)
   1199  Bummomuisu          23800        18          22       12                     (alive at end)
   1339  Xụ̄stù            23800        18          18        1                     conquest by Píụịtrụ̀ịkò @ 23900
   1311  ?                   23800         3           0        0                     (alive at end)
   1332  Nǎnpíülǐā       24000        20          20        3                     conquest by Xụ́tlà @ 24550
   1368  ?                   24000         6           0        0                     (alive at end)
    513  ?                   24100         2           0        0                     conquest by Līütlàkú @ 21700
   1392  Láylàlǐā        24200        18          20        1                     shattered by Sírụ́lǐā @ 24300
    776  ?                   24400         2           0        0                     (alive at end)
   1299  ?                   24500         2           0        0                     (alive at end)
   1324  ?                   24500        17           0        0                     (alive at end)
   1364  ?                   24500         8           0        0                     (alive at end)
   1317  ?                   24700        18           0        0                     conquest by Bummomuisu @ 24750
   1300  ?                   24800        10           0        0                     (alive at end)
   1124  ?                   25000         2           0        0                     (alive at end)
   1652  ?                   25000         3           0        0                     (alive at end)

