[harness] tree 31824dd
[SIM_TUNE] {"DAWN_LIVE":1,"STATE_RECORDS":1,"LAND_KNOW":1,"PEER_SEATS":1,"FOUND_DRIFT":1,"ABSORB_ORG_ERA":1,"TRIBUTE_UP":0.33,"ENGULF":8,"FEAR_REACH":1,"WAR_FINISH":1,"SMALL_WAR":8,"RELIEF_REACH":1,"EXCH_WAVE":3,"TECH_USE":1,"VASSAL_LEVY":0.5,"DISSOLVE_CORE":1,"SETT_STRIDE":3,"TRADE_STRIDE":5,"MINT_REACH":1}
[peopleSim] hearth pin Nile picked at tile (138,40) (27.0E 30.0N) — maturity deferred to the stagger law
[peopleSim] hearth pin Mesopotamia picked at tile (149,38) (43.5E 33.0N) — maturity deferred to the stagger law
[peopleSim] hearth pin Indus picked at tile (167,41) (70.5E 28.5N) — maturity deferred to the stagger law
[peopleSim] hearth pin Yellow River picked at tile (196,38) (114.0E 33.0N) — maturity deferred to the stagger law
[peopleSim] hearth candidate at (138,40) (27.0E 30.0N) score 6.39 pkg=wheat(suit 0.92) — ARMED: ~974y of peopled-basin time from maturity
[peopleSim] hearth candidate at (149,38) (43.5E 33.0N) score 4.32 pkg=wheat(suit 0.69) — ARMED: ~1311y of peopled-basin time from maturity
[peopleSim] hearth candidate at (167,41) (70.5E 28.5N) score 6.34 pkg=wheat(suit 0.98) — ARMED: ~922y of peopled-basin time from maturity
[peopleSim] hearth candidate at (196,38) (114.0E 33.0N) score 4.11 pkg=rice(suit 0.81) — ARMED: ~3106y of peopled-basin time from maturity
[peopleSim] hearth candidate at (58,38) (-93.0E 33.0N) score 5.34 pkg=maize(suit 0.87) — ARMED: ~5148y of peopled-basin time from maturity
[peopleSim] hearth candidate at (111,53) (-13.5E 10.5N) score 1.76 pkg=sorghum(suit 0.64) — ARMED: ~3133y of peopled-basin time from maturity
[peopleSim] hearth candidate at (140,73) (30.0E -19.5N) score 1.32 pkg=tubers(suit 0.93) — ARMED: ~3243y of peopled-basin time from maturity
[peopleSim] hearth candidate at (77,72) (-64.5E -18.0N) score 0.87 pkg=tubers(suit 0.57) — ARMED: ~5283y of peopled-basin time from maturity
[peopleSim] hearth candidate at (31,23) (-133.5E 55.5N) score 0.50 — ARMED: ~13000y of peopled-basin time from maturity
[peopleSim] hearth candidate at (117,23) (-4.5E 55.5N) score 0.50 — ARMED: ~13000y of peopled-basin time from maturity

=== EGYPT AUTOPSY  480x240 (tw=240)  seed 8817  box lon 24..36 lat 20..33 (66 land tiles) ===
  step | box: sett  Σpeople | largest (people/urban  fed  dis  org) cid | realm@box: id  boxT  worldT   km²  mem  cap/load  fronts | field: Σpop  Σcap
[popField] worker pool engaged: 4 bands
[transHeap] step=24 cap=1024 peakN=0 pushes=0 (0.0MB backing)
   100 |   0       0 |   (none) |         (no realm owns the box) | 6017 19605
   200 |   0       0 |   (none) |         (no realm owns the box) | 6149 19605
   300 |   0       0 |   (none) |         (no realm owns the box) | 6282 19605
   400 |   0       0 |   (none) |         (no realm owns the box) | 6414 19605
   500 |   0       0 |   (none) |         (no realm owns the box) | 6547 19605
   600 |   0       0 |   (none) |         (no realm owns the box) | 6681 19605
   700 |   0       0 |   (none) |         (no realm owns the box) | 6814 19605
   800 |   0       0 |   (none) |         (no realm owns the box) | 6949 19605
   900 |   0       0 |   (none) |         (no realm owns the box) | 7084 19605
  1000 |   0       0 |   (none) |         (no realm owns the box) | 7219 19605
  1100 |   0       0 |   (none) |         (no realm owns the box) | 7355 19605
  1200 |   0       0 |   (none) |         (no realm owns the box) | 7491 19605
  1300 |   0       0 |   (none) |         (no realm owns the box) | 7628 19605
  1400 |   0       0 |   (none) |         (no realm owns the box) | 7765 19605
  1500 |   0       0 |   (none) |         (no realm owns the box) | 7902 19605
  1600 |   0       0 |   (none) |         (no realm owns the box) | 8039 19605
  1700 |   0       0 |   (none) |         (no realm owns the box) | 8177 19605
  1800 |   0       0 |   (none) |         (no realm owns the box) | 8315 19605
  1900 |   0       0 |   (none) |         (no realm owns the box) | 8452 19605
  2000 |   0       0 |   (none) |         (no realm owns the box) | 8590 19605
  2100 |   0       0 |   (none) |         (no realm owns the box) | 8729 19605
  2200 |   0       0 |   (none) |         (no realm owns the box) | 8867 19605
  2300 |   0       0 |   (none) |         (no realm owns the box) | 9005 19605
  2400 |   0       0 |   (none) |         (no realm owns the box) | 9143 19605
  2500 |   0       0 |   (none) |         (no realm owns the box) | 9280 19605
  2600 |   0       0 |   (none) |         (no realm owns the box) | 9418 19605
  2700 |   0       0 |   (none) |         (no realm owns the box) | 9555 19605
  2800 |   0       0 |   (none) |         (no realm owns the box) | 9692 19605
  2900 |   0       0 |   (none) |         (no realm owns the box) | 9829 19605
  3000 |   0       0 |   (none) |         (no realm owns the box) | 9965 19605
  3100 |   0       0 |   (none) |         (no realm owns the box) | 10101 19605
  3200 |   0       0 |   (none) |         (no realm owns the box) | 10237 19605
  3300 |   0       0 |   (none) |         (no realm owns the box) | 10372 19605
  3400 |   0       0 |   (none) |         (no realm owns the box) | 10506 19605
  3500 |   0       0 |   (none) |         (no realm owns the box) | 10640 19605
  3600 |   0       0 |   (none) |         (no realm owns the box) | 10773 19605
  3700 |   0       0 |   (none) |         (no realm owns the box) | 10905 19605
  3800 |   0       0 |   (none) |         (no realm owns the box) | 11037 19605
  3900 |   0       0 |   (none) |         (no realm owns the box) | 11168 19605
  4000 |   0       0 |   (none) |         (no realm owns the box) | 11298 19605
  4100 |   0       0 |   (none) |         (no realm owns the box) | 11427 19605
  4200 |   0       0 |   (none) |         (no realm owns the box) | 11555 19605
  4300 |   0       0 |   (none) |         (no realm owns the box) | 11682 19605
  4400 |   0       0 |   (none) |         (no realm owns the box) | 11808 19605
  4500 |   0       0 |   (none) |         (no realm owns the box) | 11934 19605
  4600 |   0       0 |   (none) |         (no realm owns the box) | 12058 19605
  4700 |   0       0 |   (none) |         (no realm owns the box) | 12181 19605
  4800 |   0       0 |   (none) |         (no realm owns the box) | 12303 19605
  4900 |   0       0 |   (none) |         (no realm owns the box) | 12424 19605
  5000 |   0       0 |   (none) |         (no realm owns the box) | 12544 19605
  5100 |   0       0 |   (none) |         (no realm owns the box) | 12662 19605
  5200 |   0       0 |   (none) |         (no realm owns the box) | 12780 19605
  5300 |   0       0 |   (none) |         (no realm owns the box) | 12896 19605
  5400 |   0       0 |   (none) |         (no realm owns the box) | 13010 19605
  5500 |   0       0 |   (none) |         (no realm owns the box) | 13124 19605
  5600 |   0       0 |   (none) |         (no realm owns the box) | 13236 19605
  5700 |   0       0 |   (none) |         (no realm owns the box) | 13347 19605
  5800 |   0       0 |   (none) |         (no realm owns the box) | 13457 19605
  5900 |   0       0 |   (none) |         (no realm owns the box) | 13565 19605
  6000 |   0       0 |   (none) |         (no realm owns the box) | 13672 19605
  6100 |   0       0 |   (none) |         (no realm owns the box) | 13778 19605
  6200 |   0       0 |   (none) |         (no realm owns the box) | 13882 19605
  6300 |   0       0 |   (none) |         (no realm owns the box) | 13985 19605
  6400 |   0       0 |   (none) |         (no realm owns the box) | 14086 19605
  6500 |   0       0 |   (none) |         (no realm owns the box) | 14187 19605
  6600 |   0       0 |   (none) |         (no realm owns the box) | 14285 19605
  6700 |   0       0 |   (none) |         (no realm owns the box) | 14383 19605
  6800 |   0       0 |   (none) |         (no realm owns the box) | 14478 19605
  6900 |   0       0 |   (none) |         (no realm owns the box) | 14573 19605
  7000 |   0       0 |   (none) |         (no realm owns the box) | 14666 19605
  7100 |   0       0 |   (none) |         (no realm owns the box) | 14758 19605
  7200 |   0       0 |   (none) |         (no realm owns the box) | 14848 19605
  7300 |   0       0 |   (none) |         (no realm owns the box) | 14937 19605
  7400 |   0       0 |   (none) |         (no realm owns the box) | 15025 19605
[peopleSim] AGRICULTURE INVENTED at (167,41) (70.5E 28.5N) — the basin farms; a city will rise when its market gathers one (score 6.34)
[peopleSim] AGRICULTURE INVENTED at (138,40) (27.0E 30.0N) — the basin farms; a city will rise when its market gathers one (score 6.39)
  7500 |   0       0 |   (none) |         (no realm owns the box) | 15111 19605
  7600 |   0       0 |   (none) |         (no realm owns the box) | 15195 19605
  7700 |   0       0 |   (none) |         (no realm owns the box) | 15279 19605
  7800 |   0       0 |   (none) |         (no realm owns the box) | 15361 19605
  7900 |   0       0 |   (none) |         (no realm owns the box) | 15442 19605
  8000 |   0       0 |   (none) |         (no realm owns the box) | 15521 19605
  8100 |   0       0 |   (none) |         (no realm owns the box) | 16230 323940
  8200 |   0       0 |   (none) |         (no realm owns the box) | 17199 323940
  8300 |   0       0 |   (none) |         (no realm owns the box) | 18288 323940
  8400 |   0       0 |   (none) |         (no realm owns the box) | 19498 323940
  8500 |   0       0 |   (none) |         (no realm owns the box) | 20835 323940
  8600 |   0       0 |   (none) |         (no realm owns the box) | 22302 323940
  8700 |   0       0 |   (none) |         (no realm owns the box) | 23905 336894
  8800 |   0       0 |   (none) |         (no realm owns the box) | 25653 336894
  8900 |   0       0 |   (none) |         (no realm owns the box) | 27527 336894
  9000 |   0       0 |   (none) |         (no realm owns the box) | 29537 336894
  9100 |   0       0 |   (none) |         (no realm owns the box) | 31679 336894
  9200 |   0       0 |   (none) |         (no realm owns the box) | 33955 336894
  9300 |   0       0 |   (none) |         (no realm owns the box) | 36372 336894
  9400 |   0       0 |   (none) |         (no realm owns the box) | 38945 350201
  9500 |   0       0 |   (none) |         (no realm owns the box) | 41691 350201
  9600 |   0       0 |   (none) |         (no realm owns the box) | 44600 350201
  9700 |   0       0 |   (none) |         (no realm owns the box) | 47672 350201
  9800 |   0       0 |   (none) |         (no realm owns the box) | 50910 350201
  9900 |   0       0 |   (none) |         (no realm owns the box) | 54315 350201
 10000 |   0       0 |   (none) |         (no realm owns the box) | 57888 350201
 10100 |   0       0 |   (none) |         (no realm owns the box) | 61670 363354
 10200 |   0       0 |   (none) |         (no realm owns the box) | 65654 363354
 10300 |   0       0 |   (none) |         (no realm owns the box) | 69829 363354
 10400 |   0       0 |   (none) |         (no realm owns the box) | 74192 363354
 10500 |   0       0 |   (none) |         (no realm owns the box) | 78739 363354
 10600 |   0       0 |   (none) |         (no realm owns the box) | 83469 363354
 10700 |   0       0 |   (none) |         (no realm owns the box) | 88385 377370
 10800 |   0       0 |   (none) |         (no realm owns the box) | 93558 377370
 10900 |   0       0 |   (none) |         (no realm owns the box) | 98932 377370
 11000 |   0       0 |   (none) |         (no realm owns the box) | 104494 377370
 11100 |   0       0 |   (none) |         (no realm owns the box) | 110233 377370
 11200 |   0       0 |   (none) |         (no realm owns the box) | 116140 377370
 11300 |   0       0 |   (none) |         (no realm owns the box) | 122204 377370
 11400 |   0       0 |   (none) |         (no realm owns the box) | 128469 386108
 11500 |   0       0 |   (none) |         (no realm owns the box) | 134954 386110
 11600 |   0       0 |   (none) |         (no realm owns the box) | 141572 386115
 11700 |   0       0 |   (none) |         (no realm owns the box) | 148300 386124
 11800 |   0       0 |   (none) |         (no realm owns the box) | 155119 386159
 11900 |   0       0 |   (none) |         (no realm owns the box) | 162020 386337
 12000 |   0       0 |   (none) |         (no realm owns the box) | 168998 386675
 12100 |   0       0 |   (none) |         (no realm owns the box) | 176176 394582
 12200 |   0       0 |   (none) |         (no realm owns the box) | 183450 395232
 12300 |   0       0 |   (none) |         (no realm owns the box) | 190759 396125
 12400 |   0       0 |   (none) |         (no realm owns the box) | 198087 397315
[peopleSim] AGRICULTURE INVENTED at (149,38) (43.5E 33.0N) — the basin farms; a city will rise when its market gathers one (score 4.32)
 12500 |   0       0 |   (none) |         (no realm owns the box) | 205429 398975
 12600 |   0       0 |   (none) |         (no realm owns the box) | 212790 401249
 12700 |   0       0 |   (none) |         (no realm owns the box) | 220203 412062
 12800 |   0       0 |   (none) |         (no realm owns the box) | 227880 415168
 12900 |   0       0 |   (none) |         (no realm owns the box) | 235596 418845
 13000 |   0       0 |   (none) |         (no realm owns the box) | 243361 423057
 13100 |   0       0 |   (none) |         (no realm owns the box) | 251179 427769
 13200 |   0       0 |   (none) |         (no realm owns the box) | 259055 432944
 13300 |   0       0 |   (none) |         (no realm owns the box) | 266998 438551
 13400 |   0       0 |   (none) |         (no realm owns the box) | 275146 453084
 13500 |   2      30 | Ňěňní         15/    0 0.00 0.00 0.28 c-1 |         (no realm owns the box) | 283548 459241
 13600 |   6    8962 | Ňěňní       5679/  330 0.99 0.00 0.28 c-1 |         (no realm owns the box) | 291485 467497
 13700 |  10   10201 | Ňěňní       8019/  338 0.99 0.00 0.28 c-1 |         (no realm owns the box) | 298529 474260
 13800 |  14   10579 | Ňěňní       8233/  346 1.00 0.04 0.29 c-1 |         (no realm owns the box) | 305776 481302
 13900 |  18   10928 | Ňěňní       8441/  355 1.00 0.04 0.29 c-1 |         (no realm owns the box) | 313300 488573
 14000 |  22   11270 | Ňěňní       8650/  363 1.00 0.04 0.30 c-1 |         (no realm owns the box) | 321025 496098
 14100 |  25   11594 | Ňěňní       8851/  364 0.89 0.08 0.30 c-1 |         (no realm owns the box) | 328328 513145
 14200 |  25   11880 | Ňěňní       9051/  370 0.81 0.08 0.31 c-1 |         (no realm owns the box) | 335728 520600
 14300 |  26   12182 | Ňěňní       9251/  377 0.73 0.08 0.31 c-1 |         (no realm owns the box) | 343286 528488
 14400 |  26   12462 | Ňěňní       9454/  385 0.65 0.11 0.32 c-1 |         (no realm owns the box) | 350898 536342
 14500 |  27   12752 | Ňěňní       9644/  392 0.63 0.11 0.32 c-1 |         (no realm owns the box) | 358143 544793
 14600 |  31   12510 | Ňěňní       9244/  400 0.61 0.11 0.33 c-1 |         (no realm owns the box) | 365553 553661
 14700 |  36   12871 | Ňěňní       9438/  408 0.60 0.15 0.34 c-1 |         (no realm owns the box) | 373428 572859
 14800 |  40   13213 | Ňěňní       9658/  416 0.58 0.15 0.34 c-1 |         (no realm owns the box) | 381921 581091
 14900 |  40   13518 | Ňěňní       9891/  434 0.69 0.15 0.35 c-1 |         (no realm owns the box) | 391421 589771
 15000 |  41   13815 | Ňěňní      10066/  448 0.78 0.19 0.35 c1 |         (no realm owns the box) | 399609 562111
 15100 |  43   14115 | Ňěňní      10229/  458 0.84 0.19 0.36 c1 |         (no realm owns the box) | 406689 571615
 15200 |  40   14360 | Ňěňní      10427/  468 0.89 0.19 0.36 c1 |    1   29     29   726k   31  26/46   0 | 414909 580949
 15300 |  44   14667 | Ňěňní      10662/  478 0.92 0.22 0.37 c1 |    1   25     25   623k   31  26/46   0 | 423646 590228
 15400 |  36   14817 | Ňěňní      10879/  488 0.94 0.22 0.38 c1 |    1   25     25   623k   28  23/52   0 | 432111 612571
 15500 |  40   13890 | Ňěňní       9150/  490 0.79 0.22 0.38 c1 |    1   25     25   621k   20  25/37   0 | 439994 620821
 15600 |  37    9894 | Ňěňní       6444/  495 0.57 0.25 0.39 c1 |    1   23     23   572k   20  25/37   0 | 447568 630493
 15700 |  41   10923 | Ňěňní       4966/  502 0.41 0.25 0.39 c1 |    1   22     22   547k   12  12/21   0 | 455164 640452
 15800 |  41   11113 | Ňěňní       5062/  511 0.33 0.25 0.40 c1 |    1   22     22   547k    8  499/15   0 | 477990 649797
 15900 |  45    9091 | Ňěňní       5104/  517 0.24 0.29 0.40 c1 |    1   23     23   573k    8  499/15   0 | 474907 668711
 16000 |  49   10572 | Ňěňní       5198/  521 0.17 0.29 0.41 c1 |    1   23     23   572k    9  14/20   1 | 487589 669917
 16100 |  51   10351 | Ňěňní       5257/  522 0.12 0.29 0.42 c1 |    1   23     23   572k    8  31/17   1 | 481969 686723
 16200 |  51   10909 | Ňěňní       5138/  533 0.09 0.33 0.42 c1 |    1   24     24   597k    8  31/17   1 | 485775 695170
 16300 |  51   12684 | Ňěňní       5340/  529 0.06 0.33 0.43 c1 |    1   22     22   546k    7  79/20   0 | 472977 696166
 16400 |  46   12360 | Ňěňní       5325/  533 0.15 0.33 0.43 c1 |    1   22     22   546k    6  74/17   0 | 484224 706263
 16500 |  51   10635 | Ňěňní       5431/  554 0.24 0.37 0.44 c1 |    1   25     25   623k    6  74/17   0 | 489652 714440
 16600 |  52   10162 | Ňěňní       5328/  567 0.30 0.37 0.44 c1 |    1   19     19   475k    6  75/18   0 | 502862 725731
 16700 |  52    9902 | Ňěňní       5324/  567 0.32 0.37 0.45 c1 |    1   19     19   475k    4  46/11   0 | 502318 733222
 16800 |  51   11128 | Ňěňní       3799/  551 0.35 0.40 0.45 c1 |    1   20     20   500k    4  46/11   0 | 496546 738392
 16900 |  53   14227 | Èňlà        5278/  661 0.11 0.13 0.44 c111 |    1   19     19   475k    3  55/6   0 | 503870 732829
 17000 |  52   10437 | Ňěňní       3854/  555 0.26 0.40 0.46 c1 |    1   20     20   500k    1  55/6   0 | 507601 781684
 17100 |  54   10335 | Ňěňní       3799/  542 0.21 0.42 0.47 c1 |    1   20     20   500k    1  55/6   0 | 517102 768883
 17200 |  53    9273 | Ňěňní       3721/  535 0.15 0.42 0.47 c1 |    1   19     19   475k    1  55/6   0 | 522766 795983
 17300 |  54    9232 | Ňěňní       3742/  533 0.12 0.42 0.48 c1 |    1   20     20   500k    7  36/27   0 | 526515 802939
 17400 |  51    9125 | Ňěňní       3736/  512 0.18 0.45 0.48 c1 |    1   20     20   500k    7  36/27   0 | 526125 817086
 17500 |  54    9837 | Ňěňní       4372/  583 0.25 0.45 0.49 c1 |    1   21     21   525k    7  27/27   0 | 556727 790891
 17600 |  50   15146 | Hìuňpì      5920/  847 0.98 0.00 0.47 c54 |    1   22     22   549k   21  32/113   0 | 541930 774944
 17700 |  48   15013 | Hìuňpì      5659/  802 0.93 0.06 0.48 c54 |    1   22     22   549k   21  32/113   0 | 533717 782370
[peopleSim] hearth candidate at (140,73) (30.0E -19.5N) stood down — the farming package arrived before it was invented
 17800 |  53   10689 | Ňěňní       4289/  557 0.35 0.47 0.51 c1 |    1   17     17   423k   27  34/144   0 | 526597 809653
 17900 |  54   13188 | Hìuňpì      3172/  209 0.50 0.06 0.48 c54 |    1   17     17   423k   27  33/137   0 | 522806 785261
 18000 |  54    9419 | Ňěňní       2881/  549 0.31 0.49 0.52 c1 |    1   25     25   628k   27  33/137   0 | 523927 841650
 18100 |  55    9476 | Ňěňní       2785/   68 0.27 0.49 0.52 c1 |    1   25     25   628k   28  25/139   0 | 552448 853072
 18200 |  59   12522 | Ňěňní       4587/  411 0.19 0.49 0.52 c1 |    1   18     18   452k   26  29/112   0 | 545857 806361
 18300 |  56   13317 | Ňěňní       3549/  534 0.14 0.51 0.53 c1 |    1   19     19   477k   26  29/112   0 | 544213 820392
 18400 |  57   13196 | Ňěňní       3507/  542 0.16 0.51 0.53 c1 |    1   19     19   477k   28  34/99   0 | 540934 826809
 18500 |  57   11500 | Ňěňní       3438/  543 0.19 0.51 0.53 c1 |    1   20     20   501k   28  29/100   0 | 540142 848497
[peopleSim] AGRICULTURE INVENTED at (196,38) (114.0E 33.0N) — the basin farms; a city will rise when its market gathers one (score 4.11)
 18600 |  57   10261 | Hìuňpì      3222/  843 0.05 0.19 0.46 c217 |    1   19     19   476k   28  29/100   0 | 539603 867802
 18700 |  57    9798 | Hìuňpì      3323/  852 0.03 0.19 0.47 c217 |    1   19     19   476k   29  30/104   0 | 556243 870951
 18800 |  54   11232 | Hìuňpì      3384/  838 0.02 0.19 0.48 c217 |    1   17     17   426k   29  26/102   0 | 545684 867957
 18900 |  26   11921 | Hìuňpì      3886/  837 0.08 0.23 0.49 c217 |  285   17     18   443k    3  24/0   1 | 538332 862961
 19000 |  34   11949 | Hìuňpì      3897/  830 0.10 0.23 0.50 c217 |  285   17     18   443k    8  31/42   0 | 529555 815252
[peopleSim] AGRICULTURE INVENTED at (111,53) (-13.5E 10.5N) — the basin farms; a city will rise when its market gathers one (score 1.76)
 19100 |  39   15358 | Fọ̄ịkfé    5098/  904 0.00 0.33 0.47 c50 |  285   16     17   417k   12  28/72   0 | 526868 869252
 19200 |  43   11997 | Muissyudu     3178/  365 0.32 0.22 0.44 c285 |  285   17     18   443k   12  28/72   0 | 523529 931645
 19300 |  46   14179 | Hìstù       5691/  201 0.38 0.05 0.44 c361 |  285   17     17   417k   12  26/79   0 | 542027 907991
 19400 |  49   14047 | Hìstù       5093/  263 0.27 0.05 0.45 c361 |  285   17     17   417k   11  32/42   0 | 552753 878633
 19500 |  53   16928 | Hìstù       4012/  401 0.24 0.10 0.47 c361 |  419   17     17   437k    1  -/-   0 | 552232 837462
 19600 |  56   18649 | Fòuňtụ̌ị   3919/  803 0.59 0.04 0.53 c419 |  419   23     23   588k    4  28/2   3 | 524090 841145
 19700 |  55   17995 | Fòuňtụ̌ị   3893/  820 0.42 0.04 0.54 c419 |  419   23     23   588k    4  36/3   0 | 519414 830911
 19800 |  55   15922 | Fòuňtụ̌ị   4333/  783 0.45 0.10 0.55 c419 |  419   19     19   489k    4  36/3   0 | 502811 857195
[peopleSim] hearth candidate at (117,23) (-4.5E 55.5N) stood down — the farming package arrived before it was invented
 19900 |  55   12836 | Ňěňní       3060/  467 0.01 0.56 0.47 c419 |  422   19     19   479k    2  36/0   0 | 448294 893837
 20000 |  51   11569 | Ňěňní       3398/  442 0.01 0.56 0.49 c419 |  422   19     19   479k    2  41/0   0 | 441385 878707
 20100 |  23   11917 | Fọ̄ịkfé    3409/  813 0.04 0.40 0.55 c50 |  422   20     21   530k    2  41/0   0 | 450525 805953
 20200 |  29   15255 | Ňǐlkū       3927/  619 0.08 0.13 0.59 c422 |  422   21     22   555k    1  41/0   0 | 457300 838323
 20300 |  32   14663 | Ňǐlkū       3874/  630 0.06 0.13 0.60 c422 |  422   28     47  1214k    1  41/0   0 | 462443 835590
 20400 |  36   16436 | Ňěňní       4958/  518 0.08 0.58 0.54 c422 |  422   13     19   487k    1  41/0   0 | 465469 866796
 20500 |  40   17626 | Ňěňní       3819/   59 0.06 0.58 0.55 c517 |  517   20     30   777k   11  43/11   0 | 472086 811293
 20600 |  44   16951 | Fùlpū       4045/  544 0.11 0.47 0.62 c517 |  234   15     15   367k    1  -/-   0 | 435414 810078
 20700 |  34   15815 | Ňěňní       3868/   48 0.24 0.59 0.58 c517 |  234   15     15   367k    1  -/-   0 | 454978 801333
 20800 |  38   12222 | Muissyudu     2261/  427 0.01 0.38 0.61 c234 |  508   22     24   618k    2  42/0   0 | 451892 754514
 20900 |  42   13386 | Wùppà       4787/  801 0.58 0.01 0.59 c508 |  508   23     25   644k    8  36/9   2 | 457239 855790
 21000 |  46   12854 | Wùppà       4689/  769 0.41 0.07 0.60 c508 |  508   23     25   644k    8  36/9   2 | 463401 834907
 21100 |  50   12703 | Wùppà       4851/  767 0.30 0.07 0.61 c508 |  517   15     15   374k   20  28/120   0 | 471587 799500
 21200 |  48   13924 | Pụ̀ffí      4862/  790 0.35 0.01 0.63 c680 |  526   14     15   366k    2  30/0   1 | 473047 674131
 21300 |  49   13646 | Pụ̀ffí      4800/  769 0.25 0.07 0.64 c680 |  526   14     15   366k    2  30/0   1 | 466464 673589
 21400 |  49   18492 | Hìstù       4669/  743 0.10 0.28 0.64 c699 |  422   16     16   406k    3  26/12   1 | 463529 685328
 21500 |  49   14527 | Hìstù       4490/  705 0.07 0.28 0.65 c699 |  750   14     22   571k    2  57/0   0 | 462331 694346
 21600 |  49   21598 | Kìlňà       4860/  701 0.00 0.32 0.64 c392 |  517   16     17   423k   15  37/73   0 | 463893 664522
 21700 |  49   19471 | Kìlňà       4234/  658 0.07 0.32 0.64 c750 |  517   16     17   423k   16  32/58   0 | 469445 651826
 21800 |  49   17348 | Kìlňà       3558/  356 0.05 0.32 0.65 c750 |  517   17     18   448k   16  36/55   0 | 479435 798199
 21900 |  49   20298 | Fùlpū       5470/  702 0.02 0.52 0.68 c619 |  517   17     17   422k   16  36/55   0 | 481902 700432
 22000 |  50   18515 | Fùlpū       5158/  690 0.27 0.52 0.68 c619 |  517   17     17   422k   16  29/54   0 | 466697 650875
 22100 |  48   13582 | Ňěňní       2478/  497 0.16 0.63 0.69 c517 |  517   16     16   396k   12  30/38   0 | 471856 632373
 22200 |  44   12198 | Ňěňní       2385/  473 0.11 0.63 0.69 c517 |  517   17     17   422k   12  30/38   0 | 456690 642814
 22300 |  46   10483 | Ňěňní       2348/  466 0.08 0.63 0.70 c517 |  517   17     17   422k    2  72/4   0 | 441198 621625
 22400 |  44   10869 | Pụ̀ffí      2370/  697 0.07 0.20 0.69 c680 |  517   15     15   372k    3  61/20   0 | 433400 633292
 22500 |  39    7723 | Ňěňní       2202/  428 0.20 0.64 0.70 c517 |  680   13     25   649k    5  3/9   0 | 440981 811841
 22600 |  43    6283 | Ňěňní       2020/  377 0.26 0.64 0.71 c517 |  680   13     25   649k   12  46/176   1 | 477417 811859
 22700 |  43    5734 | Muissyudu     2508/  505 0.00 0.46 0.70 c993 |  517   12     12   299k    2  27/18   0 | 464171 737909
 22800 |  48    7057 | Sǔtūkò     1755/  648 0.04 0.24 0.36 c1 | 1033   23     23   590k    1  -/-   0 | 470535 778709
 22900 |  50   12294 | Tị̄lā       5152/ 1089 0.62 0.01 0.36 c52 | 1033   28     33   847k    4  36/3   2 | 514291 630381
 23000 |  52   12229 | Tị̄lā       5911/  247 0.44 0.01 0.36 c52 | 1033   28     33   847k    3  39/2   2 | 524367 876075
 23100 |  53   16378 | Xóuptàị    5902/  698 0.85 0.04 0.36 c1028 | 1033   31     32   818k    3  39/2   2 | 522581 905894
 23200 |  54   22280 | Xóuptàị    5863/  586 0.73 0.04 0.36 c1028 | 1033   29     29   743k    1  39/2   0 | 510873 626657
 23300 |  54   19602 | Mítlà       4855/  209 0.61 0.00 0.70 c1033 | 1033   29     29   743k    3  46/1   1 | 486508 655616
 23400 |  54   18318 | Mítlà       4383/  624 0.44 0.06 0.70 c1033 | 1033   29     29   742k    3  46/1   1 | 474364 735704
 23500 |  54   12356 | Mítlà       4204/  593 0.31 0.06 0.71 c1033 | 1033   27     27   692k    3  90/1   0 | 468507 684869
 23600 |  54   10884 | Mítlà       4171/  613 0.27 0.06 0.71 c1033 | 1033   27     27   692k    3  102/1   1 | 469326 693280
 23700 |  37   10808 | Mítlà       4237/  634 0.19 0.11 0.72 c1033 | 1043   12     12   303k    0  -/-   0 | 464463 643058
[transHeap] step=23712 cap=2048 peakN=1079 pushes=5826 (0.0MB backing)
 23800 |  39   13087 | Mítlà       3777/  378 0.14 0.11 0.72 c1033 | 1033   21     21   541k    3  62/1   1 | 452510 680816
 23900 |  40   11623 | Lụ̄nlākú   3344/  596 0.28 0.12 0.73 c1033 | 1033   21     23   593k    5  102/23   1 | 440000 681834
 24000 |  45   11586 | Ngị̌thị̌    3013/  613 0.46 0.03 0.72 c1294 | 1033   16     16   410k    5  102/23   1 | 423161 624217
 24100 |  45    9222 | Ngị̌thị̌    2104/  433 0.33 0.03 0.72 c1294 | 1294   18     21   534k   11  36/18   1 | 416689 655437
 24200 |  43   13713 | Kìlňà       3653/  613 0.01 0.47 0.73 c1424 | 1294   17     20   510k   11  59/15   1 | 411029 656968
 24300 |  44   13466 | Kìlňà       3781/  625 0.25 0.49 0.73 c1424 | 1294   17     19   484k   11  59/15   1 | 414494 663357
 24400 |  45   13496 | Kìlňà       5171/  613 0.31 0.49 0.74 c1424 | 1294   18     19   483k   13  40/72   0 | 426740 925932
 24500 |  46   13104 | Kìlňà       5084/  564 0.22 0.49 0.74 c1424 | 1294   13     13   316k   15  37/53   1 | 445188 957950
 24600 |  49   13424 | Kìlňà       4829/  528 0.16 0.51 0.74 c1424 | 1294   13     13   316k   15  37/53   1 | 459351 954762
 24700 |  49   19170 | Lụ̄nlākú   4804/  609 0.16 0.23 0.37 c1423 |  166    9      9   217k    3  104/0   0 | 451415 826669
 24800 |  42   17639 | Xóuppà      4643/  792 0.13 0.10 0.45 c1441 | 1545   18     18   457k    1  -/-   0 | 447510 813257
 24900 |  45   16166 | Xóuppà      4900/  815 0.09 0.15 0.47 c1441 | 1545   18     18   457k    1  -/-   0 | 453023 813747
 25000 |  46   16332 | Xóuppà      3969/  397 0.08 0.15 0.49 c1441 | 1545   18     20   508k    1  -/-   0 | 431420 623013

=== THE EVENT LOG, EGYPT BOX, steps 9000+ (the sim's own record — not inferred) ===
  -- complete type histogram (3086 events; the listing below may truncate) --
       901  settlement.founded
       555  war.began
       361  war.ended
       229  settlement.abandoned
       161  settlement.dissolved
       122  war.indemnity
       121  market.dearth
       107  polity.submitted
        82  plague.outbreak
        74  polity.ended
        63  settlement.withered
        59  polity.seceded
        52  polity.shattered
        51  settlement.tier
        37  famine.struck
        35  settlement.annexed
        35  succession.crisis
         9  town.planted
         8  settlement.lapsed
         8  polity.receded
         7  polity.restored
         4  polity.founded
         3  slave.revolt
         2  plague.virginSoil
   13500  settlement.founded     s=1 sName=Ňěňní kind=cradle
          └ Ňěňní was founded at the dawn of civilisation.
   13500  settlement.founded     s=1 sName=Ňěňní city=1
          └ The city of Ňěňní arose.
   13500  settlement.founded     s=2 sName=Fùlpū kind=crystallized
          └ Fùlpū was founded.
   13500  settlement.founded     s=2 sName=Fùlpū city=1
          └ The city of Fùlpū arose.
   13525  settlement.founded     s=3 sName=Kèňtọ̄ị kind=crystallized
          └ Kèňtọ̄ị was founded.
   13525  settlement.founded     s=3 sName=Kèňtọ̄ị city=1
          └ The city of Kèňtọ̄ị arose.
   13537  settlement.tier        s=2 sName=Fùlpū
          └ Fùlpū grew into a metropolis (408,000 souls).
   13550  settlement.founded     s=4 sName=Fōnfǐu kind=crystallized
          └ Fōnfǐu was founded.
   13550  settlement.founded     s=4 sName=Fōnfǐu city=1
          └ The city of Fōnfǐu arose.
   13573  market.dearth          s=2 sName=Fùlpū
          └ Dearth in Fùlpū — bread at famine prices in the market.
   13575  settlement.founded     s=5 sName=Nāthị̌ kind=crystallized
          └ Nāthị̌ was founded.
   13575  settlement.founded     s=5 sName=Nāthị̌ city=1
          └ The city of Nāthị̌ arose.
   13592  market.dearth          s=1 sName=Ňěňní
          └ Dearth in Ňěňní — bread at famine prices in the market.
   13600  settlement.founded     s=6 sName=Lǎxkòu kind=crystallized
          └ Lǎxkòu was founded.
   13600  settlement.founded     s=6 sName=Lǎxkòu city=1
          └ The city of Lǎxkòu arose.
   13625  settlement.founded     s=8 sName=Sǔsfá kind=crystallized
          └ Sǔsfá was founded.
   13625  settlement.founded     s=8 sName=Sǔsfá city=1
          └ The city of Sǔsfá arose.
   13650  settlement.founded     s=9 sName=Fǒptàị kind=crystallized
          └ Fǒptàị was founded.
   13650  settlement.founded     s=9 sName=Fǒptàị city=1
          └ The city of Fǒptàị arose.
   13667  settlement.tier        s=1 sName=Ňěňní
          └ Ňěňní grew into a metropolis (335,000 souls).
   13675  settlement.founded     s=10 sName=Ňúpīkò kind=crystallized
          └ Ňúpīkò was founded.
   13675  settlement.founded     s=10 sName=Ňúpīkò city=1
          └ The city of Ňúpīkò arose.
   13700  settlement.founded     s=11 sName=Ňǐlňà kind=crystallized
          └ Ňǐlňà was founded.
   13700  settlement.founded     s=11 sName=Ňǐlňà city=1
          └ The city of Ňǐlňà arose.
   13725  settlement.founded     s=12 sName=Xòufpù kind=crystallized
          └ Xòufpù was founded.
   13725  settlement.founded     s=12 sName=Xòufpù city=1
          └ The city of Xòufpù arose.
   13750  settlement.founded     s=13 sName=Lǎlpù kind=crystallized
          └ Lǎlpù was founded.
   13750  settlement.founded     s=13 sName=Lǎlpù city=1
          └ The city of Lǎlpù arose.
   13775  settlement.founded     s=14 sName=Tàstù kind=crystallized
          └ Tàstù was founded.
   13775  settlement.founded     s=14 sName=Tàstù city=1
          └ The city of Tàstù arose.
   13800  settlement.founded     s=15 sName=Ňěxkòu kind=crystallized
          └ Ňěxkòu was founded.
   13800  settlement.founded     s=15 sName=Ňěxkòu city=1
          └ The city of Ňěxkòu arose.
   13825  settlement.founded     s=16 sName=Nīpsē kind=crystallized
          └ Nīpsē was founded.
   13825  settlement.founded     s=16 sName=Nīpsē city=1
          └ The city of Nīpsē arose.
   13850  settlement.founded     s=17 sName=Lẹ́fị̌kú kind=crystallized
          └ Lẹ́fị̌kú was founded.
   13850  settlement.founded     s=17 sName=Lẹ́fị̌kú city=1
          └ The city of Lẹ́fị̌kú arose.
   13875  settlement.founded     s=18 sName=Fōnfǐu kind=crystallized
          └ Fōnfǐu was founded.
   13875  settlement.founded     s=18 sName=Fōnfǐu city=1
          └ The city of Fōnfǐu arose.
   13900  settlement.founded     s=19 sName=Hǐlhụ̌ kind=crystallized
          └ Hǐlhụ̌ was founded.
   13900  settlement.founded     s=19 sName=Hǐlhụ̌ city=1
          └ The city of Hǐlhụ̌ arose.
   13925  settlement.founded     s=20 sName=Xóuňpì kind=crystallized
          └ Xóuňpì was founded.
   13925  settlement.founded     s=20 sName=Xóuňpì city=1
          └ The city of Xóuňpì arose.
   13950  settlement.founded     s=21 sName=Lá kind=crystallized
          └ Lá was founded.
   13950  settlement.founded     s=21 sName=Lá city=1
          └ The city of Lá arose.
   13975  settlement.founded     s=22 sName=Lụ́ňpì kind=crystallized
          └ Lụ́ňpì was founded.
   13975  settlement.founded     s=22 sName=Lụ́ňpì city=1
          └ The city of Lụ́ňpì arose.
   14000  settlement.founded     s=23 sName=Mīnglì kind=crystallized
          └ Mīnglì was founded.
   14000  settlement.founded     s=23 sName=Mīnglì city=1
          └ The city of Mīnglì arose.
   14025  settlement.founded     s=24 sName=Ňúpī kind=crystallized
          └ Ňúpī was founded.
   14025  settlement.founded     s=24 sName=Ňúpī city=1
          └ The city of Ňúpī arose.
   14050  settlement.founded     s=25 sName=Lǎtlà kind=crystallized
          └ Lǎtlà was founded.
   14050  settlement.founded     s=25 sName=Lǎtlà city=1
          └ The city of Lǎtlà arose.
   14075  settlement.founded     s=26 sName=Xòutà kind=crystallized
          └ Xòutà was founded.
   14075  settlement.founded     s=26 sName=Xòutà city=1
          └ The city of Xòutà arose.
   14250  settlement.founded     s=27 sName=Fòutrọ̌ị kind=crystallized
          └ Fòutrọ̌ị was founded.
   14250  settlement.founded     s=27 sName=Fòutrọ̌ị city=1
          └ The city of Fòutrọ̌ị arose.
   14407  market.dearth          s=2 sName=Fùlpū
          └ Dearth in Fùlpū — bread at famine prices in the market.
   14425  settlement.founded     s=28 sName=Pọ̄ịtrọ́ịkò kind=crystallized
          └ Pọ̄ịtrọ́ịkò was founded.
   14425  settlement.founded     s=28 sName=Pọ̄ịtrọ́ịkò city=1
          └ The city of Pọ̄ịtrọ́ịkò arose.
   14426  market.dearth          s=1 sName=Ňěňní
          └ Dearth in Ňěňní — bread at famine prices in the market.
   14525  settlement.founded     s=30 sName=Họ̄ịkú kind=crystallized
          └ Họ̄ịkú was founded.
   14525  settlement.founded     s=30 sName=Sogyoepa city=1
          └ The city of Sogyoepa arose.
   14550  settlement.founded     s=31 sName=Omomessi kind=crystallized
          └ Omomessi was founded.
   14550  settlement.founded     s=31 sName=Omomessi city=1
          └ The city of Omomessi arose.
   14575  settlement.founded     s=32 sName=Dumomoi kind=crystallized
          └ Dumomoi was founded.
   14575  settlement.founded     s=32 sName=Dumomoi city=1
          └ The city of Dumomoi arose.
   14600  settlement.founded     s=33 sName=Dosudu kind=crystallized
          └ Dosudu was founded.
   14600  settlement.founded     s=33 sName=Dosudu city=1
          └ The city of Dosudu arose.
   14625  settlement.founded     s=34 sName=Umkyoi kind=crystallized
          └ Umkyoi was founded.
   14625  settlement.founded     s=34 sName=Umkyoi city=1
          └ The city of Umkyoi arose.
   14625  settlement.founded     s=35 sName=Sùlhụ̌ kind=crystallized
          └ Sùlhụ̌ was founded.
   14625  settlement.founded     s=35 sName=Sùlhụ̌ city=1
          └ The city of Sùlhụ̌ arose.
   14650  settlement.founded     s=36 sName=Rimmopuiky kind=crystallized
          └ Rimmopuiky was founded.
   14650  settlement.founded     s=36 sName=Rimmopuiky city=1
          └ The city of Rimmopuiky arose.
   14675  settlement.founded     s=37 sName=Mumommoe kind=crystallized
          └ Mumommoe was founded.
   14675  settlement.founded     s=37 sName=Mumommoe city=1
          └ The city of Mumommoe arose.
   14700  settlement.founded     s=38 sName=Nokyopa kind=crystallized
          └ Nokyopa was founded.
   14700  settlement.founded     s=38 sName=Nokyopa city=1
          └ The city of Nokyopa arose.
   14725  settlement.founded     s=39 sName=Bommodu kind=crystallized
          └ Bommodu was founded.
   14725  settlement.founded     s=39 sName=Bommodu city=1
          └ The city of Bommodu arose.
   14750  settlement.founded     s=40 sName=Pomponsomdu kind=crystallized
          └ Pomponsomdu was founded.
   14750  settlement.founded     s=40 sName=Pomponsomdu city=1
          └ The city of Pomponsomdu arose.
   14775  settlement.founded     s=41 sName=Togyomuky kind=crystallized
          └ Togyomuky was founded.
   14775  settlement.founded     s=41 sName=Togyomuky city=1
          └ The city of Togyomuky arose.
   14800  settlement.founded     s=42 sName=Tàịňnī kind=crystallized
          └ Tàịňnī was founded.
   14800  settlement.founded     s=42 sName=Tàịňnī city=1
          └ The city of Tàịňnī arose.
   14950  settlement.founded     s=43 sName=Hóuptàị kind=crystallized
          └ Hóuptàị was founded.
   14950  settlement.founded     s=43 sName=Hóuptàị city=1
          └ The city of Hóuptàị arose.
   15075  settlement.founded     s=44 sName=Pismoe kind=crystallized
          └ Pismoe was founded.
   15075  settlement.founded     s=44 sName=Pismoe city=1
          └ The city of Pismoe arose.
   15100  settlement.founded     s=45 sName=Sùňní kind=crystallized
          └ Sùňní was founded.
   15100  settlement.founded     s=45 sName=Sùňní city=1
          └ The city of Sùňní arose.
   15187  polity.seceded         from=1 fromName=Ňěňní
          └ Broke away from Ňěňní in a war of secession.
   15195  settlement.dissolved   s=5 why=core sName=Nāthị̌
          └ Nāthị̌ faded back into the countryside.
   15196  settlement.dissolved   s=4 why=core sName=Fōnfǐu
          └ Fōnfǐu faded back into the countryside.
   15197  settlement.dissolved   s=3 why=core sName=Kèňtọ̄ị
          └ Kèňtọ̄ị faded back into the countryside.
   15225  settlement.founded     s=47 sName=Sǐlāị kind=crystallized
          └ Sǐlāị was founded.
   15225  settlement.founded     s=47 sName=Sǐlāị city=1
          └ The city of Sǐlāị arose.
   15241  market.dearth          s=2 sName=Fùlpū
          └ Dearth in Fùlpū — bread at famine prices in the market.
   15250  settlement.founded     s=48 sName=Fòuňpì kind=crystallized
          └ Fòuňpì was founded.
   15250  settlement.founded     s=48 sName=Fòuňpì city=1
          └ The city of Fòuňpì arose.
   15260  market.dearth          s=1 sName=Ňěňní
          └ Dearth in Ňěňní — bread at famine prices in the market.
   15275  settlement.founded     s=49 sName=Nātlà kind=crystallized
          └ Nātlà was founded.
   15275  settlement.founded     s=49 sName=Nātlà city=1
          └ The city of Nātlà arose.
   15300  settlement.founded     s=50 sName=Fọ̄ịkfé kind=crystallized
          └ Fọ̄ịkfé was founded.
   15300  settlement.founded     s=50 sName=Fọ̄ịkfé city=1
          └ The city of Fọ̄ịkfé arose.
   15360  settlement.founded     s=52 sName=Tị̄lākú kind=planted
          └ Tị̄lākú was founded.
   15360  town.planted           s=52 sName=Tị̄lākú
          └ The crown chartered Tị̄lākú to govern the countryside.
   15386  settlement.dissolved   s=14 why=core sName=Tàstù
          └ Tàstù faded back into the countryside.
   15387  settlement.dissolved   s=13 why=core sName=Lǎlpù
          └ Lǎlpù faded back into the countryside.
   15388  settlement.dissolved   s=12 why=core sName=Xòufpù
          └ Xòufpù faded back into the countryside.
   15389  settlement.dissolved   s=11 why=core sName=Ňǐlňà
          └ Ňǐlňà faded back into the countryside.
   15390  settlement.dissolved   s=10 why=core sName=Ňúpīkò
          └ Ňúpīkò faded back into the countryside.
   15391  settlement.dissolved   s=9 why=core sName=Fǒptàị
          └ Fǒptàị faded back into the countryside.
   15392  settlement.dissolved   s=8 why=core sName=Sǔsfá
          └ Sǔsfá faded back into the countryside.
   15394  settlement.dissolved   s=6 why=core sName=Lǎxkòu
          └ Lǎxkòu faded back into the countryside.
   15400  famine.struck          
          └ A famine gripped the land.
   15400  famine.struck          
          └ A famine gripped the land.
   15400  famine.struck          
          └ A famine gripped the land.
   15400  famine.struck          
          └ A famine gripped the land.
   15400  famine.struck          
          └ A famine gripped the land.
   15400  famine.struck          
          └ A famine gripped the land.
   15400  settlement.founded     s=54 sName=Fị̀lpì city=1
          └ The city of Fị̀lpì arose.
   15408  settlement.lapsed      s=52 sName=Tị̄lākú from=2 fromName=Fùlpū
          └ Tị̄lākú slipped free of Fùlpū.
   15408  polity.receded         s=52 n=1 sName=Tị̄lākú name=Fùlpū
          └ The grip of Fùlpū failed, and the marches beyond Tị̄lākú were left to their own devices.
   15425  settlement.founded     s=55 sName=Lụ́ltù kind=crystallized
          └ Lụ́ltù was founded.
   15425  settlement.founded     s=55 sName=Lụ́ltù city=1
          └ The city of Lụ́ltù arose.
   15450  settlement.founded     s=57 sName=Nǐnfǐu kind=crystallized
          └ Nǐnfǐu was founded.
   15450  settlement.founded     s=57 sName=Nǐnfǐu city=1
          └ The city of Nǐnfǐu arose.
   15450  war.began              from=1 to=29 name=Ňěňní
          └ Marched to war against Pomponsomsyus.
   15475  settlement.founded     s=59 sName=Fōntà kind=crystallized
          └ Fōntà was founded.
   15475  settlement.founded     s=59 sName=Fōntà city=1
          └ The city of Fōntà arose.
   15475  settlement.founded     s=60 sName=Nāxkòu city=1
          └ The city of Nāxkòu arose.
   15487  polity.seceded         from=29 fromName=Pomponsomsyus
          └ Broke away from Pomponsomsyus in a war of secession.
   15500  settlement.founded     s=61 sName=Fị̀lhụ̌ kind=crystallized
          └ Fị̀lhụ̌ was founded.
   15500  settlement.founded     s=61 sName=Fị̀lhụ̌ city=1
          └ The city of Fị̀lhụ̌ arose.
   15500  settlement.founded     s=62 sName=Pọ́fpù city=1
          └ The city of Pọ́fpù arose.
   15500  war.began              from=29 to=1 name=Pomponsomsyus
          └ Marched to war against Ňěňní.
   15525  settlement.founded     s=64 sName=Túrọ̀ kind=crystallized
          └ Túrọ̀ was founded.
   15525  settlement.founded     s=64 sName=Túrọ̀ city=1
          └ The city of Túrọ̀ arose.
   15525  settlement.founded     s=65 sName=Ňělhụ̌ city=1
          └ The city of Ňělhụ̌ arose.
   15550  settlement.founded     s=66 sName=Lènūrọ̀ kind=crystallized
          └ Lènūrọ̀ was founded.
   15550  settlement.founded     s=66 sName=Lènūrọ̀ city=1
          └ The city of Lènūrọ̀ arose.
   15550  settlement.founded     s=67 sName=Lóupíkò city=1
          └ The city of Lóupíkò arose.
   15550  war.began              from=1 to=50 name=Ňěňní
          └ Marched to war against Fọ̄ịkfélěā.
   15550  war.began              from=54 to=50 name=Fị̀lpìlě
          └ Marched to war against Fọ̄ịkfélěā.
   15553  settlement.tier        s=54 sName=Fị̀lpì
          └ Fị̀lpì grew into a metropolis (946,000 souls).
   15571  market.dearth          s=50 sName=Fọ̄ịkfé
          └ Dearth in Fọ̄ịkfé — bread at famine prices in the market.
   15575  settlement.founded     s=68 sName=Nèlērọ̀ kind=crystallized
          └ Nèlērọ̀ was founded.
   15575  settlement.founded     s=68 sName=Nèlērọ̀ city=1
          └ The city of Nèlērọ̀ arose.
   15575  settlement.founded     s=69 sName=Xóultù city=1
          └ The city of Xóultù arose.
   15578  settlement.dissolved   s=22 why=core sName=Lụ́ňpì
          └ Lụ́ňpì faded back into the countryside.
   15579  settlement.dissolved   s=21 why=core sName=Lá
          └ Lá faded back into the countryside.
   15580  settlement.dissolved   s=20 why=core sName=Xóuňpì
          └ Xóuňpì faded back into the countryside.
   15581  settlement.dissolved   s=19 why=core sName=Hǐlhụ̌
          └ Hǐlhụ̌ faded back into the countryside.
   15582  settlement.dissolved   s=18 why=core sName=Fōnfǐu
          └ Fōnfǐu faded back into the countryside.
   15583  settlement.dissolved   s=17 why=core sName=Lẹ́fị̌kú
          └ Lẹ́fị̌kú faded back into the countryside.
   15584  settlement.dissolved   s=16 why=core sName=Nīpsē
          └ Nīpsē faded back into the countryside.
   15585  settlement.dissolved   s=15 why=core sName=Ňěxkòu
          └ Ňěxkòu faded back into the countryside.
   15600  settlement.founded     s=70 sName=Oponpa kind=crystallized
          └ Oponpa was founded.
   15600  settlement.founded     s=70 sName=Oponpa city=1
          └ The city of Oponpa arose.
   15600  settlement.founded     s=71 sName=Nị̀ppè kind=crystallized
          └ Nị̀ppè was founded.
   15600  settlement.founded     s=71 sName=Nị̀ppè city=1
          └ The city of Nị̀ppè arose.
   15600  settlement.founded     s=72 sName=Ngǎịstù city=1
          └ The city of Ngǎịstù arose.
   15600  war.began              from=1 to=60 name=Ňěňní
          └ Marched to war against Nāxkòulě.
   15600  war.began              from=52 to=60 name=Tị̄lākú
          └ Marched to war against Nāxkòulě.
   15625  settlement.founded     s=73 sName=Kèhsē kind=crystallized
          └ Kèhsē was founded.
   15625  settlement.founded     s=73 sName=Kèhsē city=1
          └ The city of Kèhsē arose.
   15625  settlement.founded     s=74 sName=Fọ̌ịmpéü city=1
          └ The city of Fọ̌ịmpéü arose.
   15637  polity.submitted       how=submission to=54 toName=Fị̀lpìlě name=Xụ́ppèlěā
          └ Facing hopeless odds, the court of Xụ́ppèlěā bowed to Fị̀lpìlě — keeping its throne at the price of tribute.
   15650  settlement.founded     s=75 sName=Pụ̌mpéü kind=crystallized
          └ Pụ̌mpéü was founded.
   15650  settlement.founded     s=75 sName=Pụ̌mpéü city=1
          └ The city of Pụ̌mpéü arose.
   15650  settlement.founded     s=76 sName=Lǎppè city=1
          └ The city of Lǎppè arose.
   15650  war.began              from=1 to=30 name=Ňěňní
          └ Marched to war against Sogyoepasyus.
   15675  settlement.founded     s=77 sName=Pōukú kind=crystallized
          └ Pōukú was founded.
   15675  settlement.founded     s=77 sName=Pōukú city=1
          └ The city of Pōukú arose.
   15675  settlement.founded     s=78 sName=Kẹ́ city=1
          └ The city of Kẹ́ arose.
   15697  settlement.tier        s=60 sName=Nāxkòu
          └ Nāxkòu grew into a metropolis (978,000 souls).
   15699  market.dearth          s=30 sName=Sogyoepa
          └ Dearth in Sogyoepa — bread at famine prices in the market.
   15700  settlement.founded     s=79 sName=Fúkú kind=crystallized
          └ Fúkú was founded.
   15700  settlement.founded     s=79 sName=Fúkú city=1
          └ The city of Fúkú arose.
   15700  settlement.founded     s=80 sName=Pụ́tlà city=1
          └ The city of Pụ́tlà arose.
   15700  war.began              from=1 to=70 name=Ňěňní
          └ Marched to war against Oponpasyusa.
   15715  market.dearth          s=59 sName=Fōntà
          └ Dearth in Fōntà — bread at famine prices in the market.
   15725  settlement.founded     s=82 sName=Kètlà kind=crystallized
          └ Kètlà was founded.
   15725  settlement.founded     s=82 sName=Kètlà city=1
          └ The city of Kètlà arose.
   15725  settlement.founded     s=83 sName=Fǒlpù city=1
          └ The city of Fǒlpù arose.
   15750  settlement.founded     s=84 sName=Yókò kind=crystallized
          └ Yókò was founded.
   15750  settlement.founded     s=84 sName=Yókò city=1
          └ The city of Yókò arose.
   15750  settlement.founded     s=85 sName=Tǎkú city=1
          └ The city of Tǎkú arose.
   15774  settlement.dissolved   s=26 why=core sName=Xòutà
          └ Xòutà faded back into the countryside.
   15775  settlement.dissolved   s=25 why=core sName=Lǎtlà
          └ Lǎtlà faded back into the countryside.
   15775  settlement.founded     s=86 sName=Ètlà kind=crystallized
          └ Ètlà was founded.
   15775  settlement.founded     s=86 sName=Ètlà city=1
          └ The city of Ètlà arose.
   15775  settlement.founded     s=87 sName=Xụ̀nfǐu city=1
          └ The city of Xụ̀nfǐu arose.
   15776  settlement.dissolved   s=24 why=core sName=Ňúpī
          └ Ňúpī faded back into the countryside.
   15777  settlement.dissolved   s=23 why=core sName=Mīnglì
          └ Mīnglì faded back into the countryside.
   15795  settlement.tier        s=59 sName=Fōntà
          └ Fōntà grew into a metropolis (783,000 souls).
   15800  settlement.founded     s=88 sName=Ňụ̄kò kind=crystallized
          └ Ňụ̄kò was founded.
   15800  settlement.founded     s=88 sName=Ňụ̄kò city=1
          └ The city of Ňụ̄kò arose.
   15800  settlement.founded     s=89 sName=Kètrọ̌ị city=1
          └ The city of Kètrọ̌ị arose.
   15800  war.began              from=60 to=1 name=Nāxkòulě
          └ Marched to war against Ňěňní.
   15800  polity.shattered       s=70 sName=Oponpa to=1 toName=Ňěňní
          └ Its capital Oponpa fell to Ňěňní — the realm collapsed.
   15800  polity.ended           how=conquest byName=Ňěňní name=Oponpasyusa
          └ Fell to Ňěňní and was erased from the map.
   15825  settlement.founded     s=90 sName=Pīuyórọ̀ kind=crystallized
          └ Pīuyórọ̀ was founded.
   15825  settlement.founded     s=90 sName=Pīuyórọ̀ city=1
          └ The city of Pīuyórọ̀ arose.
   15825  settlement.founded     s=91 sName=Èňtọ̄ị city=1
          └ The city of Èňtọ̄ị arose.
   15840  settlement.founded     s=92 sName=Nāxsē kind=planted
          └ Nāxsē was founded.
   15840  town.planted           s=92 sName=Nāxsē
          └ The crown planted Nāxsē to hold the march.
   15841  settlement.tier        s=50 sName=Fọ̄ịkfé
          └ Fọ̄ịkfé grew into a metropolis (682,000 souls).
   15850  settlement.founded     s=93 sName=Ètlà kind=crystallized
          └ Ètlà was founded.
   15850  settlement.founded     s=93 sName=Ètlà city=1
          └ The city of Ètlà arose.
   15850  settlement.founded     s=94 sName=Pēüffìkú city=1
          └ The city of Pēüffìkú arose.
   15850  war.began              from=29 to=30 name=Pomponsomsyus
          └ Marched to war against Sogyoepasyus as the succession failed.
   15850  war.began              from=30 to=1 name=Sogyoepasyus
          └ Marched to war against Ňěňní.
   15850  war.began              from=60 to=52 name=Nāxkòulě
          └ Marched to war against Tị̄lākú.
   15875  settlement.founded     s=96 sName=Lǎptàị kind=crystallized
          └ Lǎptàị was founded.
   15875  settlement.founded     s=96 sName=Lǎptàị city=1
          └ The city of Lǎptàị arose.
   15875  settlement.founded     s=97 sName=Kètrọ̌ị city=1
          └ The city of Kètrọ̌ị arose.
   15900  settlement.founded     s=99 sName=Ǎịmràkò kind=crystallized
          └ Ǎịmràkò was founded.
   15900  settlement.founded     s=99 sName=Ǎịmràkò city=1
          └ The city of Ǎịmràkò arose.
   15900  settlement.founded     s=100 sName=Kóttà city=1
          └ The city of Kóttà arose.
   15925  settlement.founded     s=103 sName=Nèrọ̀ kind=crystallized
          └ Nèrọ̀ was founded.
   15925  settlement.founded     s=103 sName=Nèrọ̀ city=1
          └ The city of Nèrọ̀ arose.
   15925  settlement.founded     s=104 sName=Sǎrọ́ị city=1
          └ The city of Sǎrọ́ị arose.
   15937  polity.seceded         from=60 fromName=Nāxkòulě
          └ Broke away from Nāxkòulě in a war of secession.
   15950  settlement.founded     s=105 sName=Hǐňsē kind=crystallized
          └ Hǐňsē was founded.
   15950  settlement.founded     s=105 sName=Hǐňsē city=1
          └ The city of Hǐňsē arose.
   15950  settlement.founded     s=106 sName=Nǔfīu city=1
          └ The city of Nǔfīu arose.
   15950  war.ended              how=siegeLifted to=30 toName=Sogyoepasyus name=Ňěňní
          └ The war with Ňěňní ended.
   15973  settlement.dissolved   s=27 why=core sName=Fòutrọ̌ị
          └ Fòutrọ̌ị faded back into the countryside.
   15975  settlement.founded     s=107 sName=Emotesuim kind=crystallized
          └ Emotesuim was founded.
   15975  settlement.founded     s=107 sName=Emotesuim city=1
          └ The city of Emotesuim arose.
   15975  settlement.founded     s=108 sName=Lụ̄kfé kind=crystallized
          └ Lụ̄kfé was founded.
   15975  settlement.founded     s=108 sName=Lụ̄kfé city=1
          └ The city of Lụ̄kfé arose.
   15985  settlement.tier        s=30 sName=Sogyoepa
          └ Sogyoepa grew into a metropolis (665,000 souls).
   16000  settlement.founded     s=109 sName=Ǎịmràrọ̀ kind=crystallized
          └ Ǎịmràrọ̀ was founded.
   16000  settlement.founded     s=109 sName=Ǎịmràrọ̀ city=1
          └ The city of Ǎịmràrọ̀ arose.
   16025  settlement.founded     s=110 sName=Láị kind=crystallized
          └ Láị was founded.
   16025  settlement.founded     s=110 sName=Láị city=1
          └ The city of Láị arose.
   16050  settlement.founded     s=111 sName=Èňlà kind=crystallized
          └ Èňlà was founded.
   16050  settlement.founded     s=111 sName=Èňlà city=1
          └ The city of Èňlà arose.
   16050  settlement.founded     s=112 sName=Tǐurọ̀ city=1
          └ The city of Tǐurọ̀ arose.
   16050  war.began              from=1 to=59 name=Ňěňní
          └ Marched to war against Fōntàlě.
   16075  market.dearth          s=2 sName=Fùlpū
          └ Dearth in Fùlpū — bread at famine prices in the market.
   16087  polity.submitted       how=union to=59 toName=Fōntàlě name=Fọ̄ịkfélěā
          └ In the troubles of the succession, the court of Fọ̄ịkfélěā joined its crown to Fōntàlě — one senior throne, two realms.
   16094  market.dearth          s=1 sName=Ňěňní
          └ Dearth in Ňěňní — bread at famine prices in the market.
   16100  war.ended              how=siegeLifted to=60 toName=Nāxkòulě name=Ňěňní
          └ The war with Ňěňní ended.
   16100  war.indemnity          to=60 toName=Nāxkòulě name=Ňěňní
          └ Ňěňní paid a heavy indemnity to Nāxkòulě at the peace.
   16125  settlement.founded     s=113 sName=Ňèstù city=1
          └ The city of Ňèstù arose.
   16129  settlement.tier        s=89 sName=Kètrọ̌ị
          └ Kètrọ̌ị grew into a metropolis (865,000 souls).
   16150  war.began              from=30 to=29 name=Sogyoepasyus
          └ Marched to war against Pomponsomsyus.
   16150  war.began              from=1 to=111 name=Ňěňní
          └ Marched to war against Èňlàlěā.
   16150  war.began              from=112 to=111 name=Tǐurọ̀lěā
          └ Marched to war against Èňlàlěā.
   16150  war.ended              how=sackedIntoTribute to=60 toName=Nāxkòulě name=Tị̄lākú
          └ The war with Tị̄lākú ended; some 2 soldiers never came home.
   16150  polity.submitted       how=sackedIntoTribute to=60 toName=Nāxkòulě name=Tị̄lākú
          └ Facing hopeless odds, the court of Tị̄lākú bowed to Nāxkòulě — keeping its throne at the price of tribute.
   16169  settlement.dissolved   s=31 why=core sName=Omomessi
          └ Omomessi faded back into the countryside.
   16172  settlement.dissolved   s=28 why=core sName=Pọ̄ịtrọ́ịkò
          └ Pọ̄ịtrọ́ịkò faded back into the countryside.
   16200  plague.outbreak        s=1 sName=Ňěňní
          └ Plague broke out in Ňěňní and swept through the realm.
   16200  settlement.founded     s=115 sName=Memosegyem kind=crystallized
          └ Memosegyem was founded.
   16200  settlement.founded     s=115 sName=Memosegyem city=1
          └ The city of Memosegyem arose.
   16200  settlement.founded     s=116 sName=Ǔltǔrọ̀ kind=crystallized
          └ Ǔltǔrọ̀ was founded.
   16200  settlement.founded     s=116 sName=Ǔltǔrọ̀ city=1
          └ The city of Ǔltǔrọ̀ arose.
   16200  war.began              from=60 to=111 name=Nāxkòulě
          └ Marched to war against Èňlàlěā.
   16237  war.ended              how=submission to=30 toName=Sogyoepasyus name=Pomponsomsyus
          └ The war with Pomponsomsyus ended; some 2 soldiers never came home.
   16237  polity.submitted       how=submission to=30 toName=Sogyoepasyus name=Pomponsomsyus
          └ Facing hopeless odds, the court of Pomponsomsyus bowed to Sogyoepasyus — keeping its throne at the price of tribute.
   16273  settlement.tier        s=111 sName=Èňlà
          └ Èňlà grew into a metropolis (718,000 souls).
   16273  settlement.tier        s=112 sName=Tǐurọ̀
          └ Tǐurọ̀ grew into a metropolis (780,000 souls).
   16293  market.dearth          s=111 sName=Èňlà
          └ Dearth in Èňlà — bread at famine prices in the market.
   16300  war.began              from=52 to=111 name=Tị̄lākú
          └ Marched to war against Èňlàlěā.
   16350  war.began              from=112 to=60 name=Tǐurọ̀lěā
          └ Marched to war against Nāxkòulě.
   16350  war.ended              how=siegeLifted to=111 toName=Èňlàlěā name=Ňěňní
          └ The war with Ňěňní ended.
   16350  war.ended              how=siegeLifted to=112 toName=Tǐurọ̀lěā name=Èňlàlěā
          └ The war with Èňlàlěā ended.
   16360  settlement.dissolved   s=40 why=core sName=Pomponsomdu
          └ Pomponsomdu faded back into the countryside.
   16361  settlement.dissolved   s=39 why=core sName=Bommodu
          └ Bommodu faded back into the countryside.
   16362  settlement.dissolved   s=38 why=core sName=Nokyopa
          └ Nokyopa faded back into the countryside.
   16363  settlement.dissolved   s=37 why=core sName=Mumommoe
          └ Mumommoe faded back into the countryside.
   16364  settlement.dissolved   s=36 why=core sName=Rimmopuiky
          └ Rimmopuiky faded back into the countryside.
   16365  settlement.dissolved   s=35 why=core sName=Sùlhụ̌
          └ Sùlhụ̌ faded back into the countryside.
   16366  settlement.dissolved   s=34 why=core sName=Umkyoi
          └ Umkyoi faded back into the countryside.
   16367  settlement.dissolved   s=33 why=core sName=Dosudu
          └ Dosudu faded back into the countryside.
   16368  settlement.dissolved   s=32 why=core sName=Dumomoi
          └ Dumomoi faded back into the countryside.
   16375  settlement.founded     s=117 sName=Bommogyoma kind=crystallized
          └ Bommogyoma was founded.
   16375  settlement.founded     s=117 sName=Bommogyoma city=1
          └ The city of Bommogyoma arose.
   16375  settlement.founded     s=118 sName=Fùppīrụ́ kind=crystallized
          └ Fùppīrụ́ was founded.
   16375  settlement.founded     s=118 sName=Fùppīrụ́ city=1
          └ The city of Fùppīrụ́ arose.
   16375  settlement.founded     s=119 sName=Xóutlà city=1
          └ The city of Xóutlà arose.
   16387  settlement.annexed     s=29 sName=Pomponsom from=29 fromName=Pomponsomsyus to=30 toName=Sogyoepasyus
          └ Peacefully absorbed Pomponsom from Pomponsomsyus.
   16387  settlement.annexed     s=41 sName=Togyomuky from=29 fromName=Pomponsomsyus to=30 toName=Sogyoepasyus
          └ Peacefully absorbed Togyomuky from Pomponsomsyus.
   16387  polity.ended           how=integrated byName=Sogyoepasyus name=Pomponsomsyus
          └ Dissolved — its last cities scattered or fell silent.
   16400  settlement.founded     s=121 sName=Nomowumkyoi kind=crystallized
          └ Nomowumkyoi was founded.
   16400  settlement.founded     s=121 sName=Nomowumkyoi city=1
          └ The city of Nomowumkyoi arose.
   16400  settlement.founded     s=122 sName=Pụ̄fǎkò kind=crystallized
          └ Pụ̄fǎkò was founded.
   16400  settlement.founded     s=122 sName=Pụ̄fǎkò city=1
          └ The city of Pụ̄fǎkò arose.
   16400  war.ended              how=siegeLifted to=111 toName=Èňlàlěā name=Nāxkòulě
          └ The war with Nāxkòulě ended.
   16425  settlement.founded     s=124 sName=Bommonokyo kind=crystallized
          └ Bommonokyo was founded.
   16425  settlement.founded     s=124 sName=Bommonokyo city=1
          └ The city of Bommonokyo arose.
   16425  settlement.founded     s=125 sName=Fǒu'tà kind=crystallized
          └ Fǒu'tà was founded.
   16425  settlement.founded     s=125 sName=Fǒu'tà city=1
          └ The city of Fǒu'tà arose.
   16434  succession.crisis      name=Ňěňní
          └ The royal line failed — an interregnum of rival claimants.
   16450  settlement.founded     s=127 sName=Masmomoibom kind=crystallized
          └ Masmomoibom was founded.
   16450  settlement.founded     s=127 sName=Masmomoibom city=1
          └ The city of Masmomoibom arose.
   16450  war.began              from=111 to=52 name=Èňlàlěā
          └ Marched to war against Tị̄lākú.
   16450  war.began              from=60 to=101 name=Nāxkòulě
          └ Marched to war against Fọ́ịppè.
   16475  settlement.founded     s=129 sName=Syomogyoma kind=crystallized
          └ Syomogyoma was founded.
   16475  settlement.founded     s=129 sName=Syomogyoma city=1
          └ The city of Syomogyoma arose.
   16500  settlement.founded     s=132 sName=Dodu kind=crystallized
          └ Dodu was founded.
   16500  settlement.founded     s=132 sName=Dodu city=1
          └ The city of Dodu arose.
   16500  war.began              from=60 to=112 name=Nāxkòulě
          └ Marched to war against Tǐurọ̀lěā as the succession failed.
   16533  market.dearth          s=30 sName=Sogyoepa
          └ Dearth in Sogyoepa — bread at famine prices in the market.
   16537  war.ended              how=union to=60 toName=Nāxkòulě name=Tị̄lākú
          └ The war with Tị̄lākú ended; some 20 soldiers never came home.
   16537  polity.submitted       how=union to=52 toName=Tị̄lākú name=Nāxkòulě
          └ In the troubles of the succession, the court of Nāxkòulě joined its crown to Tị̄lākú — one senior throne, two realms.
   16537  polity.seceded         from=30 fromName=Sogyoepasyus
          └ Broke away from Sogyoepasyus in a war of secession.
   16537  polity.seceded         from=30 fromName=Sogyoepasyus
          └ Broke away from Sogyoepasyus in a war of secession.
   16549  market.dearth          s=59 sName=Fōntà
          └ Dearth in Fōntà — bread at famine prices in the market.
   16550  settlement.founded     s=137 sName=Sismopa kind=crystallized
          └ Sismopa was founded.
   16550  settlement.founded     s=137 sName=Sismopa city=1
          └ The city of Sismopa arose.
   16550  polity.shattered       s=60 sName=Nāxkòu to=112 toName=Tǐurọ̀lěā
          └ Its capital Nāxkòu fell to Tǐurọ̀lěā — the realm collapsed.
   16550  polity.ended           how=conquest byName=Tǐurọ̀lěā name=Nāxkòulě
          └ Fell to Tǐurọ̀lěā and was erased from the map.
   16550  war.ended              how=siegeLifted to=111 toName=Èňlàlěā name=Tị̄lākú
          └ The war with Tị̄lākú ended.
   16557  settlement.dissolved   s=43 why=core sName=Hóuptàị
          └ Hóuptàị faded back into the countryside.
   16558  settlement.dissolved   s=42 why=core sName=Tàịňnī
          └ Tàịňnī faded back into the countryside.
   16559  settlement.dissolved   s=41 why=core sName=Togyomuky
          └ Togyomuky faded back into the countryside.
   16575  settlement.founded     s=140 sName=Fị̄mrá kind=crystallized
          └ Fị̄mrá was founded.
   16575  settlement.founded     s=140 sName=Fị̄mrá city=1
          └ The city of Fị̄mrá arose.
   16600  settlement.founded     s=143 sName=Ommobuimmoe kind=crystallized
          └ Ommobuimmoe was founded.
   16600  settlement.founded     s=143 sName=Ommobuimmoe city=1
          └ The city of Ommobuimmoe arose.
   16600  settlement.founded     s=144 sName=Hóulpù kind=crystallized
          └ Hóulpù was founded.
   16600  settlement.founded     s=144 sName=Hóulpù city=1
          └ The city of Hóulpù arose.
   16600  war.began              from=112 to=58 name=Tǐurọ̀lěā
          └ Marched to war against Xụ́ppèlěā.
   16650  war.began              from=112 to=98 name=Tǐurọ̀lěā
          └ Marched to war against Fị̄mrálěā.
   16687  polity.submitted       how=submission to=1 toName=Ňěňní name=Kètrọ̌ịlěā
          └ Facing hopeless odds, the court of Kètrọ̌ịlěā bowed to Ňěňní — keeping its throne at the price of tribute.
   16687  polity.seceded         from=1 fromName=Ňěňní
          └ Broke away from Ňěňní in a war of secession.
   16700  war.began              from=115 to=117 name=Sogyoepasyus
          └ Marched to war against Bommogyoma.
   16700  war.began              from=1 to=117 name=Ňěňní
          └ Marched to war against Bommogyoma.
   16700  polity.shattered       s=58 sName=Xụ́ppè to=112 toName=Tǐurọ̀lěā
          └ Its capital Xụ́ppè fell to Tǐurọ̀lěā — the realm collapsed.
   16707  market.dearth          s=117 sName=Bommogyoma
          └ Dearth in Bommogyoma — bread at famine prices in the market.
   16720  settlement.tier        s=58 sName=Xụ́ppè
          └ Xụ́ppè grew into a metropolis (669,000 souls).
   16750  war.began              from=1 to=143 name=Ňěňní
          └ Marched to war against Ommobuimmoesyusa.
   16750  war.began              from=111 to=89 name=Èňlàlěā
          └ Marched to war against Kètrọ̌ịlěā as the succession failed.
   16750  war.began              from=112 to=52 name=Tǐurọ̀lěā
          └ Marched to war against Tị̄lākú.
   16750  war.ended              how=faded to=50 toName=Fọ̄ịkfélěā name=Ňěňní
          └ The war with Ňěňní ended.
   16755  settlement.dissolved   s=45 why=core sName=Sùňní
          └ Sùňní faded back into the countryside.
   16756  settlement.dissolved   s=44 why=core sName=Pismoe
          └ Pismoe faded back into the countryside.
   16775  settlement.founded     s=165 sName=Lụ́ptàị city=1
          └ The city of Lụ́ptàị arose.
   16800  famine.struck          
          └ A famine gripped the land.
   16800  famine.struck          
          └ A famine gripped the land.
   16800  famine.struck          
          └ A famine gripped the land.
   16800  famine.struck          
          └ A famine gripped the land.
   16800  famine.struck          
          └ A famine gripped the land.
   16800  famine.struck          
          └ A famine gripped the land.
   16800  famine.struck          
          └ A famine gripped the land.
   16800  famine.struck          
          └ A famine gripped the land.
   16800  famine.struck          
          └ A famine gripped the land.
   16800  famine.struck          
          └ A famine gripped the land.
   16800  famine.struck          
          └ A famine gripped the land.
   16800  famine.struck          
          └ A famine gripped the land.
   16800  famine.struck          
          └ A famine gripped the land.
   16800  famine.struck          
          └ A famine gripped the land.
   16800  famine.struck          
          └ A famine gripped the land.
   16800  settlement.founded     s=166 sName=Tosmomoi kind=crystallized
          └ Tosmomoi was founded.
   16800  settlement.founded     s=166 sName=Tosmomoi city=1
          └ The city of Tosmomoi arose.
   16837  polity.submitted       how=submission to=111 toName=Èňlàlěā name=Tǐurọ̀lěā
          └ Facing hopeless odds, the court of Tǐurọ̀lěā bowed to Èňlàlěā — keeping its throne at the price of tribute.
   16837  polity.submitted       how=submission to=111 toName=Èňlàlěā name=Fọ̄ịkfélěā
          └ Facing hopeless odds, the court of Fọ̄ịkfélěā bowed to Èňlàlěā — keeping its throne at the price of tribute.
   16850  settlement.founded     s=169 sName=Súnfǐu city=1
          └ The city of Súnfǐu arose.
   16850  war.began              from=70 to=166 name=Oponpasyusa
          └ Marched to war against Tosmomoi.
   16850  war.began              from=1 to=166 name=Ňěňní
          └ Marched to war against Tosmomoi.
   16850  war.began              from=30 to=70 name=Sogyoepasyus
          └ Marched to war against Oponpasyusa.
   16859  market.dearth          s=70 sName=Oponpa
          └ Dearth in Oponpa — bread at famine prices in the market.
   16867  market.dearth          s=143 sName=Ommobuimmoe
          └ Dearth in Ommobuimmoe — bread at famine prices in the market.
   16900  settlement.founded     s=172 sName=Moemomoim kind=crystallized
          └ Moemomoim was founded.
   16900  settlement.founded     s=172 sName=Moemomoim city=1
          └ The city of Moemomoim arose.
   16900  settlement.founded     s=173 sName=Fóufpù kind=crystallized
          └ Fóufpù was founded.
   16900  settlement.founded     s=173 sName=Fóufpù city=1
          └ The city of Fóufpù arose.
   16900  polity.shattered       s=89 sName=Kètrọ̌ị to=111 toName=Èňlàlěā
          └ Its capital Kètrọ̌ị fell to Èňlàlěā — the realm collapsed.
   16900  polity.ended           how=conquest byName=Èňlàlěā name=Kètrọ̌ịlěā
          └ Fell to Èňlàlěā and was erased from the map.
   16928  market.dearth          s=1 sName=Ňěňní
          └ Dearth in Ňěňní — bread at famine prices in the market.
   16950  war.began              from=70 to=30 name=Oponpasyusa
          └ Marched to war against Sogyoepasyus.
   16950  war.ended              how=sackedIntoTribute to=166 toName=Tosmomoi name=Oponpasyusa
          └ The war with Oponpasyusa ended.
   16950  polity.submitted       how=sackedIntoTribute to=70 toName=Oponpasyusa name=Tosmomoi
          └ Facing hopeless odds, the court of Tosmomoi bowed to Oponpasyusa — keeping its throne at the price of tribute.
   16951  settlement.dissolved   s=49 why=core sName=Nātlà
          └ Nātlà faded back into the countryside.
   16952  settlement.dissolved   s=48 why=core sName=Fòuňpì
          └ Fòuňpì faded back into the countryside.
   16953  settlement.dissolved   s=47 why=core sName=Sǐlāị
          └ Sǐlāị faded back into the countryside.
   16975  settlement.founded     s=178 sName=Hūtírụ́ kind=crystallized
          └ Hūtírụ́ was founded.
   16975  settlement.founded     s=178 sName=Hūtírụ́ city=1
          └ The city of Hūtírụ́ arose.
   16987  polity.submitted       how=submission to=1 toName=Ňěňní name=Bommogyoma
          └ Facing hopeless odds, the court of Bommogyoma bowed to Ňěňní — keeping its throne at the price of tribute.
   16993  market.dearth          s=2 sName=Fùlpū
          └ Dearth in Fùlpū — bread at famine prices in the market.
   16993  settlement.tier        s=143 sName=Ommobuimmoe
          └ Ommobuimmoe grew into a metropolis (664,000 souls).
   16993  settlement.tier        s=166 sName=Tosmomoi
          └ Tosmomoi grew into a metropolis (664,000 souls).
   16996  settlement.tier        s=173 sName=Fóufpù
          └ Fóufpù grew into a city (10,000 souls).
   17000  settlement.founded     s=181 sName=Kìtlà kind=crystallized
          └ Kìtlà was founded.
   17000  settlement.founded     s=181 sName=Kìtlà city=1
          └ The city of Kìtlà arose.
   17000  war.began              from=112 to=110 name=Tǐurọ̀lěā
          └ Marched to war against Láịlěā.
   17000  war.began              from=52 to=110 name=Tị̄lākú
          └ Marched to war against Láịlěā.
   17000  war.ended              how=faded to=70 toName=Oponpasyusa name=Ňěňní
          └ The war with Ňěňní ended; some 11 soldiers never came home.
   17015  market.dearth          s=166 sName=Tosmomoi
          └ Dearth in Tosmomoi — bread at famine prices in the market.
   17025  settlement.founded     s=183 sName=Kóňní kind=crystallized
          └ Kóňní was founded.
   17025  settlement.founded     s=183 sName=Kóňní city=1
          └ The city of Kóňní arose.
   17050  war.began              from=166 to=1 name=Tosmomoi
          └ Marched to war against Ňěňní.
   17050  war.began              from=1 to=110 name=Ňěňní
          └ Marched to war against Láịlěā.
   17050  war.ended              how=siegeLifted to=166 toName=Tosmomoi name=Ňěňní
          └ The war with Ňěňní ended.
   17050  war.ended              how=siegeLifted to=70 toName=Oponpasyusa name=Sogyoepasyus
          └ The war with Sogyoepasyus ended.
   17075  settlement.founded     s=185 sName=Xìlǔrụ́ kind=crystallized
          └ Xìlǔrụ́ was founded.
   17075  settlement.founded     s=185 sName=Xìlǔrụ́ city=1
          └ The city of Xìlǔrụ́ arose.
   17085  slave.revolt           s=111 sName=Èňlà
          └ The unfree of Èňlà rose in revolt, and the labour was lost.
   17100  war.began              from=56 to=110 name=Tàthị̀kú
          └ Marched to war against Láịlěā.
   17100  war.ended              how=sackedIntoTribute to=112 toName=Tǐurọ̀lěā name=Láịlěā
          └ The war with Láịlěā ended; some 1 soldiers never came home.
   17100  polity.submitted       how=sackedIntoTribute to=112 toName=Tǐurọ̀lěā name=Láịlěā
          └ Facing hopeless odds, the court of Láịlěā bowed to Tǐurọ̀lěā — keeping its throne at the price of tribute.
   17100  polity.shattered       s=110 sName=Láị to=52 toName=Tị̄lākú
          └ Its capital Láị fell to Tị̄lākú — the realm collapsed.
   17100  polity.ended           how=conquest byName=Tị̄lākú name=Láịlěā
          └ Fell to Tị̄lākú and was erased from the map.
   17135  settlement.dissolved   s=65 why=core sName=Ňělhụ̌
          └ Ňělhụ̌ faded back into the countryside.
   17136  settlement.dissolved   s=64 why=core sName=Túrọ̀
          └ Túrọ̀ faded back into the countryside.
   17137  polity.ended           how=dissolved name=Fōntàlě
          └ Dissolved — its last cities scattered or fell silent.
   17138  settlement.dissolved   s=62 why=core sName=Pọ́fpù
          └ Pọ́fpù faded back into the countryside.
   17139  settlement.dissolved   s=61 why=core sName=Fị̀lhụ̌
          └ Fị̀lhụ̌ faded back into the countryside.
   17143  settlement.dissolved   s=57 why=core sName=Nǐnfǐu
          └ Nǐnfǐu faded back into the countryside.
   17145  settlement.dissolved   s=55 why=core sName=Lụ́ltù
          └ Lụ́ltù faded back into the countryside.
   17150  settlement.founded     s=187 sName=Xòuffí kind=crystallized
          └ Xòuffí was founded.
   17150  settlement.founded     s=187 sName=Xòuffí city=1
          └ The city of Xòuffí arose.
   17150  war.began              from=166 to=30 name=Tosmomoi
          └ Marched to war against Sogyoepasyus.
   17150  war.began              from=1 to=109 name=Ňěňní
          └ Marched to war against Ǎịmràrọ̀.
   17150  war.began              from=112 to=109 name=Tǐurọ̀lěā
          └ Marched to war against Ǎịmràrọ̀.
   17150  war.began              from=52 to=109 name=Tị̄lākú
          └ Marched to war against Ǎịmràrọ̀.
   17175  settlement.founded     s=189 sName=Xụ́ňpì kind=crystallized
          └ Xụ́ňpì was founded.
   17175  settlement.founded     s=189 sName=Xụ́ňpì city=1
          └ The city of Xụ́ňpì arose.
   17175  settlement.founded     s=190 sName=Lǐfpúrụ́ city=1
          └ The city of Lǐfpúrụ́ arose.
   17200  settlement.founded     s=191 sName=Nànglì kind=crystallized
          └ Nànglì was founded.
   17200  settlement.founded     s=191 sName=Nànglì city=1
          └ The city of Nànglì arose.
   17200  war.began              from=56 to=109 name=Tàthị̀kú
          └ Marched to war against Ǎịmràrọ̀.
   17225  settlement.founded     s=192 sName=Lānlà kind=crystallized
          └ Lānlà was founded.
   17225  settlement.founded     s=192 sName=Lānlà city=1
          └ The city of Lānlà arose.
   17225  settlement.founded     s=193 sName=Yúlhụ̌ city=1
          └ The city of Yúlhụ̌ arose.
   17250  polity.shattered       s=109 sName=Ǎịmràrọ̀ to=1 toName=Ňěňní
          └ Its capital Ǎịmràrọ̀ fell to Ňěňní — the realm collapsed.
   17250  polity.ended           how=conquest byName=Ňěňní name=Ǎịmràrọ̀
          └ Fell to Ňěňní and was erased from the map.
   17250  war.ended              how=sackedIntoTribute to=112 toName=Tǐurọ̀lěā name=Ǎịmràrọ̀
          └ The war with Ǎịmràrọ̀ ended.
   17250  polity.submitted       how=sackedIntoTribute to=112 toName=Tǐurọ̀lěā name=Ǎịmràrọ̀
          └ Facing hopeless odds, the court of Ǎịmràrọ̀ bowed to Tǐurọ̀lěā — keeping its throne at the price of tribute.
   17250  polity.shattered       s=109 sName=Ǎịmràrọ̀ to=52 toName=Tị̄lākú
          └ Its capital Ǎịmràrọ̀ fell to Tị̄lākú — the realm collapsed.
   17287  polity.submitted       how=submission to=111 toName=Èňlàlěā name=Fùlpū
          └ Facing hopeless odds, the court of Fùlpū bowed to Èňlàlěā — keeping its throne at the price of tribute.
   17287  polity.submitted       how=submission to=111 toName=Èňlàlěā name=Èňkūlěā
          └ Facing hopeless odds, the court of Èňkūlěā bowed to Èňlàlěā — keeping its throne at the price of tribute.
   17300  war.began              from=1 to=54 name=Ňěňní
          └ Marched to war against Fị̀lpìlě.
   17300  war.began              from=111 to=54 name=Èňlàlěā
          └ Marched to war against Fị̀lpìlě.
   17300  war.began              from=52 to=54 name=Tị̄lākú
          └ Marched to war against Fị̀lpìlě.
   17320  settlement.dissolved   s=80 why=core sName=Pụ́tlà
          └ Pụ́tlà faded back into the countryside.
   17321  settlement.dissolved   s=79 why=core sName=Fúkú
          └ Fúkú faded back into the countryside.
   17322  settlement.dissolved   s=78 why=core sName=Kẹ́
          └ Kẹ́ faded back into the countryside.
   17323  settlement.dissolved   s=77 why=core sName=Pōukú
          └ Pōukú faded back into the countryside.
   17324  settlement.dissolved   s=76 why=core sName=Lǎppè
          └ Lǎppè faded back into the countryside.
   17325  settlement.dissolved   s=75 why=core sName=Pụ̌mpéü
          └ Pụ̌mpéü faded back into the countryside.
   17325  settlement.founded     s=199 sName=Ňǐlpù kind=crystallized
          └ Ňǐlpù was founded.
   17325  settlement.founded     s=199 sName=Ňǐlpù city=1
          └ The city of Ňǐlpù arose.
   17326  settlement.dissolved   s=74 why=core sName=Fọ̌ịmpéü
          └ Fọ̌ịmpéü faded back into the countryside.
   17327  settlement.dissolved   s=73 why=core sName=Kèhsē
          └ Kèhsē faded back into the countryside.
   17328  settlement.dissolved   s=72 why=core sName=Ngǎịstù
          └ Ngǎịstù faded back into the countryside.
   17329  settlement.dissolved   s=71 why=core sName=Nị̀ppè
          └ Nị̀ppè faded back into the countryside.
   17331  settlement.dissolved   s=69 why=core sName=Xóultù
          └ Xóultù faded back into the countryside.
   17332  settlement.dissolved   s=68 why=core sName=Nèlērọ̀
          └ Nèlērọ̀ faded back into the countryside.
   17333  settlement.dissolved   s=67 why=core sName=Lóupíkò
          └ Lóupíkò faded back into the countryside.
   17334  settlement.dissolved   s=66 why=core sName=Lènūrọ̀
          └ Lènūrọ̀ faded back into the countryside.
   17350  settlement.founded     s=201 sName=Fụ̀ịňpì kind=crystallized
          └ Fụ̀ịňpì was founded.
   17350  settlement.founded     s=201 sName=Fụ̀ịňpì city=1
          └ The city of Fụ̀ịňpì arose.
   17350  settlement.founded     s=202 sName=Kìltù city=1
          └ The city of Kìltù arose.
   17367  market.dearth          s=30 sName=Sogyoepa
          └ Dearth in Sogyoepa — bread at famine prices in the market.
   17375  settlement.founded     s=203 sName=Lánglì kind=crystallized
          └ Lánglì was founded.
   17375  settlement.founded     s=203 sName=Lánglì city=1
          └ The city of Lánglì arose.
   17375  settlement.founded     s=204 sName=Lǐfpú city=1
          └ The city of Lǐfpú arose.
   17400  settlement.founded     s=205 sName=Fíülụ́ kind=crystallized
          └ Fíülụ́ was founded.
   17400  settlement.founded     s=205 sName=Fíülụ́ city=1
          └ The city of Fíülụ́ arose.
   17400  settlement.founded     s=206 sName=Fụ̀ịptàị city=1
          └ The city of Fụ̀ịptàị arose.
   17425  settlement.founded     s=208 sName=Ngị̀kú kind=crystallized
          └ Ngị̀kú was founded.
   17425  settlement.founded     s=208 sName=Ngị̀kú city=1
          └ The city of Ngị̀kú arose.
   17425  settlement.founded     s=209 sName=Tị̄lākú city=1
          └ The city of Tị̄lākú arose.
   17437  polity.submitted       how=submission to=54 toName=Fị̀lpìlě name=Èňlàlěā
          └ Facing hopeless odds, the court of Èňlàlěā bowed to Fị̀lpìlě — keeping its throne at the price of tribute.
   17450  settlement.founded     s=211 sName=Pụ́tlà kind=crystallized
          └ Pụ́tlà was founded.
   17450  settlement.founded     s=211 sName=Pụ́tlà city=1
          └ The city of Pụ́tlà arose.
   17450  settlement.founded     s=212 sName=Ìňlà city=1
          └ The city of Ìňlà arose.
   17450  war.ended              how=sackedIntoTribute to=166 toName=Tosmomoi name=Sogyoepasyus
          └ The war with Sogyoepasyus ended; some 3 soldiers never came home.
   17450  polity.submitted       how=sackedIntoTribute to=166 toName=Tosmomoi name=Sogyoepasyus
          └ Facing hopeless odds, the court of Sogyoepasyus bowed to Tosmomoi — keeping its throne at the price of tribute.
   17458  settlement.abandoned   s=59 sName=Fōntà
          └ Fōntà was abandoned.
   17475  settlement.founded     s=214 sName=Pīüffìkò kind=crystallized
          └ Pīüffìkò was founded.
   17475  settlement.founded     s=214 sName=Pīüffìkò city=1
          └ The city of Pīüffìkò arose.
   17500  settlement.founded     s=215 sName=Lārsī kind=crystallized
          └ Lārsī was founded.
   17500  settlement.founded     s=215 sName=Lārsī city=1
          └ The city of Lārsī arose.
   17500  polity.shattered       s=54 sName=Fị̀lpì to=1 toName=Ňěňní
          └ Its capital Fị̀lpì fell to Ňěňní — the realm collapsed.
   17500  polity.ended           how=conquest byName=Ňěňní name=Fị̀lpìlě
          └ Fell to Ňěňní and was erased from the map.
   17500  polity.submitted       how=inherited to=1 toName=Ňěňní name=Èňlàlěā
          └ Facing hopeless odds, the court of Èňlàlěā bowed to Ňěňní — keeping its throne at the price of tribute.
   17500  war.ended              how=sackedIntoTribute to=54 toName=Fị̀lpìlě name=Tị̄lākú
          └ The war with Tị̄lākú ended.
   17500  polity.submitted       how=sackedIntoTribute to=52 toName=Tị̄lākú name=Fị̀lpìlě
          └ Facing hopeless odds, the court of Fị̀lpìlě bowed to Tị̄lākú — keeping its throne at the price of tribute.
   17501  settlement.dissolved   s=99 why=core sName=Ǎịmràkò
          └ Ǎịmràkò faded back into the countryside.
   17503  settlement.dissolved   s=97 why=core sName=Kètrọ̌ị
          └ Kètrọ̌ị faded back into the countryside.
   17504  settlement.dissolved   s=96 why=core sName=Lǎptàị
          └ Lǎptàị faded back into the countryside.
   17506  settlement.dissolved   s=94 why=core sName=Pēüffìkú
          └ Pēüffìkú faded back into the countryside.
   17507  settlement.dissolved   s=93 why=core sName=Ètlà
          └ Ètlà faded back into the countryside.
   17510  settlement.dissolved   s=90 why=core sName=Pīuyórọ̀
          └ Pīuyórọ̀ faded back into the countryside.
   17512  settlement.dissolved   s=88 why=core sName=Ňụ̄kò
          └ Ňụ̄kò faded back into the countryside.
   17513  settlement.dissolved   s=87 why=core sName=Xụ̀nfǐu
          └ Xụ̀nfǐu faded back into the countryside.
   17514  settlement.dissolved   s=86 why=core sName=Ètlà
          └ Ètlà faded back into the countryside.
   17515  settlement.dissolved   s=85 why=core sName=Tǎkú
          └ Tǎkú faded back into the countryside.
   17516  settlement.dissolved   s=84 why=core sName=Yókò
          └ Yókò faded back into the countryside.
   17517  settlement.dissolved   s=83 why=core sName=Fǒlpù
          └ Fǒlpù faded back into the countryside.
   17518  settlement.dissolved   s=82 why=core sName=Kètlà
          └ Kètlà faded back into the countryside.
   17525  settlement.founded     s=216 sName=Hìuňpì kind=crystallized
          └ Hìuňpì was founded.
   17525  settlement.founded     s=216 sName=Hìuňpì city=1
          └ The city of Hìuňpì arose.
   17525  settlement.founded     s=217 sName=Tị̀pị̌rụ́ city=1
          └ The city of Tị̀pị̌rụ́ arose.
   17550  settlement.founded     s=218 sName=Fụ̀ịňpì kind=crystallized
          └ Fụ̀ịňpì was founded.
   17550  settlement.founded     s=218 sName=Fụ̀ịňpì city=1
          └ The city of Fụ̀ịňpì arose.
   17550  settlement.founded     s=219 sName=Kìutāịkú city=1
          └ The city of Kìutāịkú arose.
   17569  settlement.tier        s=216 sName=Hìuňpì
          └ Hìuňpì grew into a metropolis (898,000 souls).
   17575  settlement.founded     s=220 sName=Tǎkū kind=crystallized
          └ Tǎkū was founded.
   17575  settlement.founded     s=220 sName=Tǎkū city=1
          └ The city of Tǎkū arose.
   17575  settlement.founded     s=221 sName=Pụ̌ịtrụ̀ịrụ́ city=1
          └ The city of Pụ̌ịtrụ̀ịrụ́ arose.
   17587  polity.seceded         from=54 fromName=Fị̀lpìlě
          └ Broke away from Fị̀lpìlě in a war of secession.
   17587  settlement.annexed     s=30 sName=Sogyoepa from=115 fromName=Sogyoepasyus to=143 toName=Ommobuimmoesyusa
          └ Peacefully absorbed Sogyoepa from Sogyoepasyus.
   17587  polity.restored        from=-1 name=Fị̀lpìlě
          └ The old nation rose again.
   17600  settlement.founded     s=222 sName=Fùppī kind=crystallized
          └ Fùppī was founded.
   17600  settlement.founded     s=222 sName=Fùppī city=1
          └ The city of Fùppī arose.
   17600  settlement.founded     s=223 sName=Nị̀xkòu city=1
          └ The city of Nị̀xkòu arose.
   17600  war.began              from=1 to=50 name=Ňěňní
          └ Renewed the old war against Fọ̄ịkfélěā as the succession failed.
   17600  war.began              from=112 to=50 name=Tǐurọ̀lěā
          └ Marched to war against Fọ̄ịkfélěā as the succession failed.
   17625  settlement.founded     s=225 sName=Lákò kind=crystallized
          └ Lákò was founded.
   17625  settlement.founded     s=225 sName=Lákò city=1
          └ The city of Lákò arose.
   17625  settlement.founded     s=226 sName=Fǒlhụ̌ city=1
          └ The city of Fǒlhụ̌ arose.
   17650  settlement.founded     s=227 sName=Fǒtlà kind=crystallized
          └ Fǒtlà was founded.
   17650  settlement.founded     s=227 sName=Fǒtlà city=1
          └ The city of Fǒtlà arose.
   17675  settlement.founded     s=228 sName=Pụ́ttīu kind=crystallized
          └ Pụ́ttīu was founded.
   17675  settlement.founded     s=228 sName=Pụ́ttīu city=1
          └ The city of Pụ́ttīu arose.
   17690  settlement.dissolved   s=110 why=core sName=Láị
          └ Láị faded back into the countryside.
   17691  settlement.dissolved   s=109 why=core sName=Ǎịmràrọ̀
          └ Ǎịmràrọ̀ faded back into the countryside.
   17692  settlement.dissolved   s=108 why=core sName=Lụ̄kfé
          └ Lụ̄kfé faded back into the countryside.
   17693  settlement.dissolved   s=107 why=core sName=Emotesuim
          └ Emotesuim faded back into the countryside.
   17694  settlement.dissolved   s=106 why=core sName=Nǔfīu
          └ Nǔfīu faded back into the countryside.
   17695  settlement.dissolved   s=105 why=core sName=Hǐňsē
          └ Hǐňsē faded back into the countryside.
   17696  settlement.dissolved   s=104 why=core sName=Sǎrọ́ị
          └ Sǎrọ́ị faded back into the countryside.
   17697  settlement.dissolved   s=103 why=core sName=Nèrọ̀
          └ Nèrọ̀ faded back into the countryside.
   17700  settlement.dissolved   s=100 why=core sName=Kóttà
          └ Kóttà faded back into the countryside.
   17700  settlement.founded     s=229 sName=Ňǐtà kind=crystallized
          └ Ňǐtà was founded.
   17700  settlement.founded     s=229 sName=Ňǐtà city=1
          └ The city of Ňǐtà arose.
   17700  polity.shattered       s=50 sName=Fọ̄ịkfé to=1 toName=Ňěňní
          └ Its capital Fọ̄ịkfé fell to Ňěňní — the realm collapsed.
   17700  polity.ended           how=conquest byName=Ňěňní name=Fọ̄ịkfélěā
          └ Fell to Ňěňní and was erased from the map.
   17700  polity.shattered       s=50 sName=Fọ̄ịkfé to=112 toName=Tǐurọ̀lěā
          └ Its capital Fọ̄ịkfé fell to Tǐurọ̀lěā — the realm collapsed.
   17701  market.dearth          s=143 sName=Ommobuimmoe
          └ Dearth in Ommobuimmoe — bread at famine prices in the market.
   17725  settlement.founded     s=230 sName=Tusmosituiky kind=crystallized
          └ Tusmosituiky was founded.
   17725  settlement.founded     s=230 sName=Tusmosituiky city=1
          └ The city of Tusmosituiky arose.
   17725  settlement.founded     s=231 sName=Fòulhụ̌ kind=crystallized
          └ Fòulhụ̌ was founded.
   17725  settlement.founded     s=231 sName=Fòulhụ̌ city=1
          └ The city of Fòulhụ̌ arose.
   17725  settlement.founded     s=232 sName=Tǔxàị city=1
          └ The city of Tǔxàị arose.
   17731  market.dearth          s=50 sName=Fọ̄ịkfé
          └ Dearth in Fọ̄ịkfé — bread at famine prices in the market.
   17737  polity.submitted       how=union to=217 toName=Tị̀pị̌rụ́ name=Tǐurọ̀lěā
          └ In the troubles of the succession, the court of Tǐurọ̀lěā joined its crown to Tị̀pị̌rụ́ — one senior throne, two realms.
   17750  settlement.founded     s=234 sName=Muissyudu kind=crystallized
          └ Muissyudu was founded.
   17750  settlement.founded     s=234 sName=Muissyudu city=1
          └ The city of Muissyudu arose.
   17750  settlement.founded     s=235 sName=Fụ̀ịlpù city=1
          └ The city of Fụ̀ịlpù arose.
   17750  war.began              from=217 to=54 name=Tị̀pị̌rụ́
          └ Marched to war against Fị̀lpìlě.
   17750  war.began              from=52 to=112 name=Tị̄lākú
          └ Marched to war against Tǐurọ̀lěā as the succession failed.
   17750  war.ended              how=faded to=112 toName=Tǐurọ̀lěā name=Nāxkòulě
          └ The war with Nāxkòulě ended; some 53 soldiers never came home.
   17760  settlement.founded     s=239 sName=Kǎňtụ̀ịkò kind=planted
          └ Kǎňtụ̀ịkò was founded.
   17760  town.planted           s=239 sName=Kǎňtụ̀ịkò
          └ The crown chartered Kǎňtụ̀ịkò to govern the countryside.
   17762  market.dearth          s=1 sName=Ňěňní
          └ Dearth in Ňěňní — bread at famine prices in the market.
   17775  settlement.founded     s=240 sName=Simosiim kind=crystallized
          └ Simosiim was founded.
   17775  settlement.founded     s=240 sName=Simosiim city=1
          └ The city of Simosiim arose.
   17775  settlement.founded     s=241 sName=Xụ́ịrụ́ city=1
          └ The city of Xụ́ịrụ́ arose.
   17800  settlement.founded     s=243 sName=Rimmosiim kind=crystallized
          └ Rimmosiim was founded.
   17800  settlement.founded     s=243 sName=Rimmosiim city=1
          └ The city of Rimmosiim arose.
   17800  settlement.founded     s=244 sName=Fùppīrụ́ city=1
          └ The city of Fùppīrụ́ arose.
   17800  war.ended              how=siegeLifted to=54 toName=Fị̀lpìlě name=Ňěňní
          └ The war with Ňěňní ended; some 11 soldiers never came home.
   17806  settlement.withered    s=173 sName=Fóufpù
          └ Fóufpù withered away and was abandoned.
   17825  settlement.founded     s=248 sName=Yúňpì kind=crystallized
          └ Yúňpì was founded.
   17825  settlement.founded     s=248 sName=Yúňpì city=1
          └ The city of Yúňpì arose.
   17827  market.dearth          s=2 sName=Fùlpū
          └ Dearth in Fùlpū — bread at famine prices in the market.
   17850  settlement.founded     s=250 sName=Mimoti kind=crystallized
          └ Mimoti was founded.
   17850  settlement.founded     s=250 sName=Mimoti city=1
          └ The city of Mimoti arose.
   17850  settlement.founded     s=251 sName=Tǎrụ́ city=1
          └ The city of Tǎrụ́ arose.
   17857  settlement.tier        s=217 sName=Tị̀pị̌rụ́
          └ Tị̀pị̌rụ́ grew into a metropolis (847,000 souls).
   17859  market.dearth          s=216 sName=Hìuňpì
          └ Dearth in Hìuňpì — bread at famine prices in the market.
   17875  settlement.founded     s=253 sName=Í kind=crystallized
          └ Í was founded.
   17875  settlement.founded     s=253 sName=Í city=1
          └ The city of Í arose.
   17884  settlement.dissolved   s=116 why=core sName=Ǔltǔrọ̀
          └ Ǔltǔrọ̀ faded back into the countryside.
   17885  settlement.dissolved   s=115 why=core sName=Memosegyem
          └ Memosegyem faded back into the countryside.
   17887  settlement.dissolved   s=113 why=core sName=Ňèstù
          └ Ňèstù faded back into the countryside.
   17887  polity.ended           how=dissolved name=Sogyoepasyus
          └ Dissolved — its last cities scattered or fell silent.
   17900  settlement.founded     s=255 sName=Pị́tákò kind=crystallized
          └ Pị́tákò was founded.
   17900  settlement.founded     s=255 sName=Pị́tákò city=1
          └ The city of Pị́tákò arose.
   17900  war.began              from=54 to=232 name=Fị̀lpìlě
          └ Marched to war against Tǔxàịlǐā.
   17900  war.began              from=52 to=232 name=Tị̄lākú
          └ Marched to war against Tǔxàịlǐā.
   17900  war.began              from=143 to=30 name=Ommobuimmoesyusa
          └ Marched to war against Sogyoepasyus.
   17900  war.ended              how=faded to=112 toName=Tǐurọ̀lěā name=Xụ́ppèlěā
          └ The war with Xụ́ppèlěā ended; some 27 soldiers never came home.
   17925  settlement.founded     s=256 sName=Sǔtūkú city=1
          └ The city of Sǔtūkú arose.
   17950  settlement.founded     s=258 sName=Lǎlňà city=1
          └ The city of Lǎlňà arose.
   17950  polity.shattered       s=216 sName=Hìuňpì to=217 toName=Tị̀pị̌rụ́
          └ Its capital Hìuňpì fell to Tị̀pị̌rụ́ — the realm collapsed.
   17950  polity.ended           how=conquest byName=Tị̀pị̌rụ́ name=Fị̀lpìlě
          └ Fell to Tị̀pị̌rụ́ and was erased from the map.
   17955  settlement.abandoned   s=60 sName=Nāxkòu
          └ Nāxkòu was abandoned.
   18000  settlement.founded     s=259 sName=Tǎ city=1
          └ The city of Tǎ arose.
   18000  war.began              from=1 to=112 name=Ňěňní
          └ Marched to war against Tǐurọ̀lěā.
   18000  war.ended              how=faded to=143 toName=Ommobuimmoesyusa name=Ňěňní
          └ The war with Ňěňní ended.
   18001  settlement.tier        s=232 sName=Tǔxàị
          └ Tǔxàị grew into a metropolis (979,000 souls).
   18025  settlement.founded     s=261 sName=Fị̀ňní kind=crystallized
          └ Fị̀ňní was founded.
   18025  settlement.founded     s=261 sName=Fị̀ňní city=1
          └ The city of Fị̀ňní arose.
   18037  polity.seceded         from=1 fromName=Ňěňní
          └ Broke away from Ňěňní in a war of secession.
   18037  polity.seceded         from=111 fromName=Èňlàlěā
          └ Broke away from Èňlàlěā in a war of secession.
   18050  settlement.founded     s=263 sName=Pumpunsum kind=crystallized
          └ Pumpunsum was founded.
   18050  settlement.founded     s=263 sName=Pumpunsum city=1
          └ The city of Pumpunsum arose.
   18050  settlement.founded     s=264 sName=Píkfì kind=crystallized
          └ Píkfì was founded.
   18050  settlement.founded     s=264 sName=Píkfì city=1
          └ The city of Píkfì arose.
   18050  war.began              from=112 to=1 name=Tǐurọ̀lěā
          └ Marched to war against Ňěňní.
   18050  war.began              from=217 to=1 name=Tị̀pị̌rụ́
          └ Marched to war against Ňěňní.
   18050  war.began              from=232 to=112 name=Tǔxàịlǐā
          └ Marched to war against Tǐurọ̀lěā.
   18050  war.began              from=1 to=252 name=Ňěňní
          └ Marched to war against Kǎňtụ̀ịkò.
   18050  war.began              from=2 to=252 name=Fùlpū
          └ Marched to war against Kǎňtụ̀ịkò.
   18073  settlement.dissolved   s=127 why=core sName=Masmomoibom
          └ Masmomoibom faded back into the countryside.
   18075  settlement.dissolved   s=125 why=core sName=Fǒu'tà
          └ Fǒu'tà faded back into the countryside.
   18075  settlement.founded     s=265 sName=Sismuibamiu kind=crystallized
          └ Sismuibamiu was founded.
   18075  settlement.founded     s=265 sName=Sismuibamiu city=1
          └ The city of Sismuibamiu arose.
   18075  settlement.founded     s=266 sName=Pụ̄sfá kind=crystallized
          └ Pụ̄sfá was founded.
   18075  settlement.founded     s=266 sName=Pụ̄sfá city=1
          └ The city of Pụ̄sfá arose.
   18076  settlement.dissolved   s=124 why=core sName=Bommonokyo
          └ Bommonokyo faded back into the countryside.
   18078  settlement.dissolved   s=122 why=core sName=Pụ̄fǎkò
          └ Pụ̄fǎkò faded back into the countryside.
   18079  settlement.dissolved   s=121 why=core sName=Nomowumkyoi
          └ Nomowumkyoi faded back into the countryside.
   18081  settlement.dissolved   s=119 why=core sName=Xóutlà
          └ Xóutlà faded back into the countryside.
   18082  settlement.dissolved   s=118 why=core sName=Fùppīrụ́
          └ Fùppīrụ́ faded back into the countryside.
   18100  settlement.founded     s=268 sName=Summusuimiu kind=crystallized
          └ Summusuimiu was founded.
   18100  settlement.founded     s=268 sName=Summusuimiu city=1
          └ The city of Summusuimiu arose.
   18100  settlement.founded     s=269 sName=Nāptàị kind=crystallized
          └ Nāptàị was founded.
   18100  settlement.founded     s=269 sName=Nāptàị city=1
          └ The city of Nāptàị arose.
   18100  war.began              from=232 to=217 name=Tǔxàịlǐā
          └ Marched to war against Tị̀pị̌rụ́.
   18115  market.dearth          s=230 sName=Tusmosituiky
          └ Dearth in Tusmosituiky — bread at famine prices in the market.
   18125  settlement.founded     s=271 sName=Situikydu kind=crystallized
          └ Situikydu was founded.
   18125  settlement.founded     s=271 sName=Situikydu city=1
          └ The city of Situikydu arose.
   18125  settlement.founded     s=272 sName=Tǎ kind=crystallized
          └ Tǎ was founded.
   18125  settlement.founded     s=272 sName=Tǎ city=1
          └ The city of Tǎ arose.
   18150  settlement.founded     s=273 sName=Ǐkfí kind=crystallized
          └ Ǐkfí was founded.
   18150  settlement.founded     s=273 sName=Ǐkfí city=1
          └ The city of Ǐkfí arose.
   18150  war.began              from=52 to=217 name=Tị̄lākú
          └ Marched to war against Tị̀pị̌rụ́.
   18150  war.ended              how=faded to=111 toName=Èňlàlěā name=Kètrọ̌ịlěā
          └ The war with Kètrọ̌ịlěā ended; some 41 soldiers never came home.
   18150  war.ended              how=faded to=166 toName=Tosmomoi name=Oponpasyusa
          └ The war with Oponpasyusa ended; some 14 soldiers never came home.
   18187  polity.submitted       how=submission to=1 toName=Ňěňní name=Fùlpū
          └ Facing hopeless odds, the court of Fùlpū bowed to Ňěňní — keeping its throne at the price of tribute.
   18187  polity.seceded         from=143 fromName=Ommobuimmoesyusa
          └ Broke away from Ommobuimmoesyusa in a war of secession.
   18187  polity.seceded         from=166 fromName=Tosmomoi
          └ Broke away from Tosmomoi in a war of secession.
   18200  settlement.founded     s=274 sName=Muibum kind=crystallized
          └ Muibum was founded.
   18200  settlement.founded     s=274 sName=Muibum city=1
          └ The city of Muibum arose.
   18200  polity.shattered       s=239 sName=Kǎňtụ̀ịkò to=1 toName=Ňěňní
          └ Its capital Kǎňtụ̀ịkò fell to Ňěňní — the realm collapsed.
   18250  settlement.founded     s=281 sName=Ǐstù city=1
          └ The city of Ǐstù arose.
   18256  settlement.dissolved   s=144 why=core sName=Hóulpù
          └ Hóulpù faded back into the countryside.
   18260  settlement.dissolved   s=140 why=core sName=Fị̄mrá
          └ Fị̄mrá faded back into the countryside.
   18263  settlement.dissolved   s=137 why=core sName=Sismopa
          └ Sismopa faded back into the countryside.
   18268  settlement.dissolved   s=132 why=core sName=Dodu
          └ Dodu faded back into the countryside.
   18271  settlement.dissolved   s=129 why=core sName=Syomogyoma
          └ Syomogyoma faded back into the countryside.
   18275  settlement.founded     s=282 sName=Imosiim kind=crystallized
          └ Imosiim was founded.
   18275  settlement.founded     s=282 sName=Imosiim city=1
          └ The city of Imosiim arose.
   18300  settlement.founded     s=285 sName=Masmogyuma kind=crystallized
          └ Masmogyuma was founded.
   18300  settlement.founded     s=285 sName=Masmogyuma city=1
          └ The city of Masmogyuma arose.
   18300  war.began              from=1 to=217 name=Ňěňní
          └ Marched to war against Tị̀pị̌rụ́.
   18300  war.began              from=273 to=217 name=Ǐkfílǐ
          └ Marched to war against Tị̀pị̌rụ́.
   18300  war.began              from=232 to=273 name=Tǔxàịlǐā
          └ Marched to war against Ǐkfílǐ.
   18300  war.ended              how=faded to=110 toName=Láịlěā name=Tị̄lākú
          └ The war with Tị̄lākú ended; some 16 soldiers never came home.
   18300  war.ended              how=faded to=110 toName=Láịlěā name=Ňěňní
          └ The war with Ňěňní ended.
   18300  war.ended              how=faded to=112 toName=Tǐurọ̀lěā name=Láịlěā
          └ The war with Láịlěā ended; some 16 soldiers never came home.
   18325  settlement.founded     s=288 sName=Dumomuisium kind=crystallized
          └ Dumomuisium was founded.
   18325  settlement.founded     s=288 sName=Dumomuisium city=1
          └ The city of Dumomuisium arose.
   18337  polity.submitted       how=submission to=1 toName=Ňěňní name=Tị̄lākú
          └ Facing hopeless odds, the court of Tị̄lākú bowed to Ňěňní — keeping its throne at the price of tribute.
   18337  polity.submitted       how=submission to=1 toName=Ňěňní name=Oponpasyusa
          └ Facing hopeless odds, the court of Oponpasyusa bowed to Ňěňní — keeping its throne at the price of tribute.
   18337  settlement.annexed     s=30 sName=Sogyoepa from=30 fromName=Sogyoepasyus to=143 toName=Ommobuimmoesyusa
          └ Peacefully absorbed Sogyoepa from Sogyoepasyus.
   18350  war.began              from=166 to=230 name=Tosmomoi
          └ Marched to war against Tusmosituikysyusa.
   18350  war.began              from=1 to=230 name=Ňěňní
          └ Marched to war against Tusmosituikysyusa.
   18350  war.began              from=143 to=230 name=Ommobuimmoesyusa
          └ Marched to war against Tusmosituikysyusa.
   18400  war.began              from=89 to=273 name=Kètrọ̌ịlěā
          └ Marched to war against Ǐkfílǐ.
   18400  war.began              from=232 to=52 name=Tǔxàịlǐā
          └ Marched to war against Tị̄lākú.
   18400  polity.shattered       s=273 sName=Ǐkfí to=232 toName=Tǔxàịlǐā
          └ Its capital Ǐkfí fell to Tǔxàịlǐā — the realm collapsed.
   18400  polity.ended           how=conquest byName=Tǔxàịlǐā name=Ǐkfílǐ
          └ Fell to Tǔxàịlǐā and was erased from the map.
   18435  settlement.dissolved   s=165 why=core sName=Lụ́ptàị
          └ Lụ́ptàị faded back into the countryside.
   18450  settlement.founded     s=300 sName=Sǎfǎkú city=1
          └ The city of Sǎfǎkú arose.
   18450  war.began              from=166 to=70 name=Tosmomoi
          └ Marched to war against Oponpasyusa.
   18450  war.began              from=1 to=288 name=Ňěňní
          └ Marched to war against Dumomuisium.
   18450  war.began              from=89 to=232 name=Kètrọ̌ịlěā
          └ Marched to war against Tǔxàịlǐā.
   18450  war.ended              how=faded to=109 toName=Ǎịmràrọ̀ name=Ňěňní
          └ The war with Ňěňní ended; some 11 soldiers never came home.
   18450  war.ended              how=faded to=109 toName=Ǎịmràrọ̀ name=Tị̄lākú
          └ The war with Tị̄lākú ended; some 16 soldiers never came home.
   18450  war.ended              how=faded to=112 toName=Tǐurọ̀lěā name=Ǎịmràrọ̀
          └ The war with Ǎịmràrọ̀ ended; some 16 soldiers never came home.
   18475  settlement.founded     s=301 sName=Xōukfí city=1
          └ The city of Xōukfí arose.
   18487  settlement.annexed     s=30 sName=Sogyoepa from=143 fromName=Ommobuimmoesyusa to=30 toName=Sogyoepasyus
          └ Peacefully absorbed Sogyoepa from Ommobuimmoesyusa.
   18500  war.began              from=70 to=166 name=Oponpasyusa
          └ Renewed the old war against Tosmomoi.
   18500  war.ended              how=siegeLifted to=217 toName=Tị̀pị̌rụ́ name=Tị̄lākú
          └ The war with Tị̄lākú ended.
   18524  market.dearth          s=166 sName=Tosmomoi
          └ Dearth in Tosmomoi — bread at famine prices in the market.
   18535  market.dearth          s=143 sName=Ommobuimmoe
          └ Dearth in Ommobuimmoe — bread at famine prices in the market.
   18550  war.began              from=166 to=288 name=Tosmomoi
          └ Marched to war against Dumomuisium.
   18550  polity.shattered       s=288 sName=Dumomuisium to=1 toName=Ňěňní
          └ Its capital Dumomuisium fell to Ňěňní — the realm collapsed.
   18550  polity.ended           how=conquest byName=Ňěňní name=Dumomuisium
          └ Fell to Ňěňní and was erased from the map.
   18565  market.dearth          s=50 sName=Fọ̄ịkfé
          └ Dearth in Fọ̄ịkfé — bread at famine prices in the market.
   18596  market.dearth          s=1 sName=Ňěňní
          └ Dearth in Ňěňní — bread at famine prices in the market.
   18600  plague.outbreak        s=181 sName=Kìtlà
          └ Plague broke out in Kìtlà and swept through the realm.
   18600  plague.outbreak        s=187 sName=Xòuffí
          └ Plague broke out in Xòuffí and swept through the realm.
   18600  plague.outbreak        s=209 sName=Tị̄lākú
          └ Plague broke out in Tị̄lākú and swept through the realm.
   18600  plague.outbreak        s=218 sName=Fụ̀ịňpì
          └ Plague broke out in Fụ̀ịňpì and swept through the realm.
   18600  plague.outbreak        s=221 sName=Pụ̌ịtrụ̀ịrụ́
          └ Plague broke out in Pụ̌ịtrụ̀ịrụ́ and swept through the realm.
   18600  plague.outbreak        s=223 sName=Nị̀xkòu
          └ Plague broke out in Nị̀xkòu and swept through the realm.
   18600  plague.outbreak        s=230 sName=Tusmosituiky
          └ Plague broke out in Tusmosituiky and swept through the realm.
   18600  plague.outbreak        s=232 sName=Tǔxàị
          └ Plague broke out in Tǔxàị and swept through the realm.
   18600  plague.outbreak        s=234 sName=Muissyudu
          └ Plague broke out in Muissyudu and swept through the realm.
   18600  plague.outbreak        s=243 sName=Rimmosiim
          └ Plague broke out in Rimmosiim and swept through the realm.
   18600  war.began              from=166 to=285 name=Tosmomoi
          └ Marched to war against Masmogyumasyus.
   18600  war.began              from=1 to=285 name=Ňěňní
          └ Marched to war against Masmogyumasyus.
   18619  settlement.dissolved   s=181 why=core sName=Kìtlà
          └ Kìtlà faded back into the countryside.
   18622  settlement.dissolved   s=178 why=core sName=Hūtírụ́
          └ Hūtírụ́ faded back into the countryside.
   18625  settlement.founded     s=315 sName=Tìttíurụ́ kind=crystallized
          └ Tìttíurụ́ was founded.
   18625  settlement.founded     s=315 sName=Tìttíurụ́ city=1
          └ The city of Tìttíurụ́ arose.
   18625  settlement.founded     s=316 sName=Hōunglì city=1
          └ The city of Hōunglì arose.
   18628  settlement.dissolved   s=172 why=core sName=Moemomoim
          └ Moemomoim faded back into the countryside.
   18631  settlement.dissolved   s=169 why=core sName=Súnfǐu
          └ Súnfǐu faded back into the countryside.
   18637  polity.submitted       how=submission to=232 toName=Tǔxàịlǐā name=Tàthị̀kú
          └ Facing hopeless odds, the court of Tàthị̀kú bowed to Tǔxàịlǐā — keeping its throne at the price of tribute.
   18637  polity.submitted       how=union to=232 toName=Tǔxàịlǐā name=Tị̀pị̌rụ́
          └ In the troubles of the succession, the court of Tị̀pị̌rụ́ joined its crown to Tǔxàịlǐā — one senior throne, two realms.
   18637  polity.seceded         from=232 fromName=Tǔxàịlǐā
          └ Broke away from Tǔxàịlǐā in a war of secession.
   18637  settlement.annexed     s=30 sName=Sogyoepa from=30 fromName=Sogyoepasyus to=143 toName=Ommobuimmoesyusa
          └ Peacefully absorbed Sogyoepa from Sogyoepasyus.
   18650  settlement.founded     s=318 sName=Kìhlà kind=crystallized
          └ Kìhlà was founded.
   18650  settlement.founded     s=318 sName=Kìhlà city=1
          └ The city of Kìhlà arose.
   18650  war.ended              how=faded to=166 toName=Tosmomoi name=Sogyoepasyus
          └ The war with Sogyoepasyus ended; some 27 soldiers never came home.
   18673  plague.outbreak        s=70 sName=Oponpa
          └ Plague broke out in Oponpa and swept through the realm.
   18675  settlement.founded     s=320 sName=Ňǐlpù kind=crystallized
          └ Ňǐlpù was founded.
   18675  settlement.founded     s=320 sName=Ňǐlpù city=1
          └ The city of Ňǐlpù arose.
   18687  plague.outbreak        s=29 sName=Pomponsom
          └ Plague broke out in Pomponsom and swept through the realm.
   18693  market.dearth          s=216 sName=Hìuňpì
          └ Dearth in Hìuňpì — bread at famine prices in the market.
   18693  settlement.withered    s=240 sName=Simosiim
          └ Simosiim withered away and was abandoned.
   18700  settlement.founded     s=322 sName=Mīnglìkò kind=crystallized
          └ Mīnglìkò was founded.
   18700  settlement.founded     s=322 sName=Mīnglìkò city=1
          └ The city of Mīnglìkò arose.
   18700  war.ended              how=faded to=54 toName=Fị̀lpìlě name=Tị̄lākú
          └ The war with Tị̄lākú ended; some 12 soldiers never came home.
   18721  settlement.tier        s=234 sName=Muissyudu
          └ Muissyudu grew into a metropolis (722,000 souls).
   18725  settlement.founded     s=326 sName=Tị̄lā kind=crystallized
          └ Tị̄lā was founded.
   18725  settlement.founded     s=326 sName=Tị̄lā city=1
          └ The city of Tị̄lā arose.
   18750  war.began              from=285 to=166 name=Masmogyumasyus
          └ Marched to war against Tosmomoi.
   18787  polity.seceded         from=112 fromName=Tǐurọ̀lěā
          └ Broke away from Tǐurọ̀lěā in a war of secession.
   18787  settlement.annexed     s=30 sName=Sogyoepa from=143 fromName=Ommobuimmoesyusa to=30 toName=Sogyoepasyus
          └ Peacefully absorbed Sogyoepa from Ommobuimmoesyusa.
   18788  settlement.abandoned   s=251 sName=Tǎrụ́
          └ Tǎrụ́ was abandoned.
   18793  settlement.abandoned   s=185 sName=Xìlǔrụ́
          └ Xìlǔrụ́ was abandoned.
   18798  settlement.abandoned   s=203 sName=Lánglì
          └ Lánglì was abandoned.
   18798  settlement.abandoned   s=244 sName=Fùppīrụ́
          └ Fùppīrụ́ was abandoned.
   18799  settlement.abandoned   s=201 sName=Fụ̀ịňpì
          └ Fụ̀ịňpì was abandoned.
   18799  settlement.abandoned   s=248 sName=Yúňpì
          └ Yúňpì was abandoned.
   18800  settlement.founded     s=334 sName=Pụ́lsī city=1
          └ The city of Pụ́lsī arose.
   18805  settlement.abandoned   s=187 sName=Xòuffí
          └ Xòuffí was abandoned.
   18805  settlement.abandoned   s=189 sName=Xụ́ňpì
          └ Xụ́ňpì was abandoned.
   18805  settlement.abandoned   s=219 sName=Kìutāịkú
          └ Kìutāịkú was abandoned.
   18805  settlement.abandoned   s=235 sName=Fụ̀ịlpù
          └ Fụ̀ịlpù was abandoned.
   18806  settlement.abandoned   s=215 sName=Lārsī
          └ Lārsī was abandoned.
   18808  settlement.abandoned   s=229 sName=Ňǐtà
          └ Ňǐtà was abandoned.
   18809  settlement.abandoned   s=226 sName=Fǒlhụ̌
          └ Fǒlhụ̌ was abandoned.
   18809  settlement.dissolved   s=191 why=core sName=Nànglì
          └ Nànglì faded back into the countryside.
   18809  succession.crisis      name=Tusmosituikysyusa
          └ The royal line failed — an interregnum of rival claimants.
   18810  settlement.dissolved   s=190 why=core sName=Lǐfpúrụ́
          └ Lǐfpúrụ́ faded back into the countryside.
   18817  settlement.dissolved   s=183 why=core sName=Kóňní
          └ Kóňní faded back into the countryside.
   18818  settlement.abandoned   s=273 sName=Ǐkfí
          └ Ǐkfí was abandoned.
   18819  settlement.abandoned   s=192 sName=Lānlà
          └ Lānlà was abandoned.
   18819  settlement.abandoned   s=199 sName=Ňǐlpù
          └ Ňǐlpù was abandoned.
   18819  settlement.abandoned   s=205 sName=Fíülụ́
          └ Fíülụ́ was abandoned.
   18819  settlement.abandoned   s=206 sName=Fụ̀ịptàị
          └ Fụ̀ịptàị was abandoned.
   18819  settlement.abandoned   s=208 sName=Ngị̀kú
          └ Ngị̀kú was abandoned.
   18819  settlement.abandoned   s=211 sName=Pụ́tlà
          └ Pụ́tlà was abandoned.
   18819  settlement.abandoned   s=212 sName=Ìňlà
          └ Ìňlà was abandoned.
   18819  settlement.abandoned   s=214 sName=Pīüffìkò
          └ Pīüffìkò was abandoned.
   18819  settlement.abandoned   s=218 sName=Fụ̀ịňpì
          └ Fụ̀ịňpì was abandoned.
   18819  settlement.abandoned   s=220 sName=Tǎkū
          └ Tǎkū was abandoned.
   18819  settlement.abandoned   s=222 sName=Fùppī
          └ Fùppī was abandoned.
   18819  settlement.abandoned   s=223 sName=Nị̀xkòu
          └ Nị̀xkòu was abandoned.
   18819  settlement.abandoned   s=225 sName=Lákò
          └ Lákò was abandoned.
   18819  settlement.abandoned   s=227 sName=Fǒtlà
          └ Fǒtlà was abandoned.
   18819  settlement.abandoned   s=228 sName=Pụ́ttīu
          └ Pụ́ttīu was abandoned.
   18819  settlement.abandoned   s=241 sName=Xụ́ịrụ́
          └ Xụ́ịrụ́ was abandoned.
   18819  settlement.abandoned   s=252 sName=Ipimyxö
          └ Ipimyxö was abandoned.
   18819  settlement.abandoned   s=255 sName=Pị́tákò
          └ Pị́tákò was abandoned.
   18820  settlement.abandoned   s=209 sName=Tị̄lākú
          └ Tị̄lākú was abandoned.
   18820  settlement.abandoned   s=231 sName=Fòulhụ̌
          └ Fòulhụ̌ was abandoned.
   18820  settlement.abandoned   s=253 sName=Í
          └ Í was abandoned.
   18822  market.dearth          s=234 sName=Muissyudu
          └ Dearth in Muissyudu — bread at famine prices in the market.
   18825  settlement.founded     s=336 sName=Tìttíu kind=crystallized
          └ Tìttíu was founded.
   18825  settlement.founded     s=336 sName=Tìttíu city=1
          └ The city of Tìttíu arose.
   18825  settlement.founded     s=337 sName=Lúkú city=1
          └ The city of Lúkú arose.
   18826  settlement.abandoned   s=263 sName=Pumpunsum
          └ Pumpunsum was abandoned.
   18826  settlement.abandoned   s=282 sName=Imosiim
          └ Imosiim was abandoned.
   18827  settlement.abandoned   s=264 sName=Píkfì
          └ Píkfì was abandoned.
   18831  settlement.abandoned   s=288 sName=Dumomuisium
          └ Dumomuisium was abandoned.
   18839  settlement.abandoned   s=258 sName=Lǎlňà
          └ Lǎlňà was abandoned.
   18839  settlement.abandoned   s=259 sName=Tǎ
          └ Tǎ was abandoned.
   18839  settlement.abandoned   s=265 sName=Sismuibamiu
          └ Sismuibamiu was abandoned.
   18839  settlement.abandoned   s=266 sName=Pụ̄sfá
          └ Pụ̄sfá was abandoned.
   18839  settlement.abandoned   s=268 sName=Summusuimiu
          └ Summusuimiu was abandoned.
   18839  settlement.abandoned   s=269 sName=Nāptàị
          └ Nāptàị was abandoned.
   18839  settlement.abandoned   s=271 sName=Situikydu
          └ Situikydu was abandoned.
   18839  settlement.abandoned   s=272 sName=Tǎ
          └ Tǎ was abandoned.
   18839  settlement.abandoned   s=274 sName=Muibum
          └ Muibum was abandoned.
   18839  settlement.abandoned   s=281 sName=Ǐstù
          └ Ǐstù was abandoned.
   18839  settlement.abandoned   s=300 sName=Sǎfǎkú
          └ Sǎfǎkú was abandoned.
   18839  settlement.abandoned   s=301 sName=Xōukfí
          └ Xōukfí was abandoned.
   18841  settlement.abandoned   s=261 sName=Fị̀ňní
          └ Fị̀ňní was abandoned.
   18842  settlement.abandoned   s=221 sName=Pụ̌ịtrụ̀ịrụ́
          └ Pụ̌ịtrụ̀ịrụ́ was abandoned.
   18850  settlement.founded     s=341 sName=Imoti kind=crystallized
          └ Imoti was founded.
   18850  settlement.founded     s=341 sName=Imoti city=1
          └ The city of Imoti arose.
   18850  settlement.founded     s=342 sName=Lụ̄nlā kind=crystallized
          └ Lụ̄nlā was founded.
   18850  settlement.founded     s=342 sName=Lụ̄nlā city=1
          └ The city of Lụ̄nlā arose.
   18850  settlement.founded     s=343 sName=Kǎňtụ̀ịkú city=1
          └ The city of Kǎňtụ̀ịkú arose.
   18850  war.ended              how=siegeLifted to=285 toName=Masmogyumasyus name=Ňěňní
          └ The war with Ňěňní ended.
   18850  war.indemnity          to=285 toName=Masmogyumasyus name=Ňěňní
          └ Ňěňní paid a heavy indemnity to Masmogyumasyus at the peace.
   18875  settlement.founded     s=348 sName=Summusuidu kind=crystallized
          └ Summusuidu was founded.
   18875  settlement.founded     s=348 sName=Summusuidu city=1
          └ The city of Summusuidu arose.
   18875  settlement.founded     s=349 sName=Fụ̀ịlhụ̌ kind=crystallized
          └ Fụ̀ịlhụ̌ was founded.
   18875  settlement.founded     s=349 sName=Fụ̀ịlhụ̌ city=1
          └ The city of Fụ̀ịlhụ̌ arose.
   18889  settlement.dissolved   s=111 why=core sName=Èňlà
          └ Èňlà faded back into the countryside.
   18900  famine.struck          
          └ A famine gripped the land.
   18900  famine.struck          
          └ A famine gripped the land.
   18900  famine.struck          
          └ A famine gripped the land.
   18900  famine.struck          
          └ A famine gripped the land.
   18900  famine.struck          
          └ A famine gripped the land.
   18900  famine.struck          
          └ A famine gripped the land.
   18900  famine.struck          
          └ A famine gripped the land.
   18900  famine.struck          
          └ A famine gripped the land.
   18900  famine.struck          
          └ A famine gripped the land.
   18900  famine.struck          
          └ A famine gripped the land.
   18900  famine.struck          
          └ A famine gripped the land.
   18900  famine.struck          
          └ A famine gripped the land.
   18900  famine.struck          
          └ A famine gripped the land.
   18900  famine.struck          
          └ A famine gripped the land.
   18900  famine.struck          
          └ A famine gripped the land.
   18900  famine.struck          
          └ A famine gripped the land.
   18900  settlement.founded     s=354 sName=Rimomuissyu kind=crystallized
          └ Rimomuissyu was founded.
   18900  settlement.founded     s=354 sName=Rimomuissyu city=1
          └ The city of Rimomuissyu arose.
   18900  settlement.founded     s=355 sName=Pụ̌ịtrụ̀ịkú kind=crystallized
          └ Pụ̌ịtrụ̀ịkú was founded.
   18900  settlement.founded     s=355 sName=Pụ̌ịtrụ̀ịkú city=1
          └ The city of Pụ̌ịtrụ̀ịkú arose.
   18900  war.began              from=285 to=230 name=Masmogyumasyus
          └ Marched to war against Tusmosituikysyusa as the succession failed.
   18900  war.began              from=52 to=316 name=Tị̄lākú
          └ Marched to war against Tǔxàị.
   18900  war.began              from=232 to=316 name=Tǔxàịlǐā
          └ Marched to war against Tǔxàị.
   18900  war.ended              how=faded to=50 toName=Fọ̄ịkfélěā name=Ňěňní
          └ The war with Ňěňní ended; some 18 soldiers never came home.
   18900  war.ended              how=faded to=112 toName=Tǐurọ̀lěā name=Fọ̄ịkfélěā
          └ The war with Fọ̄ịkfélěā ended; some 4 soldiers never came home.
   18909  settlement.dissolved   s=91 why=core sName=Èňtọ̄ị
          └ Èňtọ̄ị faded back into the countryside.
   18925  settlement.founded     s=360 sName=Nimobuimmiu kind=crystallized
          └ Nimobuimmiu was founded.
   18925  settlement.founded     s=360 sName=Nimobuimmiu city=1
          └ The city of Nimobuimmiu arose.
   18925  settlement.founded     s=361 sName=Hìstù kind=crystallized
          └ Hìstù was founded.
   18925  settlement.founded     s=361 sName=Hìstù city=1
          └ The city of Hìstù arose.
   18925  settlement.founded     s=362 sName=Mùpíükú city=1
          └ The city of Mùpíükú arose.
   18937  polity.submitted       how=submission to=232 toName=Tǔxàịlǐā name=Fị̄mrálěā
          └ Facing hopeless odds, the court of Fị̄mrálěā bowed to Tǔxàịlǐā — keeping its throne at the price of tribute.
   18937  polity.submitted       how=union to=50 toName=Fọ̄ịkfélěā name=Tǐurọ̀lěā
          └ In the troubles of the succession, the court of Tǐurọ̀lěā joined its crown to Fọ̄ịkfélěā — one senior throne, two realms.
   18937  polity.submitted       how=union to=285 toName=Masmogyumasyus name=Tusmosituikysyusa
          └ In the troubles of the succession, the court of Tusmosituikysyusa joined its crown to Masmogyumasyus — one senior throne, two realms.
   18937  settlement.annexed     s=30 sName=Sogyoepa from=30 fromName=Sogyoepasyus to=143 toName=Ommobuimmoesyusa
          └ Peacefully absorbed Sogyoepa from Sogyoepasyus.
   18937  polity.ended           how=dissolved name=Èňlàlěā
          └ Dissolved — its last cities scattered or fell silent.
   18950  settlement.founded     s=364 sName=Sismuiba kind=crystallized
          └ Sismuiba was founded.
   18950  settlement.founded     s=364 sName=Sismuiba city=1
          └ The city of Sismuiba arose.
   18950  settlement.founded     s=365 sName=Tàịňnīkò kind=crystallized
          └ Tàịňnīkò was founded.
   18950  settlement.founded     s=365 sName=Tàịňnīkò city=1
          └ The city of Tàịňnīkò arose.
   18950  settlement.founded     s=366 sName=Tàthị̀rụ́ city=1
          └ The city of Tàthị̀rụ́ arose.
   18950  war.began              from=232 to=50 name=Tǔxàịlǐā
          └ Marched to war against Fọ̄ịkfélěā.
   18950  war.began              from=316 to=50 name=Tǔxàị
          └ Marched to war against Fọ̄ịkfélěā.
   18975  settlement.founded     s=368 sName=Dyuimopuiky kind=crystallized
          └ Dyuimopuiky was founded.
   18975  settlement.founded     s=368 sName=Dyuimopuiky city=1
          └ The city of Dyuimopuiky arose.
   18975  settlement.founded     s=369 sName=Fónglì kind=crystallized
          └ Fónglì was founded.
   18975  settlement.founded     s=369 sName=Fónglì city=1
          └ The city of Fónglì arose.
   18975  settlement.founded     s=370 sName=Xụ̀nlà city=1
          └ The city of Xụ̀nlà arose.
   18996  settlement.dissolved   s=204 why=core sName=Lǐfpú
          └ Lǐfpú faded back into the countryside.
   18998  settlement.dissolved   s=202 why=core sName=Kìltù
          └ Kìltù faded back into the countryside.
   19000  settlement.founded     s=373 sName=Gyamomissi kind=crystallized
          └ Gyamomissi was founded.
   19000  settlement.founded     s=373 sName=Gyamomissi city=1
          └ The city of Gyamomissi arose.
   19000  settlement.founded     s=374 sName=Ǎịmràrụ́ kind=crystallized
          └ Ǎịmràrụ́ was founded.
   19000  settlement.founded     s=374 sName=Ǎịmràrụ́ city=1
          └ The city of Ǎịmràrụ́ arose.
   19000  settlement.founded     s=375 sName=Kìthị̌ city=1
          └ The city of Kìthị̌ arose.
   19000  war.ended              how=sackedIntoTribute to=285 toName=Masmogyumasyus name=Tosmomoi
          └ The war with Tosmomoi ended; some 3 soldiers never came home.
   19000  polity.submitted       how=sackedIntoTribute to=285 toName=Masmogyumasyus name=Tosmomoi
          └ Facing hopeless odds, the court of Tosmomoi bowed to Masmogyumasyus — keeping its throne at the price of tribute.
   19007  settlement.dissolved   s=193 why=core sName=Yúlhụ̌
          └ Yúlhụ̌ faded back into the countryside.
   19009  market.dearth          s=230 sName=Tusmosituiky
          └ Dearth in Tusmosituiky — bread at famine prices in the market.
   19025  settlement.founded     s=376 sName=Ukymopigyim kind=crystallized
          └ Ukymopigyim was founded.
   19025  settlement.founded     s=376 sName=Ukymopigyim city=1
          └ The city of Ukymopigyim arose.
   19025  settlement.founded     s=377 sName=Xòunfǐu kind=crystallized
          └ Xòunfǐu was founded.
   19025  settlement.founded     s=377 sName=Xòunfǐu city=1
          └ The city of Xòunfǐu arose.
   19025  settlement.founded     s=378 sName=Kìhlà city=1
          └ The city of Kìhlà arose.
   19050  settlement.founded     s=379 sName=Kìlňà kind=crystallized
          └ Kìlňà was founded.
   19050  settlement.founded     s=379 sName=Kìlňà city=1
          └ The city of Kìlňà arose.
   19050  settlement.founded     s=380 sName=Sùptàị city=1
          └ The city of Sùptàị arose.
   19050  war.began              from=232 to=361 name=Tǔxàịlǐā
          └ Marched to war against Hìstùlǐā.
   19050  war.began              from=52 to=362 name=Tị̄lākú
          └ Marched to war against Mùpíükúlǐ.
   19050  war.began              from=150 to=362 name=Sị̀rụ́
          └ Marched to war against Mùpíükúlǐ.
   19050  war.began              from=98 to=362 name=Fị̄mrálěā
          └ Marched to war against Mùpíükúlǐ.
   19075  settlement.founded     s=382 sName=Kótlà kind=crystallized
          └ Kótlà was founded.
   19075  settlement.founded     s=382 sName=Kótlà city=1
          └ The city of Kótlà arose.
   19075  settlement.founded     s=383 sName=Fị́tà city=1
          └ The city of Fị́tà arose.
   19087  polity.seceded         from=1 fromName=Ňěňní
          └ Broke away from Ňěňní in a war of secession.
   19087  settlement.annexed     s=30 sName=Sogyoepa from=143 fromName=Ommobuimmoesyusa to=30 toName=Sogyoepasyus
          └ Peacefully absorbed Sogyoepa from Ommobuimmoesyusa.
   19087  settlement.annexed     s=1 sName=Ňěňní from=1 fromName=Ňěňní to=217 toName=Tị̀pị̌rụ́
          └ Peacefully absorbed Ňěňní from Ňěňní.
   19087  polity.ended           how=dissolved name=Ňěňní
          └ Dissolved — its last cities scattered or fell silent.
   19100  settlement.founded     s=384 sName=Tá kind=crystallized
          └ Tá was founded.
   19100  settlement.founded     s=384 sName=Tá city=1
          └ The city of Tá arose.
   19100  settlement.founded     s=385 sName=Lụ́ňpì city=1
          └ The city of Lụ́ňpì arose.
   19100  war.began              from=285 to=30 name=Masmogyumasyus
          └ Marched to war against Sogyoepasyus as the succession failed.
   19125  settlement.founded     s=386 sName=Fòulpù kind=crystallized
          └ Fòulpù was founded.
   19125  settlement.founded     s=386 sName=Fòulpù city=1
          └ The city of Fòulpù arose.
   19125  settlement.founded     s=387 sName=Síustù city=1
          └ The city of Síustù arose.
   19130  settlement.abandoned   s=112 sName=Tǐurọ̀
          └ Tǐurọ̀ was abandoned.
   19150  settlement.founded     s=388 sName=Sùlpì kind=crystallized
          └ Sùlpì was founded.
   19150  settlement.founded     s=388 sName=Sùlpì city=1
          └ The city of Sùlpì arose.
   19150  settlement.founded     s=389 sName=Lílū city=1
          └ The city of Lílū arose.
   19150  war.began              from=217 to=361 name=Tị̀pị̌rụ́
          └ Marched to war against Hìstùlǐā.
   19150  war.began              from=232 to=362 name=Tǔxàịlǐā
          └ Marched to war against Mùpíükúlǐ.
   19150  war.ended              how=faded to=232 toName=Tǔxàịlǐā name=Fị̀lpìlě
          └ The war with Fị̀lpìlě ended.
   19150  war.ended              how=faded to=217 toName=Tị̀pị̌rụ́ name=Fị̀lpìlě
          └ The war with Fị̀lpìlě ended; some 45 soldiers never came home.
   19150  war.ended              how=sackedIntoTribute to=361 toName=Hìstùlǐā name=Tǔxàịlǐā
          └ The war with Tǔxàịlǐā ended.
   19150  polity.submitted       how=sackedIntoTribute to=232 toName=Tǔxàịlǐā name=Hìstùlǐā
          └ Facing hopeless odds, the court of Hìstùlǐā bowed to Tǔxàịlǐā — keeping its throne at the price of tribute.
   19150  war.ended              how=sackedIntoTribute to=362 toName=Mùpíükúlǐ name=Tị̄lākú
          └ The war with Tị̄lākú ended; some 1 soldiers never came home.
   19150  polity.submitted       how=sackedIntoTribute to=52 toName=Tị̄lākú name=Mùpíükúlǐ
          └ Facing hopeless odds, the court of Mùpíükúlǐ bowed to Tị̄lākú — keeping its throne at the price of tribute.
   19150  polity.shattered       s=362 sName=Mùpíükú to=150 toName=Sị̀rụ́
          └ Its capital Mùpíükú fell to Sị̀rụ́ — the realm collapsed.
   19150  polity.ended           how=conquest byName=Sị̀rụ́ name=Mùpíükúlǐ
          └ Fell to Sị̀rụ́ and was erased from the map.
   19150  polity.restored        from=362 fromName=Mùpíükúlǐ name=Ňěňní
          └ The old nation rose again, casting off Mùpíükúlǐ.
   19153  market.dearth          s=2 sName=Fùlpū
          └ Dearth in Fùlpū — bread at famine prices in the market.
   19153  settlement.tier        s=361 sName=Hìstù
          └ Hìstù grew into a metropolis (912,000 souls).
   19153  settlement.tier        s=379 sName=Kìlňà
          └ Kìlňà grew into a metropolis (912,000 souls).
   19172  market.dearth          s=361 sName=Hìstù
          └ Dearth in Hìstù — bread at famine prices in the market.
   19175  settlement.founded     s=391 sName=Pụ̀nfǐu kind=crystallized
          └ Pụ̀nfǐu was founded.
   19175  settlement.founded     s=391 sName=Pụ̀nfǐu city=1
          └ The city of Pụ̀nfǐu arose.
   19175  settlement.founded     s=392 sName=Nị́nfǐu city=1
          └ The city of Nị́nfǐu arose.
   19190  market.dearth          s=379 sName=Kìlňà
          └ Dearth in Kìlňà — bread at famine prices in the market.
   19200  settlement.founded     s=393 sName=Tị̄lārụ́ kind=crystallized
          └ Tị̄lārụ́ was founded.
   19200  settlement.founded     s=393 sName=Tị̄lārụ́ city=1
          └ The city of Tị̄lārụ́ arose.
   19200  settlement.founded     s=394 sName=Pụ́xkòu city=1
          └ The city of Pụ́xkòu arose.
   19200  settlement.founded     s=396 sName=Ňǐupīrụ́ kind=planted
          └ Ňǐupīrụ́ was founded.
   19200  town.planted           s=396 sName=Ňǐupīrụ́
          └ The crown planted Ňǐupīrụ́ to hold the march.
   19200  war.began              from=356 to=361 name=Kùkúlǐā
          └ Marched to war against Hìstùlǐā.
   19200  war.began              from=232 to=356 name=Tǔxàịlǐā
          └ Marched to war against Kùkúlǐā.
   19225  settlement.founded     s=398 sName=Fùppīkò kind=crystallized
          └ Fùppīkò was founded.
   19225  settlement.founded     s=398 sName=Fùppīkò city=1
          └ The city of Fùppīkò arose.
   19225  settlement.founded     s=399 sName=Xụ̀nlà city=1
          └ The city of Xụ̀nlà arose.
   19237  war.ended              how=submission to=361 toName=Hìstùlǐā name=Tǔxàịlǐā
          └ The war with Tǔxàịlǐā ended; some 31 soldiers never came home.
   19237  polity.submitted       how=submission to=361 toName=Hìstùlǐā name=Tǔxàịlǐā
          └ Facing hopeless odds, the court of Tǔxàịlǐā bowed to Hìstùlǐā — keeping its throne at the price of tribute.
   19237  polity.submitted       how=submission to=361 toName=Hìstùlǐā name=Sị̀rụ́
          └ Facing hopeless odds, the court of Sị̀rụ́ bowed to Hìstùlǐā — keeping its throne at the price of tribute.
   19237  polity.submitted       how=submission to=361 toName=Hìstùlǐā name=Kùkúlǐā
          └ Facing hopeless odds, the court of Kùkúlǐā bowed to Hìstùlǐā — keeping its throne at the price of tribute.
   19237  polity.seceded         from=217 fromName=Tị̀pị̌rụ́
          └ Broke away from Tị̀pị̌rụ́ in a war of secession.
   19237  settlement.annexed     s=30 sName=Sogyoepa from=30 fromName=Sogyoepasyus to=143 toName=Ommobuimmoesyusa
          └ Peacefully absorbed Sogyoepa from Sogyoepasyus.
   19237  settlement.annexed     s=50 sName=Fọ̄ịkfé from=50 fromName=Fọ̄ịkfélěā to=52 toName=Tị̄lākú
          └ Peacefully absorbed Fọ̄ịkfé from Fọ̄ịkfélěā.
   19245  settlement.withered    s=243 sName=Rimmosiim
          └ Rimmosiim withered away and was abandoned.
   19250  settlement.founded     s=402 sName=Tìttíukò kind=crystallized
          └ Tìttíukò was founded.
   19250  settlement.founded     s=402 sName=Tìttíukò city=1
          └ The city of Tìttíukò arose.
   19250  settlement.founded     s=403 sName=Ňǐtrụ̄ị city=1
          └ The city of Ňǐtrụ̄ị arose.
   19250  war.began              from=361 to=1 name=Hìstùlǐā
          └ Marched to war against Ňěňní.
   19250  war.began              from=217 to=239 name=Tị̀pị̌rụ́
          └ Marched to war against Kǎňtụ̀ịkòlǐā.
   19250  war.began              from=2 to=239 name=Fùlpū
          └ Marched to war against Kǎňtụ̀ịkòlǐā.
   19250  war.began              from=1 to=239 name=Ňěňní
          └ Marched to war against Kǎňtụ̀ịkòlǐā.
   19250  polity.shattered       s=29 sName=Pomponsom to=285 toName=Masmogyumasyus
          └ Its capital Pomponsom fell to Masmogyumasyus — the realm collapsed.
   19250  polity.ended           how=conquest byName=Masmogyumasyus name=Sogyoepasyus
          └ Fell to Masmogyumasyus and was erased from the map.
   19275  settlement.founded     s=405 sName=Fị̄mpíü kind=crystallized
          └ Fị̄mpíü was founded.
   19275  settlement.founded     s=405 sName=Fị̄mpíü city=1
          └ The city of Fị̄mpíü arose.
   19275  settlement.founded     s=406 sName=Lị̀rụ́ city=1
          └ The city of Lị̀rụ́ arose.
   19275  settlement.founded     s=408 sName=Yùffí city=1
          └ The city of Yùffí arose.
   19296  settlement.lapsed      s=396 sName=Ňǐupīrụ́ from=1 fromName=Ňěňní
          └ Ňǐupīrụ́ slipped free of Ňěňní.
   19296  polity.receded         s=396 n=1 sName=Ňǐupīrụ́ name=Ňěňní
          └ The grip of Ňěňní failed, and the marches beyond Ňǐupīrụ́ were left to their own devices.
   19296  polity.founded         how=frontier from=-1 name=Ňǐupīrụ́lǐ
          └ Ňǐupīrụ́ declared itself a sovereign realm.
   19300  settlement.founded     s=409 sName=Lǎrụ́ kind=crystallized
          └ Lǎrụ́ was founded.
   19300  settlement.founded     s=409 sName=Lǎrụ́ city=1
          └ The city of Lǎrụ́ arose.
   19300  settlement.founded     s=410 sName=Pụ̄lhụ̀kú city=1
          └ The city of Pụ̄lhụ̀kú arose.
   19300  war.began              from=285 to=217 name=Masmogyumasyus
          └ Marched to war against Tị̀pị̌rụ́ under the banner of the faith.
   19300  war.began              from=1 to=232 name=Ňěňní
          └ Marched to war against Tǔxàịlǐā.
   19300  war.ended              how=faded to=252 toName=Kǎňtụ̀ịkò name=Fùlpū
          └ The war with Fùlpū ended.
   19325  settlement.withered    s=250 sName=Mimoti
          └ Mimoti withered away and was abandoned.
   19325  settlement.founded     s=413 sName=Sǔtūkò kind=crystallized
          └ Sǔtūkò was founded.
   19325  settlement.founded     s=413 sName=Sǔtūkò city=1
          └ The city of Sǔtūkò arose.
   19325  settlement.founded     s=414 sName=Lǐfpú city=1
          └ The city of Lǐfpú arose.
   19350  settlement.founded     s=416 sName=Fị̀tlà kind=crystallized
          └ Fị̀tlà was founded.
   19350  settlement.founded     s=416 sName=Fị̀tlà city=1
          └ The city of Fị̀tlà arose.
   19350  settlement.founded     s=417 sName=Kìhlà city=1
          └ The city of Kìhlà arose.
   19358  market.dearth          s=166 sName=Tosmomoi
          └ Dearth in Tosmomoi — bread at famine prices in the market.
   19369  market.dearth          s=143 sName=Ommobuimmoe
          └ Dearth in Ommobuimmoe — bread at famine prices in the market.
   19375  settlement.founded     s=419 sName=Fòuňtụ̌ị kind=crystallized
          └ Fòuňtụ̌ị was founded.
   19375  settlement.founded     s=419 sName=Fòuňtụ̌ị city=1
          └ The city of Fòuňtụ̌ị arose.
   19387  polity.seceded         from=285 fromName=Masmogyumasyus
          └ Broke away from Masmogyumasyus in a war of secession.
   19400  settlement.founded     s=422 sName=Ňǐlkū kind=crystallized
          └ Ňǐlkū was founded.
   19400  settlement.founded     s=422 sName=Ňǐlkū city=1
          └ The city of Ňǐlkū arose.
   19400  settlement.founded     s=424 sName=Lānfǐu city=1
          └ The city of Lānfǐu arose.
   19400  war.began              from=408 to=404 name=Yùffílǐ
          └ Marched to war against Sì'ǐkúlǐ.
   19400  war.began              from=404 to=408 name=Sì'ǐkúlǐ
          └ Marched to war against Yùffílǐ.
   19400  war.began              from=217 to=285 name=Tị̀pị̌rụ́
          └ Marched to war against Masmogyumasyus under the banner of the faith.
   19400  war.began              from=216 to=217 name=Hìuňpìlǐā
          └ Marched to war against Tị̀pị̌rụ́.
   19400  war.began              from=1 to=216 name=Ňěňní
          └ Marched to war against Hìuňpìlǐā.
   19400  war.ended              how=faded to=252 toName=Kǎňtụ̀ịkò name=Ňěňní
          └ The war with Ňěňní ended; some 39 soldiers never came home.
   19425  settlement.founded     s=426 sName=Mǔrụ́ kind=crystallized
          └ Mǔrụ́ was founded.
   19425  settlement.founded     s=426 sName=Mǔrụ́ city=1
          └ The city of Mǔrụ́ arose.
   19425  settlement.founded     s=427 sName=Lǎxkòu city=1
          └ The city of Lǎxkòu arose.
   19430  market.dearth          s=1 sName=Ňěňní
          └ Dearth in Ňěňní — bread at famine prices in the market.
   19443  market.dearth          s=285 sName=Masmogyuma
          └ Dearth in Masmogyuma — bread at famine prices in the market.
   19450  settlement.founded     s=428 sName=Lụ̄nlākò kind=crystallized
          └ Lụ̄nlākò was founded.
   19450  settlement.founded     s=428 sName=Lụ̄nlākò city=1
          └ The city of Lụ̄nlākò arose.
   19450  settlement.founded     s=430 sName=Màkú city=1
          └ The city of Màkú arose.
   19450  war.began              from=217 to=230 name=Tị̀pị̌rụ́
          └ Marched to war against Tusmosituikysyusa.
   19450  war.began              from=285 to=70 name=Masmogyumasyus
          └ Marched to war against Oponpasyusa.
   19450  war.began              from=1 to=419 name=Ňěňní
          └ Marched to war against Fòuňtụ̌ị.
   19450  war.began              from=232 to=419 name=Tǔxàịlǐā
          └ Marched to war against Fòuňtụ̌ị.
   19450  war.began              from=52 to=50 name=Tị̄lākú
          └ Marched to war against Fọ̄ịkfélěā.
   19450  war.began              from=217 to=396 name=Tị̀pị̌rụ́
          └ Marched to war against Ňǐupīrụ́lǐ.
   19450  war.began              from=2 to=396 name=Fùlpū
          └ Marched to war against Ňǐupīrụ́lǐ.
   19450  war.began              from=239 to=396 name=Kǎňtụ̀ịkòlǐā
          └ Marched to war against Ňǐupīrụ́lǐ.
   19450  war.began              from=242 to=396 name=Dyö'pimyxözödyö
          └ Marched to war against Ňǐupīrụ́lǐ.
   19475  settlement.founded     s=432 sName=Tǎlpì kind=crystallized
          └ Tǎlpì was founded.
   19475  settlement.founded     s=432 sName=Tǎlpì city=1
          └ The city of Tǎlpì arose.
   19475  settlement.founded     s=434 sName=Ňǐňní city=1
          └ The city of Ňǐňní arose.
   19500  settlement.founded     s=435 sName=Tǎltù kind=crystallized
          └ Tǎltù was founded.
   19500  settlement.founded     s=435 sName=Tǎltù city=1
          └ The city of Tǎltù arose.
   19500  settlement.founded     s=436 sName=Mīnglì city=1
          └ The city of Mīnglì arose.
   19500  war.began              from=217 to=419 name=Tị̀pị̌rụ́
          └ Marched to war against Fòuňtụ̌ị.
   19500  war.ended              how=truce to=239 toName=Kǎňtụ̀ịkòlǐā name=Tị̀pị̌rụ́
          └ The war with Tị̀pị̌rụ́ ended.
   19500  war.indemnity          to=217 toName=Tị̀pị̌rụ́ name=Kǎňtụ̀ịkòlǐā
          └ Kǎňtụ̀ịkòlǐā paid a heavy indemnity to Tị̀pị̌rụ́ at the peace.
   19500  war.ended              how=truce to=396 toName=Ňǐupīrụ́lǐ name=Kǎňtụ̀ịkòlǐā
          └ The war with Kǎňtụ̀ịkòlǐā ended.
   19500  war.indemnity          to=396 toName=Ňǐupīrụ́lǐ name=Kǎňtụ̀ịkòlǐā
          └ Kǎňtụ̀ịkòlǐā paid a heavy indemnity to Ňǐupīrụ́lǐ at the peace.
   19525  settlement.founded     s=438 sName=Līütlàkú kind=crystallized
          └ Līütlàkú was founded.
   19525  settlement.founded     s=438 sName=Līütlàkú city=1
          └ The city of Līütlàkú arose.
   19525  settlement.founded     s=439 sName=Tǎňpì city=1
          └ The city of Tǎňpì arose.
   19527  market.dearth          s=216 sName=Hìuňpì
          └ Dearth in Hìuňpì — bread at famine prices in the market.
   19537  polity.seceded         from=285 fromName=Masmogyumasyus
          └ Broke away from Masmogyumasyus in a war of secession.
   19550  settlement.founded     s=440 sName=Tāptáịkò kind=crystallized
          └ Tāptáịkò was founded.
   19550  settlement.founded     s=440 sName=Tāptáịkò city=1
          └ The city of Tāptáịkò arose.
   19550  war.began              from=234 to=230 name=Muissyudusyus
          └ Marched to war against Tusmosituikysyusa as the succession failed.
   19550  polity.shattered       s=230 sName=Tusmosituiky to=217 toName=Tị̀pị̌rụ́
          └ Its capital Tusmosituiky fell to Tị̀pị̌rụ́ — the realm collapsed.
   19550  polity.ended           how=conquest byName=Tị̀pị̌rụ́ name=Tusmosituikysyusa
          └ Fell to Tị̀pị̌rụ́ and was erased from the map.
   19550  polity.shattered       s=70 sName=Oponpa to=285 toName=Masmogyumasyus
          └ Its capital Oponpa fell to Masmogyumasyus — the realm collapsed.
   19550  polity.ended           how=conquest byName=Masmogyumasyus name=Oponpasyusa
          └ Fell to Masmogyumasyus and was erased from the map.
   19550  polity.shattered       s=370 sName=Xụ̀nlà to=52 toName=Tị̄lākú
          └ Its capital Xụ̀nlà fell to Tị̄lākú — the realm collapsed.
   19550  polity.ended           how=conquest byName=Tị̄lākú name=Fọ̄ịkfélěā
          └ Fell to Tị̄lākú and was erased from the map.
   19550  polity.submitted       how=inherited to=52 toName=Tị̄lākú name=Tǐurọ̀lěā
          └ Facing hopeless odds, the court of Tǐurọ̀lěā bowed to Tị̄lākú — keeping its throne at the price of tribute.
   19565  settlement.tier        s=285 sName=Masmogyuma
          └ Masmogyuma grew into a metropolis (659,000 souls).
   19575  settlement.founded     s=441 sName=Rǐtárụ́ kind=crystallized
          └ Rǐtárụ́ was founded.
   19575  settlement.founded     s=441 sName=Rǐtárụ́ city=1
          └ The city of Rǐtárụ́ arose.
   19585  settlement.tier        s=419 sName=Fòuňtụ̌ị
          └ Fòuňtụ̌ị grew into a metropolis (804,000 souls).
   19600  war.began              from=285 to=234 name=Masmogyumasyus
          └ Marched to war against Muissyudusyus.
   19600  war.began              from=419 to=234 name=Fòuňtụ̌ị
          └ Marched to war against Muissyudusyus.
   19600  war.began              from=217 to=234 name=Tị̀pị̌rụ́
          └ Marched to war against Muissyudusyus under the banner of the faith.
   19600  war.began              from=1 to=416 name=Ňěňní
          └ Marched to war against Fị̀tlàlǐā.
   19600  war.began              from=52 to=416 name=Tị̄lākú
          └ Marched to war against Fị̀tlàlǐā.
   19600  war.ended              how=faded to=273 toName=Ǐkfílǐ name=Tǔxàịlǐā
          └ The war with Tǔxàịlǐā ended; some 30 soldiers never came home.
   19600  war.ended              how=faded to=273 toName=Ǐkfílǐ name=Kètrọ̌ịlěā
          └ The war with Kètrọ̌ịlěā ended.
   19603  market.dearth          s=419 sName=Fòuňtụ̌ị
          └ Dearth in Fòuňtụ̌ị — bread at famine prices in the market.
   19650  war.began              from=419 to=217 name=Fòuňtụ̌ị
          └ Marched to war against Tị̀pị̌rụ́.
   19656  market.dearth          s=234 sName=Muissyudu
          └ Dearth in Muissyudu — bread at famine prices in the market.
   19659  settlement.withered    s=117 sName=Bommogyoma
          └ Bommogyoma withered away and was abandoned.
   19687  polity.submitted       how=submission to=361 toName=Hìstùlǐā name=Tị̄lālǐā
          └ Facing hopeless odds, the court of Tị̄lālǐā bowed to Hìstùlǐā — keeping its throne at the price of tribute.
   19687  polity.seceded         from=217 fromName=Tị̀pị̌rụ́
          └ Broke away from Tị̀pị̌rụ́ in a war of secession.
   19687  polity.ended           how=dissolved name=Bommogyoma
          └ Dissolved — its last cities scattered or fell silent.
   19687  polity.ended           how=dissolved name=Muissyudusyus
          └ Dissolved — its last cities scattered or fell silent.
   19700  war.began              from=348 to=166 name=Masmogyuma
          └ Marched to war against Tosmomoi.
   19700  war.ended              how=siegeLifted to=408 toName=Yùffílǐ name=Sì'ǐkúlǐ
          └ The war with Sì'ǐkúlǐ ended.
   19725  settlement.founded     s=450 sName=Ngàịlňà city=1
          └ The city of Ngàịlňà arose.
   19729  settlement.tier        s=416 sName=Fị̀tlà
          └ Fị̀tlà grew into a metropolis (824,000 souls).
   19747  market.dearth          s=416 sName=Fị̀tlà
          └ Dearth in Fị̀tlà — bread at famine prices in the market.
   19750  war.began              from=166 to=143 name=Tosmomoi
          └ Marched to war against Ommobuimmoesyusa as the succession failed.
   19750  war.began              from=285 to=143 name=Masmogyumasyus
          └ Marched to war against Ommobuimmoesyusa as the succession failed.
   19750  war.ended              how=faded to=288 toName=Dumomuisium name=Ňěňní
          └ The war with Ňěňní ended; some 38 soldiers never came home.
   19750  war.ended              how=faded to=288 toName=Dumomuisium name=Tosmomoi
          └ The war with Tosmomoi ended.
   19750  polity.shattered       s=1 sName=Ňěňní to=419 toName=Fòuňtụ̌ị
          └ Its capital Ňěňní fell to Fòuňtụ̌ị — the realm collapsed.
   19750  polity.ended           how=conquest byName=Fòuňtụ̌ị name=Tị̀pị̌rụ́
          └ Fell to Fòuňtụ̌ị and was erased from the map.
   19750  polity.shattered       s=217 sName=Tị̀pị̌rụ́ to=1 toName=Ňěňní
          └ Its capital Tị̀pị̌rụ́ fell to Ňěňní — the realm collapsed.
   19750  polity.ended           how=conquest byName=Ňěňní name=Tǔxàịlǐā
          └ Fell to Ňěňní and was erased from the map.
   19750  polity.shattered       s=239 sName=Kǎňtụ̀ịkò to=2 toName=Fùlpū
          └ Its capital Kǎňtụ̀ịkò fell to Fùlpū — the realm collapsed.
   19750  war.ended              how=siegeLifted to=396 toName=Ňǐupīrụ́lǐ name=Fùlpū
          └ The war with Fùlpū ended.
   19750  war.indemnity          to=2 toName=Fùlpū name=Ňǐupīrụ́lǐ
          └ Ňǐupīrụ́lǐ paid a heavy indemnity to Fùlpū at the peace.
   19750  war.ended              how=siegeLifted to=396 toName=Ňǐupīrụ́lǐ name=Dyö'pimyxözödyö
          └ The war with Dyö'pimyxözödyö ended.
   19750  war.indemnity          to=242 toName=Dyö'pimyxözödyö name=Ňǐupīrụ́lǐ
          └ Ňǐupīrụ́lǐ paid a heavy indemnity to Dyö'pimyxözödyö at the peace.
   19800  plague.outbreak        s=315 sName=Tìttíurụ́
          └ Plague broke out in Tìttíurụ́ and swept through the realm.
   19800  plague.outbreak        s=316 sName=Hōunglì
          └ Plague broke out in Hōunglì and swept through the realm.
   19800  plague.outbreak        s=326 sName=Tị̄lā
          └ Plague broke out in Tị̄lā and swept through the realm.
   19800  plague.outbreak        s=341 sName=Imoti
          └ Plague broke out in Imoti and swept through the realm.
   19800  plague.outbreak        s=348 sName=Summusuidu
          └ Plague broke out in Summusuidu and swept through the realm.
   19800  plague.outbreak        s=349 sName=Fụ̀ịlhụ̌
          └ Plague broke out in Fụ̀ịlhụ̌ and swept through the realm.
   19800  plague.outbreak        s=355 sName=Pụ̌ịtrụ̀ịkú
          └ Plague broke out in Pụ̌ịtrụ̀ịkú and swept through the realm.
   19800  plague.outbreak        s=361 sName=Hìstù
          └ Plague broke out in Hìstù and swept through the realm.
   19800  plague.outbreak        s=365 sName=Tàịňnīkò
          └ Plague broke out in Tàịňnīkò and swept through the realm.
   19800  plague.outbreak        s=396 sName=Ňǐupīrụ́
          └ Plague broke out in Ňǐupīrụ́ and swept through the realm.
   19800  plague.outbreak        s=408 sName=Yùffí
          └ Plague broke out in Yùffí and swept through the realm.
   19800  plague.outbreak        s=409 sName=Lǎrụ́
          └ Plague broke out in Lǎrụ́ and swept through the realm.
   19800  plague.outbreak        s=413 sName=Sǔtūkò
          └ Plague broke out in Sǔtūkò and swept through the realm.
   19800  plague.outbreak        s=416 sName=Fị̀tlà
          └ Plague broke out in Fị̀tlà and swept through the realm.
   19800  plague.outbreak        s=419 sName=Fòuňtụ̌ị
          └ Plague broke out in Fòuňtụ̌ị and swept through the realm.
   19800  plague.outbreak        s=422 sName=Ňǐlkū
          └ Plague broke out in Ňǐlkū and swept through the realm.
   19800  plague.virginSoil      s=396 sName=Ňǐupīrụ́ mortality=0.81
          └ A pestilence unknown to Ňǐupīrụ́ came ashore with the strangers, and they had no defence against it.
   19800  war.began              from=419 to=143 name=Fòuňtụ̌ị
          └ Marched to war against Ommobuimmoesyusa.
   19800  war.began              from=419 to=396 name=Fòuňtụ̌ị
          └ Marched to war against Ňǐupīrụ́lǐ.
   19800  polity.shattered       s=166 sName=Tosmomoi to=348 toName=Masmogyuma
          └ Its capital Tosmomoi fell to Masmogyuma — the realm collapsed.
   19800  polity.ended           how=conquest byName=Masmogyuma name=Tosmomoi
          └ Fell to Masmogyuma and was erased from the map.
   19828  market.dearth          s=50 sName=Fọ̄ịkfé
          └ Dearth in Fọ̄ịkfé — bread at famine prices in the market.
   19837  polity.submitted       how=submission to=419 toName=Fòuňtụ̌ị name=Fị̀tlàlǐā
          └ Facing hopeless odds, the court of Fị̀tlàlǐā bowed to Fòuňtụ̌ị — keeping its throne at the price of tribute.
   19837  polity.seceded         from=52 fromName=Tị̄lākú
          └ Broke away from Tị̄lākú in a war of secession.
   19850  war.began              from=348 to=285 name=Masmogyuma
          └ Marched to war against Masmogyumasyus.
   19850  war.began              from=419 to=422 name=Fòuňtụ̌ị
          └ Marched to war against Ňǐlkūlǐ.
   19864  market.dearth          s=230 sName=Tusmosituiky
          └ Dearth in Tusmosituiky — bread at famine prices in the market.
   19873  market.dearth          s=422 sName=Ňǐlkū
          └ Dearth in Ňǐlkū — bread at famine prices in the market.
   19875  market.dearth          s=30 sName=Sogyoepa
          └ Dearth in Sogyoepa — bread at famine prices in the market.
   19900  war.began              from=348 to=143 name=Masmogyuma
          └ Marched to war against Ommobuimmoesyusa.
   19900  war.began              from=416 to=422 name=Fị̀tlàlǐā
          └ Marched to war against Ňǐlkūlǐ.
   19900  war.ended              how=faded to=232 toName=Tǔxàịlǐā name=Tị̄lākú
          └ The war with Tị̄lākú ended.
   19934  succession.crisis      name=Ňǐupīrụ́lǐ
          └ The royal line failed — an interregnum of rival claimants.
   19950  war.began              from=422 to=348 name=Ňǐlkūlǐ
          └ Marched to war against Masmogyuma.
   19959  succession.crisis      name=Ňěňní
          └ The royal line failed — an interregnum of rival claimants.
   19959  succession.crisis      name=Ňǐlkūlǐ
          └ The royal line failed — an interregnum of rival claimants.
   19985  settlement.abandoned   s=322 sName=Mīnglìkò
          └ Mīnglìkò was abandoned.
   19985  settlement.abandoned   s=342 sName=Lụ̄nlā
          └ Lụ̄nlā was abandoned.
   19987  market.dearth          s=2 sName=Fùlpū
          └ Dearth in Fùlpū — bread at famine prices in the market.
   19987  polity.seceded         from=1 fromName=Ňěňní
          └ Broke away from Ňěňní in a war of secession.
   19998  settlement.abandoned   s=320 sName=Ňǐlpù
          └ Ňǐlpù was abandoned.
   19998  settlement.abandoned   s=368 sName=Dyuimopuiky
          └ Dyuimopuiky was abandoned.
   20000  war.began              from=356 to=50 name=Kùkúlǐā
          └ Marched to war against Fọ̄ịkfélěā.
   20005  settlement.abandoned   s=315 sName=Tìttíurụ́
          └ Tìttíurụ́ was abandoned.
   20005  settlement.abandoned   s=336 sName=Tìttíu
          └ Tìttíu was abandoned.
   20005  settlement.abandoned   s=360 sName=Nimobuimmiu
          └ Nimobuimmiu was abandoned.
   20005  settlement.abandoned   s=382 sName=Kótlà
          └ Kótlà was abandoned.
   20008  settlement.abandoned   s=417 sName=Kìhlà
          └ Kìhlà was abandoned.
   20009  succession.crisis      name=Ňǐupīrụ́lǐ
          └ The royal line failed — an interregnum of rival claimants.
   20009  succession.crisis      name=Fị̀tlàlǐā
          └ The royal line failed — an interregnum of rival claimants.
   20009  succession.crisis      name=Ňǐlkūlǐ
          └ The royal line failed — an interregnum of rival claimants.
   20010  settlement.abandoned   s=376 sName=Ukymopigyim
          └ Ukymopigyim was abandoned.
   20013  settlement.abandoned   s=377 sName=Xòunfǐu
          └ Xòunfǐu was abandoned.
   20019  settlement.abandoned   s=318 sName=Kìhlà
          └ Kìhlà was abandoned.
   20019  settlement.abandoned   s=334 sName=Pụ́lsī
          └ Pụ́lsī was abandoned.
   20019  settlement.abandoned   s=337 sName=Lúkú
          └ Lúkú was abandoned.
   20019  settlement.abandoned   s=341 sName=Imoti
          └ Imoti was abandoned.
   20019  settlement.abandoned   s=343 sName=Kǎňtụ̀ịkú
          └ Kǎňtụ̀ịkú was abandoned.
   20019  settlement.abandoned   s=354 sName=Rimomuissyu
          └ Rimomuissyu was abandoned.
   20019  settlement.abandoned   s=364 sName=Sismuiba
          └ Sismuiba was abandoned.
   20019  settlement.abandoned   s=373 sName=Gyamomissi
          └ Gyamomissi was abandoned.
   20020  settlement.abandoned   s=316 sName=Hōunglì
          └ Hōunglì was abandoned.
   20020  settlement.abandoned   s=348 sName=Summusuidu
          └ Summusuidu was abandoned.
   20022  settlement.abandoned   s=402 sName=Tìttíukò
          └ Tìttíukò was abandoned.
   20025  settlement.founded     s=482 sName=Hǐltù kind=crystallized
          └ Hǐltù was founded.
   20025  settlement.founded     s=482 sName=Hǐltù city=1
          └ The city of Hǐltù arose.
   20026  settlement.abandoned   s=365 sName=Tàịňnīkò
          └ Tàịňnīkò was abandoned.
   20026  settlement.abandoned   s=374 sName=Ǎịmràrụ́
          └ Ǎịmràrụ́ was abandoned.
   20026  settlement.abandoned   s=388 sName=Sùlpì
          └ Sùlpì was abandoned.
   20026  settlement.abandoned   s=399 sName=Xụ̀nlà
          └ Xụ̀nlà was abandoned.
   20026  settlement.abandoned   s=405 sName=Fị̄mpíü
          └ Fị̄mpíü was abandoned.
   20026  settlement.abandoned   s=406 sName=Lị̀rụ́
          └ Lị̀rụ́ was abandoned.
   20026  settlement.abandoned   s=432 sName=Tǎlpì
          └ Tǎlpì was abandoned.
   20026  settlement.abandoned   s=438 sName=Līütlàkú
          └ Līütlàkú was abandoned.
   20028  settlement.abandoned   s=410 sName=Pụ̄lhụ̀kú
          └ Pụ̄lhụ̀kú was abandoned.
   20039  settlement.abandoned   s=326 sName=Tị̄lā
          └ Tị̄lā was abandoned.
   20039  settlement.abandoned   s=349 sName=Fụ̀ịlhụ̌
          └ Fụ̀ịlhụ̌ was abandoned.
   20039  settlement.abandoned   s=355 sName=Pụ̌ịtrụ̀ịkú
          └ Pụ̌ịtrụ̀ịkú was abandoned.
   20039  settlement.abandoned   s=369 sName=Fónglì
          └ Fónglì was abandoned.
   20039  settlement.abandoned   s=384 sName=Tá
          └ Tá was abandoned.
   20039  settlement.abandoned   s=386 sName=Fòulpù
          └ Fòulpù was abandoned.
   20039  settlement.abandoned   s=391 sName=Pụ̀nfǐu
          └ Pụ̀nfǐu was abandoned.
   20039  settlement.abandoned   s=393 sName=Tị̄lārụ́
          └ Tị̄lārụ́ was abandoned.
   20039  settlement.abandoned   s=394 sName=Pụ́xkòu
          └ Pụ́xkòu was abandoned.
   20039  settlement.abandoned   s=398 sName=Fùppīkò
          └ Fùppīkò was abandoned.
   20039  settlement.abandoned   s=403 sName=Ňǐtrụ̄ị
          └ Ňǐtrụ̄ị was abandoned.
   20039  settlement.abandoned   s=412 sName=Píụịtrụ̀ịkú
          └ Píụịtrụ̀ịkú was abandoned.
   20039  settlement.abandoned   s=413 sName=Sǔtūkò
          └ Sǔtūkò was abandoned.
   20039  settlement.abandoned   s=414 sName=Lǐfpú
          └ Lǐfpú was abandoned.
   20039  settlement.abandoned   s=415 sName=Xóuttīu
          └ Xóuttīu was abandoned.
   20039  settlement.abandoned   s=418 sName=Fụ́ịnfǐu
          └ Fụ́ịnfǐu was abandoned.
   20039  settlement.abandoned   s=420 sName=Tāfpù
          └ Tāfpù was abandoned.
   20039  settlement.abandoned   s=424 sName=Lānfǐu
          └ Lānfǐu was abandoned.
   20039  settlement.abandoned   s=426 sName=Mǔrụ́
          └ Mǔrụ́ was abandoned.
   20039  settlement.abandoned   s=427 sName=Lǎxkòu
          └ Lǎxkòu was abandoned.
   20039  settlement.abandoned   s=428 sName=Lụ̄nlākò
          └ Lụ̄nlākò was abandoned.
   20039  settlement.abandoned   s=430 sName=Màkú
          └ Màkú was abandoned.
   20039  settlement.abandoned   s=434 sName=Ňǐňní
          └ Ňǐňní was abandoned.
   20039  settlement.abandoned   s=435 sName=Tǎltù
          └ Tǎltù was abandoned.
   20039  settlement.abandoned   s=436 sName=Mīnglì
          └ Mīnglì was abandoned.
   20039  settlement.abandoned   s=439 sName=Tǎňpì
          └ Tǎňpì was abandoned.
   20039  settlement.abandoned   s=440 sName=Tāptáịkò
          └ Tāptáịkò was abandoned.
   20039  settlement.abandoned   s=441 sName=Rǐtárụ́
          └ Rǐtárụ́ was abandoned.
   20039  settlement.abandoned   s=450 sName=Ngàịlňà
          └ Ngàịlňà was abandoned.
   20041  settlement.abandoned   s=409 sName=Lǎrụ́
          └ Lǎrụ́ was abandoned.
   20050  settlement.founded     s=488 sName=Rimopuikyu kind=crystallized
          └ Rimopuikyu was founded.
   20050  settlement.founded     s=488 sName=Rimopuikyu city=1
          └ The city of Rimopuikyu arose.
   20050  settlement.founded     s=489 sName=Xụ́ltù kind=crystallized
          └ Xụ́ltù was founded.
   20050  settlement.founded     s=489 sName=Xụ́ltù city=1
          └ The city of Xụ́ltù arose.
   20050  settlement.founded     s=495 sName=Násfá city=1
          └ The city of Násfá arose.
   20050  war.began              from=348 to=422 name=Masmogyuma
          └ Marched to war against Ňǐlkūlǐ as the succession failed.
   20075  settlement.founded     s=498 sName=Tisuimiu kind=crystallized
          └ Tisuimiu was founded.
   20075  settlement.founded     s=498 sName=Tisuimiu city=1
          └ The city of Tisuimiu arose.
   20075  settlement.founded     s=499 sName=Lákú kind=crystallized
          └ Lákú was founded.
   20075  settlement.founded     s=499 sName=Lákú city=1
          └ The city of Lákú arose.
   20075  settlement.founded     s=505 sName=Lárụ́ city=1
          └ The city of Lárụ́ arose.
   20100  settlement.founded     s=507 sName=Pumpunsudu kind=crystallized
          └ Pumpunsudu was founded.
   20100  settlement.founded     s=507 sName=Pumpunsudu city=1
          └ The city of Pumpunsudu arose.
   20100  settlement.founded     s=508 sName=Lǎlǒukò kind=crystallized
          └ Lǎlǒukò was founded.
   20100  settlement.founded     s=508 sName=Lǎlǒukò city=1
          └ The city of Lǎlǒukò arose.
   20100  settlement.founded     s=509 sName=Nālhụ̌ city=1
          └ The city of Nālhụ̌ arose.
   20100  settlement.founded     s=513 sName=Ngǎịkfí city=1
          └ The city of Ngǎịkfí arose.
   20125  settlement.founded     s=516 sName=Imosismuiba kind=crystallized
          └ Imosismuiba was founded.
   20125  settlement.founded     s=516 sName=Imosismuiba city=1
          └ The city of Imosismuiba arose.
   20125  settlement.founded     s=517 sName=Pụ́tlà kind=crystallized
          └ Pụ́tlà was founded.
   20125  settlement.founded     s=517 sName=Pụ́tlà city=1
          └ The city of Pụ́tlà arose.
   20125  settlement.founded     s=518 sName=Hínglì city=1
          └ The city of Hínglì arose.
   20125  settlement.founded     s=522 sName=Fòuttīu city=1
          └ The city of Fòuttīu arose.
   20137  polity.submitted       how=union to=422 toName=Ňǐlkūlǐ name=Ňěňní
          └ In the troubles of the succession, the court of Ňěňní joined its crown to Ňǐlkūlǐ — one senior throne, two realms.
   20137  polity.submitted       how=union to=379 toName=Kìlňàlǐ name=Kùkúlǐā
          └ In the troubles of the succession, the court of Kùkúlǐā joined its crown to Kìlňàlǐ — one senior throne, two realms.
   20137  polity.submitted       how=union to=422 toName=Ňǐlkūlǐ name=Hìstùlǐā
          └ In the troubles of the succession, the court of Hìstùlǐā joined its crown to Ňǐlkūlǐ — one senior throne, two realms.
   20137  polity.submitted       how=union to=379 toName=Kìlňàlǐ name=Ňǐlkūlǐ
          └ In the troubles of the succession, the court of Ňǐlkūlǐ joined its crown to Kìlňàlǐ — one senior throne, two realms.
   20137  settlement.annexed     s=30 sName=Sogyoepa from=143 fromName=Ommobuimmoesyusa to=285 toName=Masmogyumasyus
          └ Peacefully absorbed Sogyoepa from Ommobuimmoesyusa.
   20150  settlement.founded     s=526 sName=Pimomuissyu kind=crystallized
          └ Pimomuissyu was founded.
   20150  settlement.founded     s=526 sName=Pimomuissyu city=1
          └ The city of Pimomuissyu arose.
   20150  settlement.founded     s=527 sName=Lìkáịkò kind=crystallized
          └ Lìkáịkò was founded.
   20150  settlement.founded     s=527 sName=Lìkáịkò city=1
          └ The city of Lìkáịkò arose.
   20150  settlement.founded     s=530 sName=Fípǎị city=1
          └ The city of Fípǎị arose.
   20150  war.began              from=408 to=481 name=Yùffílǐ
          └ Marched to war against Yàị.
   20150  war.began              from=196 to=143 name=Lákúlǐā
          └ Marched to war against Ommobuimmoesyusa.
   20150  war.began              from=379 to=416 name=Kìlňàlǐ
          └ Marched to war against Fị̀tlàlǐā as the succession failed.
   20150  war.ended              how=siegeLifted to=348 toName=Masmogyuma name=Ommobuimmoesyusa
          └ The war with Ommobuimmoesyusa ended; some 1 soldiers never came home.
   20160  settlement.founded     s=534 sName=Simiu kind=planted
          └ Simiu was founded.
   20160  town.planted           s=534 sName=Simiu
          └ The crown planted Simiu to hold the march.
   20160  settlement.founded     s=538 sName=Kǐsfá kind=planted
          └ Kǐsfá was founded.
   20160  town.planted           s=538 sName=Kǐsfá
          └ The crown chartered Kǐsfá to govern the countryside.
   20175  settlement.founded     s=540 sName=Līütlàkò kind=crystallized
          └ Līütlàkò was founded.
   20175  settlement.founded     s=540 sName=Līütlàkò city=1
          └ The city of Līütlàkò arose.
   20175  settlement.founded     s=541 sName=Hǐňtụ̌ị city=1
          └ The city of Hǐňtụ̌ị arose.
   20175  settlement.founded     s=543 sName=Xóutlà city=1
          └ The city of Xóutlà arose.
   20192  market.dearth          s=166 sName=Tosmomoi
          └ Dearth in Tosmomoi — bread at famine prices in the market.
   20200  settlement.founded     s=550 sName=Yúxkòu kind=crystallized
          └ Yúxkòu was founded.
   20200  settlement.founded     s=550 sName=Yúxkòu city=1
          └ The city of Yúxkòu arose.
   20200  settlement.founded     s=551 sName=Lìkò city=1
          └ The city of Lìkò arose.
   20200  settlement.founded     s=553 sName=Lụ̌mrá city=1
          └ The city of Lụ̌mrá arose.
   20200  war.began              from=408 to=525 name=Yùffílǐ
          └ Marched to war against Tǎňtụ̌ịlǐā.
   20200  war.began              from=52 to=422 name=Tị̄lākú
          └ Marched to war against Ňǐlkūlǐ as the succession failed.
   20200  war.began              from=422 to=517 name=Ňǐlkūlǐ
          └ Marched to war against Pụ́tlàlǐ.
   20200  war.began              from=89 to=518 name=Kètrọ̌ịlěā
          └ Marched to war against Hínglìlǐ.
   20200  war.began              from=95 to=518 name=Lǐfpúkò
          └ Marched to war against Hínglìlǐ.
   20200  war.ended              how=faded to=285 toName=Masmogyumasyus name=Tosmomoi
          └ The war with Tosmomoi ended; some 34 soldiers never came home.
   20211  settlement.abandoned   s=216 sName=Hìuňpì
          └ Hìuňpì was abandoned.
   20216  market.dearth          s=379 sName=Kìlňà
          └ Dearth in Kìlňà — bread at famine prices in the market.
   20225  settlement.founded     s=558 sName=Lǎlpì kind=crystallized
          └ Lǎlpì was founded.
   20225  settlement.founded     s=558 sName=Lǎlpì city=1
          └ The city of Lǎlpì arose.
   20225  settlement.founded     s=559 sName=Xǒumrá city=1
          └ The city of Xǒumrá arose.
   20225  settlement.founded     s=561 sName=Ňǐtlà city=1
          └ The city of Ňǐtlà arose.
   20250  settlement.founded     s=565 sName=Xóutrụ̄ị kind=crystallized
          └ Xóutrụ̄ị was founded.
   20250  settlement.founded     s=565 sName=Xóutrụ̄ị city=1
          └ The city of Xóutrụ̄ị arose.
   20250  settlement.founded     s=566 sName=Tìutáịrụ́ city=1
          └ The city of Tìutáịrụ́ arose.
   20250  settlement.founded     s=568 sName=Tátị́rụ́ city=1
          └ The city of Tátị́rụ́ arose.
   20250  war.began              from=89 to=517 name=Kètrọ̌ịlěā
          └ Marched to war against Pụ́tlàlǐ.
   20250  war.began              from=422 to=518 name=Ňǐlkūlǐ
          └ Marched to war against Hínglìlǐ.
   20250  war.began              from=52 to=518 name=Tị̄lākú
          └ Marched to war against Hínglìlǐ.
   20250  war.began              from=150 to=518 name=Sị̀rụ́
          └ Marched to war against Hínglìlǐ.
   20264  market.dearth          s=1 sName=Ňěňní
          └ Dearth in Ňěňní — bread at famine prices in the market.
   20275  settlement.founded     s=571 sName=Hìutlà kind=crystallized
          └ Hìutlà was founded.
   20275  settlement.founded     s=571 sName=Hìutlà city=1
          └ The city of Hìutlà arose.
   20275  settlement.founded     s=572 sName=Fōnsī city=1
          └ The city of Fōnsī arose.
   20277  market.dearth          s=285 sName=Masmogyuma
          └ Dearth in Masmogyuma — bread at famine prices in the market.
   20287  settlement.annexed     s=361 sName=Hìstù from=361 fromName=Hìstùlǐā to=422 toName=Ňǐlkūlǐ
          └ Peacefully absorbed Hìstù from Hìstùlǐā.
   20287  settlement.annexed     s=392 sName=Nị́nfǐu from=361 fromName=Hìstùlǐā to=422 toName=Ňǐlkūlǐ
          └ Peacefully absorbed Nị́nfǐu from Hìstùlǐā.
   20287  polity.ended           how=integrated byName=Ňǐlkūlǐ name=Hìstùlǐā
          └ Dissolved — its last cities scattered or fell silent.
   20287  polity.seceded         from=419 fromName=Fòuňtụ̌ị
          └ Broke away from Fòuňtụ̌ị in a war of secession.
   20287  polity.seceded         from=348 fromName=Masmogyuma
          └ Broke away from Masmogyuma in a war of secession.
   20287  polity.seceded         from=408 fromName=Yùffílǐ
          └ Broke away from Yùffílǐ in a war of secession.
   20287  settlement.annexed     s=2 sName=Fùlpū from=2 fromName=Fùlpū to=422 toName=Ňǐlkūlǐ
          └ Peacefully absorbed Fùlpū from Fùlpū.
   20287  settlement.annexed     s=1 sName=Ňěňní from=419 fromName=Fòuňtụ̌ị to=422 toName=Ňǐlkūlǐ
          └ Peacefully absorbed Ňěňní from Fòuňtụ̌ị.
   20287  polity.ended           how=dissolved name=Hìuňpìlǐā
          └ Dissolved — its last cities scattered or fell silent.
   20300  settlement.founded     s=575 sName=Lāfpù kind=crystallized
          └ Lāfpù was founded.
   20300  settlement.founded     s=575 sName=Lāfpù city=1
          └ The city of Lāfpù arose.
   20300  settlement.founded     s=576 sName=Pụ̄sfá city=1
          └ The city of Pụ̄sfá arose.
   20300  war.began              from=422 to=396 name=Ňǐlkūlǐ
          └ Marched to war against Ňǐupīrụ́lǐ as the succession failed.
   20300  war.ended              how=sackedIntoTribute to=525 toName=Tǎňtụ̌ịlǐā name=Yùffílǐ
          └ The war with Yùffílǐ ended.
   20300  polity.submitted       how=sackedIntoTribute to=408 toName=Yùffílǐ name=Tǎňtụ̌ịlǐā
          └ Facing hopeless odds, the court of Tǎňtụ̌ịlǐā bowed to Yùffílǐ — keeping its throne at the price of tribute.
   20300  polity.shattered       s=541 sName=Hǐňtụ̌ị to=95 toName=Lǐfpúkò
          └ Its capital Hǐňtụ̌ị fell to Lǐfpúkò — the realm collapsed.
   20300  polity.ended           how=conquest byName=Lǐfpúkò name=Hínglìlǐ
          └ Fell to Lǐfpúkò and was erased from the map.
   20300  war.ended              how=siegeLifted to=422 toName=Ňǐlkūlǐ name=Masmogyuma
          └ The war with Masmogyuma ended.
   20304  settlement.lapsed      s=534 sName=Simiu from=285 fromName=Masmogyumasyus
          └ Simiu slipped free of Masmogyumasyus.
   20304  polity.receded         s=534 n=1 sName=Simiu name=Masmogyumasyus
          └ The grip of Masmogyumasyus failed, and the marches beyond Simiu were left to their own devices.
   20324  market.dearth          s=517 sName=Pụ́tlà
          └ Dearth in Pụ́tlà — bread at famine prices in the market.
   20325  settlement.founded     s=578 sName=Nāxsī kind=crystallized
          └ Nāxsī was founded.
   20325  settlement.founded     s=578 sName=Nāxsī city=1
          └ The city of Nāxsī arose.
   20325  settlement.founded     s=579 sName=Sùňtụ̌ị city=1
          └ The city of Sùňtụ̌ị arose.
   20350  settlement.founded     s=586 sName=Fị̀lpì kind=crystallized
          └ Fị̀lpì was founded.
   20350  settlement.founded     s=586 sName=Fị̀lpì city=1
          └ The city of Fị̀lpì arose.
   20350  settlement.founded     s=587 sName=Kìthị̌ city=1
          └ The city of Kìthị̌ arose.
   20350  war.began              from=422 to=285 name=Ňǐlkūlǐ
          └ Marched to war against Masmogyumasyus.
   20350  war.began              from=396 to=419 name=Ňǐupīrụ́lǐ
          └ Marched to war against Fòuňtụ̌ị.
   20350  war.ended              how=faded to=362 toName=Mùpíükúlǐ name=Sị̀rụ́
          └ The war with Sị̀rụ́ ended; some 14 soldiers never came home.
   20350  war.ended              how=faded to=362 toName=Mùpíükúlǐ name=Tǔxàịlǐā
          └ The war with Tǔxàịlǐā ended; some 2 soldiers never came home.
   20350  war.ended              how=faded to=362 toName=Mùpíükúlǐ name=Tị̄lākú
          └ The war with Tị̄lākú ended; some 6 soldiers never came home.
   20375  settlement.founded     s=590 sName=Ngáịffí kind=crystallized
          └ Ngáịffí was founded.
   20375  settlement.founded     s=590 sName=Ngáịffí city=1
          └ The city of Ngáịffí arose.
   20375  settlement.founded     s=591 sName=Sàlụ̄ city=1
          └ The city of Sàlụ̄ arose.
   20400  plague.outbreak        s=482 sName=Hǐltù
          └ Plague broke out in Hǐltù and swept through the realm.
   20400  plague.outbreak        s=489 sName=Xụ́ltù
          └ Plague broke out in Xụ́ltù and swept through the realm.
   20400  plague.outbreak        s=499 sName=Lákú
          └ Plague broke out in Lákú and swept through the realm.
   20400  plague.outbreak        s=508 sName=Lǎlǒukò
          └ Plague broke out in Lǎlǒukò and swept through the realm.
   20400  plague.outbreak        s=509 sName=Nālhụ̌
          └ Plague broke out in Nālhụ̌ and swept through the realm.
   20400  plague.outbreak        s=517 sName=Pụ́tlà
          └ Plague broke out in Pụ́tlà and swept through the realm.
   20400  plague.outbreak        s=527 sName=Lìkáịkò
          └ Plague broke out in Lìkáịkò and swept through the realm.
   20400  settlement.founded     s=595 sName=Līütlàkò kind=crystallized
          └ Līütlàkò was founded.
   20400  settlement.founded     s=595 sName=Līütlàkò city=1
          └ The city of Līütlàkò arose.
   20400  settlement.founded     s=596 sName=Xòufpù city=1
          └ The city of Xòufpù arose.
   20400  war.began              from=422 to=419 name=Ňǐlkūlǐ
          └ Marched to war against Fòuňtụ̌ị.
   20400  war.ended              how=faded to=361 toName=Hìstùlǐā name=Tị̀pị̌rụ́
          └ The war with Tị̀pị̌rụ́ ended.
   20425  settlement.founded     s=598 sName=Lǎňtụ̌ị kind=crystallized
          └ Lǎňtụ̌ị was founded.
   20425  settlement.founded     s=598 sName=Lǎňtụ̌ị city=1
          └ The city of Lǎňtụ̌ị arose.
   20425  settlement.founded     s=599 sName=Ňǐtlà city=1
          └ The city of Ňǐtlà arose.
   20436  plague.outbreak        s=143 sName=Ommobuimmoe
          └ Plague broke out in Ommobuimmoe and swept through the realm.
   20437  polity.submitted       how=submission to=517 toName=Pụ́tlàlǐ name=Fị̀tlàlǐā
          └ Facing hopeless odds, the court of Fị̀tlàlǐā bowed to Pụ́tlàlǐ — keeping its throne at the price of tribute.
   20437  polity.submitted       how=submission to=379 toName=Kìlňàlǐ name=Lǐfpúkò
          └ Facing hopeless odds, the court of Lǐfpúkò bowed to Kìlňàlǐ — keeping its throne at the price of tribute.
   20437  polity.submitted       how=submission to=422 toName=Ňǐlkūlǐ name=Yàị
          └ Facing hopeless odds, the court of Yàị bowed to Ňǐlkūlǐ — keeping its throne at the price of tribute.
   20437  polity.submitted       how=submission to=517 toName=Pụ́tlàlǐ name=Hǐltù
          └ Facing hopeless odds, the court of Hǐltù bowed to Pụ́tlàlǐ — keeping its throne at the price of tribute.
   20437  polity.submitted       how=submission to=517 toName=Pụ́tlàlǐ name=Lǎlǒukò
          └ Facing hopeless odds, the court of Lǎlǒukò bowed to Pụ́tlàlǐ — keeping its throne at the price of tribute.
   20437  polity.seceded         from=348 fromName=Masmogyuma
          └ Broke away from Masmogyuma in a war of secession.
   20437  settlement.annexed     s=1 sName=Ňěňní from=422 fromName=Ňǐlkūlǐ to=517 toName=Pụ́tlàlǐ
          └ Peacefully absorbed Ňěňní from Ňǐlkūlǐ.
   20437  settlement.annexed     s=2 sName=Fùlpū from=422 fromName=Ňǐlkūlǐ to=517 toName=Pụ́tlàlǐ
          └ Peacefully absorbed Fùlpū from Ňǐlkūlǐ.
   20437  settlement.annexed     s=89 sName=Kètrọ̌ị from=89 fromName=Kètrọ̌ịlěā to=517 toName=Pụ́tlàlǐ
          └ Peacefully absorbed Kètrọ̌ị from Kètrọ̌ịlěā.
   20437  polity.ended           how=dissolved name=Kètrọ̌ịlěā
          └ Dissolved — its last cities scattered or fell silent.
   20448  polity.founded         how=frontier from=-1 name=Simiusyu
          └ Simiu declared itself a sovereign realm.
   20449  settlement.tier        s=422 sName=Ňǐlkū
          └ Ňǐlkū grew into a metropolis (735,000 souls).
   20449  settlement.tier        s=509 sName=Nālhụ̌
          └ Nālhụ̌ grew into a metropolis (836,000 souls).
   20450  settlement.founded     s=600 sName=Hóuptàị kind=crystallized
          └ Hóuptàị was founded.
   20450  settlement.founded     s=600 sName=Hóuptàị city=1
          └ The city of Hóuptàị arose.
   20450  settlement.founded     s=601 sName=Sǎfǎrụ́ city=1
          └ The city of Sǎfǎrụ́ arose.
   20450  war.began              from=408 to=530 name=Yùffílǐ
          └ Marched to war against Fípǎị.
   20450  war.began              from=517 to=285 name=Pụ́tlàlǐ
          └ Marched to war against Masmogyumasyus.
   20450  war.began              from=249 to=2 name=Kyönyümyöüdyö
          └ Marched to war against Fùlpū.
   20450  war.began              from=517 to=2 name=Pụ́tlàlǐ
          └ Marched to war against Fùlpū.
   20450  war.began              from=242 to=2 name=Dyö'pimyxözödyö
          └ Marched to war against Fùlpū.
   20450  war.began              from=517 to=396 name=Pụ́tlàlǐ
          └ Marched to war against Ňǐupīrụ́lǐ.
   20450  war.began              from=285 to=230 name=Masmogyumasyus
          └ Renewed the old war against Tusmosituikysyusa.
   20450  war.began              from=143 to=230 name=Ommobuimmoesyusa
          └ Renewed the old war against Tusmosituikysyusa.
   20450  war.began              from=196 to=230 name=Lákúlǐā
          └ Marched to war against Tusmosituikysyusa.
   20450  war.began              from=143 to=461 name=Ommobuimmoesyusa
          └ Marched to war against Ipimsisyua.
   20450  war.began              from=230 to=461 name=Tusmosituikysyusa
          └ Marched to war against Ipimsisyua.
   20450  war.ended              how=faded to=356 toName=Kùkúlǐā name=Tǔxàịlǐā
          └ The war with Tǔxàịlǐā ended.
   20450  war.ended              how=faded to=285 toName=Masmogyumasyus name=Sogyoepasyus
          └ The war with Sogyoepasyus ended; some 26 soldiers never came home.
   20475  settlement.founded     s=603 sName=Ūfūkò kind=crystallized
          └ Ūfūkò was founded.
   20475  settlement.founded     s=603 sName=Ūfūkò city=1
          └ The city of Ūfūkò arose.
   20475  settlement.founded     s=604 sName=Fǒtrụ̄ị city=1
          └ The city of Fǒtrụ̄ị arose.
   20500  settlement.founded     s=606 sName=Fị̀ppì kind=crystallized
          └ Fị̀ppì was founded.
   20500  settlement.founded     s=606 sName=Fị̀ppì city=1
          └ The city of Fị̀ppì arose.
   20500  settlement.founded     s=607 sName=Xàrātụ̄ị city=1
          └ The city of Xàrātụ̄ị arose.
   20500  war.began              from=517 to=419 name=Pụ́tlàlǐ
          └ Marched to war against Fòuňtụ̌ị.
   20500  polity.shattered       s=419 sName=Fòuňtụ̌ị to=422 toName=Ňǐlkūlǐ
          └ Its capital Fòuňtụ̌ị fell to Ňǐlkūlǐ — the realm collapsed.
   20500  polity.ended           how=conquest byName=Ňǐlkūlǐ name=Fòuňtụ̌ị
          └ Fell to Ňǐlkūlǐ and was erased from the map.
   20509  succession.crisis      name=Lǎlǒukò
          └ The royal line failed — an interregnum of rival claimants.
   20525  settlement.founded     s=611 sName=Fóunlà kind=crystallized
          └ Fóunlà was founded.
   20525  settlement.founded     s=611 sName=Fóunlà city=1
          └ The city of Fóunlà arose.
   20525  settlement.founded     s=612 sName=Ňīfpù city=1
          └ The city of Ňīfpù arose.
   20546  settlement.dissolved   s=54 why=core sName=Fị̀lpì
          └ Fị̀lpì faded back into the countryside.
   20550  settlement.founded     s=615 sName=Ìňní kind=crystallized
          └ Ìňní was founded.
   20550  settlement.founded     s=615 sName=Ìňní city=1
          └ The city of Ìňní arose.
   20550  settlement.founded     s=616 sName=Pụ̌myǎ city=1
          └ The city of Pụ̌myǎ arose.
   20550  war.began              from=530 to=408 name=Fípǎị
          └ Marched to war against Yùffílǐ.
   20550  war.began              from=517 to=1 name=Pụ́tlàlǐ
          └ Marched to war against Ňěňní.
   20550  polity.shattered       s=239 sName=Kǎňtụ̀ịkò to=249 toName=Kyönyümyöüdyö
          └ Its capital Kǎňtụ̀ịkò fell to Kyönyümyöüdyö — the realm collapsed.
   20550  polity.ended           how=conquest byName=Kyönyümyöüdyö name=Fùlpū
          └ Fell to Kyönyümyöüdyö and was erased from the map.
   20550  polity.shattered       s=239 sName=Kǎňtụ̀ịkò to=517 toName=Pụ́tlàlǐ
          └ Its capital Kǎňtụ̀ịkò fell to Pụ́tlàlǐ — the realm collapsed.
   20559  succession.crisis      name=Lǎlǒukò
          └ The royal line failed — an interregnum of rival claimants.
   20575  settlement.founded     s=619 sName=Hǔňní kind=crystallized
          └ Hǔňní was founded.
   20575  settlement.founded     s=619 sName=Hǔňní city=1
          └ The city of Hǔňní arose.
   20575  settlement.founded     s=620 sName=Xūkóukú city=1
          └ The city of Xūkóukú arose.
   20584  succession.crisis      name=Ňǐlkūlǐ
          └ The royal line failed — an interregnum of rival claimants.
   20587  polity.submitted       how=union to=379 toName=Kìlňàlǐ name=Lákúlǐā
          └ In the troubles of the succession, the court of Lákúlǐā joined its crown to Kìlňàlǐ — one senior throne, two realms.
   20587  polity.submitted       how=union to=379 toName=Kìlňàlǐ name=Tị́kò
          └ In the troubles of the succession, the court of Tị́kò joined its crown to Kìlňàlǐ — one senior throne, two realms.
   20587  settlement.annexed     s=30 sName=Sogyoepa from=285 fromName=Masmogyumasyus to=534 toName=Simiusyu
          └ Peacefully absorbed Sogyoepa from Masmogyumasyus.
   20587  polity.ended           how=dissolved name=Fị̀lpìlě
          └ Dissolved — its last cities scattered or fell silent.
   20600  settlement.founded     s=624 sName=Wùppà kind=crystallized
          └ Wùppà was founded.
   20600  settlement.founded     s=624 sName=Wùppà city=1
          └ The city of Wùppà arose.
   20600  settlement.founded     s=625 sName=Xìurụ́ city=1
          └ The city of Xìurụ́ arose.
   20600  war.began              from=285 to=348 name=Masmogyumasyus
          └ Marched to war against Masmogyuma.
   20600  war.began              from=230 to=234 name=Tusmosituikysyusa
          └ Marched to war against Muissyudusyus.
   20600  war.began              from=517 to=234 name=Pụ́tlàlǐ
          └ Marched to war against Muissyudusyus under the banner of the faith.
   20600  war.began              from=416 to=234 name=Fị̀tlàlǐā
          └ Marched to war against Muissyudusyus.
   20600  war.began              from=509 to=508 name=Nālhụ̌
          └ Marched to war against Lǎlǒukò as the succession failed.
   20600  war.began              from=1 to=508 name=Ňěňní
          └ Marched to war against Lǎlǒukò as the succession failed.
   20600  war.began              from=52 to=509 name=Tị̄lākú
          └ Marched to war against Nālhụ̌.
   20600  war.began              from=517 to=249 name=Pụ́tlàlǐ
          └ Marched to war against Kyönyümyöüdyö as the succession failed.
   20600  war.began              from=249 to=396 name=Kyönyümyöüdyö
          └ Marched to war against Ňǐupīrụ́lǐ.
   20609  succession.crisis      name=Lǎlǒukò
          └ The royal line failed — an interregnum of rival claimants.
   20622  market.dearth          s=234 sName=Muissyudu
          └ Dearth in Muissyudu — bread at famine prices in the market.
   20625  settlement.founded     s=628 sName=Kùkú kind=crystallized
          └ Kùkú was founded.
   20625  settlement.founded     s=628 sName=Kùkú city=1
          └ The city of Kùkú arose.
   20625  settlement.founded     s=629 sName=Ìtlà city=1
          └ The city of Ìtlà arose.
   20626  settlement.abandoned   s=540 sName=Līütlàkò
          └ Līütlàkò was abandoned.
   20626  settlement.abandoned   s=571 sName=Hìutlà
          └ Hìutlà was abandoned.
   20626  settlement.abandoned   s=579 sName=Sùňtụ̌ị
          └ Sùňtụ̌ị was abandoned.
   20626  settlement.abandoned   s=587 sName=Kìthị̌
          └ Kìthị̌ was abandoned.
   20626  settlement.abandoned   s=591 sName=Sàlụ̄
          └ Sàlụ̄ was abandoned.
   20634  succession.crisis      name=Fị̀tlàlǐā
          └ The royal line failed — an interregnum of rival claimants.
   20634  succession.crisis      name=Pụ́tlàlǐ
          └ The royal line failed — an interregnum of rival claimants.
   20639  settlement.abandoned   s=482 sName=Hǐltù
          └ Hǐltù was abandoned.
   20639  settlement.abandoned   s=489 sName=Xụ́ltù
          └ Xụ́ltù was abandoned.
   20639  settlement.abandoned   s=499 sName=Lákú
          └ Lákú was abandoned.
   20639  settlement.abandoned   s=508 sName=Lǎlǒukò
          └ Lǎlǒukò was abandoned.
   20639  settlement.abandoned   s=527 sName=Lìkáịkò
          └ Lìkáịkò was abandoned.
   20639  settlement.abandoned   s=550 sName=Yúxkòu
          └ Yúxkòu was abandoned.
   20639  settlement.abandoned   s=558 sName=Lǎlpì
          └ Lǎlpì was abandoned.
   20639  settlement.abandoned   s=565 sName=Xóutrụ̄ị
          └ Xóutrụ̄ị was abandoned.
   20639  settlement.abandoned   s=575 sName=Lāfpù
          └ Lāfpù was abandoned.
   20639  settlement.abandoned   s=576 sName=Pụ̄sfá
          └ Pụ̄sfá was abandoned.
   20639  settlement.abandoned   s=578 sName=Nāxsī
          └ Nāxsī was abandoned.
   20639  settlement.abandoned   s=586 sName=Fị̀lpì
          └ Fị̀lpì was abandoned.
   20639  settlement.abandoned   s=590 sName=Ngáịffí
          └ Ngáịffí was abandoned.
   20650  settlement.founded     s=633 sName=Xīụláị kind=crystallized
          └ Xīụláị was founded.
   20650  settlement.founded     s=633 sName=Xīụláị city=1
          └ The city of Xīụláị arose.
   20650  settlement.founded     s=634 sName=Pūkú city=1
          └ The city of Pūkú arose.
   20650  war.began              from=234 to=230 name=Muissyudusyus
          └ Renewed the old war against Tusmosituikysyusa.
   20650  war.began              from=285 to=534 name=Masmogyumasyus
          └ Marched to war against Simiusyu.
   20650  war.began              from=509 to=1 name=Nālhụ̌
          └ Marched to war against Ňěňní.
   20653  plague.outbreak        s=30 sName=Sogyoepa
          └ Plague broke out in Sogyoepa and swept through the realm.
   20659  succession.crisis      name=Lǎlǒukò
          └ The royal line failed — an interregnum of rival claimants.
   20662  market.dearth          s=50 sName=Fọ̄ịkfé
          └ Dearth in Fọ̄ịkfé — bread at famine prices in the market.
   20675  settlement.founded     s=647 sName=Tị̄lā kind=crystallized
          └ Tị̄lā was founded.
   20675  settlement.founded     s=647 sName=Tị̄lā city=1
          └ The city of Tị̄lā arose.
   20675  settlement.founded     s=648 sName=Fị́rpì city=1
          └ The city of Fị́rpì arose.
   20700  settlement.founded     s=658 sName=Lǎkā kind=crystallized
          └ Lǎkā was founded.
   20700  settlement.founded     s=658 sName=Lǎkā city=1
          └ The city of Lǎkā arose.
   20700  settlement.founded     s=659 sName=Ìppì city=1
          └ The city of Ìppì arose.
   20700  war.began              from=285 to=234 name=Masmogyumasyus
          └ Renewed the old war against Muissyudusyus.
   20700  war.ended              how=siegeLifted to=517 toName=Pụ́tlàlǐ name=Ňǐupīrụ́lǐ
          └ The war with Ňǐupīrụ́lǐ ended.
   20707  market.dearth          s=422 sName=Ňǐlkū
          └ Dearth in Ňǐlkū — bread at famine prices in the market.
   20725  settlement.founded     s=670 sName=Fǒkú kind=crystallized
          └ Fǒkú was founded.
   20725  settlement.founded     s=670 sName=Fǒkú city=1
          └ The city of Fǒkú arose.
   20725  settlement.founded     s=671 sName=Nālpù city=1
          └ The city of Nālpù arose.
   20737  market.dearth          s=416 sName=Fị̀tlà
          └ Dearth in Fị̀tlà — bread at famine prices in the market.
   20750  settlement.founded     s=680 sName=Pụ̀ffí kind=crystallized
          └ Pụ̀ffí was founded.
   20750  settlement.founded     s=680 sName=Pụ̀ffí city=1
          └ The city of Pụ̀ffí arose.
   20750  settlement.founded     s=681 sName=Lìkò city=1
          └ The city of Lìkò arose.
   20750  war.began              from=52 to=508 name=Tị̄lākú
          └ Marched to war against Lǎlǒukò as the succession failed.
   20750  war.began              from=509 to=396 name=Nālhụ̌
          └ Marched to war against Ňǐupīrụ́lǐ.
   20750  war.ended              how=faded to=419 toName=Fòuňtụ̌ị name=Ňěňní
          └ The war with Ňěňní ended.
   20750  war.ended              how=faded to=52 toName=Tị̄lākú name=Fọ̄ịkfélěā
          └ The war with Fọ̄ịkfélěā ended; some 16 soldiers never came home.
   20750  war.ended              how=faded to=230 toName=Tusmosituikysyusa name=Tị̀pị̌rụ́
          └ The war with Tị̀pị̌rụ́ ended; some 34 soldiers never came home.
   20750  war.ended              how=faded to=285 toName=Masmogyumasyus name=Oponpasyusa
          └ The war with Oponpasyusa ended; some 33 soldiers never came home.
   20759  succession.crisis      name=Ňǐlkūlǐ
          └ The royal line failed — an interregnum of rival claimants.
   20759  succession.crisis      name=Lǎlǒukò
          └ The royal line failed — an interregnum of rival claimants.
   20768  market.dearth          s=361 sName=Hìstù
          └ Dearth in Hìstù — bread at famine prices in the market.
   20775  market.dearth          s=624 sName=Wùppà
          └ Dearth in Wùppà — bread at famine prices in the market.
   20775  settlement.founded     s=691 sName=Sǔtūkò kind=crystallized
          └ Sǔtūkò was founded.
   20775  settlement.founded     s=691 sName=Sǔtūkò city=1
          └ The city of Sǔtūkò arose.
   20775  settlement.founded     s=692 sName=Kíkò city=1
          └ The city of Kíkò arose.
   20800  settlement.founded     s=699 sName=Lǐfpúkò kind=crystallized
          └ Lǐfpúkò was founded.
   20800  settlement.founded     s=699 sName=Lǐfpúkò city=1
          └ The city of Lǐfpúkò arose.
   20800  settlement.founded     s=700 sName=Kóxkòu city=1
          └ The city of Kóxkòu arose.
   20800  war.ended              how=faded to=419 toName=Fòuňtụ̌ị name=Tǔxàịlǐā
          └ The war with Tǔxàịlǐā ended.
   20800  war.ended              how=faded to=416 toName=Fị̀tlàlǐā name=Ňěňní
          └ The war with Ňěňní ended.
   20800  war.ended              how=faded to=416 toName=Fị̀tlàlǐā name=Tị̄lākú
          └ The war with Tị̄lākú ended.
   20800  polity.submitted       how=capitulation to=249 toName=Kyönyümyöüdyö name=Ňǐupīrụ́lǐ
          └ Beaten in the field, the court of Ňǐupīrụ́lǐ bent the knee to Kyönyümyöüdyö — a client crown under the conqueror's peace.
   20800  war.ended              how=truce to=509 toName=Nālhụ̌ name=Ňǐupīrụ́lǐ
          └ The war with Ňǐupīrụ́lǐ ended.
   20800  war.indemnity          to=509 toName=Nālhụ̌ name=Ňǐupīrụ́lǐ
          └ Ňǐupīrụ́lǐ paid a heavy indemnity to Nālhụ̌ at the peace.
   20800  polity.shattered       s=230 sName=Tusmosituiky to=234 toName=Muissyudusyus
          └ Its capital Tusmosituiky fell to Muissyudusyus — the realm collapsed.
   20800  polity.ended           how=conquest byName=Muissyudusyus name=Tusmosituikysyusa
          └ Fell to Muissyudusyus and was erased from the map.
   20804  settlement.dissolved   s=396 why=core sName=Ňǐupīrụ́
          └ Ňǐupīrụ́ faded back into the countryside.
   20821  market.dearth          s=2 sName=Fùlpū
          └ Dearth in Fùlpū — bread at famine prices in the market.
   20825  settlement.founded     s=707 sName=Wùtlà kind=crystallized
          └ Wùtlà was founded.
   20825  settlement.founded     s=707 sName=Wùtlà city=1
          └ The city of Wùtlà arose.
   20825  settlement.founded     s=708 sName=Ňǐlkū city=1
          └ The city of Ňǐlkū arose.
   20850  settlement.founded     s=715 sName=Tàịňnīkò kind=crystallized
          └ Tàịňnīkò was founded.
   20850  settlement.founded     s=715 sName=Tàịňnīkò city=1
          └ The city of Tàịňnīkò arose.
   20850  settlement.founded     s=716 sName=Lùkò city=1
          └ The city of Lùkò arose.
   20850  war.began              from=234 to=461 name=Muissyudusyus
          └ Marched to war against Ipimsisyua as the succession failed.
   20850  polity.shattered       s=217 sName=Tị̀pị̌rụ́ to=509 toName=Nālhụ̌
          └ Its capital Tị̀pị̌rụ́ fell to Nālhụ̌ — the realm collapsed.
   20850  polity.ended           how=conquest byName=Nālhụ̌ name=Ňěňní
          └ Fell to Nālhụ̌ and was erased from the map.
   20850  war.ended              how=siegeLifted to=509 toName=Nālhụ̌ name=Lǎlǒukò
          └ The war with Lǎlǒukò ended.
   20875  settlement.founded     s=720 sName=Hóuňní kind=crystallized
          └ Hóuňní was founded.
   20875  settlement.founded     s=720 sName=Hóuňní city=1
          └ The city of Hóuňní arose.
   20875  settlement.founded     s=721 sName=Hǔppì city=1
          └ The city of Hǔppì arose.
   20881  market.dearth          s=230 sName=Tusmosituiky
          └ Dearth in Tusmosituiky — bread at famine prices in the market.
   20887  polity.submitted       how=union to=234 toName=Muissyudusyus name=Ommobuimmoesyusa
          └ In the troubles of the succession, the court of Ommobuimmoesyusa joined its crown to Muissyudusyus — one senior throne, two realms.
   20887  polity.seceded         from=285 fromName=Masmogyumasyus
          └ Broke away from Masmogyumasyus in a war of secession.
   20887  polity.seceded         from=508 fromName=Lǎlǒukò
          └ Broke away from Lǎlǒukò in a war of secession.
   20887  polity.ended           how=dissolved name=Ňǐupīrụ́lǐ
          └ Dissolved — its last cities scattered or fell silent.
   20896  slave.revolt           s=2 sName=Fùlpū
          └ The unfree of Fùlpū rose in revolt, and the labour was lost.
   20900  settlement.founded     s=725 sName=Xòuffí kind=crystallized
          └ Xòuffí was founded.
   20900  settlement.founded     s=725 sName=Xòuffí city=1
          └ The city of Xòuffí arose.
   20900  settlement.founded     s=726 sName=Pụ̀pàkú city=1
          └ The city of Pụ̀pàkú arose.
   20900  war.began              from=348 to=285 name=Masmogyuma
          └ Renewed the old war against Masmogyumasyus.
   20900  war.began              from=534 to=285 name=Simiusyu
          └ Marched to war against Masmogyumasyus.
   20900  war.began              from=234 to=285 name=Muissyudusyus
          └ Marched to war against Masmogyumasyus under the banner of the faith.
   20900  war.began              from=234 to=348 name=Muissyudusyus
          └ Marched to war against Masmogyuma under the banner of the faith.
   20900  war.began              from=517 to=379 name=Pụ́tlàlǐ
          └ Marched to war against Kìlňàlǐ.
   20900  war.began              from=249 to=379 name=Kyönyümyöüdyö
          └ Marched to war against Kìlňàlǐ.
   20900  war.ended              how=siegeLifted to=517 toName=Pụ́tlàlǐ name=Muissyudusyus
          └ The war with Muissyudusyus ended.
   20900  war.ended              how=siegeLifted to=517 toName=Pụ́tlàlǐ name=Kyönyümyöüdyö
          └ The war with Kyönyümyöüdyö ended.
   20900  war.indemnity          to=249 toName=Kyönyümyöüdyö name=Pụ́tlàlǐ
          └ Pụ́tlàlǐ paid a heavy indemnity to Kyönyümyöüdyö at the peace.
   20925  settlement.founded     s=733 sName=Pụ́ňlì kind=crystallized
          └ Pụ́ňlì was founded.
   20925  settlement.founded     s=733 sName=Pụ́ňlì city=1
          └ The city of Pụ́ňlì arose.
   20925  settlement.founded     s=734 sName=Pụ́ppì city=1
          └ The city of Pụ́ppì arose.
   20950  settlement.founded     s=738 sName=Tụ̌ịkò kind=crystallized
          └ Tụ̌ịkò was founded.
   20950  settlement.founded     s=738 sName=Tụ̌ịkò city=1
          └ The city of Tụ̌ịkò arose.
   20950  settlement.founded     s=739 sName=Xóulpù city=1
          └ The city of Xóulpù arose.
   20950  war.began              from=379 to=508 name=Kìlňàlǐ
          └ Marched to war against Lǎlǒukò as the succession failed.
   20950  war.began              from=52 to=379 name=Tị̄lākú
          └ Marched to war against Kìlňàlǐ.
   20950  war.ended              how=faded to=239 toName=Kǎňtụ̀ịkòlǐā name=Fùlpū
          └ The war with Fùlpū ended; some 10 soldiers never came home.
   20975  settlement.founded     s=743 sName=Xòunpíü kind=crystallized
          └ Xòunpíü was founded.
   20975  settlement.founded     s=743 sName=Xòunpíü city=1
          └ The city of Xòunpíü arose.
   20975  settlement.founded     s=744 sName=Hụ̌kú city=1
          └ The city of Hụ̌kú arose.
   21000  plague.outbreak        s=488 sName=Rimopuikyu
          └ Plague broke out in Rimopuikyu and swept through the realm.
   21000  settlement.founded     s=747 sName=Írtụ̌ị kind=crystallized
          └ Írtụ̌ị was founded.
   21000  settlement.founded     s=747 sName=Írtụ̌ị city=1
          └ The city of Írtụ̌ị arose.
   21000  settlement.founded     s=748 sName=Xákókú city=1
          └ The city of Xákókú arose.
   21000  war.began              from=379 to=52 name=Kìlňàlǐ
          └ Marched to war against Tị̄lākú.
   21000  war.began              from=52 to=316 name=Tị̄lākú
          └ Renewed the old war against Tǔxàị.
   21000  war.ended              how=faded to=232 toName=Tǔxàịlǐā name=Ňěňní
          └ The war with Ňěňní ended; some 28 soldiers never came home.
   21000  war.ended              how=faded to=419 toName=Fòuňtụ̌ị name=Tị̀pị̌rụ́
          └ The war with Tị̀pị̌rụ́ ended; some 39 soldiers never came home.
   21000  war.ended              how=faded to=348 toName=Masmogyuma name=Tosmomoi
          └ The war with Tosmomoi ended; some 34 soldiers never came home.
   21025  settlement.founded     s=750 sName=Lá kind=crystallized
          └ Lá was founded.
   21025  settlement.founded     s=750 sName=Lá city=1
          └ The city of Lá arose.
   21026  market.dearth          s=166 sName=Tosmomoi
          └ Dearth in Tosmomoi — bread at famine prices in the market.
   21037  polity.seceded         from=517 fromName=Pụ́tlàlǐ
          └ Broke away from Pụ́tlàlǐ in a war of secession.
   21037  polity.seceded         from=422 fromName=Ňǐlkūlǐ
          └ Broke away from Ňǐlkūlǐ in a war of secession.
   21037  polity.seceded         from=508 fromName=Lǎlǒukò
          └ Broke away from Lǎlǒukò in a war of secession.
   21050  market.dearth          s=379 sName=Kìlňà
          └ Dearth in Kìlňà — bread at famine prices in the market.
   21050  settlement.founded     s=754 sName=Kóptàị kind=crystallized
          └ Kóptàị was founded.
   21050  settlement.founded     s=754 sName=Kóptàị city=1
          └ The city of Kóptàị arose.
   21050  war.began              from=517 to=526 name=Pụ́tlàlǐ
          └ Marched to war against Masmogyumasyu.
   21050  war.began              from=508 to=680 name=Lǎlǒukò
          └ Marched to war against Pụ̀ffílǐā.
   21050  war.began              from=285 to=539 name=Masmogyumasyus
          └ Marched to war against Sismobimgyi.
   21050  war.began              from=234 to=539 name=Muissyudusyus
          └ Marched to war against Sismobimgyi.
   21050  war.began              from=234 to=149 name=Muissyudusyus
          └ Marched to war against Tipyungghugha.
   21050  war.ended              how=siegeLifted to=348 toName=Masmogyuma name=Masmogyumasyus
          └ The war with Masmogyumasyus ended.
   21050  war.indemnity          to=348 toName=Masmogyuma name=Masmogyumasyus
          └ Masmogyumasyus paid a heavy indemnity to Masmogyuma at the peace.
   21075  settlement.founded     s=758 sName=Rákú kind=crystallized
          └ Rákú was founded.
   21075  settlement.founded     s=758 sName=Rákú city=1
          └ The city of Rákú arose.
   21100  settlement.founded     s=759 sName=Píkfì kind=crystallized
          └ Píkfì was founded.
   21100  settlement.founded     s=759 sName=Píkfì city=1
          └ The city of Píkfì arose.
   21100  war.began              from=526 to=348 name=Masmogyumasyu
          └ Marched to war against Masmogyuma.
   21100  war.began              from=348 to=526 name=Masmogyuma
          └ Marched to war against Masmogyumasyu.
   21100  war.ended              how=truce to=539 toName=Sismobimgyi name=Muissyudusyus
          └ The war with Muissyudusyus ended.
   21100  war.indemnity          to=539 toName=Sismobimgyi name=Muissyudusyus
          └ Muissyudusyus paid a heavy indemnity to Sismobimgyi at the peace.
   21100  war.ended              how=truce to=234 toName=Muissyudusyus name=Tipyungghugha
          └ The war with Tipyungghugha ended.
   21100  war.indemnity          to=149 toName=Tipyungghugha name=Muissyudusyus
          └ Muissyudusyus paid a heavy indemnity to Tipyungghugha at the peace.
   21100  war.ended              how=truce to=461 toName=Ipimsisyua name=Muissyudusyus
          └ The war with Muissyudusyus ended.
   21100  war.indemnity          to=461 toName=Ipimsisyua name=Muissyudusyus
          └ Muissyudusyus paid a heavy indemnity to Ipimsisyua at the peace.
   21100  war.ended              how=truce to=539 toName=Sismobimgyi name=Masmogyumasyus
          └ The war with Masmogyumasyus ended.
   21100  war.indemnity          to=539 toName=Sismobimgyi name=Masmogyumasyus
          └ Masmogyumasyus paid a heavy indemnity to Sismobimgyi at the peace.
   21111  market.dearth          s=285 sName=Masmogyuma
          └ Dearth in Masmogyuma — bread at famine prices in the market.
   21120  settlement.founded     s=760 sName=Pi kind=planted
          └ Pi was founded.
   21120  town.planted           s=760 sName=Pi
          └ The crown planted Pi to hold the march.
   21134  succession.crisis      name=Simiusyu
          └ The royal line failed — an interregnum of rival claimants.
   21150  war.began              from=316 to=680 name=Tǔxàị
          └ Marched to war against Pụ̀ffílǐā.
   21168  settlement.lapsed      s=760 sName=Pi from=526 fromName=Masmogyumasyu
          └ Pi slipped free of Masmogyumasyu.
   21168  polity.receded         s=760 n=1 sName=Pi name=Masmogyumasyu
          └ The grip of Masmogyumasyu failed, and the marches beyond Pi were left to their own devices.
   21169  market.dearth          s=680 sName=Pụ̀ffí
          └ Dearth in Pụ̀ffí — bread at famine prices in the market.
   21173  market.dearth          s=1 sName=Ňěňní
          └ Dearth in Ňěňní — bread at famine prices in the market.
   21187  polity.seceded         from=517 fromName=Pụ́tlàlǐ
          └ Broke away from Pụ́tlàlǐ in a war of secession.
   21187  polity.seceded         from=379 fromName=Kìlňàlǐ
          └ Broke away from Kìlňàlǐ in a war of secession.
   21187  polity.seceded         from=508 fromName=Lǎlǒukò
          └ Broke away from Lǎlǒukò in a war of secession.
   21187  polity.ended           how=dissolved name=Hìstùlǐā
          └ Dissolved — its last cities scattered or fell silent.
   21194  settlement.abandoned   s=70 sName=Oponpa
          └ Oponpa was abandoned.
   21198  settlement.abandoned   s=507 sName=Pumpunsudu
          └ Pumpunsudu was abandoned.
   21198  settlement.abandoned   s=516 sName=Imosismuiba
          └ Imosismuiba was abandoned.
   21200  war.began              from=509 to=2 name=Nālhụ̌
          └ Marched to war against Fùlpū.
   21200  war.began              from=52 to=2 name=Tị̄lākú
          └ Marched to war against Fùlpū.
   21219  settlement.abandoned   s=488 sName=Rimopuikyu
          └ Rimopuikyu was abandoned.
   21219  settlement.abandoned   s=498 sName=Tisuimiu
          └ Tisuimiu was abandoned.
   21225  settlement.founded     s=769 sName=Bummoti kind=crystallized
          └ Bummoti was founded.
   21225  settlement.founded     s=769 sName=Bummoti city=1
          └ The city of Bummoti arose.
   21250  settlement.founded     s=771 sName=Tugyumu kind=crystallized
          └ Tugyumu was founded.
   21250  settlement.founded     s=771 sName=Tugyumu city=1
          └ The city of Tugyumu arose.
   21250  war.began              from=517 to=422 name=Pụ́tlàlǐ
          └ Marched to war against Ňǐlkūlǐ.
   21250  war.began              from=509 to=691 name=Nālhụ̌
          └ Marched to war against Sǔtūkòlǐ.
   21264  settlement.tier        s=534 sName=Simiu
          └ Simiu grew into a town (2,000 souls).
   21275  settlement.founded     s=772 sName=Rimotisui kind=crystallized
          └ Rimotisui was founded.
   21275  settlement.founded     s=772 sName=Rimotisui city=1
          └ The city of Rimotisui arose.
   21312  settlement.lapsed      s=534 sName=Simiu from=534 fromName=Simiusyu
          └ Simiu slipped free of Simiusyu.
   21312  polity.receded         s=534 n=1 sName=Simiu name=Simiusyu
          └ The grip of Simiusyu failed, and the marches beyond Simiu were left to their own devices.
   21312  polity.founded         how=frontier from=-1 name=Pisyua
          └ Pi declared itself a sovereign realm.
   21337  polity.seceded         from=534 fromName=Simiusyu
          └ Broke away from Simiusyu in a war of secession.
   21337  settlement.annexed     s=143 sName=Ommobuimmoe from=143 fromName=Ommobuimmoesyusa to=526 toName=Masmogyumasyu
          └ Peacefully absorbed Ommobuimmoe from Ommobuimmoesyusa.
   21337  settlement.annexed     s=30 sName=Sogyoepa from=30 fromName=Sogyoepasyus to=526 toName=Masmogyumasyu
          └ Peacefully absorbed Sogyoepa from Sogyoepasyus.
   21337  polity.ended           how=dissolved name=Sogyoepasyus
          └ Dissolved — its last cities scattered or fell silent.
   21337  polity.ended           how=dissolved name=Ommobuimmoesyusa
          └ Dissolved — its last cities scattered or fell silent.
   21350  war.began              from=526 to=534 name=Masmogyumasyu
          └ Marched to war against Simiusyu as the succession failed.
   21350  war.began              from=260 to=534 name=Piu
          └ Marched to war against Simiusyu as the succession failed.
   21350  war.began              from=643 to=534 name=Phityuvy
          └ Marched to war against Simiusyu as the succession failed.
   21350  war.began              from=149 to=534 name=Tipyungghugha
          └ Marched to war against Simiusyu as the succession failed.
   21350  war.began              from=196 to=534 name=Lákúlǐā
          └ Marched to war against Simiusyu as the succession failed.
   21350  war.began              from=234 to=534 name=Muissyudusyus
          └ Marched to war against Simiusyu as the succession failed.
   21350  war.began              from=325 to=534 name=Tyizuvghugha
          └ Marched to war against Simiusyu as the succession failed.
   21350  war.began              from=328 to=534 name=Yaedinaasokhio
          └ Marched to war against Simiusyu as the succession failed.
   21350  war.began              from=447 to=534 name=Píụịtārụ̄ị
          └ Marched to war against Simiusyu as the succession failed.
   21350  war.began              from=462 to=534 name=Tyimunyyghugha
          └ Marched to war against Simiusyu as the succession failed.
   21350  war.began              from=461 to=534 name=Ipimsisyua
          └ Marched to war against Simiusyu as the succession failed.
   21350  war.began              from=463 to=534 name=Lānlàlǐ
          └ Marched to war against Simiusyu as the succession failed.
   21350  war.began              from=554 to=534 name=Buzikhaekhi
          └ Marched to war against Simiusyu as the succession failed.
   21350  war.began              from=539 to=534 name=Sismobimgyi
          └ Marched to war against Simiusyu as the succession failed.
   21350  war.began              from=509 to=699 name=Nālhụ̌
          └ Marched to war against Lǐfpúkòlǐā.
   21350  war.began              from=52 to=726 name=Tị̄lākú
          └ Marched to war against Pụ̀pàkúlǐ.
   21350  war.began              from=249 to=726 name=Kyönyümyöüdyö
          └ Marched to war against Pụ̀pàkúlǐ.
   21350  war.began              from=526 to=474 name=Masmogyumasyu
          └ Marched to war against Nyyiuzittivghugh as the succession failed.
   21350  war.began              from=526 to=644 name=Masmogyumasyu
          └ Marched to war against Phiupyathput.
   21350  war.began              from=526 to=149 name=Masmogyumasyu
          └ Marched to war against Tipyungghugha.
   21350  war.began              from=526 to=461 name=Masmogyumasyu
          └ Marched to war against Ipimsisyua.
   21350  war.ended              how=faded to=481 toName=Yàị name=Yùffílǐ
          └ The war with Yùffílǐ ended.
   21350  polity.submitted       how=capitulation to=348 toName=Masmogyuma name=Simiusyu
          └ Beaten in the field, the court of Simiusyu bent the knee to Masmogyuma — a client crown under the conqueror's peace.
   21350  war.ended              how=truce to=643 toName=Phityuvy name=Simiusyu
          └ The war with Simiusyu ended.
   21350  war.indemnity          to=643 toName=Phityuvy name=Simiusyu
          └ Simiusyu paid a heavy indemnity to Phityuvy at the peace.
   21350  war.ended              how=truce to=534 toName=Simiusyu name=Masmogyumasyus
          └ The war with Masmogyumasyus ended.
   21350  war.indemnity          to=285 toName=Masmogyumasyus name=Simiusyu
          └ Simiusyu paid a heavy indemnity to Masmogyumasyus at the peace.
   21350  war.ended              how=truce to=534 toName=Simiusyu name=Masmogyumasyu
          └ The war with Masmogyumasyu ended.
   21350  war.indemnity          to=526 toName=Masmogyumasyu name=Simiusyu
          └ Simiusyu paid a heavy indemnity to Masmogyumasyu at the peace.
   21350  war.ended              how=truce to=534 toName=Simiusyu name=Piu
          └ The war with Piu ended.
   21350  war.indemnity          to=260 toName=Piu name=Simiusyu
          └ Simiusyu paid a heavy indemnity to Piu at the peace.
   21350  war.ended              how=truce to=534 toName=Simiusyu name=Tipyungghugha
          └ The war with Tipyungghugha ended.
   21350  war.indemnity          to=149 toName=Tipyungghugha name=Simiusyu
          └ Simiusyu paid a heavy indemnity to Tipyungghugha at the peace.
   21350  war.ended              how=truce to=534 toName=Simiusyu name=Lákúlǐā
          └ The war with Lákúlǐā ended.
   21350  war.indemnity          to=196 toName=Lákúlǐā name=Simiusyu
          └ Simiusyu paid a heavy indemnity to Lákúlǐā at the peace.
   21350  war.ended              how=truce to=534 toName=Simiusyu name=Muissyudusyus
          └ The war with Muissyudusyus ended.
   21350  war.indemnity          to=234 toName=Muissyudusyus name=Simiusyu
          └ Simiusyu paid a heavy indemnity to Muissyudusyus at the peace.
   21350  war.ended              how=truce to=534 toName=Simiusyu name=Tyizuvghugha
          └ The war with Tyizuvghugha ended.
   21350  war.indemnity          to=325 toName=Tyizuvghugha name=Simiusyu
          └ Simiusyu paid a heavy indemnity to Tyizuvghugha at the peace.
   21350  war.ended              how=truce to=534 toName=Simiusyu name=Yaedinaasokhio
          └ The war with Yaedinaasokhio ended.
   21350  war.indemnity          to=328 toName=Yaedinaasokhio name=Simiusyu
          └ Simiusyu paid a heavy indemnity to Yaedinaasokhio at the peace.
   21350  war.ended              how=truce to=534 toName=Simiusyu name=Píụịtārụ̄ị
          └ The war with Píụịtārụ̄ị ended.
   21350  war.indemnity          to=447 toName=Píụịtārụ̄ị name=Simiusyu
          └ Simiusyu paid a heavy indemnity to Píụịtārụ̄ị at the peace.
   21350  war.ended              how=truce to=534 toName=Simiusyu name=Tyimunyyghugha
          └ The war with Tyimunyyghugha ended.
   21350  war.indemnity          to=462 toName=Tyimunyyghugha name=Simiusyu
          └ Simiusyu paid a heavy indemnity to Tyimunyyghugha at the peace.
   21350  war.ended              how=truce to=534 toName=Simiusyu name=Ipimsisyua
          └ The war with Ipimsisyua ended.
   21350  war.ended              how=truce to=534 toName=Simiusyu name=Lānlàlǐ
          └ The war with Lānlàlǐ ended.
   21350  war.indemnity          to=463 toName=Lānlàlǐ name=Simiusyu
          └ Simiusyu paid a heavy indemnity to Lānlàlǐ at the peace.
   21350  war.ended              how=truce to=554 toName=Buzikhaekhi name=Simiusyu
          └ The war with Simiusyu ended.
   21350  war.indemnity          to=554 toName=Buzikhaekhi name=Simiusyu
          └ Simiusyu paid a heavy indemnity to Buzikhaekhi at the peace.
   21350  war.ended              how=truce to=539 toName=Sismobimgyi name=Simiusyu
          └ The war with Simiusyu ended.
   21350  war.indemnity          to=539 toName=Sismobimgyi name=Simiusyu
          └ Simiusyu paid a heavy indemnity to Sismobimgyi at the peace.
   21350  war.ended              how=truce to=526 toName=Masmogyumasyu name=Ipimsisyua
          └ The war with Ipimsisyua ended.
   21350  war.indemnity          to=526 toName=Masmogyumasyu name=Ipimsisyua
          └ Ipimsisyua paid a heavy indemnity to Masmogyumasyu at the peace.
   21350  war.ended              how=siegeLifted to=526 toName=Masmogyumasyu name=Masmogyuma
          └ The war with Masmogyuma ended.
   21400  war.began              from=509 to=726 name=Nālhụ̌
          └ Marched to war against Pụ̀pàkúlǐ.
   21450  war.began              from=699 to=422 name=Lǐfpúkòlǐā
          └ Marched to war against Ňǐlkūlǐ.
   21450  war.ended              how=faded to=518 toName=Hínglìlǐ name=Kètrọ̌ịlěā
          └ The war with Kètrọ̌ịlěā ended.
   21450  war.ended              how=faded to=518 toName=Hínglìlǐ name=Tị̄lākú
          └ The war with Tị̄lākú ended; some 2 soldiers never came home.
   21450  war.ended              how=faded to=518 toName=Hínglìlǐ name=Sị̀rụ́
          └ The war with Sị̀rụ́ ended.
   21457  settlement.tier        s=392 sName=Nị́nfǐu
          └ Nị́nfǐu grew into a metropolis (813,000 souls).
   21457  settlement.tier        s=726 sName=Pụ̀pàkú
          └ Pụ̀pàkú grew into a metropolis (1,012,000 souls).
   21459  market.dearth          s=30 sName=Sogyoepa
          └ Dearth in Sogyoepa — bread at famine prices in the market.
   21463  market.dearth          s=419 sName=Fòuňtụ̌ị
          └ Dearth in Fòuňtụ̌ị — bread at famine prices in the market.
   21487  polity.submitted       how=union to=750 toName=Lálǐā name=Tị̄lākú
          └ In the troubles of the succession, the court of Tị̄lākú joined its crown to Lálǐā — one senior throne, two realms.
   21487  polity.seceded         from=526 fromName=Masmogyumasyu
          └ Broke away from Masmogyumasyu in a war of secession.
   21487  polity.seceded         from=422 fromName=Ňǐlkūlǐ
          └ Broke away from Ňǐlkūlǐ in a war of secession.
   21487  settlement.annexed     s=30 sName=Sogyoepa from=526 fromName=Masmogyumasyu to=534 toName=Simiusyu
          └ Peacefully absorbed Sogyoepa from Masmogyumasyu.
   21500  war.began              from=285 to=526 name=Masmogyumasyus
          └ Marched to war against Masmogyumasyu.
   21500  war.began              from=196 to=526 name=Lákúlǐā
          └ Marched to war against Masmogyumasyu.
   21500  war.began              from=539 to=526 name=Sismobimgyi
          └ Marched to war against Masmogyumasyu.
   21500  war.began              from=508 to=750 name=Lǎlǒukò
          └ Marched to war against Lálǐā.
   21500  war.began              from=2 to=249 name=Fùlpū
          └ Marched to war against Kyönyümyöüdyö.
   21500  war.began              from=379 to=249 name=Kìlňàlǐ
          └ Marched to war against Kyönyümyöüdyö.
   21500  war.ended              how=faded to=285 toName=Masmogyumasyus name=Ommobuimmoesyusa
          └ The war with Ommobuimmoesyusa ended; some 2 soldiers never came home.
   21500  war.ended              how=faded to=518 toName=Hínglìlǐ name=Lǐfpúkò
          └ The war with Lǐfpúkò ended; some 8 soldiers never came home.
   21500  war.ended              how=faded to=525 toName=Tǎňtụ̌ịlǐā name=Yùffílǐ
          └ The war with Yùffílǐ ended; some 36 soldiers never came home.
   21500  war.ended              how=siegeLifted to=526 toName=Masmogyumasyu name=Pụ́tlàlǐ
          └ The war with Pụ́tlàlǐ ended.
   21534  succession.crisis      name=Lǐfpúkòlǐā
          └ The royal line failed — an interregnum of rival claimants.
   21550  war.began              from=517 to=760 name=Pụ́tlàlǐ
          └ Marched to war against Pisyua.
   21550  war.began              from=750 to=508 name=Lálǐā
          └ Marched to war against Lǎlǒukò.
   21550  war.began              from=589 to=526 name=Phiupyathghugh
          └ Marched to war against Masmogyumasyu.
   21600  settlement.founded     s=802 sName=Fị̀ptàị kind=planted
          └ Fị̀ptàị was founded.
   21600  town.planted           s=802 sName=Fị̀ptàị
          └ The crown planted Fị̀ptàị to hold the march.
   21600  war.began              from=508 to=691 name=Lǎlǒukò
          └ Marched to war against Sǔtūkòlǐ.
   21600  war.began              from=52 to=691 name=Tị̄lākú
          └ Marched to war against Sǔtūkòlǐ.
   21600  war.began              from=196 to=234 name=Lákúlǐā
          └ Marched to war against Muissyudusyus.
   21601  market.dearth          s=143 sName=Ommobuimmoe
          └ Dearth in Ommobuimmoe — bread at famine prices in the market.
   21602  market.dearth          s=361 sName=Hìstù
          └ Dearth in Hìstù — bread at famine prices in the market.
   21609  market.dearth          s=624 sName=Wùppà
          └ Dearth in Wùppà — bread at famine prices in the market.
   21621  market.dearth          s=750 sName=Lá
          └ Dearth in Lá — bread at famine prices in the market.
   21637  polity.submitted       how=submission to=408 toName=Yùffílǐ name=Fōnfǐu
          └ Facing hopeless odds, the court of Fōnfǐu bowed to Yùffílǐ — keeping its throne at the price of tribute.
   21637  polity.submitted       how=union to=422 toName=Ňǐlkūlǐ name=Pụ̀pàkúlǐ
          └ In the troubles of the succession, the court of Pụ̀pàkúlǐ joined its crown to Ňǐlkūlǐ — one senior throne, two realms.
   21637  polity.seceded         from=2 fromName=Fùlpū
          └ Broke away from Fùlpū in a war of secession.
   21637  settlement.annexed     s=408 sName=Yùffí from=408 fromName=Yùffílǐ to=530 toName=Fípǎị
          └ Peacefully absorbed Yùffí from Yùffílǐ.
   21637  settlement.annexed     s=379 sName=Kìlňà from=392 fromName=Nị́nfǐu to=750 toName=Lálǐā
          └ Peacefully absorbed Kìlňà from Nị́nfǐu.
   21650  war.began              from=348 to=234 name=Masmogyuma
          └ Marched to war against Muissyudusyus under the banner of the faith.
   21650  war.began              from=526 to=234 name=Masmogyumasyu
          └ Marched to war against Muissyudusyus.
   21650  war.began              from=463 to=234 name=Lānlàlǐ
          └ Marched to war against Muissyudusyus.
   21650  war.began              from=285 to=760 name=Masmogyumasyus
          └ Marched to war against Pisyua.
   21650  war.began              from=260 to=760 name=Piu
          └ Marched to war against Pisyua.
   21650  war.began              from=589 to=760 name=Phiupyathghugh
          └ Marched to war against Pisyua.
   21650  war.began              from=526 to=760 name=Masmogyumasyu
          └ Marched to war against Pisyua.
   21650  war.began              from=149 to=760 name=Tipyungghugha
          └ Marched to war against Pisyua.
   21650  war.began              from=196 to=760 name=Lákúlǐā
          └ Marched to war against Pisyua.
   21650  war.began              from=234 to=760 name=Muissyudusyus
          └ Marched to war against Pisyua.
   21650  war.began              from=325 to=760 name=Tyizuvghugha
          └ Marched to war against Pisyua.
   21650  war.began              from=328 to=760 name=Yaedinaasokhio
          └ Marched to war against Pisyua.
   21650  war.began              from=447 to=760 name=Píụịtārụ̄ị
          └ Marched to war against Pisyua.
   21650  war.began              from=462 to=760 name=Tyimunyyghugha
          └ Marched to war against Pisyua.
   21650  war.began              from=474 to=760 name=Nyyiuzittivghugh
          └ Marched to war against Pisyua.
   21650  war.began              from=463 to=760 name=Lānlàlǐ
          └ Marched to war against Pisyua.
   21650  war.began              from=554 to=760 name=Buzikhaekhi
          └ Marched to war against Pisyua.
   21650  war.began              from=539 to=760 name=Sismobimgyi
          └ Marched to war against Pisyua.
   21650  war.began              from=392 to=691 name=Nị́nfǐu
          └ Marched to war against Sǔtūkòlǐ.
   21650  war.began              from=509 to=392 name=Nālhụ̌
          └ Marched to war against Nị́nfǐu.
   21650  war.began              from=508 to=249 name=Lǎlǒukò
          └ Marched to war against Kyönyümyöüdyö.
   21650  war.began              from=285 to=763 name=Masmogyumasyus
          └ Marched to war against Sismodusyua.
   21650  war.began              from=526 to=763 name=Masmogyumasyu
          └ Marched to war against Sismodusyua.
   21650  war.began              from=234 to=763 name=Muissyudusyus
          └ Marched to war against Sismodusyua.
   21650  war.began              from=285 to=774 name=Masmogyumasyus
          └ Marched to war against Soshafiu.
   21650  war.ended              how=truce to=760 toName=Pisyua name=Muissyudusyus
          └ The war with Muissyudusyus ended.
   21650  war.ended              how=truce to=763 toName=Sismodusyua name=Muissyudusyus
          └ The war with Muissyudusyus ended.
   21650  war.ended              how=truce to=526 toName=Masmogyumasyu name=Muissyudusyus
          └ The war with Muissyudusyus ended.
   21650  war.ended              how=truce to=234 toName=Muissyudusyus name=Lákúlǐā
          └ The war with Lákúlǐā ended.
   21650  war.ended              how=truce to=760 toName=Pisyua name=Pụ́tlàlǐ
          └ The war with Pụ́tlàlǐ ended.
   21650  war.ended              how=truce to=760 toName=Pisyua name=Masmogyumasyus
          └ The war with Masmogyumasyus ended.
   21650  war.ended              how=truce to=760 toName=Pisyua name=Piu
          └ The war with Piu ended.
   21650  war.ended              how=truce to=760 toName=Pisyua name=Phiupyathghugh
          └ The war with Phiupyathghugh ended.
   21650  war.ended              how=truce to=760 toName=Pisyua name=Masmogyumasyu
          └ The war with Masmogyumasyu ended.
   21650  war.ended              how=truce to=760 toName=Pisyua name=Tipyungghugha
          └ The war with Tipyungghugha ended.
   21650  war.ended              how=truce to=760 toName=Pisyua name=Lákúlǐā
          └ The war with Lákúlǐā ended.
   21650  war.ended              how=truce to=760 toName=Pisyua name=Tyizuvghugha
          └ The war with Tyizuvghugha ended.
   21650  war.ended              how=truce to=760 toName=Pisyua name=Yaedinaasokhio
          └ The war with Yaedinaasokhio ended.
   21650  war.ended              how=truce to=760 toName=Pisyua name=Píụịtārụ̄ị
          └ The war with Píụịtārụ̄ị ended.
   21650  war.ended              how=truce to=760 toName=Pisyua name=Tyimunyyghugha
          └ The war with Tyimunyyghugha ended.
   21650  war.ended              how=truce to=760 toName=Pisyua name=Nyyiuzittivghugh
          └ The war with Nyyiuzittivghugh ended.
   21650  war.ended              how=truce to=760 toName=Pisyua name=Lānlàlǐ
          └ The war with Lānlàlǐ ended.
   21650  war.ended              how=truce to=760 toName=Pisyua name=Buzikhaekhi
          └ The war with Buzikhaekhi ended.
   21650  war.ended              how=truce to=760 toName=Pisyua name=Sismobimgyi
          └ The war with Sismobimgyi ended.
   21650  polity.submitted       how=capitulation to=447 toName=Píụịtārụ̄ị name=Pisyua
          └ Beaten in the field, the court of Pisyua bent the knee to Píụịtārụ̄ị — a client crown under the conqueror's peace.
   21695  settlement.dissolved   s=505 why=core sName=Lárụ́
          └ Lárụ́ faded back into the countryside.
   21700  war.began              from=530 to=760 name=Fípǎị
          └ Marched to war against Pisyua.
   21700  war.ended              how=truce to=760 toName=Pisyua name=Fípǎị
          └ The war with Fípǎị ended.
   21700  polity.submitted       how=capitulation to=285 toName=Masmogyumasyus name=Sismodusyua
          └ Beaten in the field, the court of Sismodusyua bent the knee to Masmogyumasyus — a client crown under the conqueror's peace.
   21700  war.ended              how=truce to=763 toName=Sismodusyua name=Masmogyumasyu
          └ The war with Masmogyumasyu ended.
   21700  polity.shattered       s=691 sName=Sǔtūkò to=508 toName=Lǎlǒukò
          └ Its capital Sǔtūkò fell to Lǎlǒukò — the realm collapsed.
   21700  polity.ended           how=conquest byName=Lǎlǒukò name=Sǔtūkòlǐ
          └ Fell to Lǎlǒukò and was erased from the map.
   21700  war.ended              how=sackedIntoTribute to=691 toName=Sǔtūkòlǐ name=Tị̄lākú
          └ The war with Tị̄lākú ended.
   21700  polity.submitted       how=sackedIntoTribute to=52 toName=Tị̄lākú name=Sǔtūkòlǐ
          └ Facing hopeless odds, the court of Sǔtūkòlǐ bowed to Tị̄lākú — keeping its throne at the price of tribute.
   21705  settlement.dissolved   s=495 why=core sName=Násfá
          └ Násfá faded back into the countryside.
   21744  settlement.lapsed      s=802 sName=Fị̀ptàị from=508 fromName=Lǎlǒukò
          └ Fị̀ptàị slipped free of Lǎlǒukò.
   21744  polity.receded         s=802 n=1 sName=Fị̀ptàị name=Lǎlǒukò
          └ The grip of Lǎlǒukò failed, and the marches beyond Fị̀ptàị were left to their own devices.
   21744  polity.founded         how=frontier from=-1 name=Fị̀ptàịlǐ
          └ Fị̀ptàị declared itself a sovereign realm.
   21745  market.dearth          s=2 sName=Fùlpū
          └ Dearth in Fùlpū — bread at famine prices in the market.
   21745  market.dearth          s=230 sName=Tusmosituiky
          └ Dearth in Tusmosituiky — bread at famine prices in the market.
   21750  war.began              from=285 to=652 name=Masmogyumasyus
          └ Marched to war against Khuzunmufo.
   21750  war.began              from=526 to=652 name=Masmogyumasyu
          └ Marched to war against Khuzunmufo.
   21750  war.began              from=234 to=652 name=Muissyudusyus
          └ Marched to war against Khuzunmufo.
   21750  war.began              from=763 to=760 name=Sismodusyua
          └ Marched to war against Pisyua.
   21750  war.ended              how=faded to=422 toName=Ňǐlkūlǐ name=Fòuňtụ̌ị
          └ The war with Fòuňtụ̌ị ended; some 31 soldiers never came home.
   21750  war.ended              how=truce to=652 toName=Khuzunmufo name=Masmogyumasyu
          └ The war with Masmogyumasyu ended.
   21750  war.indemnity          to=652 toName=Khuzunmufo name=Masmogyumasyu
          └ Masmogyumasyu paid a heavy indemnity to Khuzunmufo at the peace.
   21750  war.ended              how=truce to=652 toName=Khuzunmufo name=Muissyudusyus
          └ The war with Muissyudusyus ended.
   21750  war.indemnity          to=652 toName=Khuzunmufo name=Muissyudusyus
          └ Muissyudusyus paid a heavy indemnity to Khuzunmufo at the peace.
   21750  war.ended              how=truce to=763 toName=Sismodusyua name=Pisyua
          └ The war with Pisyua ended.
   21787  polity.seceded         from=234 fromName=Muissyudusyus
          └ Broke away from Muissyudusyus in a war of secession.
   21800  war.began              from=285 to=234 name=Masmogyumasyus
          └ Renewed the old war against Muissyudusyus under the banner of the faith.
   21800  war.began              from=260 to=234 name=Piu
          └ Marched to war against Muissyudusyus under the banner of the faith.
   21800  war.began              from=325 to=234 name=Tyizuvghugha
          └ Marched to war against Muissyudusyus.
   21800  war.began              from=328 to=234 name=Yaedinaasokhio
          └ Marched to war against Muissyudusyus under the banner of the faith.
   21800  war.began              from=517 to=530 name=Pụ́tlàlǐ
          └ Marched to war against Fípǎị.
   21800  war.began              from=619 to=508 name=Fùlpūlǐ
          └ Marched to war against Lǎlǒukò.
   21800  war.began              from=619 to=249 name=Fùlpūlǐ
          └ Marched to war against Kyönyümyöüdyö.
   21800  polity.submitted       how=capitulation to=348 toName=Masmogyuma name=Muissyudusyus
          └ Beaten in the field, the court of Muissyudusyus bent the knee to Masmogyuma — a client crown under the conqueror's peace.
   21800  war.ended              how=truce to=285 toName=Masmogyumasyus name=Muissyudusyus
          └ The war with Muissyudusyus ended.
   21800  war.indemnity          to=285 toName=Masmogyumasyus name=Muissyudusyus
          └ Muissyudusyus paid a heavy indemnity to Masmogyumasyus at the peace.
   21800  war.ended              how=truce to=260 toName=Piu name=Muissyudusyus
          └ The war with Muissyudusyus ended.
   21800  war.indemnity          to=260 toName=Piu name=Muissyudusyus
          └ Muissyudusyus paid a heavy indemnity to Piu at the peace.
   21800  war.ended              how=truce to=325 toName=Tyizuvghugha name=Muissyudusyus
          └ The war with Muissyudusyus ended.
   21800  war.indemnity          to=325 toName=Tyizuvghugha name=Muissyudusyus
          └ Muissyudusyus paid a heavy indemnity to Tyizuvghugha at the peace.
   21800  war.ended              how=truce to=328 toName=Yaedinaasokhio name=Muissyudusyus
          └ The war with Muissyudusyus ended.
   21800  war.indemnity          to=328 toName=Yaedinaasokhio name=Muissyudusyus
          └ Muissyudusyus paid a heavy indemnity to Yaedinaasokhio at the peace.
   21800  war.ended              how=truce to=463 toName=Lānlàlǐ name=Muissyudusyus
          └ The war with Muissyudusyus ended.
   21800  war.indemnity          to=463 toName=Lānlàlǐ name=Muissyudusyus
          └ Muissyudusyus paid a heavy indemnity to Lānlàlǐ at the peace.
   21821  settlement.tier        s=624 sName=Wùppà
          └ Wùppà grew into a metropolis (770,000 souls).
   21847  settlement.dissolved   s=553 why=core sName=Lụ̌mrá
          └ Lụ̌mrá faded back into the countryside.
   21850  polity.shattered       s=239 sName=Kǎňtụ̀ịkò to=379 toName=Kìlňàlǐ
          └ Its capital Kǎňtụ̀ịkò fell to Kìlňàlǐ — the realm collapsed.
   21857  settlement.dissolved   s=543 why=core sName=Xóutlà
          └ Xóutlà faded back into the countryside.
   21860  market.dearth          s=166 sName=Tosmomoi
          └ Dearth in Tosmomoi — bread at famine prices in the market.
   21866  settlement.dissolved   s=534 why=core sName=Simiu
          └ Simiu faded back into the countryside.
   21874  settlement.dissolved   s=526 why=core sName=Pimomuissyu
          └ Pimomuissyu faded back into the countryside.
   21878  settlement.dissolved   s=522 why=core sName=Fòuttīu
          └ Fòuttīu faded back into the countryside.
   21884  market.dearth          s=379 sName=Kìlňà
          └ Dearth in Kìlňà — bread at famine prices in the market.
   21887  settlement.dissolved   s=513 why=core sName=Ngǎịkfí
          └ Ngǎịkfí faded back into the countryside.
   21900  settlement.founded     s=856 sName=Nipa kind=crystallized
          └ Nipa was founded.
   21900  settlement.founded     s=856 sName=Nipa city=1
          └ The city of Nipa arose.
   21900  settlement.founded     s=861 sName=Mǐupíükú city=1
          └ The city of Mǐupíükú arose.
   21900  settlement.founded     s=866 sName=Kátàkú city=1
          └ The city of Kátàkú arose.
   21900  war.began              from=760 to=802 name=Pisyua
          └ Marched to war against Fị̀ptàịlǐ.
   21900  war.began              from=530 to=802 name=Fípǎị
          └ Marched to war against Fị̀ptàịlǐ.
   21900  war.began              from=517 to=802 name=Pụ́tlàlǐ
          └ Marched to war against Fị̀ptàịlǐ.
   21900  war.began              from=619 to=802 name=Fùlpūlǐ
          └ Marched to war against Fị̀ptàịlǐ.
   21900  war.began              from=379 to=802 name=Kìlňàlǐ
          └ Marched to war against Fị̀ptàịlǐ.
   21900  war.began              from=242 to=802 name=Dyö'pimyxözödyö
          └ Marched to war against Fị̀ptàịlǐ.
   21900  war.began              from=508 to=726 name=Lǎlǒukò
          └ Marched to war against Pụ̀pàkúlǐ as the succession failed.
   21925  settlement.founded     s=868 sName=Ummobuimmiu kind=crystallized
          └ Ummobuimmiu was founded.
   21925  settlement.founded     s=868 sName=Ummobuimmiu city=1
          └ The city of Ummobuimmiu arose.
   21925  settlement.founded     s=870 sName=Lụ̀nlà city=1
          └ The city of Lụ̀nlà arose.
   21925  settlement.founded     s=873 sName=Lǎüpírụ́ city=1
          └ The city of Lǎüpírụ́ arose.
   21937  settlement.annexed     s=230 sName=Tusmosituiky from=234 fromName=Muissyudusyus to=348 toName=Masmogyuma
          └ Peacefully absorbed Tusmosituiky from Muissyudusyus.
   21937  settlement.annexed     s=856 sName=Nipa from=234 fromName=Muissyudusyus to=348 toName=Masmogyuma
          └ Peacefully absorbed Nipa from Muissyudusyus.
   21937  settlement.annexed     s=868 sName=Ummobuimmiu from=234 fromName=Muissyudusyus to=348 toName=Masmogyuma
          └ Peacefully absorbed Ummobuimmiu from Muissyudusyus.
   21937  polity.ended           how=integrated byName=Masmogyuma name=Muissyudusyus
          └ Dissolved — its last cities scattered or fell silent.
   21950  settlement.founded     s=876 sName=Làsfá city=1
          └ The city of Làsfá arose.
   21950  war.began              from=525 to=408 name=Tǎňtụ̌ịlǐā
          └ Marched to war against Yùffílǐ.
   21950  war.began              from=517 to=348 name=Pụ́tlàlǐ
          └ Marched to war against Masmogyuma under the banner of the faith.
   21950  war.began              from=348 to=517 name=Masmogyuma
          └ Marched to war against Pụ́tlàlǐ under the banner of the faith.
   21950  war.began              from=348 to=763 name=Masmogyuma
          └ Marched to war against Sismodusyua.
   21950  war.began              from=348 to=760 name=Masmogyuma
          └ Marched to war against Pisyua.
   21950  war.began              from=348 to=461 name=Masmogyuma
          └ Marched to war against Ipimsisyua as the succession failed.
   21950  war.ended              how=truce to=763 toName=Sismodusyua name=Masmogyuma
          └ The war with Masmogyuma ended.
   21950  war.ended              how=truce to=760 toName=Pisyua name=Masmogyuma
          └ The war with Masmogyuma ended.
   21950  war.indemnity          to=348 toName=Masmogyuma name=Pisyua
          └ Pisyua paid a heavy indemnity to Masmogyuma at the peace.
   22003  market.dearth          s=680 sName=Pụ̀ffí
          └ Dearth in Pụ̀ffí — bread at famine prices in the market.
   22004  settlement.dissolved   s=596 why=core sName=Xòufpù
          └ Xòufpù faded back into the countryside.
   22005  settlement.withered    s=600 sName=Hóuptàị
          └ Hóuptàị withered away and was abandoned.
   22005  settlement.dissolved   s=595 why=core sName=Līütlàkò
          └ Līütlàkò faded back into the countryside.
   22007  market.dearth          s=1 sName=Ňěňní
          └ Dearth in Ňěňní — bread at famine prices in the market.
   22021  settlement.abandoned   s=50 sName=Fọ̄ịkfé
          └ Fọ̄ịkfé was abandoned.
   22025  settlement.founded     s=891 sName=Umotisui kind=crystallized
          └ Umotisui was founded.
   22025  settlement.founded     s=891 sName=Umotisui city=1
          └ The city of Umotisui arose.
   22050  settlement.founded     s=895 sName=Xǒučfí kind=crystallized
          └ Xǒučfí was founded.
   22050  settlement.founded     s=895 sName=Xǒučfí city=1
          └ The city of Xǒučfí arose.
   22050  war.began              from=517 to=242 name=Pụ́tlàlǐ
          └ Marched to war against Dyö'pimyxözödyö as the succession failed.
   22050  war.ended              how=faded to=234 toName=Muissyudusyus name=Tusmosituikysyusa
          └ The war with Tusmosituikysyusa ended; some 50 soldiers never came home.
   22050  war.ended              how=faded to=509 toName=Nālhụ̌ name=Ňěňní
          └ The war with Ňěňní ended; some 82 soldiers never came home.
   22050  war.ended              how=truce to=802 toName=Fị̀ptàịlǐ name=Pụ́tlàlǐ
          └ The war with Pụ́tlàlǐ ended.
   22050  war.ended              how=truce to=802 toName=Fị̀ptàịlǐ name=Fùlpūlǐ
          └ The war with Fùlpūlǐ ended.
   22050  war.ended              how=truce to=802 toName=Fị̀ptàịlǐ name=Kìlňàlǐ
          └ The war with Kìlňàlǐ ended.
   22050  war.ended              how=truce to=802 toName=Fị̀ptàịlǐ name=Dyö'pimyxözödyö
          └ The war with Dyö'pimyxözödyö ended.
   22050  polity.submitted       how=capitulation to=242 toName=Dyö'pimyxözödyö name=Fị̀ptàịlǐ
          └ Beaten in the field, the court of Fị̀ptàịlǐ bent the knee to Dyö'pimyxözödyö — a client crown under the conqueror's peace.
   22062  settlement.abandoned   s=422 sName=Ňǐlkū
          └ Ňǐlkū was abandoned.
   22087  polity.seceded         from=285 fromName=Masmogyumasyus
          └ Broke away from Masmogyumasyus in a war of secession.
   22087  polity.seceded         from=379 fromName=Kìlňàlǐ
          └ Broke away from Kìlňàlǐ in a war of secession.
   22087  settlement.annexed     s=53 sName=Èňkū from=356 fromName=Kùkúlǐā to=726 toName=Pụ̀pàkúlǐ
          └ Peacefully absorbed Èňkū from Kùkúlǐā.
   22087  polity.ended           how=dissolved name=Fọ̄ịkfélěā
          └ Dissolved — its last cities scattered or fell silent.
   22087  polity.ended           how=dissolved name=Nị́nfǐu
          └ Dissolved — its last cities scattered or fell silent.
   22089  settlement.tier        s=680 sName=Pụ̀ffí
          └ Pụ̀ffí grew into a metropolis (707,000 souls).
   22090  settlement.tier        s=750 sName=Lá
          └ Lá grew into a metropolis (625,000 souls).
   22100  war.began              from=348 to=644 name=Masmogyuma
          └ Marched to war against Phiupyathput as the succession failed.
   22125  settlement.founded     s=904 sName=Lǎňlì kind=crystallized
          └ Lǎňlì was founded.
   22125  settlement.founded     s=904 sName=Lǎňlì city=1
          └ The city of Lǎňlì arose.
   22150  war.began              from=408 to=525 name=Yùffílǐ
          └ Renewed the old war against Tǎňtụ̌ịlǐā.
   22150  war.began              from=726 to=508 name=Pụ̀pàkúlǐ
          └ Marched to war against Lǎlǒukò.
   22150  war.began              from=348 to=774 name=Masmogyuma
          └ Marched to war against Soshafiu as the succession failed.
   22150  war.began              from=348 to=545 name=Masmogyuma
          └ Marched to war against Sitmotisui.
   22150  war.began              from=644 to=760 name=Phiupyathput
          └ Marched to war against Pisyua.
   22180  settlement.dissolved   s=620 why=core sName=Xūkóukú
          └ Xūkóukú faded back into the countryside.
   22181  settlement.dissolved   s=619 why=core sName=Hǔňní
          └ Hǔňní faded back into the countryside.
   22185  settlement.dissolved   s=615 why=core sName=Ìňní
          └ Ìňní faded back into the countryside.
   22188  settlement.dissolved   s=612 why=core sName=Ňīfpù
          └ Ňīfpù faded back into the countryside.
   22189  settlement.dissolved   s=611 why=core sName=Fóunlà
          └ Fóunlà faded back into the countryside.
   22193  settlement.dissolved   s=607 why=core sName=Xàrātụ̄ị
          └ Xàrātụ̄ị faded back into the countryside.
   22194  settlement.dissolved   s=606 why=core sName=Fị̀ppì
          └ Fị̀ppì faded back into the countryside.
   22196  settlement.dissolved   s=604 why=core sName=Fǒtrụ̄ị
          └ Fǒtrụ̄ị faded back into the countryside.
   22197  settlement.dissolved   s=603 why=core sName=Ūfūkò
          └ Ūfūkò faded back into the countryside.
   22199  settlement.dissolved   s=601 why=core sName=Sǎfǎrụ́
          └ Sǎfǎrụ́ faded back into the countryside.
   22200  plague.outbreak        s=568 sName=Tátị́rụ́
          └ Plague broke out in Tátị́rụ́ and swept through the realm.
   22200  plague.outbreak        s=598 sName=Lǎňtụ̌ị
          └ Plague broke out in Lǎňtụ̌ị and swept through the realm.
   22200  plague.outbreak        s=616 sName=Pụ̌myǎ
          └ Plague broke out in Pụ̌myǎ and swept through the realm.
   22200  plague.outbreak        s=624 sName=Wùppà
          └ Plague broke out in Wùppà and swept through the realm.
   22200  plague.outbreak        s=625 sName=Xìurụ́
          └ Plague broke out in Xìurụ́ and swept through the realm.
   22200  plague.outbreak        s=680 sName=Pụ̀ffí
          └ Plague broke out in Pụ̀ffí and swept through the realm.
   22200  plague.outbreak        s=699 sName=Lǐfpúkò
          └ Plague broke out in Lǐfpúkò and swept through the realm.
   22200  plague.outbreak        s=726 sName=Pụ̀pàkú
          └ Plague broke out in Pụ̀pàkú and swept through the realm.
   22200  plague.outbreak        s=734 sName=Pụ́ppì
          └ Plague broke out in Pụ́ppì and swept through the realm.
   22200  plague.outbreak        s=750 sName=Lá
          └ Plague broke out in Lá and swept through the realm.
   22200  plague.outbreak        s=760 sName=Pi
          └ Plague broke out in Pi and swept through the realm.
   22200  plague.outbreak        s=769 sName=Bummoti
          └ Plague broke out in Bummoti and swept through the realm.
   22200  plague.outbreak        s=772 sName=Rimotisui
          └ Plague broke out in Rimotisui and swept through the realm.
   22200  plague.outbreak        s=802 sName=Fị̀ptàị
          └ Plague broke out in Fị̀ptàị and swept through the realm.
   22200  plague.outbreak        s=856 sName=Nipa
          └ Plague broke out in Nipa and swept through the realm.
   22200  plague.virginSoil      s=802 sName=Fị̀ptàị mortality=0.91
          └ A pestilence unknown to Fị̀ptàị came ashore with the strangers, and they had no defence against it.
   22200  settlement.founded     s=914 sName=Fǒlňà city=1
          └ The city of Fǒlňà arose.
   22200  war.began              from=530 to=408 name=Fípǎị
          └ Renewed the old war against Yùffílǐ.
   22200  war.began              from=408 to=760 name=Yùffílǐ
          └ Marched to war against Pisyua.
   22200  war.began              from=508 to=680 name=Lǎlǒukò
          └ Renewed the old war against Pụ̀ffílǐā.
   22200  war.began              from=52 to=680 name=Tị̄lākú
          └ Marched to war against Pụ̀ffílǐā.
   22200  war.began              from=242 to=379 name=Dyö'pimyxözödyö
          └ Marched to war against Kìlňàlǐ.
   22200  war.began              from=517 to=379 name=Pụ́tlàlǐ
          └ Renewed the old war against Kìlňàlǐ.
   22200  war.began              from=619 to=379 name=Fùlpūlǐ
          └ Marched to war against Kìlňàlǐ.
   22200  war.ended              how=siegeLifted to=525 toName=Tǎňtụ̌ịlǐā name=Yùffílǐ
          └ The war with Yùffílǐ ended.
   22200  war.ended              how=siegeLifted to=461 toName=Ipimsisyua name=Masmogyuma
          └ The war with Masmogyuma ended.
   22200  war.indemnity          to=461 toName=Ipimsisyua name=Masmogyuma
          └ Masmogyuma paid a heavy indemnity to Ipimsisyua at the peace.
   22201  settlement.dissolved   s=599 why=core sName=Ňǐtlà
          └ Ňǐtlà faded back into the countryside.
   22202  settlement.dissolved   s=598 why=core sName=Lǎňtụ̌ị
          └ Lǎňtụ̌ị faded back into the countryside.
   22217  settlement.withered    s=58 sName=Xụ́ppè
          └ Xụ́ppè withered away and was abandoned.
   22225  settlement.founded     s=917 sName=Fụ̀ịtlà kind=crystallized
          └ Fụ̀ịtlà was founded.
   22225  settlement.founded     s=917 sName=Fụ̀ịtlà city=1
          └ The city of Fụ̀ịtlà arose.
   22225  settlement.founded     s=918 sName=Sìulpū city=1
          └ The city of Sìulpū arose.
   22237  polity.seceded         from=530 fromName=Fípǎị
          └ Broke away from Fípǎị in a war of secession.
   22237  polity.ended           how=dissolved name=Tǐurọ̀lěā
          └ Dissolved — its last cities scattered or fell silent.
   22250  settlement.founded     s=922 sName=Šǎrātụ̄ị kind=crystallized
          └ Šǎrātụ̄ị was founded.
   22250  settlement.founded     s=922 sName=Šǎrātụ̄ị city=1
          └ The city of Šǎrātụ̄ị arose.
   22250  settlement.founded     s=923 sName=Xụ́tlà city=1
          └ The city of Xụ́tlà arose.
   22250  war.began              from=285 to=911 name=Masmogyumasyus
          └ Marched to war against Gyudusyu.
   22250  war.began              from=534 to=911 name=Simiusyu
          └ Marched to war against Gyudusyu.
   22250  war.began              from=526 to=911 name=Masmogyumasyu
          └ Marched to war against Gyudusyu.
   22250  war.began              from=348 to=911 name=Masmogyuma
          └ Marched to war against Gyudusyu.
   22250  war.began              from=408 to=530 name=Yùffílǐ
          └ Renewed the old war against Fípǎị.
   22250  war.began              from=348 to=772 name=Masmogyuma
          └ Marched to war against Masmogyuma.
   22250  war.began              from=517 to=772 name=Pụ́tlàlǐ
          └ Marched to war against Masmogyuma.
   22250  war.began              from=348 to=613 name=Masmogyuma
          └ Marched to war against Pazozoe.
   22250  war.began              from=348 to=825 name=Masmogyuma
          └ Marched to war against Tumomuissyusyua.
   22250  war.began              from=151 to=760 name=Nyyiuzit
          └ Marched to war against Pisyua as the succession failed.
   22250  war.began              from=89 to=802 name=Kètrọ̌ịlěā
          └ Marched to war against Fị̀ptàịlǐ.
   22250  war.began              from=151 to=534 name=Nyyiuzit
          └ Marched to war against Simiusyu as the succession failed.
   22250  war.ended              how=truce to=911 toName=Gyudusyu name=Masmogyumasyus
          └ The war with Masmogyumasyus ended.
   22250  war.ended              how=truce to=911 toName=Gyudusyu name=Simiusyu
          └ The war with Simiusyu ended.
   22250  war.ended              how=truce to=911 toName=Gyudusyu name=Masmogyumasyu
          └ The war with Masmogyumasyu ended.
   22250  war.ended              how=truce to=911 toName=Gyudusyu name=Masmogyuma
          └ The war with Masmogyuma ended.
   22250  war.ended              how=truce to=772 toName=Masmogyuma name=Masmogyuma
          └ The war with Masmogyuma ended.
   22250  war.indemnity          to=772 toName=Masmogyuma name=Masmogyuma
          └ Masmogyuma paid a heavy indemnity to Masmogyuma at the peace.
   22250  war.ended              how=truce to=825 toName=Tumomuissyusyua name=Masmogyuma
          └ The war with Masmogyuma ended.
   22250  war.indemnity          to=825 toName=Tumomuissyusyua name=Masmogyuma
          └ Masmogyuma paid a heavy indemnity to Tumomuissyusyua at the peace.
   22250  war.ended              how=truce to=613 toName=Pazozoe name=Masmogyuma
          └ The war with Masmogyuma ended.
   22250  war.indemnity          to=613 toName=Pazozoe name=Masmogyuma
          └ Masmogyuma paid a heavy indemnity to Pazozoe at the peace.
   22250  war.ended              how=truce to=772 toName=Masmogyuma name=Pụ́tlàlǐ
          └ The war with Pụ́tlàlǐ ended.
   22250  war.indemnity          to=772 toName=Masmogyuma name=Pụ́tlàlǐ
          └ Pụ́tlàlǐ paid a heavy indemnity to Masmogyuma at the peace.
   22275  settlement.founded     s=926 sName=Lǎttīu kind=crystallized
          └ Lǎttīu was founded.
   22275  settlement.founded     s=926 sName=Lǎttīu city=1
          └ The city of Lǎttīu arose.
   22275  settlement.founded     s=927 sName=Píụịtrụ̀ịkò city=1
          └ The city of Píụịtrụ̀ịkò arose.
   22297  market.dearth          s=419 sName=Fòuňtụ̌ị
          └ Dearth in Fòuňtụ̌ị — bread at famine prices in the market.
   22300  settlement.founded     s=929 sName=Pìčfìkò city=1
          └ The city of Pìčfìkò arose.
   22300  polity.shattered       s=760 sName=Pi to=408 toName=Yùffílǐ
          └ Its capital Pi fell to Yùffílǐ — the realm collapsed.
   22300  polity.ended           how=conquest byName=Yùffílǐ name=Pisyua
          └ Fell to Yùffílǐ and was erased from the map.
   22320  settlement.lapsed      s=760 sName=Pi from=408 fromName=Yùffílǐ
          └ Pi slipped free of Yùffílǐ.
   22320  polity.receded         s=760 n=1 sName=Pi name=Yùffílǐ
          └ The grip of Yùffílǐ failed, and the marches beyond Pi were left to their own devices.
   22323  market.dearth          s=285 sName=Masmogyuma
          └ Dearth in Masmogyuma — bread at famine prices in the market.
   22325  settlement.founded     s=932 sName=Xóuthị̌ city=1
          └ The city of Xóuthị̌ arose.
   22329  settlement.dissolved   s=671 why=core sName=Nālpù
          └ Nālpù faded back into the countryside.
   22330  settlement.dissolved   s=670 why=core sName=Fǒkú
          └ Fǒkú faded back into the countryside.
   22341  settlement.dissolved   s=659 why=core sName=Ìppì
          └ Ìppì faded back into the countryside.
   22342  settlement.dissolved   s=658 why=core sName=Lǎkā
          └ Lǎkā faded back into the countryside.
   22350  settlement.founded     s=933 sName=Mìffí kind=crystallized
          └ Mìffí was founded.
   22350  settlement.founded     s=933 sName=Mìffí city=1
          └ The city of Mìffí arose.
   22350  settlement.founded     s=934 sName=Ngị̄rtụ̌ị city=1
          └ The city of Ngị̄rtụ̌ị arose.
   22350  war.began              from=772 to=285 name=Masmogyuma
          └ Marched to war against Masmogyumasyus.
   22350  war.began              from=508 to=917 name=Lǎlǒukò
          └ Marched to war against Fụ̀ịtlà.
   22350  war.began              from=52 to=917 name=Tị̄lākú
          └ Marched to war against Fụ̀ịtlà.
   22350  war.began              from=2 to=917 name=Fùlpū
          └ Marched to war against Fụ̀ịtlà.
   22350  war.began              from=150 to=918 name=Sị̀rụ́
          └ Marched to war against Sìulpūlǐ.
   22350  war.began              from=379 to=918 name=Kìlňàlǐ
          └ Marched to war against Sìulpūlǐ.
   22350  war.began              from=89 to=379 name=Kètrọ̌ịlěā
          └ Marched to war against Kìlňàlǐ.
   22350  polity.shattered       s=239 sName=Kǎňtụ̀ịkò to=242 toName=Dyö'pimyxözödyö
          └ Its capital Kǎňtụ̀ịkò fell to Dyö'pimyxözödyö — the realm collapsed.
   22350  polity.ended           how=conquest byName=Dyö'pimyxözödyö name=Kìlňàlǐ
          └ Fell to Dyö'pimyxözödyö and was erased from the map.
   22350  polity.shattered       s=239 sName=Kǎňtụ̀ịkò to=517 toName=Pụ́tlàlǐ
          └ Its capital Kǎňtụ̀ịkò fell to Pụ́tlàlǐ — the realm collapsed.
   22350  polity.shattered       s=802 sName=Fị̀ptàị to=89 toName=Kètrọ̌ịlěā
          └ Its capital Fị̀ptàị fell to Kètrọ̌ịlěā — the realm collapsed.
   22350  polity.ended           how=conquest byName=Kètrọ̌ịlěā name=Fị̀ptàịlǐ
          └ Fell to Kètrọ̌ịlěā and was erased from the map.
   22352  settlement.dissolved   s=648 why=core sName=Fị́rpì
          └ Fị́rpì faded back into the countryside.
   22353  settlement.dissolved   s=647 why=core sName=Tị̄lā
          └ Tị̄lā faded back into the countryside.
   22366  settlement.dissolved   s=634 why=core sName=Pūkú
          └ Pūkú faded back into the countryside.
   22367  settlement.dissolved   s=633 why=core sName=Xīụláị
          └ Xīụláị faded back into the countryside.
   22371  settlement.dissolved   s=629 why=core sName=Ìtlà
          └ Ìtlà faded back into the countryside.
   22372  settlement.dissolved   s=628 why=core sName=Kùkú
          └ Kùkú faded back into the countryside.
   22375  settlement.dissolved   s=625 why=core sName=Xìurụ́
          └ Xìurụ́ faded back into the countryside.
   22375  settlement.founded     s=941 sName=Hǒučfí kind=crystallized
          └ Hǒučfí was founded.
   22375  settlement.founded     s=941 sName=Hǒučfí city=1
          └ The city of Hǒučfí arose.
   22375  settlement.founded     s=942 sName=Tǔhùkú city=1
          └ The city of Tǔhùkú arose.
   22387  polity.submitted       how=submission to=726 toName=Pụ̀pàkúlǐ name=Xūkóukòlǐā
          └ Facing hopeless odds, the court of Xūkóukòlǐā bowed to Pụ̀pàkúlǐ — keeping its throne at the price of tribute.
   22387  polity.seceded         from=526 fromName=Masmogyumasyu
          └ Broke away from Masmogyumasyu in a war of secession.
   22387  polity.seceded         from=348 fromName=Masmogyuma
          └ Broke away from Masmogyuma in a war of secession.
   22387  polity.restored        from=-1 name=Pisyua
          └ The old nation rose again.
   22387  polity.ended           how=dissolved name=Tǔxàị
          └ Dissolved — its last cities scattered or fell silent.
   22400  settlement.founded     s=951 sName=Lǎtlà kind=crystallized
          └ Lǎtlà was founded.
   22400  settlement.founded     s=951 sName=Lǎtlà city=1
          └ The city of Lǎtlà arose.
   22400  settlement.founded     s=952 sName=Ňǐptù city=1
          └ The city of Ňǐptù arose.
   22405  settlement.abandoned   s=747 sName=Írtụ̌ị
          └ Írtụ̌ị was abandoned.
   22409  succession.crisis      name=Pụ̀ffílǐā
          └ The royal line failed — an interregnum of rival claimants.
   22413  settlement.abandoned   s=771 sName=Tugyumu
          └ Tugyumu was abandoned.
   22417  settlement.withered    s=416 sName=Fị̀tlà
          └ Fị̀tlà withered away and was abandoned.
   22425  settlement.founded     s=956 sName=Bummowu kind=crystallized
          └ Bummowu was founded.
   22425  settlement.founded     s=956 sName=Pukyumiu city=1
          └ The city of Pukyumiu arose.
   22425  settlement.founded     s=957 sName=Hǔxkòu kind=crystallized
          └ Hǔxkòu was founded.
   22425  settlement.founded     s=957 sName=Hǔxkòu city=1
          └ The city of Hǔxkòu arose.
   22425  settlement.founded     s=958 sName=Šǎrtụ̀ịkú city=1
          └ The city of Šǎrtụ̀ịkú arose.
   22427  settlement.abandoned   s=681 sName=Lìkò
          └ Lìkò was abandoned.
   22427  settlement.abandoned   s=692 sName=Kíkò
          └ Kíkò was abandoned.
   22427  settlement.abandoned   s=700 sName=Kóxkòu
          └ Kóxkòu was abandoned.
   22427  settlement.abandoned   s=708 sName=Ňǐlkū
          └ Ňǐlkū was abandoned.
   22427  settlement.abandoned   s=720 sName=Hóuňní
          └ Hóuňní was abandoned.
   22427  settlement.abandoned   s=758 sName=Rákú
          └ Rákú was abandoned.
   22434  succession.crisis      name=Lǎlǒukò
          └ The royal line failed — an interregnum of rival claimants.
   22436  market.dearth          s=361 sName=Hìstù
          └ Dearth in Hìstù — bread at famine prices in the market.
   22436  settlement.abandoned   s=721 sName=Hǔppì
          └ Hǔppì was abandoned.
   22436  settlement.abandoned   s=733 sName=Pụ́ňlì
          └ Pụ́ňlì was abandoned.
   22436  settlement.abandoned   s=738 sName=Tụ̌ịkò
          └ Tụ̌ịkò was abandoned.
   22436  settlement.abandoned   s=769 sName=Bummoti
          └ Bummoti was abandoned.
   22443  market.dearth          s=624 sName=Wùppà
          └ Dearth in Wùppà — bread at famine prices in the market.
   22450  settlement.founded     s=963 sName=Mimomissi kind=crystallized
          └ Mimomissi was founded.
   22450  settlement.founded     s=963 sName=Tumopa city=1
          └ The city of Tumopa arose.
   22450  settlement.founded     s=964 sName=Tị̄lā kind=crystallized
          └ Tị̄lā was founded.
   22450  settlement.founded     s=964 sName=Tị̄lā city=1
          └ The city of Tị̄lā arose.
   22450  settlement.founded     s=965 sName=Nǐfpù city=1
          └ The city of Nǐfpù arose.
   22450  war.began              from=508 to=918 name=Lǎlǒukò
          └ Marched to war against Sìulpūlǐ as the succession failed.
   22450  war.began              from=52 to=2 name=Tị̄lākú
          └ Renewed the old war against Fùlpū as the succession failed.
   22450  polity.shattered       s=29 sName=Pomponsom to=772 toName=Masmogyuma
          └ Its capital Pomponsom fell to Masmogyuma — the realm collapsed.
   22450  polity.ended           how=conquest byName=Masmogyuma name=Masmogyumasyus
          └ Fell to Masmogyuma and was erased from the map.
   22450  polity.submitted       how=inherited to=772 toName=Masmogyuma name=Tosmomoi
          └ Facing hopeless odds, the court of Tosmomoi bowed to Masmogyuma — keeping its throne at the price of tribute.
   22450  polity.submitted       how=inherited to=772 toName=Masmogyuma name=Sismodusyua
          └ Facing hopeless odds, the court of Sismodusyua bowed to Masmogyuma — keeping its throne at the price of tribute.
   22450  polity.shattered       s=917 sName=Fụ̀ịtlà to=508 toName=Lǎlǒukò
          └ Its capital Fụ̀ịtlà fell to Lǎlǒukò — the realm collapsed.
   22450  polity.ended           how=conquest byName=Lǎlǒukò name=Fụ̀ịtlà
          └ Fell to Lǎlǒukò and was erased from the map.
   22450  polity.shattered       s=917 sName=Fụ̀ịtlà to=52 toName=Tị̄lākú
          └ Its capital Fụ̀ịtlà fell to Tị̄lākú — the realm collapsed.
   22464  settlement.lapsed      s=802 sName=Fị̀ptàị from=89 fromName=Kètrọ̌ịlěā
          └ Fị̀ptàị slipped free of Kètrọ̌ịlěā.
   22464  polity.receded         s=802 n=1 sName=Fị̀ptàị name=Kètrọ̌ịlěā
          └ The grip of Kètrọ̌ịlěā failed, and the marches beyond Fị̀ptàị were left to their own devices.
   22467  slave.revolt           s=285 sName=Masmogyuma
          └ The unfree of Masmogyuma rose in revolt, and the labour was lost.
   22472  settlement.tier        s=760 sName=Pi
          └ Pi grew into a town (2,000 souls).
   22475  settlement.founded     s=975 sName=Pụ́lsī kind=crystallized
          └ Pụ́lsī was founded.
   22475  settlement.founded     s=975 sName=Pụ́lsī city=1
          └ The city of Pụ́lsī arose.
   22475  settlement.founded     s=976 sName=Lítìu city=1
          └ The city of Lítìu arose.
   22483  settlement.dissolved   s=517 why=core sName=Pụ́tlà
          └ Pụ́tlà faded back into the countryside.
   22484  settlement.dissolved   s=716 why=core sName=Lùkò
          └ Lùkò faded back into the countryside.
   22485  settlement.dissolved   s=715 why=core sName=Tàịňnīkò
          └ Tàịňnīkò faded back into the countryside.
   22493  settlement.dissolved   s=707 why=core sName=Wùtlà
          └ Wùtlà faded back into the countryside.
   22500  settlement.founded     s=986 sName=Kǎtākú kind=crystallized
          └ Kǎtākú was founded.
   22500  settlement.founded     s=986 sName=Kǎtākú city=1
          └ The city of Kǎtākú arose.
   22500  settlement.founded     s=987 sName=Hǔthị̌ city=1
          └ The city of Hǔthị̌ arose.
   22500  war.began              from=772 to=760 name=Masmogyuma
          └ Marched to war against Pisyua as the succession failed.
   22500  war.began              from=534 to=760 name=Simiusyu
          └ Marched to war against Pisyua as the succession failed.
   22500  war.began              from=437 to=760 name=Nālpìlǐā
          └ Marched to war against Pisyua as the succession failed.
   22500  war.began              from=461 to=760 name=Ipimsisyua
          └ Marched to war against Pisyua as the succession failed.
   22500  war.began              from=466 to=760 name=Lǎịrụ́
          └ Marched to war against Pisyua as the succession failed.
   22500  war.began              from=613 to=760 name=Pazozoe
          └ Marched to war against Pisyua as the succession failed.
   22500  war.began              from=765 to=760 name=Kùkòlǐ
          └ Marched to war against Pisyua as the succession failed.
   22500  war.began              from=825 to=760 name=Tumomuissyusyua
          └ Marched to war against Pisyua as the succession failed.
   22500  war.began              from=826 to=760 name=Papa
          └ Marched to war against Pisyua as the succession failed.
   22500  war.began              from=680 to=508 name=Pụ̀ffílǐā
          └ Marched to war against Lǎlǒukò as the succession failed.
   22500  war.began              from=772 to=534 name=Masmogyuma
          └ Marched to war against Simiusyu.
   22500  war.began              from=772 to=911 name=Masmogyuma
          └ Marched to war against Gyudusyu as the succession failed.
   22500  war.ended              how=faded to=517 toName=Pụ́tlàlǐ name=Ňǐlkūlǐ
          └ The war with Ňǐlkūlǐ ended; some 1 soldiers never came home.
   22500  war.ended              how=faded to=517 toName=Pụ́tlàlǐ name=Fùlpū
          └ The war with Fùlpū ended; some 79 soldiers never came home.
   22500  war.ended              how=truce to=760 toName=Pisyua name=Yùffílǐ
          └ The war with Yùffílǐ ended; some 29 soldiers never came home.
   22500  war.ended              how=truce to=772 toName=Masmogyuma name=Pisyua
          └ The war with Pisyua ended.
   22500  war.ended              how=truce to=760 toName=Pisyua name=Simiusyu
          └ The war with Simiusyu ended.
   22500  war.ended              how=truce to=760 toName=Pisyua name=Nyyiuzit
          └ The war with Nyyiuzit ended.
   22500  war.ended              how=truce to=760 toName=Pisyua name=Nālpìlǐā
          └ The war with Nālpìlǐā ended.
   22500  war.ended              how=truce to=760 toName=Pisyua name=Ipimsisyua
          └ The war with Ipimsisyua ended.
   22500  war.ended              how=truce to=760 toName=Pisyua name=Lǎịrụ́
          └ The war with Lǎịrụ́ ended.
   22500  war.ended              how=truce to=760 toName=Pisyua name=Pazozoe
          └ The war with Pazozoe ended.
   22500  war.ended              how=truce to=760 toName=Pisyua name=Phiupyathput
          └ The war with Phiupyathput ended.
   22500  war.ended              how=truce to=765 toName=Kùkòlǐ name=Pisyua
          └ The war with Pisyua ended.
   22500  war.ended              how=truce to=825 toName=Tumomuissyusyua name=Pisyua
          └ The war with Pisyua ended.
  … 1086 more events elided

=== SETTLEMENT LIFE TABLE (everything ever settled in the box) ===
  id     name           first   last    peak   tier  death (type @ step)
      1  Ňěňní        13500   25000   10879    3   (alive at end)
      2  Fùlpū        13500   25000    5470    3   (alive at end)
      3  Kèňtọ̄ị     13600   15100      15    2   dissolved(core) @ 15197
      4  Fōnfǐu       13600   15100      15    2   dissolved(core) @ 15196
      5  Nāthị̌       13600   15100      15    2   dissolved(core) @ 15195
      6  Lǎxkòu       13600   15300      15    2   dissolved(core) @ 15394
      8  Sǔsfá        13700   15300      15    2   dissolved(core) @ 15392
      9  Fǒptàị      13700   15300      15    2   dissolved(core) @ 15391
     10  Ňúpīkò      13700   15300      15    2   dissolved(core) @ 15390
     11  Ňǐlňà        13700   15300      15    2   dissolved(core) @ 15389
     12  Xòufpù       13800   15300      15    2   dissolved(core) @ 15388
     13  Lǎlpù        13800   15300      15    2   dissolved(core) @ 15387
     14  Tàstù        13800   15300      15    2   dissolved(core) @ 15386
     15  Ňěxkòu       13800   15500      15    2   dissolved(core) @ 15585
     16  Nīpsē        13900   15500      15    2   dissolved(core) @ 15584
     17  Lẹ́fị̌kú    13900   15500      15    2   dissolved(core) @ 15583
     18  Fōnfǐu       13900   15500      15    2   dissolved(core) @ 15582
     19  Hǐlhụ̌       13900   15500      15    2   dissolved(core) @ 15581
     20  Xóuňpì       14000   15500      15    2   dissolved(core) @ 15580
     21  Lá            14000   15500      15    2   dissolved(core) @ 15579
     22  Lụ́ňpì       14000   15500      15    2   dissolved(core) @ 15578
     23  Mīnglì       14000   15700      15    2   dissolved(core) @ 15777
     24  Ňúpī         14100   15700      15    2   dissolved(core) @ 15776
     25  Lǎtlà        14100   15700      15    2   dissolved(core) @ 15775
     26  Xòutà        14100   15700      15    2   dissolved(core) @ 15774
     27  Fòutrọ̌ị    14300   15900      15    2   dissolved(core) @ 15973
     28  Pọ̄ịtrọ́ị  14500   16100      15    2   dissolved(core) @ 16172
     30  Sogyoepa       14600   24000    2731    3   abandoned @ 24039
     31  Omomessi       14600   16100      15    2   dissolved(core) @ 16169
     32  Dumomoi        14600   16300      15    2   dissolved(core) @ 16368
     33  Dosudu         14600   16300      15    2   dissolved(core) @ 16367
     34  Umkyoi         14700   16300      15    2   dissolved(core) @ 16366
     35  Sùlhụ̌       14700   16300      15    2   dissolved(core) @ 16365
     36  Rimmopuiky     14700   16300      15    2   dissolved(core) @ 16364
     37  Mumommoe       14700   16300      15    2   dissolved(core) @ 16363
     38  Nokyopa        14700   16300      15    2   dissolved(core) @ 16362
     39  Bommodu        14800   16300      15    2   dissolved(core) @ 16361
     40  Pomponsomdu    14800   16300      15    2   dissolved(core) @ 16360
     41  Togyomuky      14800   16500      15    2   dissolved(core) @ 16559
     42  Tàịňnī      14800   16500      15    2   dissolved(core) @ 16558
     43  Hóuptàị     15000   16500      15    2   dissolved(core) @ 16557
     44  Pismoe         15100   16700      15    2   dissolved(core) @ 16756
     45  Sùňní        15100   16700      15    2   dissolved(core) @ 16755
     47  Sǐlāị       15300   16900      15    2   dissolved(core) @ 16953
     48  Fòuňpì       15300   16900      15    2   dissolved(core) @ 16952
     49  Nātlà        15300   16900      15    2   dissolved(core) @ 16951
     50  Fọ̄ịkfé     15300   22000    5098    3   abandoned @ 22021
     55  Lụ́ltù       15500   17100      15    2   dissolved(core) @ 17145
     57  Nǐnfǐu       15500   17100      15    2   dissolved(core) @ 17143
     59  Fōntà        15500   17400    1312    3   abandoned @ 17458
     61  Fị̀lhụ̌      15500   17100      15    2   dissolved(core) @ 17139
     64  Túrọ̀        15600   17100      15    2   dissolved(core) @ 17136
     66  Lènūrọ̀     15600   17300      15    2   dissolved(core) @ 17334
     68  Nèlērọ̀     15600   17300      15    2   dissolved(core) @ 17332
     70  Oponpa         15600   21100    1627    2   abandoned @ 21194
     71  Nị̀ppè       15600   17300      15    2   dissolved(core) @ 17329
     73  Kèhsē        15700   17300      13    2   dissolved(core) @ 17327
     75  Pụ̌mpéü      15700   17300      15    2   dissolved(core) @ 17325
     77  Pōukú        15700   17300      15    2   dissolved(core) @ 17323
     79  Fúkú         15700   17300      15    2   dissolved(core) @ 17321
     82  Kètlà        15800   17500      16    2   dissolved(core) @ 17518
     84  Yókò         15800   17500      15    2   dissolved(core) @ 17516
     86  Ètlà         15800   17500      15    2   dissolved(core) @ 17514
     88  Ňụ̄kò        15800   17500      15    2   dissolved(core) @ 17512
     90  Pīuyórọ̀    15900   17500      15    2   dissolved(core) @ 17510
     93  Ètlà         15900   17500      15    2   dissolved(core) @ 17507
     96  Lǎptàị      15900   17500      15    2   dissolved(core) @ 17504
     99  Ǎịmràkò    15900   17500      15    2   dissolved(core) @ 17501
    103  Nèrọ̀        16000   17600      15    2   dissolved(core) @ 17697
    105  Hǐňsē        16000   17600      15    2   dissolved(core) @ 17695
    107  Emotesuim      16000   17600      15    2   dissolved(core) @ 17693
    108  Lụ̄kfé       16000   17600      15    2   dissolved(core) @ 17692
    109  Ǎịmràrọ̀   16000   17600      15    2   dissolved(core) @ 17691
    110  Láị          16100   17600      15    2   dissolved(core) @ 17690
    111  Èňlà         16100   18800    5278    3   dissolved(core) @ 18889
    115  Memosegyem     16200   17800      16    2   dissolved(core) @ 17885
    116  Ǔltǔrọ̀     16200   17800      15    2   dissolved(core) @ 17884
    117  Bommogyoma     16400   19600    2715    2   withered @ 19659
    118  Fùppīrụ́    16400   18000      15    2   dissolved(core) @ 18082
    121  Nomowumkyoi    16400   18000      15    2   dissolved(core) @ 18079
    122  Pụ̄fǎkò     16400   18000      15    2   dissolved(core) @ 18078
    124  Bommonokyo     16500   18000      15    2   dissolved(core) @ 18076
    125  Fǒu'tà       16500   18000      15    2   dissolved(core) @ 18075
    127  Masmomoibom    16500   18000      15    2   dissolved(core) @ 18073
    129  Syomogyoma     16500   18200      15    2   dissolved(core) @ 18271
    132  Dodu           16500   18200      15    2   dissolved(core) @ 18268
    137  Sismopa        16600   18200      15    2   dissolved(core) @ 18263
    140  Fị̄mrá       16600   18200      15    2   dissolved(core) @ 18260
    143  Ommobuimmoe    16600   25000    1361    3   (alive at end)
    144  Hóulpù       16600   18200      15    2   dissolved(core) @ 18256
    166  Tosmomoi       16800   25000    2779    3   (alive at end)
    172  Moemomoim      16900   18600      16    2   dissolved(core) @ 18628
    173  Fóufpù       16900   17800      15    2   withered @ 17806
    178  Hūtírụ́     17000   18600      15    2   dissolved(core) @ 18622
    181  Kìtlà        17000   18600      15    2   dissolved(core) @ 18619
    183  Kóňní        17100   18800      15    2   dissolved(core) @ 18817
    185  Xìlǔrụ́     17100   18700      16    2   abandoned @ 18793
    187  Xòuffí       17200   18800      15    2   abandoned @ 18805
    189  Xụ́ňpì       17200   18800      15    2   abandoned @ 18805
    191  Nànglì       17200   18800      15    2   dissolved(core) @ 18809
    192  Lānlà        17300   18800      15    2   abandoned @ 18819
    199  Ňǐlpù        17400   18800      15    2   abandoned @ 18819
    201  Fụ̀ịňpì     17400   18700      15    2   abandoned @ 18799
    203  Lánglì       17400   18700      15    2   abandoned @ 18798
    205  Fíülụ́       17400   18800      15    2   abandoned @ 18819
    208  Ngị̀kú       17500   18800      16    2   abandoned @ 18819
    211  Pụ́tlà       17500   18800      15    2   abandoned @ 18819
    214  Pīüffìkò    17500   18800      15    2   abandoned @ 18819
    215  Lārsī        17500   18800      15    2   abandoned @ 18806
    216  Hìuňpì       17600   20200    5920    3   abandoned @ 20211
    218  Fụ̀ịňpì     17600   18800      15    2   abandoned @ 18819
    220  Tǎkū         17600   18800      15    2   abandoned @ 18819
    222  Fùppī        17600   18800      15    2   abandoned @ 18819
    225  Lákò         17700   18800      15    2   abandoned @ 18819
    227  Fǒtlà        17700   18800      15    2   abandoned @ 18819
    228  Pụ́ttīu      17700   18800      15    2   abandoned @ 18819
    229  Ňǐtà         17700   18800      15    2   abandoned @ 18808
    230  Tusmosituiky   17800   23800    2976    2   abandoned @ 23876
    231  Fòulhụ̌      17800   18800      15    2   abandoned @ 18820
    234  Muissyudu      17800   25000    3757    3   (alive at end)
    240  Simosiim       17800   18600      15    2   withered @ 18693
    243  Rimmosiim      17800   19200      15    2   withered @ 19245
    248  Yúňpì        17900   18700      15    2   abandoned @ 18799
    250  Mimoti         17900   19300      16    2   withered @ 19325
    253  Í             17900   18800      16    2   abandoned @ 18820
    255  Pị́tákò     17900   18800      15    2   abandoned @ 18819
    261  Fị̀ňní       18100   18800      15    2   abandoned @ 18841
    263  Pumpunsum      18100   18800      15    2   abandoned @ 18826
    264  Píkfì        18100   18800      15    2   abandoned @ 18827
    265  Sismuibamiu    18100   18800      15    2   abandoned @ 18839
    266  Pụ̄sfá       18100   18800      15    2   abandoned @ 18839
    268  Summusuimiu    18100   18800      15    2   abandoned @ 18839
    269  Nāptàị      18100   18800      15    2   abandoned @ 18839
    271  Situikydu      18200   18800      15    2   abandoned @ 18839
    272  Tǎ            18200   18800      15    2   abandoned @ 18839
    273  Ǐkfí         18200   18800      15    2   abandoned @ 18818
    274  Muibum         18200   18800      15    2   abandoned @ 18839
    282  Imosiim        18300   18800      15    2   abandoned @ 18826
    285  Masmogyuma     18300   23100    2171    3   abandoned @ 23169
    288  Dumomuisium    18400   18800      15    2   abandoned @ 18831
    315  Tìttíurụ́   18700   20000      15    2   abandoned @ 20005
    318  Kìhlà        18700   20000      15    2   abandoned @ 20019
    320  Ňǐlpù        18700   19900      15    2   abandoned @ 19998
    322  Mīnglìkò    18700   19900      15    2   abandoned @ 19985
    326  Tị̄lā        18800   20000      15    2   abandoned @ 20039
    336  Tìttíu       18900   20000      15    2   abandoned @ 20005
    341  Imoti          18900   20000      15    2   abandoned @ 20019
    342  Lụ̄nlā       18900   19900      15    2   abandoned @ 19985
    348  Summusuidu     18900   20000      15    2   abandoned @ 20020
    349  Fụ̀ịlhụ̌    18900   20000      15    2   abandoned @ 20039
    354  Rimomuissyu    18900   20000      15    2   abandoned @ 20019
    355  Pụ̌ịtrụ̀ị  18900   20000      15    2   abandoned @ 20039
    360  Nimobuimmiu    19000   20000      13    2   abandoned @ 20005
    361  Hìstù        19000   23100    5691    3   abandoned @ 23144
    364  Sismuiba       19000   20000      15    2   abandoned @ 20019
    365  Tàịňnīkò   19000   20000      15    2   abandoned @ 20026
    368  Dyuimopuiky    19000   19900      15    2   abandoned @ 19998
    369  Fónglì       19000   20000      15    2   abandoned @ 20039
    373  Gyamomissi     19000   20000      15    2   abandoned @ 20019
    374  Ǎịmràrụ́   19000   20000      15    2   abandoned @ 20026
    376  Ukymopigyim    19100   20000      17    2   abandoned @ 20010
    377  Xòunfǐu      19100   20000      13    2   abandoned @ 20013
    379  Kìlňà        19100   25000    5171    3   (alive at end)
    382  Kótlà        19100   20000      13    2   abandoned @ 20005
    384  Tá            19100   20000      15    2   abandoned @ 20039
    386  Fòulpù       19200   20000      15    2   abandoned @ 20039
    388  Sùlpì        19200   20000      15    2   abandoned @ 20026
    391  Pụ̀nfǐu      19200   20000      15    2   abandoned @ 20039
    393  Tị̄lārụ́    19200   20000      15    2   abandoned @ 20039
    398  Fùppīkò     19300   20000      15    2   abandoned @ 20039
    402  Tìttíukò    19300   20000      15    2   abandoned @ 20022
    405  Fị̄mpíü      19300   20000      15    2   abandoned @ 20026
    409  Lǎrụ́        19300   20000      16    2   abandoned @ 20041
    413  Sǔtūkò      19400   20000      15    2   abandoned @ 20039
    416  Fị̀tlà       19400   22400    1526    3   withered @ 22417
    419  Fòuňtụ̌ị    19400   23100    4333    3   abandoned @ 23156
    422  Ňǐlkū        19400   22000    3927    3   abandoned @ 22062
    426  Mǔrụ́        19500   20000      15    2   abandoned @ 20039
    428  Lụ̄nlākò    19500   20000      15    2   abandoned @ 20039
    432  Tǎlpì        19500   20000      15    2   abandoned @ 20026
    435  Tǎltù        19500   20000      15    2   abandoned @ 20039
    438  Līütlàkú    19600   20000      13    2   abandoned @ 20026
    440  Tāptáịkò   19600   20000      15    2   abandoned @ 20039
    441  Rǐtárụ́     19600   20000      15    2   abandoned @ 20039
    482  Hǐltù        20100   20600      15    2   abandoned @ 20639
    488  Rimopuikyu     20100   21200      15    2   abandoned @ 21219
    489  Xụ́ltù       20100   20600      15    2   abandoned @ 20639
    498  Tisuimiu       20100   21200      15    2   abandoned @ 21219
    499  Lákú         20100   20600      15    2   abandoned @ 20639
    507  Pumpunsudu     20100   21100      15    2   abandoned @ 21198
    508  Lǎlǒukò     20100   20600      15    2   abandoned @ 20639
    516  Imosismuiba    20200   21100      15    2   abandoned @ 21198
    517  Pụ́tlà       20200   22400    1074    2   dissolved(core) @ 22483
    526  Pimomuissyu    20200   21800      16    2   dissolved(core) @ 21874
    527  Lìkáịkò    20200   20600      15    2   abandoned @ 20639
    540  Līütlàkò    20200   20600      15    2   abandoned @ 20626
    550  Yúxkòu       20200   20600      15    2   abandoned @ 20639
    558  Lǎlpì        20300   20600      15    2   abandoned @ 20639
    565  Xóutrụ̄ị    20300   20600      15    2   abandoned @ 20639
    571  Hìutlà       20300   20600      13    2   abandoned @ 20626
    575  Lāfpù        20300   20600      15    2   abandoned @ 20639
    578  Nāxsī        20400   20600      15    2   abandoned @ 20639
    586  Fị̀lpì       20400   20600      15    2   abandoned @ 20639
    590  Ngáịffí     20400   20600      15    2   abandoned @ 20639
    595  Līütlàkò    20400   22000      15    2   dissolved(core) @ 22005
    598  Lǎňtụ̌ị     20500   22200      15    2   dissolved(core) @ 22202
    600  Hóuptàị     20500   22000      15    2   withered @ 22005
    603  Ūfūkò       20500   22100      15    2   dissolved(core) @ 22197
    606  Fị̀ppì       20500   22100      15    2   dissolved(core) @ 22194
    611  Fóunlà       20600   22100      15    2   dissolved(core) @ 22189
    615  Ìňní         20600   22100      15    2   dissolved(core) @ 22185
    619  Hǔňní        20600   22100      15    2   dissolved(core) @ 22181
    624  Wùppà        20600   24000    4851    3   abandoned @ 24098
    628  Kùkú         20700   22300      15    2   dissolved(core) @ 22372
    633  Xīụláị     20700   22300      15    2   dissolved(core) @ 22367
    647  Tị̄lā        20700   22300      15    2   dissolved(core) @ 22353
    658  Lǎkā         20700   22300      15    2   dissolved(core) @ 22342
    670  Fǒkú         20800   22300      15    2   dissolved(core) @ 22330
    680  Pụ̀ffí       20800   23600    4862    3   abandoned @ 23668
    691  Sǔtūkò      20800   25000    1967    2   (alive at end)
    699  Lǐfpúkò     20800   22900      20    2   withered @ 22950
    707  Wùtlà        20900   22400      15    2   dissolved(core) @ 22493
    715  Tàịňnīkò   20900   22400      15    2   dissolved(core) @ 22485
    720  Hóuňní       20900   22400      15    2   abandoned @ 22427
    725  Xòuffí       20900   22600      15    2   dissolved(core) @ 22675
    733  Pụ́ňlì       21000   22400      15    2   abandoned @ 22436
    738  Tụ̌ịkò      21000   22400      15    2   abandoned @ 22436
    743  Xòunpíü      21000   22600      15    2   dissolved(core) @ 22657
    747  Írtụ̌ị      21000   22400      15    2   abandoned @ 22405
    750  Lá            21100   23700     656    3   withered @ 23709
    754  Kóptàị      21100   22800      15    2   dissolved(core) @ 22846
    758  Rákú         21100   22400      15    2   abandoned @ 22427
    759  Píkfì        21100   22500      16    2   abandoned @ 22538
    760  Pi             21200   22800      41    1   dissolved(core) @ 22840
    769  Bummoti        21300   22400      15    2   abandoned @ 22436
    771  Tugyumu        21300   22400      15    2   abandoned @ 22413
    772  Rimotisui      21300   22900      17    2   withered @ 22928
    856  Nipa           21900   22900      15    2   withered @ 22943
    868  Ummobuimmiu    22000   22600      15    2   abandoned @ 22688
    891  Umotisui       22100   22600      15    2   abandoned @ 22688
    895  Xǒučfí       22100   23000      28    2   withered @ 23099
    904  Lǎňlì        22200   22900      15    2   withered @ 22943
    917  Fụ̀ịtlà     22300   23600      15    2   abandoned @ 23603
    922  Šǎrātụ̄ị   22300   25000     466    2   (alive at end)
    926  Lǎttīu       22300   23700      15    2   abandoned @ 23738
    933  Mìffí        22400   23600      13    2   abandoned @ 23623
    941  Hǒučfí       22400   23600      13    2   abandoned @ 23638
    951  Lǎtlà        22400   23600      15    2   abandoned @ 23630
    956  Pukyumiu       22500   23800      15    2   abandoned @ 23888
    957  Hǔxkòu       22500   23600      15    2   abandoned @ 23630
    963  Tumopa         22500   23600      15    2   abandoned @ 23639
    964  Tị̄lā        22500   23600      15    2   abandoned @ 23614
    975  Pụ́lsī       22500   23900      16    2   abandoned @ 23905
    986  Kǎtākú      22500   24100      15    2   withered @ 24145
    993  Dusumiu        22600   25000    2077    3   (alive at end)
    994  Lụ̄nlā       22600   24100      15    2   withered @ 24146
    998  Tìttíukú    22600   24100      15    2   withered @ 24145
   1007  Sǎfǎkò      22600   23600      15    2   abandoned @ 23629
   1015  Láčfí        22600   23600      15    2   abandoned @ 23629
   1021  Míthị̌       22700   25000     320    2   (alive at end)
   1027  Lụ̄nlākú    22700   25000    4804    3   (alive at end)
   1033  Tị̄lā        22700   24700    5911    3   abandoned @ 24779
   1038  Tụ̌ịkákú   22700   23600      15    2   abandoned @ 23647
   1042  Kyimmimiu      22800   24100      15    2   withered @ 24143
   1043  Lị̄kò        22800   25000    3272    3   (alive at end)
   1048  Fị̌stù       22800   23600      15    2   abandoned @ 23647
   1054  Síkò         22800   23800      15    2   abandoned @ 23888
   1061  Xụ́ppì       22800   23600      15    2   abandoned @ 23639
   1066  Fòuppà       22900   23600      13    2   abandoned @ 23626
   1072  Pụ́ppì       22900   23600      15    2   abandoned @ 23639
   1076  Ngǐufīurụ́  22900   23600      15    2   abandoned @ 23639
   1079  Fíụngụ̌ị   22900   23600      15    2   abandoned @ 23619
   1084  Xóuptàị     23000   24800    5902    2   abandoned @ 24836
   1087  Ibimsi         23000   25000    1511    2   (alive at end)
   1088  Kóppà        23000   23600      15    2   abandoned @ 23632
   1098  Líụrǎkò    23000   23600      13    2   abandoned @ 23613
   1102  Mimosidui      23000   24100      15    2   withered @ 24146
   1103  Ňǐlà         23000   24200     123    2   withered @ 24280
   1108  Xòulà        23100   23600      15    2   abandoned @ 23639
   1115  Pīüffì       23100   23600      15    2   abandoned @ 23626
   1129  Mítlà        23200   25000    5592    3   (alive at end)
   1137  Míppì        23200   24100      15    2   withered @ 24144
   1140  Umiu           23200   24100      15    2   withered @ 24144
   1141  Xǐthị̌       23200   24100      16    2   withered @ 24149
   1242  Ňòkò         23700   24700      15    2   withered @ 24744
   1260  Ìptàị       23700   24700      15    2   withered @ 24744
   1278  Mamobuimmiu    23700   24700      15    2   withered @ 24744
   1279  Ňí            23700   25000    1243    3   (alive at end)
   1294  Ngị̌thị̌     23800   25000    3025    3   (alive at end)
   1306  Ňǐppì        23800   24700      15    2   withered @ 24743
   1317  Fòuppì       23800   24600      15    2   abandoned @ 24638
   1328  Phaphut'eb     23800   25000      21    2   (alive at end)
   1334  Piziba         23900   24700      15    2   withered @ 24745
   1339  Yuthik'a       23900   24700      15    2   withered @ 24743
   1341  Tasrap'uph     23900   24600      15    2   abandoned @ 24638
   1344  Datholay       23900   24600      15    2   abandoned @ 24638
   1349  Pimonugyu      24000   24700      15    2   withered @ 24745
   1350  Dapboyumf      24000   24600      15    2   abandoned @ 24638
   1357  Mamotu         24000   24700      15    2   withered @ 24755
   1358  Lụ́tlà       24000   24700      15    2   withered @ 24745
   1363  Tōukú        24000   24700      15    2   withered @ 24743
   1366  Sīutrụ̄ị    24000   25000      15    2   (alive at end)
   1374  Nimokyumu      24100   24700      15    2   abandoned @ 24792
   1385  Ummomiuisiu    24100   25000      15    2   (alive at end)
   1404  Tisuimiu       24200   25000      15    2   (alive at end)
   1405  Xóuppà       24200   25000    4900    3   (alive at end)
   1422  Muibumiu       24200   25000      15    2   (alive at end)
   1423  Pīüffìkú    24200   25000    1260    2   (alive at end)
   1439  Timi           24200   24800      15    2   abandoned @ 24839
   1440  Xòuntà       24200   25000      15    2   (alive at end)
   1454  Hǔthị̌       24300   25000      16    2   (alive at end)
   1487  Sùptàị      24300   25000      15    2   (alive at end)
   1504  Súxùrụ́     24400   25000      16    2   (alive at end)
   1514  Šǎrsụ̌ịkú  24500   25000      15    2   (alive at end)
   1524  Māịmyā      24600   25000      15    2   (alive at end)
   1529  Nū            24600   25000      15    2   (alive at end)
   1539  Fị̀pfá       24600   25000      15    2   (alive at end)
   1545  Ňǐlà         24700   25000    3195    2   (alive at end)
   1551  Hākú         24700   25000      15    2   (alive at end)
   1560  Tǎfsǎịxō   24700   25000      15    2   (alive at end)
   1567  Mìntà        24700   25000      16    2   (alive at end)
   1577  Mapimiu        24800   25000      15    2   (alive at end)
   1578  Pàfāxō      24800   25000      15    2   (alive at end)
   1593  Ipa            24800   25000      15    2   (alive at end)
   1594  Hūfsū        24800   25000      15    2   (alive at end)
   1610  Čǎkú         24800   25000      15    2   (alive at end)
   1624  Ňǎịňlì      24900   25000      15    2   (alive at end)
   1635  Sumsusa        24900   25000      15    2   (alive at end)
   1636  Síxō         24900   25000      15    2   (alive at end)
   1651  Ňīnfìü       24900   25000      15    2   (alive at end)
   1662  Fụ̀ịlrá     24900   25000      15    2   (alive at end)
   1671  Tǐ            25000   25000      15    2   (alive at end)

=== REALM LIFE TABLE (everything that ever owned a box tile) ===
  id     name             firstSeen  peakBoxT  peakWorldT  peakMem  born(how)          end(how @ step)
      1  Ňěňní             15200        29          29       31                     conquest by Nālhụ̌ @ 20850
      2  ?                   15300         6           0        0                     shattered by Pụ́tlàlǐ @ 20550
     29  ?                   15500         4           0        0                     integrated by Sogyoepasyus @ 16387
     50  ?                   15500         7           0        0                     dissolved @ 22087
     54  ?                   15500        15           0        0                     dissolved @ 20587
     30  ?                   15600         8           0        0                     dissolved @ 21337
     60  ?                   15600         5           0        0                     conquest by Tǐurọ̀lěā @ 16550
     59  ?                   15600         6           0        0                     dissolved @ 17137
     70  ?                   15700         8           0        0                     conquest by Masmogyumasyus @ 19550
     89  ?                   16000         3           0        0                     dissolved @ 20437
    111  ?                   16200        19           0        0                     dissolved @ 18937
    112  ?                   16200         5           0        0                     dissolved @ 22237
    117  ?                   16600        11           0        0                     dissolved @ 19687
    115  ?                   16600         1           0        0                     dissolved @ 17887
    143  ?                   16800         5           0        0                     dissolved @ 21337
    166  Tosmomoi            16900        14           9        3                     conquest by Dusumiu @ 23200
    110  ?                   17000        15           0        0                     conquest by Tị̄lākú @ 17100
    109  ?                   17200        17           0        0                     shattered by Tị̄lākú @ 17250
    217  ?                   17800        15           0        0                     conquest by Fòuňtụ̌ị @ 19750
    232  ?                   17900         3           0        0                     conquest by Ňěňní @ 19750
    230  ?                   18300        11           0        0                     conquest by Muissyudusyus @ 20800
    273  ?                   18300         6           0        0                     conquest by Tǔxàịlǐā @ 18400
    288  ?                   18500        11           0        0                     conquest by Ňěňní @ 18550
    285  Masmogyumasyus      18600        17          18       12                     conquest by Masmogyuma @ 22450
    316  ?                   18800         2           0        0                     dissolved @ 22387
    361  ?                   19100        12           0        0                     dissolved @ 21187
    362  ?                   19100         3           0        0                     conquest by Sị̀rụ́ @ 19150
    216  ?                   19300        10           0        0                     dissolved @ 20287
    234  Muissyudusyus       19500        16          15        1                     conquest by Ngị̌thị̌lǐ @ 24350
    396  ?                   19500         4           0        0  frontier           dissolved @ 20887
    419  Fòuňtụ̌ị         19500        23          23        4                     conquest by Ňǐlkūlǐ @ 20500
    348  ?                   19600        16           0        0                     dissolved @ 23887
    416  ?                   19600         6           0        0                     dissolved @ 22537
    422  Ňǐlkūlǐ          19800        28          47        3                     dissolved @ 23287
    379  ?                   20100         5           0        0                     shattered by Pụ́tlàlǐ @ 22350
    517  Pụ́tlàlǐ         20200        20          30       20                     conquest by Dyö'pimyxözödyö @ 23150
    518  ?                   20200         3           0        0                     conquest by Lǐfpúkò @ 20300
    508  Lǎlǒukò          20600        23          25        8                     conquest by Pụ̀ffílǐā @ 22600
    509  ?                   20600         3           0        0                     dissolved @ 23887
    526  Masmogyumasyu       21100        14          15        2                     (alive at end)
    680  Pụ̀ffílǐā       21100        13          25       12                     dissolved @ 24187
    691  ?                   21200         6           0        0                     conquest by Lǎlǒukò @ 21700
    699  ?                   21400         6           0        0                     dissolved @ 22987
    760  ?                   21500         9           0        0  frontier           dissolved @ 22987
    750  Lálǐā            21500        14          22        2                     dissolved @ 24187
    392  ?                   21600         2           0        0                     dissolved @ 22087
    619  ?                   21800         6           0        0                     dissolved @ 23887
    534  ?                   21900         6           0        0  frontier           conquest by Masmogyuma @ 22600
    802  ?                   21900         4           0        0  frontier           dissolved @ 23437
    726  ?                   21900         7           0        0                     dissolved @ 24187
    772  ?                   22200        12           0        0                     (alive at end)
    408  ?                   22400         1           0        0                     (alive at end)
    917  ?                   22400         8           0        0                     shattered by Tị̄lākú @ 22450
    918  ?                   22400         6           0        0                     (alive at end)
    993  ?                   22700        17           0        0                     integrated by Muissyudusyus @ 23737
   1033  Tị̄lālǐā        22800        31          33        5                     shattered by Kètrọ̌ịlěā @ 24600
   1021  ?                   22800         1           0        0                     (alive at end)
   1034  ?                   22800         4           0        0                     dissolved @ 24787
   1042  ?                   22900        13           0        0                     shattered by Ngị̌thị̌lǐ @ 24300
   1087  ?                   23100        14           0        0                     (alive at end)
   1028  ?                   23100         2           0        0                     (alive at end)
   1027  ?                   23200         2           0        0                     integrated by Tị̄lālǐā @ 23737
   1043  Ňěňnílǐā        23700        12          12        0                     (alive at end)
   1294  Ngị̌thị̌lǐ       23800        18          21       15                     (alive at end)
   1279  ?                   24000         9           0        0                     (alive at end)
   1307  ?                   24000         3           0        0                     (alive at end)
    995  ?                   24100         3           0        0                     (alive at end)
   1359  ?                   24100         3           0        0                     (alive at end)
   1423  ?                   24200        10           0        0                     (alive at end)
   1424  ?                   24200         4           0        0                     (alive at end)
   1363  ?                   24700         9           0        0                     (alive at end)
   1405  ?                   24700         8           0        0                     shattered by Sǔtūrụ́lǐ @ 24750
   1441  ?                   24700         7           0        0                     (alive at end)
   1180  ?                   24800         1           0        0                     (alive at end)
   1545  Ňǐlàlǐā         24800        18          20        1                     (alive at end)
   1406  ?                   24800         3           0        0                     (alive at end)
   1384  ?                   25000         2           0        0                     (alive at end)

