[harness] tree 05b644c
[SIM_TUNE] {"DAWN_LIVE":1,"STATE_RECORDS":1,"LAND_KNOW":1,"PEER_SEATS":1,"FOUND_DRIFT":1,"ABSORB_ORG_ERA":1,"TRIBUTE_UP":0.33,"ENGULF":8,"FEAR_REACH":1,"WAR_FINISH":1,"SMALL_WAR":8,"RELIEF_REACH":1,"EXCH_WAVE":3,"TECH_USE":1,"VASSAL_LEVY":0.5,"DISSOLVE_CORE":1,"SETT_STRIDE":3,"TRADE_STRIDE":5,"LEAN_YEAR":1,"HARVEST_YEARS":1}
[peopleSim] hearth pin Nile picked at tile (138,40) (27.0E 30.0N) — maturity deferred to the stagger law
[peopleSim] hearth pin Mesopotamia picked at tile (149,38) (43.5E 33.0N) — maturity deferred to the stagger law
[peopleSim] hearth pin Indus picked at tile (167,41) (70.5E 28.5N) — maturity deferred to the stagger law
[peopleSim] hearth pin Yellow River picked at tile (196,36) (114.0E 36.0N) — maturity deferred to the stagger law
[peopleSim] hearth candidate at (138,40) (27.0E 30.0N) score 5.41 pkg=wheat(suit 0.78) — ARMED: ~1151y of peopled-basin time from maturity
[peopleSim] hearth candidate at (149,38) (43.5E 33.0N) score 6.29 pkg=wheat(suit 1.00) — ARMED: ~900y of peopled-basin time from maturity
[peopleSim] hearth candidate at (167,41) (70.5E 28.5N) score 6.30 pkg=wheat(suit 0.97) — ARMED: ~929y of peopled-basin time from maturity
[peopleSim] hearth candidate at (196,36) (114.0E 36.0N) score 4.55 pkg=rice(suit 0.79) — ARMED: ~3173y of peopled-basin time from maturity
[peopleSim] hearth candidate at (56,49) (-96.0E 16.5N) score 1.89 pkg=maize(suit 0.84) — ARMED: ~5373y of peopled-basin time from maturity
[peopleSim] hearth candidate at (111,53) (-13.5E 10.5N) score 1.69 pkg=sorghum(suit 0.62) — ARMED: ~3251y of peopled-basin time from maturity
[peopleSim] hearth candidate at (136,72) (24.0E -18.0N) score 1.13 pkg=tubers(suit 0.54) — ARMED: ~5599y of peopled-basin time from maturity
[peopleSim] hearth candidate at (77,72) (-64.5E -18.0N) score 0.68 pkg=tubers(suit 0.44) — ARMED: ~6790y of peopled-basin time from maturity
[peopleSim] hearth candidate at (31,23) (-133.5E 55.5N) score 0.50 — ARMED: ~13000y of peopled-basin time from maturity
[peopleSim] hearth candidate at (117,23) (-4.5E 55.5N) score 0.50 — ARMED: ~13000y of peopled-basin time from maturity

=== EGYPT AUTOPSY  480x240 (tw=240)  seed 8817  box lon 24..36 lat 20..33 (66 land tiles) ===
  step | box: sett  Σpeople | largest (people/urban  fed  dis  org) cid | realm@box: id  boxT  worldT   km²  mem  cap/load  fronts | field: Σpop  Σcap
[popField] worker pool engaged: 4 bands
[transHeap] step=24 cap=1024 peakN=0 pushes=0 (0.0MB backing)
   100 |   0       0 |   (none) |         (no realm owns the box) | 6017 19605
   200 |   0       0 |   (none) |         (no realm owns the box) | 6149 19605
   300 |   0       0 |   (none) |         (no realm owns the box) | 6282 19605
   400 |   0       0 |   (none) |         (no realm owns the box) | 6414 19605
   500 |   0       0 |   (none) |         (no realm owns the box) | 6547 19605
   600 |   0       0 |   (none) |         (no realm owns the box) | 6681 19605
   700 |   0       0 |   (none) |         (no realm owns the box) | 6814 19605
   800 |   0       0 |   (none) |         (no realm owns the box) | 6949 19605
   900 |   0       0 |   (none) |         (no realm owns the box) | 7084 19605
  1000 |   0       0 |   (none) |         (no realm owns the box) | 7219 19605
  1100 |   0       0 |   (none) |         (no realm owns the box) | 7355 19605
  1200 |   0       0 |   (none) |         (no realm owns the box) | 7491 19605
  1300 |   0       0 |   (none) |         (no realm owns the box) | 7628 19605
  1400 |   0       0 |   (none) |         (no realm owns the box) | 7765 19605
  1500 |   0       0 |   (none) |         (no realm owns the box) | 7902 19605
  1600 |   0       0 |   (none) |         (no realm owns the box) | 8039 19605
  1700 |   0       0 |   (none) |         (no realm owns the box) | 8177 19605
  1800 |   0       0 |   (none) |         (no realm owns the box) | 8315 19605
  1900 |   0       0 |   (none) |         (no realm owns the box) | 8452 19605
  2000 |   0       0 |   (none) |         (no realm owns the box) | 8590 19605
  2100 |   0       0 |   (none) |         (no realm owns the box) | 8729 19605
  2200 |   0       0 |   (none) |         (no realm owns the box) | 8867 19605
  2300 |   0       0 |   (none) |         (no realm owns the box) | 9005 19605
  2400 |   0       0 |   (none) |         (no realm owns the box) | 9143 19605
  2500 |   0       0 |   (none) |         (no realm owns the box) | 9280 19605
  2600 |   0       0 |   (none) |         (no realm owns the box) | 9418 19605
  2700 |   0       0 |   (none) |         (no realm owns the box) | 9555 19605
  2800 |   0       0 |   (none) |         (no realm owns the box) | 9692 19605
  2900 |   0       0 |   (none) |         (no realm owns the box) | 9829 19605
  3000 |   0       0 |   (none) |         (no realm owns the box) | 9965 19605
  3100 |   0       0 |   (none) |         (no realm owns the box) | 10101 19605
  3200 |   0       0 |   (none) |         (no realm owns the box) | 10237 19605
  3300 |   0       0 |   (none) |         (no realm owns the box) | 10372 19605
  3400 |   0       0 |   (none) |         (no realm owns the box) | 10506 19605
  3500 |   0       0 |   (none) |         (no realm owns the box) | 10640 19605
  3600 |   0       0 |   (none) |         (no realm owns the box) | 10773 19605
  3700 |   0       0 |   (none) |         (no realm owns the box) | 10905 19605
  3800 |   0       0 |   (none) |         (no realm owns the box) | 11037 19605
  3900 |   0       0 |   (none) |         (no realm owns the box) | 11168 19605
  4000 |   0       0 |   (none) |         (no realm owns the box) | 11298 19605
  4100 |   0       0 |   (none) |         (no realm owns the box) | 11427 19605
  4200 |   0       0 |   (none) |         (no realm owns the box) | 11555 19605
  4300 |   0       0 |   (none) |         (no realm owns the box) | 11682 19605
  4400 |   0       0 |   (none) |         (no realm owns the box) | 11808 19605
  4500 |   0       0 |   (none) |         (no realm owns the box) | 11934 19605
  4600 |   0       0 |   (none) |         (no realm owns the box) | 12058 19605
  4700 |   0       0 |   (none) |         (no realm owns the box) | 12181 19605
  4800 |   0       0 |   (none) |         (no realm owns the box) | 12303 19605
  4900 |   0       0 |   (none) |         (no realm owns the box) | 12424 19605
  5000 |   0       0 |   (none) |         (no realm owns the box) | 12544 19605
  5100 |   0       0 |   (none) |         (no realm owns the box) | 12662 19605
  5200 |   0       0 |   (none) |         (no realm owns the box) | 12780 19605
  5300 |   0       0 |   (none) |         (no realm owns the box) | 12896 19605
  5400 |   0       0 |   (none) |         (no realm owns the box) | 13010 19605
  5500 |   0       0 |   (none) |         (no realm owns the box) | 13124 19605
  5600 |   0       0 |   (none) |         (no realm owns the box) | 13236 19605
  5700 |   0       0 |   (none) |         (no realm owns the box) | 13347 19605
  5800 |   0       0 |   (none) |         (no realm owns the box) | 13457 19605
  5900 |   0       0 |   (none) |         (no realm owns the box) | 13565 19605
  6000 |   0       0 |   (none) |         (no realm owns the box) | 13672 19605
  6100 |   0       0 |   (none) |         (no realm owns the box) | 13778 19605
  6200 |   0       0 |   (none) |         (no realm owns the box) | 13882 19605
  6300 |   0       0 |   (none) |         (no realm owns the box) | 13985 19605
  6400 |   0       0 |   (none) |         (no realm owns the box) | 14086 19605
  6500 |   0       0 |   (none) |         (no realm owns the box) | 14187 19605
  6600 |   0       0 |   (none) |         (no realm owns the box) | 14285 19605
  6700 |   0       0 |   (none) |         (no realm owns the box) | 14383 19605
  6800 |   0       0 |   (none) |         (no realm owns the box) | 14478 19605
  6900 |   0       0 |   (none) |         (no realm owns the box) | 14573 19605
  7000 |   0       0 |   (none) |         (no realm owns the box) | 14666 19605
  7100 |   0       0 |   (none) |         (no realm owns the box) | 14758 19605
  7200 |   0       0 |   (none) |         (no realm owns the box) | 14848 19605
  7300 |   0       0 |   (none) |         (no realm owns the box) | 14937 19605
[peopleSim] AGRICULTURE INVENTED at (149,38) (43.5E 33.0N) — the basin farms; a city will rise when its market gathers one (score 6.29)
  7400 |   0       0 |   (none) |         (no realm owns the box) | 15025 19605
[peopleSim] AGRICULTURE INVENTED at (167,41) (70.5E 28.5N) — the basin farms; a city will rise when its market gathers one (score 6.30)
  7500 |   0       0 |   (none) |         (no realm owns the box) | 15111 19605
  7600 |   0       0 |   (none) |         (no realm owns the box) | 15195 19605
  7700 |   0       0 |   (none) |         (no realm owns the box) | 15279 19605
  7800 |   0       0 |   (none) |         (no realm owns the box) | 15361 19605
  7900 |   0       0 |   (none) |         (no realm owns the box) | 15442 19605
  8000 |   0       0 |   (none) |         (no realm owns the box) | 15521 19605
  8100 |   0       0 |   (none) |         (no realm owns the box) | 16447 118486
  8200 |   0       0 |   (none) |         (no realm owns the box) | 17717 118486
  8300 |   0       0 |   (none) |         (no realm owns the box) | 19062 118486
  8400 |   0       0 |   (none) |         (no realm owns the box) | 20456 118486
  8500 |   0       0 |   (none) |         (no realm owns the box) | 21894 118486
  8600 |   0       0 |   (none) |         (no realm owns the box) | 23373 118486
  8700 |   0       0 |   (none) |         (no realm owns the box) | 24801 207304
  8800 |   0       0 |   (none) |         (no realm owns the box) | 26136 207304
  8900 |   0       0 |   (none) |         (no realm owns the box) | 27801 207304
  9000 |   0       0 |   (none) |         (no realm owns the box) | 29642 207304
  9100 |   0       0 |   (none) |         (no realm owns the box) | 31613 207304
  9200 |   0       0 |   (none) |         (no realm owns the box) | 33696 207304
  9300 |   0       0 |   (none) |         (no realm owns the box) | 35883 207304
  9400 |   0       0 |   (none) |         (no realm owns the box) | 37963 249161
  9500 |   0       0 |   (none) |         (no realm owns the box) | 40074 249161
  9600 |   0       0 |   (none) |         (no realm owns the box) | 42405 249161
[peopleSim] AGRICULTURE INVENTED at (138,40) (27.0E 30.0N) — the basin farms; a city will rise when its market gathers one (score 5.41)
  9700 |   0       0 |   (none) |         (no realm owns the box) | 44906 249161
  9800 |   0       0 |   (none) |         (no realm owns the box) | 47553 249161
  9900 |   0       0 |   (none) |         (no realm owns the box) | 50332 249161
 10000 |   0       0 |   (none) |         (no realm owns the box) | 53234 249161
 10100 |   0       0 |   (none) |         (no realm owns the box) | 55049 330039
 10200 |   0       0 |   (none) |         (no realm owns the box) | 56850 330039
 10300 |   0       0 |   (none) |         (no realm owns the box) | 58913 330039
 10400 |   0       0 |   (none) |         (no realm owns the box) | 61211 330039
 10500 |   0       0 |   (none) |         (no realm owns the box) | 63730 330039
 10600 |   0       0 |   (none) |         (no realm owns the box) | 66459 330039
 10700 |   0       0 |   (none) |         (no realm owns the box) | 69393 343130
 10800 |   0       0 |   (none) |         (no realm owns the box) | 72600 343130
 10900 |   0       0 |   (none) |         (no realm owns the box) | 76004 343130
 11000 |   0       0 |   (none) |         (no realm owns the box) | 79595 343130
 11100 |   0       0 |   (none) |         (no realm owns the box) | 83348 343130
 11200 |   0       0 |   (none) |         (no realm owns the box) | 87269 343130
 11300 |   0       0 |   (none) |         (no realm owns the box) | 91360 343130
 11400 |   0       0 |   (none) |         (no realm owns the box) | 95659 356163
 11500 |   0       0 |   (none) |         (no realm owns the box) | 100191 356163
 11600 |   0       0 |   (none) |         (no realm owns the box) | 104894 356163
 11700 |   0       0 |   (none) |         (no realm owns the box) | 109759 356163
 11800 |   0       0 |   (none) |         (no realm owns the box) | 114774 356163
 11900 |   0       0 |   (none) |         (no realm owns the box) | 119930 356163
 12000 |   0       0 |   (none) |         (no realm owns the box) | 125216 356163
 12100 |   0       0 |   (none) |         (no realm owns the box) | 130723 368306
 12200 |   0       0 |   (none) |         (no realm owns the box) | 136394 368307
 12300 |   0       0 |   (none) |         (no realm owns the box) | 142189 368314
 12400 |   0       0 |   (none) |         (no realm owns the box) | 148090 368359
 12500 |   0       0 |   (none) |         (no realm owns the box) | 154077 368468
 12600 |   0       0 |   (none) |         (no realm owns the box) | 160140 368708
 12700 |   0       0 |   (none) |         (no realm owns the box) | 166289 381382
 12800 |   0       0 |   (none) |         (no realm owns the box) | 172677 381782
 12900 |   0       0 |   (none) |         (no realm owns the box) | 179145 382401
 13000 |   0       0 |   (none) |         (no realm owns the box) | 185685 383275
 13100 |   0       0 |   (none) |         (no realm owns the box) | 192281 384507
 13200 |   0       0 |   (none) |         (no realm owns the box) | 198921 386238
 13300 |   0       0 |   (none) |         (no realm owns the box) | 205604 388462
 13400 |   0       0 |   (none) |         (no realm owns the box) | 212426 400694
 13500 |   0       0 |   (none) |         (no realm owns the box) | 219436 403500
 13600 |   0       0 |   (none) |         (no realm owns the box) | 226507 406796
 13700 |   0       0 |   (none) |         (no realm owns the box) | 233642 410562
 13800 |   0       0 |   (none) |         (no realm owns the box) | 240842 414775
 13900 |   0       0 |   (none) |         (no realm owns the box) | 248109 419407
 14000 |   0       0 |   (none) |         (no realm owns the box) | 255447 424432
 14100 |   0       0 |   (none) |         (no realm owns the box) | 263088 438116
 14200 |   0       0 |   (none) |         (no realm owns the box) | 270875 443644
 14300 |   0       0 |   (none) |         (no realm owns the box) | 278742 449562
 14400 |   0       0 |   (none) |         (no realm owns the box) | 286693 455849
 14500 |   0       0 |   (none) |         (no realm owns the box) | 294732 462483
 14600 |   0       0 |   (none) |         (no realm owns the box) | 302863 469442
 14700 |   0       0 |   (none) |         (no realm owns the box) | 311093 483084
 14800 |   4      60 | Ňěňní         15/    2 0.99 0.00 0.28 c-1 |         (no realm owns the box) | 319573 491068
 14900 |   8    9332 | Ňěňní       6363/  385 0.99 0.00 0.28 c-1 |         (no realm owns the box) | 327243 499912
 15000 |  12   10617 | Ňěňní       8833/  394 0.98 0.04 0.29 c-1 |         (no realm owns the box) | 334780 507624
 15100 |  14   10973 | Ňěňní       9071/  403 0.98 0.04 0.29 c-1 |         (no realm owns the box) | 342741 515638
 15200 |  14   11271 | Ňěňní       9296/  413 0.98 0.04 0.30 c-1 |         (no realm owns the box) | 350943 523680
 15300 |  14   11560 | Ňěňní       9522/  422 0.97 0.08 0.30 c-1 |         (no realm owns the box) | 359334 531940
 15400 |  15   11868 | Ňěňní       9756/  430 0.98 0.08 0.31 c-1 |         (no realm owns the box) | 368065 555042
 15500 |  15   12178 | Ňěňní      10002/  438 0.98 0.08 0.32 c-1 |         (no realm owns the box) | 377219 563748
 15600 |  15   12488 | Ňěňní      10246/  449 0.98 0.11 0.32 c-1 |         (no realm owns the box) | 386491 572384
 15700 |  16   12797 | Ňěňní      10492/  460 0.97 0.11 0.33 c-1 |         (no realm owns the box) | 395970 581940
 15800 |  16   13100 | Ňěňní      10743/  470 0.98 0.11 0.34 c-1 |         (no realm owns the box) | 405428 590967
 15900 |  16   13967 | Ňěňní      10971/  480 0.98 0.15 0.34 c-1 |         (no realm owns the box) | 413837 600241
 16000 |  17   14294 | Ňěňní      11185/  489 0.99 0.15 0.35 c-1 |         (no realm owns the box) | 422301 572454
 16100 |  17   14563 | Ňěňní      11332/  498 0.99 0.15 0.36 c-1 |         (no realm owns the box) | 428941 591385
 16200 |  17   14806 | Ňěňní      11502/  506 0.99 0.18 0.36 c1 |         (no realm owns the box) | 436606 599345
 16300 |  17   15016 | Ňěňní      11626/  482 0.99 0.18 0.37 c1 |    1   32     32   798k    1  -/-   0 | 440630 608364
 16400 |  17   15215 | Ňěňní      11762/  480 0.99 0.18 0.38 c1 |    1   32     32   798k   17  26/50   0 | 445119 617440
 16500 |  20   15547 | Ňěňní      11989/  506 0.99 0.22 0.38 c1 |    1   22     22   540k   17  26/50   0 | 452421 628003
 16600 |  16   15106 | Ňěňní       7338/  527 0.85 0.22 0.39 c1 |    1   16     16   395k   13  17/26   0 | 461589 630313
 16700 |  20   15415 | Ňěňní       7413/  540 0.60 0.22 0.40 c1 |    1   16     16   395k    5  16/5   1 | 469658 639225
 16800 |  21   16083 | Sùlhụ̌      5144/  697 0.64 0.07 0.37 c22 |    1   14     14   346k    5  16/5   1 | 478308 663928
 16900 |  25   16726 | Sùlhụ̌      5378/  607 0.55 0.07 0.38 c22 |    2   13     13   331k    2  17/0   0 | 478453 669283
 17000 |  26   17042 | Sùlhụ̌      5693/  430 0.39 0.07 0.38 c22 |    1   14     14   345k    2  16/1   0 | 479230 673601
 17100 |  27   17371 | Sùlhụ̌      5785/  716 0.28 0.13 0.39 c22 |    1   14     14   345k    2  16/1   0 | 495824 682192
 17200 |  27   17669 | Sùlhụ̌      5943/  737 0.20 0.13 0.40 c22 |    1   13     13   320k    2  14/1   0 | 504706 689884
 17300 |  27   17945 | Sùlhụ̌      6267/  755 0.18 0.13 0.41 c22 |    2   14     14   357k    1  18/0   0 | 512527 700358
 17400 |  28   18240 | Sùlhụ̌      6376/  772 0.29 0.17 0.41 c22 |    2   14     14   357k    1  18/0   0 | 520386 718165
 17500 |  28   18514 | Sùlhụ̌      6486/  789 0.37 0.17 0.42 c22 |    1   14     14   345k    2  16/1   0 | 527929 726234
 17600 |  28   18763 | Sùlhụ̌      6713/  801 0.42 0.17 0.43 c22 |    2   14     14   357k    1  18/0   0 | 534552 721233
 17700 |  29   19015 | Sùlhụ̌      6882/  827 0.46 0.22 0.43 c22 |    2   14     14   357k    1  18/0   0 | 540423 718234
 17800 |  29   18873 | Sùlhụ̌      7009/  841 0.52 0.22 0.44 c22 |    1   15     15   370k    2  9/3   0 | 544755 728585
 17900 |  29   17720 | Sùlhụ̌      7398/  854 0.58 0.22 0.45 c22 |    1   14     14   345k    2  8/3   0 | 548969 739918
 18000 |  29   17895 | Sùlhụ̌      7785/  856 0.64 0.26 0.45 c22 |    2   14     15   384k    1  18/0   0 | 554298 735706
 18100 |  29   18017 | Sùlhụ̌      7835/  863 0.69 0.26 0.46 c22 |    2   14     15   384k    1  18/0   0 | 559591 753106
 18200 |  28   13983 | Fùlpū       3455/  814 0.23 0.33 0.49 c2 |    1   14     14   345k    1  8/4   0 | 564903 764793
 18300 |  29   12541 | Fùlpū       3748/  813 0.20 0.36 0.49 c2 |    1   15     15   370k    1  8/4   0 | 571322 785638
 18400 |  25   12460 | Fùlpū       3663/  789 0.14 0.36 0.50 c2 |    1   15     15   370k    1  8/4   0 | 574598 786640
 18500 |  29   16436 | Ǐkfí        6051/  277 0.88 0.00 0.48 c93 |    2   15     15   383k    1  18/0   0 | 546040 771545
 18600 |  25   17198 | Ǐkfí        5990/  512 0.64 0.06 0.48 c93 |    2   17     17   433k    1  18/0   0 | 546435 788166
 18700 |  28   17229 | Ǐkfí        6041/  145 0.46 0.06 0.49 c93 |    2   17     17   433k    1  18/0   0 | 524885 794717
[peopleSim] AGRICULTURE INVENTED at (196,36) (114.0E 36.0N) — the basin farms; a city will rise when its market gathers one (score 4.55)
 18800 |  29   18216 | Ǐkfí        7628/  228 0.33 0.06 0.50 c93 |    2   15     15   382k    1  18/0   0 | 537553 799463
 18900 |  30   17724 | Ǐkfí        7584/  590 0.23 0.12 0.50 c93 |    2   16     16   407k    1  18/0   0 | 551947 795051
 19000 |  30   17462 | Ǐkfí        7555/  134 0.17 0.12 0.51 c93 |    2   16     16   407k    1  18/0   0 | 541432 800589
 19100 |  30   17357 | Ǐkfí        7669/  777 0.12 0.12 0.52 c93 |    2   17     17   433k    1  18/0   0 | 564050 806151
[peopleSim] AGRICULTURE INVENTED at (111,53) (-13.5E 10.5N) — the basin farms; a city will rise when its market gathers one (score 1.69)
 19200 |  30   13440 | Ǐkfí        3749/  852 0.09 0.16 0.53 c93 |  105   16     17   415k    4  27/5   0 | 571311 783958
 19300 |  30   18342 | Ǐkfí        4473/  447 0.06 0.16 0.53 c93 |    2   18     19   485k    1  18/0   0 | 564296 749813
 19400 |  30   18317 | Ǐkfí        4457/  446 0.06 0.16 0.54 c93 |    2   18     19   485k    1  18/0   0 | 575247 776024
 19500 |  30   17578 | Ǐkfí        4442/  444 0.09 0.21 0.54 c93 |    2   16     16   408k    1  18/0   0 | 578461 818188
 19600 |  32   20661 | Ǐkfí        4430/  443 0.07 0.21 0.55 c93 |    2   17     17   433k    1  18/0   0 | 585790 781191
 19700 |  32   19721 | Ǐkfí        4419/  442 0.05 0.21 0.55 c93 |    2   17     17   433k    4  37/15   0 | 596687 761703
 19800 |  33   21252 | Fùlpū       5844/  831 0.24 0.48 0.59 c137 |    2   17     17   433k    4  37/15   0 | 581591 773712
 19900 |  32   15241 | Ǐkfí        4401/  440 0.02 0.25 0.56 c93 |  105   15     16   391k    2  24/0   1 | 582420 772467
 20000 |  31   14804 | Ǐkfí        4394/  439 0.02 0.25 0.57 c93 |  105   15     16   391k    3  41/31   0 | 583313 775424
 20100 |  29   14382 | Ǐkfí        4388/  439 0.01 0.29 0.57 c93 |  137   17     17   429k    3  19/21   2 | 592972 882950
 20200 |  31   11459 | Exany         3173/  780 0.01 0.20 0.59 c147 |  137   16     16   405k    2  47/2   1 | 590401 838452
 20300 |  28   11020 | Exany         3077/  753 0.01 0.20 0.60 c147 |  137   16     16   405k    3  42/4   1 | 587085 840609
 20400 |  31    7536 | Fùlpū       2542/  628 0.05 0.51 0.61 c137 |  230   13     13   314k    1  -/-   0 | 600762 923354
[peopleSim] hearth candidate at (117,23) (-4.5E 55.5N) stood down — the farming package arrived before it was invented
 20500 |  31   10669 | Xụ́thị̌     3200/  721 0.05 0.11 0.61 c22 |  230   14     14   338k    1  -/-   0 | 596342 793626
 20600 |  31   11527 | Xụ́thị̌     3676/  729 0.03 0.11 0.61 c22 |   22   14     15   383k    3  35/5   1 | 583794 806626
[transHeap] step=20688 cap=2048 peakN=1121 pushes=6298 (0.0MB backing)
 20700 |  31   11299 | Xụ́thị̌     3675/  747 0.02 0.15 0.62 c22 |   22   14     15   383k    3  35/5   1 | 577659 808385
 20800 |  32   12771 | Tisgiv        3476/  721 0.06 0.46 0.65 c25 |   22   12     12   306k    3  42/6   1 | 608495 751412
 20900 |  32   18657 | Ǐkfí        6103/  953 0.04 0.33 0.49 c163 |  230   13     13   314k    2  48/0   1 | 606633 789742
 21000 |  32   18519 | Ǐkfí        6615/ 1021 0.03 0.36 0.50 c163 |  230   13     13   314k    2  48/0   1 | 596895 768504
[peopleSim] hearth candidate at (136,72) (24.0E -18.0N) stood down — the farming package arrived before it was invented
 21100 |  31   12284 | Lụ́lhụ̌     2736/  768 0.48 0.06 0.64 c93 |   93   16     24   625k    1  24/4   0 | 581525 729568
 21200 |  31   12840 | Lụ́lhụ̌     4433/  733 0.34 0.06 0.64 c93 |   93   21     30   778k    1  24/4   0 | 559133 705515
 21300 |  25   12002 | Lụ́lhụ̌     4394/  732 0.25 0.11 0.65 c93 |   93   21     30   778k    1  24/4   0 | 545528 712541
 21400 |  28   15816 | Lụ́lhụ̌     5021/  727 0.17 0.11 0.65 c93 |   93   18     22   568k    4  28/5   1 | 544949 735728
 21500 |  26   15043 | Lụ́lhụ̌     4219/  733 0.13 0.11 0.66 c331 |  331   20     30   778k    2  40/0   0 | 552206 737010
 21600 |  29   19557 | Lụ́lhụ̌     8326/  731 0.09 0.16 0.67 c331 |  137   18     18   457k    1  30/3   0 | 553667 677043
[peopleSim] hearth candidate at (31,23) (-133.5E 55.5N) stood down — the farming package arrived before it was invented
 21700 |  29   19052 | Lụ́lhụ̌     8207/  731 0.11 0.16 0.67 c331 |  137   18     18   457k    1  30/3   0 | 550965 671095
 21800 |  28   19917 | Lụ́lhụ̌     7412/  741 0.15 0.16 0.68 c331 |  230   12     13   313k    2  28/0   0 | 522833 747998
 21900 |  28   16267 | Lụ́lhụ̌     6142/  614 0.11 0.21 0.68 c331 |  341   20     33   860k    1  -/-   0 | 505735 834215
 22000 |  28   15052 | Lụ́lhụ̌     5215/  522 0.08 0.21 0.69 c331 |  341   20     33   860k    1  -/-   0 | 518758 839644
 22100 |  29   18680 | Fùlpū       7688/  220 0.08 0.55 0.57 c341 |  341   20     40  1044k   10  53/69   0 | 520337 756779
[peopleSim] hearth candidate at (56,49) (-96.0E 16.5N) stood down — the farming package arrived before it was invented
 22200 |  29   18226 | Fùlpū       8027/  379 0.34 0.57 0.59 c341 |  230   12     13   313k    2  39/0   0 | 501518 782688
 22300 |  29   16607 | Fùlpū       7546/  897 0.39 0.57 0.61 c341 |  230   12     13   313k    2  25/0   0 | 519059 770566
 22400 |  29   14741 | Fùlpū       4187/  730 0.35 0.57 0.62 c341 |  341   18     22   559k   10  24/177   0 | 533374 759242
 22500 |  27   14854 | Fị̀tlà      5791/  926 0.16 0.17 0.44 c222 |  341   17     17   433k   10  24/177   0 | 519512 743758
 22600 |  27   14887 | Fị̀tlà      6428/  133 0.36 0.17 0.45 c222 |  341   17     17   433k    6  35/28   0 | 448717 719363
 22700 |  24   15139 | Lụ́lhụ̌     4667/  643 0.15 0.26 0.63 c222 |  341   21     21   536k    6  40/22   0 | 463364 690630
 22800 |  26   12332 | Fùlpū       3850/  669 0.29 0.59 0.67 c341 |  341   16     16   407k    6  40/22   0 | 501182 672269
 22900 |  27   10596 | Fùlpū       2544/  696 0.26 0.59 0.68 c341 |  341   14     14   357k    5  32/50   0 | 506858 695106
 23000 |  26   10337 | Fùlpū       2256/  688 0.19 0.59 0.69 c341 |  341   14     14   357k    3  40/6   0 | 509898 678674
[peopleSim] hearth candidate at (77,72) (-64.5E -18.0N) stood down — the farming package arrived before it was invented
 23100 |  26   12345 | Ňǐlhụ̌      2175/  710 0.60 0.05 0.68 c514 |  514   13     21   547k    3  30/2   0 | 491288 629536
 23200 |  25   12907 | Ňǐlhụ̌      4195/  713 0.59 0.05 0.69 c514 |  514   15     24   623k    4  35/3   2 | 491616 627122
 23300 |  22   12326 | Ňǐlhụ̌      4007/  671 0.54 0.05 0.70 c514 |  514   15     24   623k    4  61/4   1 | 476942 609408
 23400 |  24   11315 | Ňǐlhụ̌      3963/  670 0.39 0.11 0.71 c514 |  514   15     24   625k    4  61/4   1 | 480835 713809
 23500 |  24   11532 | Ňǐlhụ̌      3817/  605 0.28 0.11 0.72 c514 |  514   17     29   754k    5  42/6   0 | 474218 663392
 23600 |  23   11270 | Ňǐlhụ̌      3762/  173 0.20 0.11 0.73 c514 |  514   17     29   754k    7  36/9   0 | 471222 653634
 23700 |  23   12678 | Ňǐlhụ̌      4657/  570 0.20 0.16 0.73 c514 |  396   16     18   436k    2  38/0   0 | 465916 653127
 23800 |  24    9809 | Vefasixa      2345/  549 0.17 0.55 0.69 c396 |  396   16     18   436k    2  35/0   1 | 458110 676260
 23900 |  24    9374 | Vefasixa      2322/  145 0.12 0.55 0.70 c396 |  396   16     18   436k    3  58/7   1 | 449257 639683
 24000 |  24   14173 | Ňǐlpù       3742/  620 0.28 0.07 0.74 c617 |  341   11     11   279k    1  47/3   0 | 483678 594590
 24100 |  24   14274 | Ňǐlhụ̌      3018/  657 0.11 0.20 0.75 c584 |  341   15     15   378k    1  47/3   0 | 488304 601435
 24200 |  24   16840 | Ňǐlhụ̌      2989/  299 0.31 0.20 0.76 c584 |  677   17     17   427k    1  -/-   0 | 488579 592504
 24300 |  24   15402 | Fǐulpūkò   2796/  595 0.21 0.20 0.76 c526 |  677   17     17   427k    1  -/-   0 | 471616 571788
 24400 |  24   13011 | Fǐulpūkò   2889/  289 0.22 0.20 0.76 c526 |  654   14     15   361k    1  -/-   0 | 484318 774287
 24500 |  25   11824 | Fị̀tlà      1733/  173 0.00 0.36 0.74 c334 |  654   12     13   313k    1  -/-   0 | 492214 549136
 24600 |  24   10734 | Fị̀tlà      1731/  173 0.00 0.38 0.75 c334 |  654   12     13   313k    1  -/-   0 | 469887 549364
 24700 |  24   11032 | Diniighbog    1759/  561 0.12 0.16 0.79 c654 |  654   12     13   313k    1  -/-   0 | 464414 560301
 24800 |  24   10586 | Diniighbog    1806/  577 0.22 0.16 0.79 c654 |  654   14     15   361k    1  -/-   0 | 472915 567587
 24900 |  24   10054 | Diniighbog    1810/  578 0.30 0.21 0.80 c654 |  654   14     15   361k    1  -/-   0 | 478212 580409
 25000 |  24    9347 | Diniighbog    1831/  583 0.36 0.21 0.80 c654 |  654   12     13   313k    1  -/-   0 | 455311 583738

=== THE EVENT LOG, EGYPT BOX, steps 9000+ (the sim's own record — not inferred) ===
  -- complete type histogram (3695 events; the listing below may truncate) --
      1483  famine.struck
       536  war.began
       395  settlement.founded
       379  war.ended
       179  war.indemnity
        91  settlement.dissolved
        87  market.dearth
        72  polity.submitted
        69  settlement.abandoned
        60  settlement.annexed
        49  polity.seceded
        48  plague.outbreak
        44  settlement.withered
        42  polity.ended
        36  settlement.tier
        25  polity.receded
        24  succession.crisis
        24  polity.shattered
        21  settlement.lapsed
        11  town.planted
         8  polity.restored
         7  polity.founded
         3  slave.revolt
         1  plague.virginSoil
         1  war.claimWon
   14750  settlement.founded     s=1 sName=Ňěňní kind=cradle
          └ Ňěňní was founded at the dawn of civilisation.
   14750  settlement.founded     s=1 sName=Ňěňní city=1
          └ The city of Ňěňní arose.
   14750  settlement.founded     s=2 sName=Fùlpū kind=crystallized
          └ Fùlpū was founded.
   14750  settlement.founded     s=2 sName=Fùlpū city=1
          └ The city of Fùlpū arose.
   14775  settlement.founded     s=3 sName=Kèňtọ̄ị kind=crystallized
          └ Kèňtọ̄ị was founded.
   14775  settlement.founded     s=3 sName=Kèňtọ̄ị city=1
          └ The city of Kèňtọ̄ị arose.
   14800  settlement.founded     s=4 sName=Fōnfǐu kind=crystallized
          └ Fōnfǐu was founded.
   14800  settlement.founded     s=4 sName=Fōnfǐu city=1
          └ The city of Fōnfǐu arose.
   14825  settlement.founded     s=5 sName=Nāthị̌ kind=crystallized
          └ Nāthị̌ was founded.
   14825  settlement.founded     s=5 sName=Nāthị̌ city=1
          └ The city of Nāthị̌ arose.
   14833  settlement.tier        s=1 sName=Ňěňní
          └ Ňěňní grew into a metropolis (378,000 souls).
   14833  settlement.tier        s=2 sName=Fùlpū
          └ Fùlpū grew into a metropolis (455,000 souls).
   14850  settlement.founded     s=6 sName=Lǎxkòu kind=crystallized
          └ Lǎxkòu was founded.
   14850  settlement.founded     s=6 sName=Lǎxkòu city=1
          └ The city of Lǎxkòu arose.
   14872  market.dearth          s=2 sName=Fùlpū
          └ Dearth in Fùlpū — bread at famine prices in the market.
   14875  settlement.founded     s=7 sName=Sǔsfá kind=crystallized
          └ Sǔsfá was founded.
   14875  settlement.founded     s=7 sName=Sǔsfá city=1
          └ The city of Sǔsfá arose.
   14900  settlement.founded     s=8 sName=Fǒptàị kind=crystallized
          └ Fǒptàị was founded.
   14900  settlement.founded     s=8 sName=Fǒptàị city=1
          └ The city of Fǒptàị arose.
   14925  settlement.founded     s=9 sName=Ňúpīkò kind=crystallized
          └ Ňúpīkò was founded.
   14925  settlement.founded     s=9 sName=Ňúpīkò city=1
          └ The city of Ňúpīkò arose.
   14950  settlement.founded     s=10 sName=Ňǐlňà kind=crystallized
          └ Ňǐlňà was founded.
   14950  settlement.founded     s=10 sName=Ňǐlňà city=1
          └ The city of Ňǐlňà arose.
   14975  settlement.founded     s=11 sName=Xòufpù kind=crystallized
          └ Xòufpù was founded.
   14975  settlement.founded     s=11 sName=Xòufpù city=1
          └ The city of Xòufpù arose.
   15000  settlement.founded     s=12 sName=Lǎlpù kind=crystallized
          └ Lǎlpù was founded.
   15000  settlement.founded     s=12 sName=Lǎlpù city=1
          └ The city of Lǎlpù arose.
   15025  settlement.founded     s=13 sName=Tàstù kind=crystallized
          └ Tàstù was founded.
   15025  settlement.founded     s=13 sName=Tàstù city=1
          └ The city of Tàstù arose.
   15075  settlement.founded     s=14 sName=Ňěxkòu kind=crystallized
          └ Ňěxkòu was founded.
   15075  settlement.founded     s=14 sName=Ňěxkòu city=1
          └ The city of Ňěxkòu arose.
   15400  settlement.founded     s=15 sName=Nīpsē kind=crystallized
          └ Nīpsē was founded.
   15400  settlement.founded     s=15 sName=Nīpsē city=1
          └ The city of Nīpsē arose.
   15675  settlement.founded     s=16 sName=Lẹ́fị̌kú kind=crystallized
          └ Lẹ́fị̌kú was founded.
   15675  settlement.founded     s=16 sName=Lẹ́fị̌kú city=1
          └ The city of Lẹ́fị̌kú arose.
   15697  settlement.tier        s=16 sName=Lẹ́fị̌kú
          └ Lẹ́fị̌kú grew into a metropolis (566,000 souls).
   15706  market.dearth          s=2 sName=Fùlpū
          └ Dearth in Fùlpū — bread at famine prices in the market.
   15734  market.dearth          s=16 sName=Lẹ́fị̌kú
          └ Dearth in Lẹ́fị̌kú — bread at famine prices in the market.
   15950  settlement.founded     s=19 sName=Fōnfǐu kind=crystallized
          └ Fōnfǐu was founded.
   15950  settlement.founded     s=19 sName=Fōnfǐu city=1
          └ The city of Fōnfǐu arose.
   16134  famine.struck          
          └ A famine gripped the land.
   16200  plague.outbreak        s=1 sName=Ňěňní
          └ Plague broke out in Ňěňní and swept through the realm.
   16252  famine.struck          
          └ A famine gripped the land.
   16258  famine.struck          
          └ A famine gripped the land.
   16306  famine.struck          
          └ A famine gripped the land.
   16368  famine.struck          
          └ A famine gripped the land.
   16374  famine.struck          
          └ A famine gripped the land.
   16387  polity.seceded         from=1 fromName=Ňěňnílěā
          └ Broke away from Ňěňnílěā in a war of secession.
   16387  polity.seceded         from=1 fromName=Ňěňnílěā
          └ Broke away from Ňěňnílěā in a war of secession.
   16397  settlement.dissolved   s=3 why=core sName=Kèňtọ̄ị
          └ Kèňtọ̄ị faded back into the countryside.
   16400  settlement.founded     s=21 sName=Họ̄ịkú kind=crystallized
          └ Họ̄ịkú was founded.
   16400  settlement.founded     s=21 sName=Họ̄ịkú city=1
          └ The city of Họ̄ịkú arose.
   16425  settlement.founded     s=22 sName=Sùlhụ̌ kind=crystallized
          └ Sùlhụ̌ was founded.
   16425  settlement.founded     s=22 sName=Sùlhụ̌ city=1
          └ The city of Sùlhụ̌ arose.
   16434  succession.crisis      name=Ňěňnílěā
          └ The royal line failed — an interregnum of rival claimants.
   16475  settlement.founded     s=25 sName=Fevvon city=1
          └ The city of Fevvon arose.
   16475  settlement.founded     s=26 sName=Ňèkfé kind=crystallized
          └ Ňèkfé was founded.
   16475  settlement.founded     s=26 sName=Vyabozbog city=1
          └ The city of Vyabozbog arose.
   16492  famine.struck          
          └ A famine gripped the land.
   16492  famine.struck          
          └ A famine gripped the land.
   16492  famine.struck          
          └ A famine gripped the land.
   16492  famine.struck          
          └ A famine gripped the land.
   16500  settlement.founded     s=28 sName=Fiigh kind=crystallized
          └ Fiigh was founded.
   16500  settlement.founded     s=28 sName=Fiigh city=1
          └ The city of Fiigh arose.
   16525  settlement.founded     s=30 sName=Nyizax kind=crystallized
          └ Nyizax was founded.
   16525  settlement.founded     s=30 sName=Nyizax city=1
          └ The city of Nyizax arose.
   16540  market.dearth          s=2 sName=Fùlpū
          └ Dearth in Fùlpū — bread at famine prices in the market.
   16550  settlement.founded     s=32 sName=Tisgiv kind=crystallized
          └ Tisgiv was founded.
   16550  settlement.founded     s=32 sName=Tisgiv city=1
          └ The city of Tisgiv arose.
   16550  war.began              from=2 to=1 name=Fùlpūlěā
          └ Marched to war against Ňěňnílěā as the succession failed.
   16550  war.began              from=1 to=2 name=Ňěňnílěā
          └ Marched to war against Fùlpūlěā.
   16562  famine.struck          
          └ A famine gripped the land.
   16575  settlement.founded     s=34 sName=Nyahočfadyon kind=crystallized
          └ Nyahočfadyon was founded.
   16575  settlement.founded     s=34 sName=Nyahočfadyon city=1
          └ The city of Nyahočfadyon arose.
   16580  famine.struck          
          └ A famine gripped the land.
   16580  famine.struck          
          └ A famine gripped the land.
   16580  famine.struck          
          └ A famine gripped the land.
   16580  famine.struck          
          └ A famine gripped the land.
   16586  market.dearth          s=1 sName=Ňěňní
          └ Dearth in Ňěňní — bread at famine prices in the market.
   16589  settlement.dissolved   s=11 why=core sName=Xòufpù
          └ Xòufpù faded back into the countryside.
   16590  settlement.dissolved   s=10 why=core sName=Ňǐlňà
          └ Ňǐlňà faded back into the countryside.
   16591  settlement.dissolved   s=9 why=core sName=Ňúpīkò
          └ Ňúpīkò faded back into the countryside.
   16592  settlement.dissolved   s=8 why=core sName=Fǒptàị
          └ Fǒptàị faded back into the countryside.
   16593  settlement.dissolved   s=7 why=core sName=Sǔsfá
          └ Sǔsfá faded back into the countryside.
   16594  settlement.dissolved   s=6 why=core sName=Lǎxkòu
          └ Lǎxkòu faded back into the countryside.
   16595  settlement.dissolved   s=5 why=core sName=Nāthị̌
          └ Nāthị̌ faded back into the countryside.
   16596  settlement.dissolved   s=4 why=core sName=Fōnfǐu
          └ Fōnfǐu faded back into the countryside.
   16600  settlement.founded     s=36 sName=Dekagkyighaf kind=crystallized
          └ Dekagkyighaf was founded.
   16600  settlement.founded     s=36 sName=Dekagkyighaf city=1
          └ The city of Dekagkyighaf arose.
   16625  settlement.founded     s=39 sName=Lóupí kind=crystallized
          └ Lóupí was founded.
   16625  settlement.founded     s=39 sName=Lóupí city=1
          └ The city of Lóupí arose.
   16650  settlement.founded     s=41 sName=Nǐfpù kind=crystallized
          └ Nǐfpù was founded.
   16650  settlement.founded     s=41 sName=Nǐfpù city=1
          └ The city of Nǐfpù arose.
   16660  famine.struck          
          └ A famine gripped the land.
   16660  famine.struck          
          └ A famine gripped the land.
   16660  famine.struck          
          └ A famine gripped the land.
   16660  famine.struck          
          └ A famine gripped the land.
   16675  settlement.founded     s=43 sName=Tị̄lā kind=crystallized
          └ Tị̄lā was founded.
   16675  settlement.founded     s=43 sName=Tị̄lā city=1
          └ The city of Tị̄lā arose.
   16680  famine.struck          
          └ A famine gripped the land.
   16680  famine.struck          
          └ A famine gripped the land.
   16680  famine.struck          
          └ A famine gripped the land.
   16680  famine.struck          
          └ A famine gripped the land.
   16700  settlement.founded     s=45 sName=Èňkū kind=crystallized
          └ Èňkū was founded.
   16700  settlement.founded     s=45 sName=Èňkū city=1
          └ The city of Èňkū arose.
   16700  war.began              from=1 to=32 name=Ňěňnílěā
          └ Marched to war against Tisgivfaxa.
   16705  settlement.tier        s=22 sName=Sùlhụ̌
          └ Sùlhụ̌ grew into a metropolis (609,000 souls).
   16705  settlement.tier        s=32 sName=Tisgiv
          └ Tisgiv grew into a metropolis (652,000 souls).
   16724  famine.struck          
          └ A famine gripped the land.
   16724  famine.struck          
          └ A famine gripped the land.
   16724  famine.struck          
          └ A famine gripped the land.
   16724  famine.struck          
          └ A famine gripped the land.
   16725  settlement.founded     s=47 sName=Làkfé kind=crystallized
          └ Làkfé was founded.
   16725  settlement.founded     s=47 sName=Làkfé city=1
          └ The city of Làkfé arose.
   16733  market.dearth          s=16 sName=Lẹ́fị̌kú
          └ Dearth in Lẹ́fị̌kú — bread at famine prices in the market.
   16735  market.dearth          s=32 sName=Tisgiv
          └ Dearth in Tisgiv — bread at famine prices in the market.
   16750  settlement.founded     s=49 sName=Sǎfǎrọ̀ kind=crystallized
          └ Sǎfǎrọ̀ was founded.
   16750  settlement.founded     s=49 sName=Sǎfǎrọ̀ city=1
          └ The city of Sǎfǎrọ̀ arose.
   16750  war.began              from=1 to=36 name=Ňěňnílěā
          └ Marched to war against Dekagkyighaffaxa.
   16750  war.ended              how=siegeLifted to=2 toName=Fùlpūlěā name=Ňěňnílěā
          └ The war with Ňěňnílěā ended.
   16775  settlement.founded     s=50 sName=Lụ́ltù kind=crystallized
          └ Lụ́ltù was founded.
   16775  settlement.founded     s=50 sName=Lụ́ltù city=1
          └ The city of Lụ́ltù arose.
   16778  famine.struck          
          └ A famine gripped the land.
   16778  famine.struck          
          └ A famine gripped the land.
   16778  famine.struck          
          └ A famine gripped the land.
   16786  settlement.dissolved   s=14 why=core sName=Ňěxkòu
          └ Ňěxkòu faded back into the countryside.
   16787  settlement.dissolved   s=13 why=core sName=Tàstù
          └ Tàstù faded back into the countryside.
   16788  settlement.dissolved   s=12 why=core sName=Lǎlpù
          └ Lǎlpù faded back into the countryside.
   16800  settlement.founded     s=51 sName=Kóňpì kind=crystallized
          └ Kóňpì was founded.
   16800  settlement.founded     s=51 sName=Kóňpì city=1
          └ The city of Kóňpì arose.
   16800  settlement.founded     s=52 sName=Mümitax kind=settlers
          └ Mümitax was founded.
   16825  settlement.founded     s=53 sName=Fōntà kind=crystallized
          └ Fōntà was founded.
   16825  settlement.founded     s=53 sName=Fōntà city=1
          └ The city of Fōntà arose.
   16848  settlement.lapsed      s=52 sName=Mümitax from=25 fromName=Fevvon
          └ Mümitax slipped free of Fevvon.
   16848  polity.receded         s=52 n=1 sName=Mümitax name=Fevvon
          └ The grip of Fevvon failed, and the marches beyond Mümitax were left to their own devices.
   16848  polity.founded         how=frontier from=-1 name=Mümitaxfaxa
          └ Mümitax declared itself a sovereign realm.
   16849  settlement.tier        s=36 sName=Dekagkyighaf
          └ Dekagkyighaf grew into a metropolis (668,000 souls).
   16849  settlement.tier        s=52 sName=Mümitax
          └ Mümitax grew into a city (249,000 souls).
   16850  famine.struck          
          └ A famine gripped the land.
   16850  famine.struck          
          └ A famine gripped the land.
   16850  settlement.founded     s=55 sName=Xóultù kind=crystallized
          └ Xóultù was founded.
   16850  settlement.founded     s=55 sName=Xóultù city=1
          └ The city of Xóultù arose.
   16850  war.began              from=25 to=36 name=Fevvon
          └ Marched to war against Dekagkyighaffaxa.
   16850  war.began              from=2 to=22 name=Fùlpūlěā
          └ Marched to war against Sùlhụ̌lěā.
   16875  settlement.founded     s=58 sName=Nị́nfǐu kind=crystallized
          └ Nị́nfǐu was founded.
   16875  settlement.founded     s=58 sName=Nị́nfǐu city=1
          └ The city of Nị́nfǐu arose.
   16876  famine.struck          
          └ A famine gripped the land.
   16881  market.dearth          s=36 sName=Dekagkyighaf
          └ Dearth in Dekagkyighaf — bread at famine prices in the market.
   16883  market.dearth          s=22 sName=Sùlhụ̌
          └ Dearth in Sùlhụ̌ — bread at famine prices in the market.
   16896  famine.struck          
          └ A famine gripped the land.
   16896  famine.struck          
          └ A famine gripped the land.
   16900  settlement.founded     s=61 sName=Pékfèkú kind=crystallized
          └ Pékfèkú was founded.
   16900  settlement.founded     s=61 sName=Pékfèkú city=1
          └ The city of Pékfèkú arose.
   16912  famine.struck          
          └ A famine gripped the land.
   16950  war.began              from=22 to=2 name=Sùlhụ̌lěā
          └ Marched to war against Fùlpūlěā.
   16950  war.ended              how=siegeLifted to=36 toName=Dekagkyighaffaxa name=Ňěňnílěā
          └ The war with Ňěňnílěā ended.
   16968  famine.struck          
          └ A famine gripped the land.
   16968  famine.struck          
          └ A famine gripped the land.
   16968  famine.struck          
          └ A famine gripped the land.
   16968  famine.struck          
          └ A famine gripped the land.
   17000  famine.struck          
          └ A famine gripped the land.
   17000  famine.struck          
          └ A famine gripped the land.
   17000  famine.struck          
          └ A famine gripped the land.
   17000  settlement.founded     s=65 sName=Nes kind=crystallized
          └ Nes was founded.
   17000  settlement.founded     s=65 sName=Xighanynefač city=1
          └ The city of Xighanynefač arose.
   17018  famine.struck          
          └ A famine gripped the land.
   17046  famine.struck          
          └ A famine gripped the land.
   17050  war.ended              how=siegeLifted to=22 toName=Sùlhụ̌lěā name=Fùlpūlěā
          └ The war with Fùlpūlěā ended.
   17070  famine.struck          
          └ A famine gripped the land.
   17070  famine.struck          
          └ A famine gripped the land.
   17070  famine.struck          
          └ A famine gripped the land.
   17070  famine.struck          
          └ A famine gripped the land.
   17075  settlement.founded     s=68 sName=Fụ̌ kind=crystallized
          └ Fụ̌ was founded.
   17075  settlement.founded     s=68 sName=Fụ̌ city=1
          └ The city of Fụ̌ arose.
   17088  famine.struck          
          └ A famine gripped the land.
   17134  famine.struck          
          └ A famine gripped the land.
   17134  famine.struck          
          └ A famine gripped the land.
   17134  famine.struck          
          └ A famine gripped the land.
   17134  famine.struck          
          └ A famine gripped the land.
   17137  polity.seceded         from=52 fromName=Mümitaxfaxa
          └ Broke away from Mümitaxfaxa in a war of secession.
   17140  famine.struck          
          └ A famine gripped the land.
   17140  famine.struck          
          └ A famine gripped the land.
   17140  famine.struck          
          └ A famine gripped the land.
   17140  famine.struck          
          └ A famine gripped the land.
   17150  war.began              from=36 to=25 name=Dekagkyighaffaxa
          └ Marched to war against Fevvon.
   17156  famine.struck          
          └ A famine gripped the land.
   17156  famine.struck          
          └ A famine gripped the land.
   17156  famine.struck          
          └ A famine gripped the land.
   17156  famine.struck          
          └ A famine gripped the land.
   17164  famine.struck          
          └ A famine gripped the land.
   17176  famine.struck          
          └ A famine gripped the land.
   17176  famine.struck          
          └ A famine gripped the land.
   17176  famine.struck          
          └ A famine gripped the land.
   17176  famine.struck          
          └ A famine gripped the land.
   17185  settlement.dissolved   s=15 why=core sName=Nīpsē
          └ Nīpsē faded back into the countryside.
   17200  settlement.founded     s=70 sName=Lǎlpì kind=crystallized
          └ Lǎlpì was founded.
   17200  settlement.founded     s=70 sName=Lǎlpì city=1
          └ The city of Lǎlpì arose.
   17218  famine.struck          
          └ A famine gripped the land.
   17234  famine.struck          
          └ A famine gripped the land.
   17234  famine.struck          
          └ A famine gripped the land.
   17234  famine.struck          
          └ A famine gripped the land.
   17234  famine.struck          
          └ A famine gripped the land.
   17300  famine.struck          
          └ A famine gripped the land.
   17300  famine.struck          
          └ A famine gripped the land.
   17300  famine.struck          
          └ A famine gripped the land.
   17300  famine.struck          
          └ A famine gripped the land.
   17300  war.began              from=52 to=54 name=Mümitaxfaxa
          └ Marched to war against Če.
   17300  war.began              from=54 to=52 name=Če
          └ Marched to war against Mümitaxfaxa.
   17350  war.ended              how=siegeLifted to=36 toName=Dekagkyighaffaxa name=Fevvon
          └ The war with Fevvon ended.
   17382  famine.struck          
          └ A famine gripped the land.
   17394  famine.struck          
          └ A famine gripped the land.
   17400  settlement.founded     s=72 sName=Xụ́ňpì kind=crystallized
          └ Xụ́ňpì was founded.
   17400  settlement.founded     s=72 sName=Xụ́ňpì city=1
          └ The city of Xụ́ňpì arose.
   17420  market.dearth          s=1 sName=Ňěňní
          └ Dearth in Ňěňní — bread at famine prices in the market.
   17448  famine.struck          
          └ A famine gripped the land.
   17482  famine.struck          
          └ A famine gripped the land.
   17484  famine.struck          
          └ A famine gripped the land.
   17484  famine.struck          
          └ A famine gripped the land.
   17484  famine.struck          
          └ A famine gripped the land.
   17484  famine.struck          
          └ A famine gripped the land.
   17490  famine.struck          
          └ A famine gripped the land.
   17490  famine.struck          
          └ A famine gripped the land.
   17490  famine.struck          
          └ A famine gripped the land.
   17490  famine.struck          
          └ A famine gripped the land.
   17500  war.ended              how=siegeLifted to=54 toName=Če name=Mümitaxfaxa
          └ The war with Mümitaxfaxa ended.
   17518  famine.struck          
          └ A famine gripped the land.
   17560  famine.struck          
          └ A famine gripped the land.
   17560  famine.struck          
          └ A famine gripped the land.
   17560  famine.struck          
          └ A famine gripped the land.
   17560  famine.struck          
          └ A famine gripped the land.
   17567  market.dearth          s=16 sName=Lẹ́fị̌kú
          └ Dearth in Lẹ́fị̌kú — bread at famine prices in the market.
   17569  market.dearth          s=32 sName=Tisgiv
          └ Dearth in Tisgiv — bread at famine prices in the market.
   17581  settlement.dissolved   s=19 why=core sName=Fōnfǐu
          └ Fōnfǐu faded back into the countryside.
   17582  famine.struck          
          └ A famine gripped the land.
   17582  famine.struck          
          └ A famine gripped the land.
   17582  famine.struck          
          └ A famine gripped the land.
   17586  famine.struck          
          └ A famine gripped the land.
   17586  famine.struck          
          └ A famine gripped the land.
   17586  famine.struck          
          └ A famine gripped the land.
   17586  famine.struck          
          └ A famine gripped the land.
   17586  famine.struck          
          └ A famine gripped the land.
   17586  famine.struck          
          └ A famine gripped the land.
   17586  famine.struck          
          └ A famine gripped the land.
   17587  polity.submitted       how=union to=25 toName=Fevvon name=Nyizaxfax
          └ In the troubles of the succession, the court of Nyizaxfax joined its crown to Fevvon — one senior throne, two realms.
   17587  settlement.annexed     s=25 sName=Fevvon from=25 fromName=Fevvon to=32 toName=Tisgivfaxa
          └ Peacefully absorbed Fevvon from Fevvon.
   17587  polity.ended           how=dissolved name=Fevvon
          └ Dissolved — its last cities scattered or fell silent.
   17600  settlement.founded     s=75 sName=Ìtlà kind=crystallized
          └ Ìtlà was founded.
   17600  settlement.founded     s=75 sName=Ìtlà city=1
          └ The city of Ìtlà arose.
   17600  war.began              from=32 to=36 name=Tisgivfaxa
          └ Marched to war against Dekagkyighaffaxa as the succession failed.
   17600  war.began              from=36 to=32 name=Dekagkyighaffaxa
          └ Marched to war against Tisgivfaxa.
   17630  famine.struck          
          └ A famine gripped the land.
   17630  famine.struck          
          └ A famine gripped the land.
   17630  famine.struck          
          └ A famine gripped the land.
   17630  famine.struck          
          └ A famine gripped the land.
   17630  famine.struck          
          └ A famine gripped the land.
   17634  famine.struck          
          └ A famine gripped the land.
   17634  famine.struck          
          └ A famine gripped the land.
   17634  famine.struck          
          └ A famine gripped the land.
   17638  famine.struck          
          └ A famine gripped the land.
   17674  famine.struck          
          └ A famine gripped the land.
   17700  settlement.founded     s=77 sName=Kǎňtụ̀ịrụ́ kind=crystallized
          └ Kǎňtụ̀ịrụ́ was founded.
   17700  settlement.founded     s=77 sName=Kǎňtụ̀ịrụ́ city=1
          └ The city of Kǎňtụ̀ịrụ́ arose.
   17708  famine.struck          
          └ A famine gripped the land.
   17715  market.dearth          s=36 sName=Dekagkyighaf
          └ Dearth in Dekagkyighaf — bread at famine prices in the market.
   17730  famine.struck          
          └ A famine gripped the land.
   17738  famine.struck          
          └ A famine gripped the land.
   17750  settlement.founded     s=78 sName=Tị̄lārụ́ city=1
          └ The city of Tị̄lārụ́ arose.
   17750  settlement.founded     s=79 sName=Nǔfīukò city=1
          └ The city of Nǔfīukò arose.
   17760  settlement.founded     s=81 sName=Yúltù kind=planted
          └ Yúltù was founded.
   17760  town.planted           s=81 sName=Yúltù
          └ The crown planted Yúltù to hold the march.
   17760  settlement.founded     s=82 sName=Puusofax kind=planted
          └ Puusofax was founded.
   17760  town.planted           s=82 sName=Puusofax
          └ The crown chartered Puusofax to govern the countryside.
   17775  settlement.founded     s=83 sName=Yùnfǐu city=1
          └ The city of Yùnfǐu arose.
   17788  famine.struck          
          └ A famine gripped the land.
   17790  famine.struck          
          └ A famine gripped the land.
   17790  famine.struck          
          └ A famine gripped the land.
   17790  famine.struck          
          └ A famine gripped the land.
   17800  famine.struck          
          └ A famine gripped the land.
   17800  famine.struck          
          └ A famine gripped the land.
   17800  famine.struck          
          └ A famine gripped the land.
   17800  famine.struck          
          └ A famine gripped the land.
   17800  settlement.founded     s=84 sName=Hǐňlà city=1
          └ The city of Hǐňlà arose.
   17825  settlement.founded     s=86 sName=Mùpíükú city=1
          └ The city of Mùpíükú arose.
   17826  famine.struck          
          └ A famine gripped the land.
   17834  famine.struck          
          └ A famine gripped the land.
   17834  famine.struck          
          └ A famine gripped the land.
   17848  famine.struck          
          └ A famine gripped the land.
   17850  settlement.founded     s=87 sName=Nǐfpù city=1
          └ The city of Nǐfpù arose.
   17856  settlement.lapsed      s=81 sName=Yúltù from=1 fromName=Ňěňnílěā
          └ Yúltù slipped free of Ňěňnílěā.
   17856  polity.receded         s=81 n=1 sName=Yúltù name=Ňěňnílěā
          └ The grip of Ňěňnílěā failed, and the marches beyond Yúltù were left to their own devices.
   17856  settlement.lapsed      s=82 sName=Puusofax from=52 fromName=Mümitaxfaxa
          └ Puusofax slipped free of Mümitaxfaxa.
   17856  polity.receded         s=82 n=1 sName=Puusofax name=Mümitaxfaxa
          └ The grip of Mümitaxfaxa failed, and the marches beyond Puusofax were left to their own devices.
   17875  settlement.founded     s=88 sName=Ìňní city=1
          └ The city of Ìňní arose.
   17887  polity.seceded         from=22 fromName=Sùlhụ̌lěā
          └ Broke away from Sùlhụ̌lěā in a war of secession.
   17900  settlement.founded     s=89 sName=Fǒustù city=1
          └ The city of Fǒustù arose.
   17900  war.ended              how=faded to=32 toName=Tisgivfaxa name=Ňěňnílěā
          └ The war with Ňěňnílěā ended.
   17912  famine.struck          
          └ A famine gripped the land.
   17912  famine.struck          
          └ A famine gripped the land.
   17912  famine.struck          
          └ A famine gripped the land.
   17925  settlement.founded     s=90 sName=Lákú city=1
          └ The city of Lákú arose.
   17950  settlement.founded     s=91 sName=Fìlīrụ́ city=1
          └ The city of Fìlīrụ́ arose.
   17968  famine.struck          
          └ A famine gripped the land.
   17975  settlement.founded     s=92 sName=Yúlpù city=1
          └ The city of Yúlpù arose.
   17982  famine.struck          
          └ A famine gripped the land.
   17982  famine.struck          
          └ A famine gripped the land.
   17994  famine.struck          
          └ A famine gripped the land.
   17994  famine.struck          
          └ A famine gripped the land.
   17994  famine.struck          
          └ A famine gripped the land.
   18000  settlement.lapsed      s=78 sName=Tị̄lārụ́ from=22 fromName=Sùlhụ̌lěā
          └ Tị̄lārụ́ slipped free of Sùlhụ̌lěā.
   18000  polity.receded         s=78 n=1 sName=Tị̄lārụ́ name=Sùlhụ̌lěā
          └ The grip of Sùlhụ̌lěā failed, and the marches beyond Tị̄lārụ́ were left to their own devices.
   18000  polity.founded         how=frontier from=-1 name=Yúltùlǐ
          └ Yúltù declared itself a sovereign realm.
   18000  settlement.founded     s=93 sName=Lákò city=1
          └ The city of Lákò arose.
   18006  famine.struck          
          └ A famine gripped the land.
   18006  famine.struck          
          └ A famine gripped the land.
   18006  famine.struck          
          └ A famine gripped the land.
   18020  famine.struck          
          └ A famine gripped the land.
   18025  settlement.founded     s=96 sName=Fǒlhụ̌ city=1
          └ The city of Fǒlhụ̌ arose.
   18050  settlement.founded     s=97 sName=Píkfìkú city=1
          └ The city of Píkfìkú arose.
   18050  war.began              from=22 to=79 name=Sùlhụ̌lěā
          └ Marched to war against Nǔfīukò.
   18075  settlement.founded     s=98 sName=Sùthị̌ city=1
          └ The city of Sùthị̌ arose.
   18100  settlement.founded     s=99 sName=Lụ̄nlārụ́ city=1
          └ The city of Lụ̄nlārụ́ arose.
   18125  settlement.founded     s=101 sName=Yūnglì city=1
          └ The city of Yūnglì arose.
   18145  settlement.tier        s=79 sName=Nǔfīukò
          └ Nǔfīukò grew into a metropolis (1,252,000 souls).
   18150  settlement.founded     s=102 sName=Fǒppì city=1
          └ The city of Fǒppì arose.
   18150  war.began              from=2 to=81 name=Fùlpūlěā
          └ Marched to war against Yúltùlǐ.
   18150  war.began              from=1 to=81 name=Ňěňnílěā
          └ Marched to war against Yúltùlǐ.
   18150  war.began              from=16 to=81 name=Lẹ́fị̌kú
          └ Marched to war against Yúltùlǐ.
   18150  war.began              from=22 to=96 name=Sùlhụ̌lěā
          └ Marched to war against Fǒlhụ̌lǐ.
   18150  war.began              from=78 to=96 name=Tị̄lārụ́lǐ
          └ Marched to war against Fǒlhụ̌lǐ.
   18170  settlement.dissolved   s=30 why=core sName=Nyizax
          └ Nyizax faded back into the countryside.
   18172  settlement.dissolved   s=28 why=core sName=Fiigh
          └ Fiigh faded back into the countryside.
   18175  settlement.founded     s=103 sName=Ňǐsī city=1
          └ The city of Ňǐsī arose.
   18179  settlement.dissolved   s=21 why=core sName=Họ̄ịkú
          └ Họ̄ịkú faded back into the countryside.
   18182  famine.struck          
          └ A famine gripped the land.
   18182  famine.struck          
          └ A famine gripped the land.
   18182  famine.struck          
          └ A famine gripped the land.
   18187  polity.seceded         from=32 fromName=Tisgivfaxa
          └ Broke away from Tisgivfaxa in a war of secession.
   18188  famine.struck          
          └ A famine gripped the land.
   18192  famine.struck          
          └ A famine gripped the land.
   18200  settlement.founded     s=105 sName=Xyavonkakyop kind=crystallized
          └ Xyavonkakyop was founded.
   18200  settlement.founded     s=105 sName=Nyaoč city=1
          └ The city of Nyaoč arose.
   18200  settlement.founded     s=106 sName=Fụ̀ịtlà kind=crystallized
          └ Fụ̀ịtlà was founded.
   18200  settlement.founded     s=106 sName=Fụ̀ịtlà city=1
          └ The city of Fụ̀ịtlà arose.
   18222  famine.struck          
          └ A famine gripped the land.
   18222  famine.struck          
          └ A famine gripped the land.
   18222  famine.struck          
          └ A famine gripped the land.
   18225  settlement.founded     s=110 sName=Vyemamsyexax kind=crystallized
          └ Vyemamsyexax was founded.
   18225  settlement.founded     s=110 sName=Vefasixa city=1
          └ The city of Vefasixa arose.
   18234  famine.struck          
          └ A famine gripped the land.
   18250  war.began              from=2 to=1 name=Fùlpūlěā
          └ Renewed the old war against Ňěňnílěā.
   18250  war.began              from=1 to=2 name=Ňěňnílěā
          └ Renewed the old war against Fùlpūlěā.
   18250  polity.shattered       s=96 sName=Fǒlhụ̌ to=22 toName=Sùlhụ̌lěā
          └ Its capital Fǒlhụ̌ fell to Sùlhụ̌lěā — the realm collapsed.
   18250  polity.ended           how=conquest byName=Sùlhụ̌lěā name=Fǒlhụ̌lǐ
          └ Fell to Sùlhụ̌lěā and was erased from the map.
   18250  war.ended              how=sackedIntoTribute to=96 toName=Fǒlhụ̌lǐ name=Tị̄lārụ́lǐ
          └ The war with Tị̄lārụ́lǐ ended.
   18250  polity.submitted       how=sackedIntoTribute to=78 toName=Tị̄lārụ́lǐ name=Fǒlhụ̌lǐ
          └ Facing hopeless odds, the court of Fǒlhụ̌lǐ bowed to Tị̄lārụ́lǐ — keeping its throne at the price of tribute.
   18254  market.dearth          s=1 sName=Ňěňní
          └ Dearth in Ňěňní — bread at famine prices in the market.
   18277  market.dearth          s=2 sName=Fùlpū
          └ Dearth in Fùlpū — bread at famine prices in the market.
   18280  famine.struck          
          └ A famine gripped the land.
   18282  famine.struck          
          └ A famine gripped the land.
   18292  famine.struck          
          └ A famine gripped the land.
   18292  famine.struck          
          └ A famine gripped the land.
   18300  war.began              from=54 to=81 name=Če
          └ Marched to war against Yúltùlǐ.
   18300  war.began              from=22 to=93 name=Sùlhụ̌lěā
          └ Marched to war against Lákòlǐ.
   18318  famine.struck          
          └ A famine gripped the land.
   18320  famine.struck          
          └ A famine gripped the land.
   18325  settlement.founded     s=118 sName=Pīüffìrụ́ city=1
          └ The city of Pīüffìrụ́ arose.
   18336  famine.struck          
          └ A famine gripped the land.
   18337  polity.seceded         from=36 fromName=Dekagkyighaffaxa
          └ Broke away from Dekagkyighaffaxa in a war of secession.
   18337  settlement.annexed     s=32 sName=Tisgiv from=32 fromName=Tisgivfaxa to=25 toName=Fevvon
          └ Peacefully absorbed Tisgiv from Tisgivfaxa.
   18337  polity.ended           how=dissolved name=Tisgivfaxa
          └ Dissolved — its last cities scattered or fell silent.
   18351  settlement.dissolved   s=49 why=core sName=Sǎfǎrọ̀
          └ Sǎfǎrọ̀ faded back into the countryside.
   18353  settlement.dissolved   s=47 why=core sName=Làkfé
          └ Làkfé faded back into the countryside.
   18355  settlement.dissolved   s=45 why=core sName=Èňkū
          └ Èňkū faded back into the countryside.
   18356  famine.struck          
          └ A famine gripped the land.
   18357  settlement.dissolved   s=43 why=core sName=Tị̄lā
          └ Tị̄lā faded back into the countryside.
   18359  settlement.dissolved   s=41 why=core sName=Nǐfpù
          └ Nǐfpù faded back into the countryside.
   18361  settlement.dissolved   s=39 why=core sName=Lóupí
          └ Lóupí faded back into the countryside.
   18366  settlement.dissolved   s=34 why=core sName=Nyahočfadyon
          └ Nyahočfadyon faded back into the countryside.
   18375  settlement.founded     s=119 sName=Kǎňtụ̀ịkò kind=crystallized
          └ Kǎňtụ̀ịkò was founded.
   18375  settlement.founded     s=119 sName=Kǎňtụ̀ịkò city=1
          └ The city of Kǎňtụ̀ịkò arose.
   18380  famine.struck          
          └ A famine gripped the land.
   18380  famine.struck          
          └ A famine gripped the land.
   18400  settlement.founded     s=121 sName=Niduvytivyax kind=crystallized
          └ Niduvytivyax was founded.
   18400  settlement.founded     s=121 sName=Zyifeefa city=1
          └ The city of Zyifeefa arose.
   18400  settlement.founded     s=122 sName=Tị̄lā kind=crystallized
          └ Tị̄lā was founded.
   18400  settlement.founded     s=122 sName=Tị̄lā city=1
          └ The city of Tị̄lā arose.
   18400  polity.shattered       s=93 sName=Lákò to=22 toName=Sùlhụ̌lěā
          └ Its capital Lákò fell to Sùlhụ̌lěā — the realm collapsed.
   18400  polity.ended           how=conquest byName=Sùlhụ̌lěā name=Lákòlǐ
          └ Fell to Sùlhụ̌lěā and was erased from the map.
   18400  war.ended              how=siegeLifted to=81 toName=Yúltùlǐ name=Fùlpūlěā
          └ The war with Fùlpūlěā ended.
   18400  war.ended              how=siegeLifted to=81 toName=Yúltùlǐ name=Ňěňnílěā
          └ The war with Ňěňnílěā ended.
   18401  market.dearth          s=16 sName=Lẹ́fị̌kú
          └ Dearth in Lẹ́fị̌kú — bread at famine prices in the market.
   18403  market.dearth          s=32 sName=Tisgiv
          └ Dearth in Tisgiv — bread at famine prices in the market.
   18425  settlement.founded     s=127 sName=Ǐkfí kind=crystallized
          └ Ǐkfí was founded.
   18425  settlement.founded     s=127 sName=Ǐkfí city=1
          └ The city of Ǐkfí arose.
   18433  settlement.tier        s=127 sName=Ǐkfí
          └ Ǐkfí grew into a metropolis (1,024,000 souls).
   18450  settlement.founded     s=130 sName=Lākò kind=crystallized
          └ Lākò was founded.
   18450  settlement.founded     s=130 sName=Lākò city=1
          └ The city of Lākò arose.
   18450  war.began              from=78 to=81 name=Tị̄lārụ́lǐ
          └ Marched to war against Yúltùlǐ.
   18456  famine.struck          
          └ A famine gripped the land.
   18460  famine.struck          
          └ A famine gripped the land.
   18460  famine.struck          
          └ A famine gripped the land.
   18468  famine.struck          
          └ A famine gripped the land.
   18468  famine.struck          
          └ A famine gripped the land.
   18475  settlement.founded     s=132 sName=Ňǐňtụ̌ị kind=crystallized
          └ Ňǐňtụ̌ị was founded.
   18475  settlement.founded     s=132 sName=Ňǐňtụ̌ị city=1
          └ The city of Ňǐňtụ̌ị arose.
   18480  famine.struck          
          └ A famine gripped the land.
   18487  polity.submitted       how=union to=22 toName=Sùlhụ̌lěā name=Tị̄lārụ́lǐ
          └ In the troubles of the succession, the court of Tị̄lārụ́lǐ joined its crown to Sùlhụ̌lěā — one senior throne, two realms.
   18487  polity.restored        from=-1 name=Lákòlǐ
          └ The old nation rose again.
   18490  famine.struck          
          └ A famine gripped the land.
   18490  famine.struck          
          └ A famine gripped the land.
   18496  famine.struck          
          └ A famine gripped the land.
   18496  famine.struck          
          └ A famine gripped the land.
   18496  famine.struck          
          └ A famine gripped the land.
   18496  famine.struck          
          └ A famine gripped the land.
   18496  famine.struck          
          └ A famine gripped the land.
   18500  settlement.founded     s=134 sName=Hōustù kind=crystallized
          └ Hōustù was founded.
   18500  settlement.founded     s=134 sName=Hōustù city=1
          └ The city of Hōustù arose.
   18500  war.began              from=36 to=105 name=Dekagkyighaffaxa
          └ Marched to war against Nyaočfax.
   18500  war.began              from=1 to=105 name=Ňěňnílěā
          └ Marched to war against Nyaočfax.
   18500  war.began              from=78 to=93 name=Tị̄lārụ́lǐ
          └ Marched to war against Lákòlǐ.
   18500  war.ended              how=capitulation to=81 toName=Yúltùlǐ name=Če
          └ The war with Če ended; some 3 soldiers never came home.
   18500  polity.submitted       how=capitulation to=54 toName=Če name=Yúltùlǐ
          └ Beaten in the field, the court of Yúltùlǐ bent the knee to Če — a client crown under the conqueror's peace.
   18500  war.ended              how=truce to=81 toName=Yúltùlǐ name=Tị̄lārụ́lǐ
          └ The war with Tị̄lārụ́lǐ ended; some 1 soldiers never came home.
   18500  war.ended              how=truce to=81 toName=Yúltùlǐ name=Lẹ́fị̌kú
          └ The war with Lẹ́fị̌kú ended.
   18500  polity.shattered       s=81 sName=Yúltù to=54 toName=Če
          └ Its capital Yúltù fell to Če — the realm collapsed.
   18500  polity.ended           how=conquest byName=Če name=Yúltùlǐ
          └ Fell to Če and was erased from the map.
   18500  war.ended              how=siegeLifted to=2 toName=Fùlpūlěā name=Ňěňnílěā
          └ The war with Ňěňnílěā ended.
   18520  famine.struck          
          └ A famine gripped the land.
   18520  famine.struck          
          └ A famine gripped the land.
   18520  famine.struck          
          └ A famine gripped the land.
   18520  famine.struck          
          └ A famine gripped the land.
   18520  famine.struck          
          └ A famine gripped the land.
   18525  settlement.founded     s=136 sName=Xūkóukú city=1
          └ The city of Xūkóukú arose.
   18533  market.dearth          s=127 sName=Ǐkfí
          └ Dearth in Ǐkfí — bread at famine prices in the market.
   18539  settlement.dissolved   s=61 why=core sName=Pékfèkú
          └ Pékfèkú faded back into the countryside.
   18540  settlement.dissolved   s=60 why=core sName=Mübenam
          └ Mübenam faded back into the countryside.
   18542  settlement.dissolved   s=58 why=core sName=Nị́nfǐu
          └ Nị́nfǐu faded back into the countryside.
   18544  settlement.dissolved   s=56 why=core sName=Madoxyfadyon
          └ Madoxyfadyon faded back into the countryside.
   18545  settlement.dissolved   s=55 why=core sName=Xóultù
          └ Xóultù faded back into the countryside.
   18547  settlement.dissolved   s=53 why=core sName=Fōntà
          └ Fōntà faded back into the countryside.
   18549  settlement.dissolved   s=51 why=core sName=Kóňpì
          └ Kóňpì faded back into the countryside.
   18550  settlement.dissolved   s=50 why=core sName=Lụ́ltù
          └ Lụ́ltù faded back into the countryside.
   18550  settlement.founded     s=137 sName=Lárụ́ city=1
          └ The city of Lárụ́ arose.
   18550  war.began              from=93 to=22 name=Lákòlǐ
          └ Marched to war against Sùlhụ̌lěā.
   18558  famine.struck          
          └ A famine gripped the land.
   18558  famine.struck          
          └ A famine gripped the land.
   18558  famine.struck          
          └ A famine gripped the land.
   18558  famine.struck          
          └ A famine gripped the land.
   18558  famine.struck          
          └ A famine gripped the land.
   18559  succession.crisis      name=Lákòlǐ
          └ The royal line failed — an interregnum of rival claimants.
   18575  settlement.founded     s=138 sName=Ňúpī kind=crystallized
          └ Ňúpī was founded.
   18575  settlement.founded     s=138 sName=Ňúpī city=1
          └ The city of Ňúpī arose.
   18575  settlement.founded     s=139 sName=Hǐlhụ̌ city=1
          └ The city of Hǐlhụ̌ arose.
   18579  market.dearth          s=105 sName=Nyaoč
          └ Dearth in Nyaoč — bread at famine prices in the market.
   18581  market.dearth          s=22 sName=Sùlhụ̌
          └ Dearth in Sùlhụ̌ — bread at famine prices in the market.
   18600  settlement.founded     s=142 sName=Fùppīkò kind=crystallized
          └ Fùppīkò was founded.
   18600  settlement.founded     s=142 sName=Fùppīkò city=1
          └ The city of Fùppīkò arose.
   18600  war.began              from=25 to=105 name=Fevvon
          └ Marched to war against Nyaočfax.
   18600  war.began              from=2 to=105 name=Fùlpūlěā
          └ Marched to war against Nyaočfax.
   18620  famine.struck          
          └ A famine gripped the land.
   18620  famine.struck          
          └ A famine gripped the land.
   18620  famine.struck          
          └ A famine gripped the land.
   18620  famine.struck          
          └ A famine gripped the land.
   18620  famine.struck          
          └ A famine gripped the land.
   18622  famine.struck          
          └ A famine gripped the land.
   18622  famine.struck          
          └ A famine gripped the land.
   18622  famine.struck          
          └ A famine gripped the land.
   18624  famine.struck          
          └ A famine gripped the land.
   18624  famine.struck          
          └ A famine gripped the land.
   18625  settlement.founded     s=144 sName=Pū kind=crystallized
          └ Pū was founded.
   18625  settlement.founded     s=144 sName=Pū city=1
          └ The city of Pū arose.
   18630  famine.struck          
          └ A famine gripped the land.
   18637  polity.restored        from=-1 name=Yúltùlǐ
          └ The old nation rose again.
   18638  famine.struck          
          └ A famine gripped the land.
   18648  famine.struck          
          └ A famine gripped the land.
   18650  settlement.founded     s=147 sName=Xighany kind=crystallized
          └ Xighany was founded.
   18650  settlement.founded     s=147 sName=Exany city=1
          └ The city of Exany arose.
   18650  settlement.founded     s=148 sName=Fị́kū kind=crystallized
          └ Fị́kū was founded.
   18650  settlement.founded     s=148 sName=Fị́kū city=1
          └ The city of Fị́kū arose.
   18650  war.began              from=105 to=36 name=Nyaočfax
          └ Marched to war against Dekagkyighaffaxa.
   18650  war.began              from=93 to=2 name=Lákòlǐ
          └ Marched to war against Fùlpūlěā.
   18650  war.began              from=1 to=115 name=Ňěňnílěā
          └ Marched to war against Fị̀ňpìlǐā.
   18670  famine.struck          
          └ A famine gripped the land.
   18670  famine.struck          
          └ A famine gripped the land.
   18670  famine.struck          
          └ A famine gripped the land.
   18670  famine.struck          
          └ A famine gripped the land.
   18670  famine.struck          
          └ A famine gripped the land.
   18670  famine.struck          
          └ A famine gripped the land.
   18678  market.dearth          s=36 sName=Dekagkyighaf
          └ Dearth in Dekagkyighaf — bread at famine prices in the market.
   18700  settlement.founded     s=149 sName=Xòunkū city=1
          └ The city of Xòunkū arose.
   18700  war.began              from=105 to=25 name=Nyaočfax
          └ Marched to war against Fevvon.
   18700  war.began              from=93 to=79 name=Lákòlǐ
          └ Marched to war against Nǔfīukò.
   18730  famine.struck          
          └ A famine gripped the land.
   18732  famine.struck          
          └ A famine gripped the land.
   18732  famine.struck          
          └ A famine gripped the land.
   18732  famine.struck          
          └ A famine gripped the land.
   18732  famine.struck          
          └ A famine gripped the land.
   18732  settlement.dissolved   s=68 why=core sName=Fụ̌
          └ Fụ̌ faded back into the countryside.
   18735  settlement.dissolved   s=65 why=core sName=Xighanynefač
          └ Xighanynefač faded back into the countryside.
   18742  famine.struck          
          └ A famine gripped the land.
   18742  famine.struck          
          └ A famine gripped the land.
   18742  famine.struck          
          └ A famine gripped the land.
   18742  famine.struck          
          └ A famine gripped the land.
   18750  famine.struck          
          └ A famine gripped the land.
   18750  famine.struck          
          └ A famine gripped the land.
   18750  famine.struck          
          └ A famine gripped the land.
   18750  famine.struck          
          └ A famine gripped the land.
   18750  famine.struck          
          └ A famine gripped the land.
   18750  famine.struck          
          └ A famine gripped the land.
   18750  settlement.founded     s=154 sName=Dibavy kind=crystallized
          └ Dibavy was founded.
   18750  settlement.founded     s=154 sName=Givon city=1
          └ The city of Givon arose.
   18750  settlement.founded     s=155 sName=Kìükò kind=crystallized
          └ Kìükò was founded.
   18750  settlement.founded     s=155 sName=Kìükò city=1
          └ The city of Kìükò arose.
   18750  war.began              from=115 to=81 name=Fị̀ňpìlǐā
          └ Marched to war against Yúltùlǐ.
   18750  war.ended              how=truce to=105 toName=Nyaočfax name=Dekagkyighaffaxa
          └ The war with Dekagkyighaffaxa ended.
   18750  war.indemnity          to=36 toName=Dekagkyighaffaxa name=Nyaočfax
          └ Nyaočfax paid a heavy indemnity to Dekagkyighaffaxa at the peace.
   18750  war.ended              how=truce to=105 toName=Nyaočfax name=Ňěňnílěā
          └ The war with Ňěňnílěā ended.
   18750  war.indemnity          to=1 toName=Ňěňnílěā name=Nyaočfax
          └ Nyaočfax paid a heavy indemnity to Ňěňnílěā at the peace.
   18750  war.ended              how=truce to=105 toName=Nyaočfax name=Fùlpūlěā
          └ The war with Fùlpūlěā ended.
   18750  war.indemnity          to=2 toName=Fùlpūlěā name=Nyaočfax
          └ Nyaočfax paid a heavy indemnity to Fùlpūlěā at the peace.
   18759  succession.crisis      name=Yúltùlǐ
          └ The royal line failed — an interregnum of rival claimants.
   18775  settlement.founded     s=156 sName=Kìlpì kind=crystallized
          └ Kìlpì was founded.
   18775  settlement.founded     s=156 sName=Kìlpì city=1
          └ The city of Kìlpì arose.
   18780  famine.struck          
          └ A famine gripped the land.
   18787  polity.submitted       how=submission to=93 toName=Lákòlǐ name=Ňěňnílěā
          └ Facing hopeless odds, the court of Ňěňnílěā bowed to Lákòlǐ — keeping its throne at the price of tribute.
   18787  polity.submitted       how=submission to=93 toName=Lákòlǐ name=Nǔfīukò
          └ Facing hopeless odds, the court of Nǔfīukò bowed to Lákòlǐ — keeping its throne at the price of tribute.
   18806  famine.struck          
          └ A famine gripped the land.
   18806  famine.struck          
          └ A famine gripped the land.
   18806  famine.struck          
          └ A famine gripped the land.
   18806  famine.struck          
          └ A famine gripped the land.
   18806  famine.struck          
          └ A famine gripped the land.
   18808  famine.struck          
          └ A famine gripped the land.
   18808  famine.struck          
          └ A famine gripped the land.
   18808  famine.struck          
          └ A famine gripped the land.
   18808  famine.struck          
          └ A famine gripped the land.
   18848  famine.struck          
          └ A famine gripped the land.
   18850  war.began              from=2 to=93 name=Fùlpūlěā
          └ Marched to war against Lákòlǐ as the succession failed.
   18862  famine.struck          
          └ A famine gripped the land.
   18864  polity.founded         how=frontier from=-1 name=Tórā
          └ Tórā declared itself a sovereign realm.
   18865  settlement.tier        s=153 sName=Tórā
          └ Tórā grew into a city (10,000 souls).
   18900  settlement.founded     s=157 sName=Sǎkò kind=crystallized
          └ Sǎkò was founded.
   18900  settlement.founded     s=157 sName=Sǎkò city=1
          └ The city of Sǎkò arose.
   18900  war.began              from=52 to=82 name=Mümitaxfaxa
          └ Marched to war against Puusofaxfaxa.
   18930  settlement.dissolved   s=70 why=core sName=Lǎlpì
          └ Lǎlpì faded back into the countryside.
   18937  polity.seceded         from=93 fromName=Lákòlǐ
          └ Broke away from Lákòlǐ in a war of secession.
   18950  settlement.founded     s=158 sName=Tị̄lākò kind=crystallized
          └ Tị̄lākò was founded.
   18950  settlement.founded     s=158 sName=Tị̄lākò city=1
          └ The city of Tị̄lākò arose.
   18950  war.began              from=82 to=52 name=Puusofaxfaxa
          └ Marched to war against Mümitaxfaxa.
   18950  war.began              from=93 to=105 name=Lákòlǐ
          └ Marched to war against Nyaočfax.
   18970  famine.struck          
          └ A famine gripped the land.
   19034  famine.struck          
          └ A famine gripped the land.
   19034  famine.struck          
          └ A famine gripped the land.
   19034  famine.struck          
          └ A famine gripped the land.
   19034  famine.struck          
          └ A famine gripped the land.
   19034  famine.struck          
          └ A famine gripped the land.
   19034  famine.struck          
          └ A famine gripped the land.
   19034  famine.struck          
          └ A famine gripped the land.
   19044  famine.struck          
          └ A famine gripped the land.
   19050  war.began              from=105 to=81 name=Nyaočfax
          └ Marched to war against Yúltùlǐ as the succession failed.
   19087  polity.submitted       how=submission to=93 toName=Lákòlǐ name=Lẹ́fị̌kú
          └ Facing hopeless odds, the court of Lẹ́fị̌kú bowed to Lákòlǐ — keeping its throne at the price of tribute.
   19087  polity.seceded         from=93 fromName=Lákòlǐ
          └ Broke away from Lákòlǐ in a war of secession.
   19088  market.dearth          s=1 sName=Ňěňní
          └ Dearth in Ňěňní — bread at famine prices in the market.
   19092  famine.struck          
          └ A famine gripped the land.
   19100  war.began              from=78 to=136 name=Tị̄lārụ́lǐ
          └ Marched to war against Xūkóukúlǐ.
   19100  war.ended              how=siegeLifted to=93 toName=Lákòlǐ name=Fùlpūlěā
          └ The war with Fùlpūlěā ended.
   19110  famine.struck          
          └ A famine gripped the land.
   19110  famine.struck          
          └ A famine gripped the land.
   19110  famine.struck          
          └ A famine gripped the land.
   19110  famine.struck          
          └ A famine gripped the land.
   19110  famine.struck          
          └ A famine gripped the land.
   19111  market.dearth          s=2 sName=Fùlpū
          └ Dearth in Fùlpū — bread at famine prices in the market.
   19128  settlement.dissolved   s=72 why=core sName=Xụ́ňpì
          └ Xụ́ňpì faded back into the countryside.
   19150  settlement.founded     s=160 sName=Hóutsī kind=crystallized
          └ Hóutsī was founded.
   19150  settlement.founded     s=160 sName=Hóutsī city=1
          └ The city of Hóutsī arose.
   19150  war.began              from=93 to=136 name=Lákòlǐ
          └ Marched to war against Xūkóukúlǐ.
   19150  polity.shattered       s=81 sName=Yúltù to=105 toName=Nyaočfax
          └ Its capital Yúltù fell to Nyaočfax — the realm collapsed.
   19150  polity.ended           how=conquest byName=Nyaočfax name=Yúltùlǐ
          └ Fell to Nyaočfax and was erased from the map.
   19152  settlement.lapsed      s=81 sName=Yúltù from=105 fromName=Nyaočfax
          └ Yúltù slipped free of Nyaočfax.
   19152  polity.receded         s=81 n=1 sName=Yúltù name=Nyaočfax
          └ The grip of Nyaočfax failed, and the marches beyond Yúltù were left to their own devices.
   19153  settlement.tier        s=136 sName=Xūkóukú
          └ Xūkóukú grew into a metropolis (1,255,000 souls).
   19186  famine.struck          
          └ A famine gripped the land.
   19200  settlement.founded     s=163 sName=Tì kind=planted
          └ Tì was founded.
   19200  town.planted           s=163 sName=Tì
          └ The crown chartered Tì to govern the countryside.
   19200  war.began              from=93 to=78 name=Lákòlǐ
          └ Marched to war against Tị̄lārụ́lǐ.
   19218  famine.struck          
          └ A famine gripped the land.
   19224  famine.struck          
          └ A famine gripped the land.
   19237  market.dearth          s=32 sName=Tisgiv
          └ Dearth in Tisgiv — bread at famine prices in the market.
   19237  settlement.annexed     s=16 sName=Lẹ́fị̌kú from=16 fromName=Lẹ́fị̌kú to=93 toName=Lákòlǐ
          └ Peacefully absorbed Lẹ́fị̌kú from Lẹ́fị̌kú.
   19237  polity.ended           how=integrated byName=Lákòlǐ name=Lẹ́fị̌kú
          └ Dissolved — its last cities scattered or fell silent.
   19237  settlement.annexed     s=32 sName=Tisgiv from=25 fromName=Fevvon to=105 toName=Nyaočfax
          └ Peacefully absorbed Tisgiv from Fevvon.
   19237  polity.restored        from=-1 name=Yúltùlǐ
          └ The old nation rose again.
   19250  war.began              from=93 to=137 name=Lákòlǐ
          └ Marched to war against Lárụ́lǐā.
   19250  war.began              from=93 to=115 name=Lákòlǐ
          └ Marched to war against Fị̀ňpìlǐā.
   19250  war.began              from=52 to=152 name=Mümitaxfaxa
          └ Marched to war against Niduvyfaxa.
   19286  famine.struck          
          └ A famine gripped the land.
   19296  settlement.lapsed      s=163 sName=Tì from=93 fromName=Lákòlǐ
          └ Tì slipped free of Lákòlǐ.
   19296  polity.receded         s=163 n=1 sName=Tì name=Lákòlǐ
          └ The grip of Lákòlǐ failed, and the marches beyond Tì were left to their own devices.
   19296  polity.founded         how=frontier from=-1 name=Tìlǐā
          └ Tì declared itself a sovereign realm.
   19297  settlement.tier        s=137 sName=Lárụ́
          └ Lárụ́ grew into a metropolis (1,212,000 souls).
   19297  settlement.tier        s=163 sName=Tì
          └ Tì grew into a city (30,000 souls).
   19298  market.dearth          s=16 sName=Lẹ́fị̌kú
          └ Dearth in Lẹ́fị̌kú — bread at famine prices in the market.
   19300  war.began              from=93 to=81 name=Lákòlǐ
          └ Marched to war against Yúltùlǐ.
   19300  war.began              from=78 to=1 name=Tị̄lārụ́lǐ
          └ Marched to war against Ňěňnílěā.
   19323  settlement.dissolved   s=77 why=core sName=Kǎňtụ̀ịrụ́
          └ Kǎňtụ̀ịrụ́ faded back into the countryside.
   19325  settlement.dissolved   s=75 why=core sName=Ìtlà
          └ Ìtlà faded back into the countryside.
   19338  famine.struck          
          └ A famine gripped the land.
   19338  famine.struck          
          └ A famine gripped the land.
   19338  famine.struck          
          └ A famine gripped the land.
   19338  famine.struck          
          └ A famine gripped the land.
   19342  famine.struck          
          └ A famine gripped the land.
   19350  settlement.founded     s=170 sName=Ňǐtlà kind=crystallized
          └ Ňǐtlà was founded.
   19350  settlement.founded     s=170 sName=Ňǐtlà city=1
          └ The city of Ňǐtlà arose.
   19350  settlement.founded     s=172 sName=Mazoghifa city=1
          └ The city of Mazoghifa arose.
   19360  famine.struck          
          └ A famine gripped the land.
   19360  famine.struck          
          └ A famine gripped the land.
   19360  famine.struck          
          └ A famine gripped the land.
   19360  famine.struck          
          └ A famine gripped the land.
   19360  famine.struck          
          └ A famine gripped the land.
   19360  famine.struck          
          └ A famine gripped the land.
   19360  famine.struck          
          └ A famine gripped the land.
   19360  famine.struck          
          └ A famine gripped the land.
   19364  famine.struck          
          └ A famine gripped the land.
   19364  famine.struck          
          └ A famine gripped the land.
   19367  market.dearth          s=127 sName=Ǐkfí
          └ Dearth in Ǐkfí — bread at famine prices in the market.
   19375  settlement.founded     s=173 sName=Yúxkòu kind=crystallized
          └ Yúxkòu was founded.
   19375  settlement.founded     s=173 sName=Yúxkòu city=1
          └ The city of Yúxkòu arose.
   19375  settlement.founded     s=176 sName=Nidukyvo city=1
          └ The city of Nidukyvo arose.
   19387  polity.seceded         from=105 fromName=Nyaočfax
          └ Broke away from Nyaočfax in a war of secession.
   19387  settlement.annexed     s=32 sName=Tisgiv from=105 fromName=Nyaočfax to=25 toName=Fevvon
          └ Peacefully absorbed Tisgiv from Nyaočfax.
   19387  settlement.annexed     s=78 sName=Tị̄lārụ́ from=78 fromName=Tị̄lārụ́lǐ to=163 toName=Tìlǐā
          └ Peacefully absorbed Tị̄lārụ́ from Tị̄lārụ́lǐ.
   19387  settlement.annexed     s=78 sName=Tị̄lārụ́ from=163 fromName=Tìlǐā to=153 toName=Tórā
          └ Peacefully absorbed Tị̄lārụ́ from Tìlǐā.
   19390  famine.struck          
          └ A famine gripped the land.
   19390  famine.struck          
          └ A famine gripped the land.
   19390  famine.struck          
          └ A famine gripped the land.
   19390  famine.struck          
          └ A famine gripped the land.
   19400  settlement.founded     s=178 sName=Xezufa city=1
          └ The city of Xezufa arose.
   19400  war.began              from=153 to=115 name=Tórā
          └ Marched to war against Fị̀ňpìlǐā.
   19400  war.began              from=153 to=81 name=Tórā
          └ Marched to war against Yúltùlǐ as the succession failed.
   19404  famine.struck          
          └ A famine gripped the land.
   19404  famine.struck          
          └ A famine gripped the land.
   19404  famine.struck          
          └ A famine gripped the land.
   19404  famine.struck          
          └ A famine gripped the land.
   19408  famine.struck          
          └ A famine gripped the land.
   19408  famine.struck          
          └ A famine gripped the land.
   19408  famine.struck          
          └ A famine gripped the land.
   19408  famine.struck          
          └ A famine gripped the land.
   19408  famine.struck          
          └ A famine gripped the land.
   19408  famine.struck          
          └ A famine gripped the land.
   19408  famine.struck          
          └ A famine gripped the land.
   19425  settlement.founded     s=180 sName=Xyavonfa city=1
          └ The city of Xyavonfa arose.
   19450  famine.struck          
          └ A famine gripped the land.
   19450  famine.struck          
          └ A famine gripped the land.
   19450  war.began              from=137 to=22 name=Lárụ́lǐā
          └ Marched to war against Sùlhụ̌lěā.
   19450  war.began              from=93 to=153 name=Lákòlǐ
          └ Marched to war against Tórā.
   19450  war.ended              how=faded to=96 toName=Fǒlhụ̌lǐ name=Sùlhụ̌lěā
          └ The war with Sùlhụ̌lěā ended; some 32 soldiers never came home.
   19450  war.ended              how=faded to=96 toName=Fǒlhụ̌lǐ name=Tị̄lārụ́lǐ
          └ The war with Tị̄lārụ́lǐ ended; some 7 soldiers never came home.
   19500  war.began              from=115 to=153 name=Fị̀ňpìlǐā
          └ Marched to war against Tórā.
   19500  war.ended              how=siegeLifted to=115 toName=Fị̀ňpìlǐā name=Lákòlǐ
          └ The war with Lákòlǐ ended.
   19500  war.indemnity          to=115 toName=Fị̀ňpìlǐā name=Lákòlǐ
          └ Lákòlǐ paid a heavy indemnity to Fị̀ňpìlǐā at the peace.
   19511  settlement.dissolved   s=89 why=core sName=Fǒustù
          └ Fǒustù faded back into the countryside.
   19512  famine.struck          
          └ A famine gripped the land.
   19512  famine.struck          
          └ A famine gripped the land.
   19512  famine.struck          
          └ A famine gripped the land.
   19512  settlement.dissolved   s=88 why=core sName=Ìňní
          └ Ìňní faded back into the countryside.
   19513  settlement.dissolved   s=87 why=core sName=Nǐfpù
          └ Nǐfpù faded back into the countryside.
   19514  settlement.dissolved   s=86 why=core sName=Mùpíükú
          └ Mùpíükú faded back into the countryside.
   19516  settlement.dissolved   s=84 why=core sName=Hǐňlà
          └ Hǐňlà faded back into the countryside.
   19517  settlement.dissolved   s=83 why=core sName=Yùnfǐu
          └ Yùnfǐu faded back into the countryside.
   19519  settlement.dissolved   s=81 why=core sName=Yúltù
          └ Yúltù faded back into the countryside.
   19522  famine.struck          
          └ A famine gripped the land.
   19522  famine.struck          
          └ A famine gripped the land.
   19522  famine.struck          
          └ A famine gripped the land.
   19522  famine.struck          
          └ A famine gripped the land.
   19525  settlement.founded     s=185 sName=Xụ́thị̌ kind=crystallized
          └ Xụ́thị̌ was founded.
   19525  settlement.founded     s=185 sName=Xụ́thị̌ city=1
          └ The city of Xụ́thị̌ arose.
   19537  settlement.annexed     s=79 sName=Nǔfīukò from=79 fromName=Nǔfīukò to=2 toName=Fùlpūlěā
          └ Peacefully absorbed Nǔfīukò from Nǔfīukò.
   19537  settlement.annexed     s=52 sName=Mümitax from=52 fromName=Mümitaxfaxa to=54 toName=Če
          └ Peacefully absorbed Mümitax from Mümitaxfaxa.
   19537  settlement.annexed     s=78 sName=Tị̄lārụ́ from=153 fromName=Tórā to=163 toName=Tìlǐā
          └ Peacefully absorbed Tị̄lārụ́ from Tórā.
   19537  polity.ended           how=dissolved name=Yúltùlǐ
          └ Dissolved — its last cities scattered or fell silent.
   19550  settlement.founded     s=186 sName=Pụ́xkòu kind=crystallized
          └ Pụ́xkòu was founded.
   19550  settlement.founded     s=186 sName=Pụ́xkòu city=1
          └ The city of Pụ́xkòu arose.
   19550  settlement.founded     s=187 sName=Īmlà city=1
          └ The city of Īmlà arose.
   19550  war.began              from=169 to=52 name=Neszafax
          └ Marched to war against Mümitaxfaxa.
   19550  war.began              from=154 to=36 name=Nyaočfaxa
          └ Marched to war against Dekagkyighaffaxa.
   19550  war.began              from=1 to=154 name=Ňěňnílěā
          └ Marched to war against Nyaočfaxa under the banner of the faith.
   19558  famine.struck          
          └ A famine gripped the land.
   19558  famine.struck          
          └ A famine gripped the land.
   19558  famine.struck          
          └ A famine gripped the land.
   19558  famine.struck          
          └ A famine gripped the land.
   19575  settlement.founded     s=188 sName=Kǒkú city=1
          └ The city of Kǒkú arose.
   19578  market.dearth          s=36 sName=Dekagkyighaf
          └ Dearth in Dekagkyighaf — bread at famine prices in the market.
   19584  polity.receded         s=153 n=1 sName=Tórā name=Tórā
          └ The grip of Tórā failed, and the marches beyond Tórā were left to their own devices.
   19585  settlement.tier        s=172 sName=Mazoghifa
          └ Mazoghifa grew into a city (250,000 souls).
   19590  famine.struck          
          └ A famine gripped the land.
   19590  famine.struck          
          └ A famine gripped the land.
   19590  famine.struck          
          └ A famine gripped the land.
   19590  famine.struck          
          └ A famine gripped the land.
   19592  famine.struck          
          └ A famine gripped the land.
   19600  settlement.founded     s=189 sName=Fụ̀ịthị̌ city=1
          └ The city of Fụ̀ịthị̌ arose.
   19600  war.began              from=25 to=105 name=Fevvon
          └ Renewed the old war against Nyaočfax under the banner of the faith.
   19600  war.began              from=137 to=153 name=Lárụ́lǐā
          └ Marched to war against Tórā.
   19602  market.dearth          s=105 sName=Nyaoč
          └ Dearth in Nyaoč — bread at famine prices in the market.
   19604  market.dearth          s=22 sName=Sùlhụ̌
          └ Dearth in Sùlhụ̌ — bread at famine prices in the market.
   19621  market.dearth          s=110 sName=Vefasixa
          └ Dearth in Vefasixa — bread at famine prices in the market.
   19650  war.began              from=137 to=163 name=Lárụ́lǐā
          └ Marched to war against Tìlǐā.
   19678  famine.struck          
          └ A famine gripped the land.
   19678  famine.struck          
          └ A famine gripped the land.
   19678  famine.struck          
          └ A famine gripped the land.
   19678  famine.struck          
          └ A famine gripped the land.
   19678  famine.struck          
          └ A famine gripped the land.
   19678  famine.struck          
          └ A famine gripped the land.
   19678  famine.struck          
          └ A famine gripped the land.
   19678  famine.struck          
          └ A famine gripped the land.
   19678  famine.struck          
          └ A famine gripped the land.
   19680  settlement.founded     s=192 sName=Xụ̄kfí kind=planted
          └ Xụ̄kfí was founded.
   19680  town.planted           s=192 sName=Xụ̄kfí
          └ The crown chartered Xụ̄kfí to govern the countryside.
   19686  famine.struck          
          └ A famine gripped the land.
   19686  famine.struck          
          └ A famine gripped the land.
   19686  famine.struck          
          └ A famine gripped the land.
   19687  settlement.annexed     s=2 sName=Fùlpū from=2 fromName=Fùlpūlěā to=137 toName=Lárụ́lǐā
          └ Peacefully absorbed Fùlpū from Fùlpūlěā.
   19687  settlement.annexed     s=78 sName=Tị̄lārụ́ from=163 fromName=Tìlǐā to=153 toName=Tórā
          └ Peacefully absorbed Tị̄lārụ́ from Tìlǐā.
   19691  settlement.tier        s=110 sName=Vefasixa
          └ Vefasixa grew into a metropolis (742,000 souls).
   19692  famine.struck          
          └ A famine gripped the land.
   19700  war.ended              how=faded to=81 toName=Yúltùlǐ name=Če
          └ The war with Če ended; some 9 soldiers never came home.
   19700  war.ended              how=faded to=81 toName=Yúltùlǐ name=Tị̄lārụ́lǐ
          └ The war with Tị̄lārụ́lǐ ended.
   19700  war.ended              how=siegeLifted to=137 toName=Lárụ́lǐā name=Sùlhụ̌lěā
          └ The war with Sùlhụ̌lěā ended.
   19701  settlement.dissolved   s=99 why=core sName=Lụ̄nlārụ́
          └ Lụ̄nlārụ́ faded back into the countryside.
   19702  settlement.dissolved   s=98 why=core sName=Sùthị̌
          └ Sùthị̌ faded back into the countryside.
   19703  settlement.dissolved   s=97 why=core sName=Píkfìkú
          └ Píkfìkú faded back into the countryside.
   19704  settlement.dissolved   s=96 why=core sName=Fǒlhụ̌
          └ Fǒlhụ̌ faded back into the countryside.
   19707  settlement.dissolved   s=93 why=core sName=Lákò
          └ Lákò faded back into the countryside.
   19708  settlement.dissolved   s=92 why=core sName=Yúlpù
          └ Yúlpù faded back into the countryside.
   19709  settlement.dissolved   s=91 why=core sName=Fìlīrụ́
          └ Fìlīrụ́ faded back into the countryside.
   19710  famine.struck          
          └ A famine gripped the land.
   19710  famine.struck          
          └ A famine gripped the land.
   19710  famine.struck          
          └ A famine gripped the land.
   19710  famine.struck          
          └ A famine gripped the land.
   19710  settlement.dissolved   s=90 why=core sName=Lákú
          └ Lákú faded back into the countryside.
   19716  famine.struck          
          └ A famine gripped the land.
   19716  famine.struck          
          └ A famine gripped the land.
   19716  famine.struck          
          └ A famine gripped the land.
   19716  famine.struck          
          └ A famine gripped the land.
   19725  settlement.founded     s=197 sName=Līütlàkò kind=crystallized
          └ Līütlàkò was founded.
   19725  settlement.founded     s=197 sName=Līütlàkò city=1
          └ The city of Līütlàkò arose.
   19725  settlement.founded     s=198 sName=Xǒumpíü city=1
          └ The city of Xǒumpíü arose.
   19734  famine.struck          
          └ A famine gripped the land.
   19734  famine.struck          
          └ A famine gripped the land.
   19734  famine.struck          
          └ A famine gripped the land.
   19746  settlement.tier        s=105 sName=Nyaoč
          └ Nyaoč grew into a metropolis (696,000 souls).
   19750  settlement.founded     s=201 sName=Tị̄lārụ́ city=1
          └ The city of Tị̄lārụ́ arose.
   19750  war.ended              how=faded to=93 toName=Lákòlǐ name=Sùlhụ̌lěā
          └ The war with Sùlhụ̌lěā ended; some 21 soldiers never came home.
   19775  settlement.founded     s=204 sName=Tǎ city=1
          └ The city of Tǎ arose.
   19800  settlement.founded     s=208 sName=Lāffí city=1
          └ The city of Lāffí arose.
   19800  war.ended              how=siegeLifted to=169 toName=Neszafax name=Mümitaxfaxa
          └ The war with Mümitaxfaxa ended.
   19800  war.indemnity          to=169 toName=Neszafax name=Mümitaxfaxa
          └ Mümitaxfaxa paid a heavy indemnity to Neszafax at the peace.
   19825  settlement.founded     s=210 sName=Ňīffí city=1
          └ The city of Ňīffí arose.
   19837  polity.submitted       how=submission to=79 toName=Nǔfīukò name=Xụ̄kfí
          └ Facing hopeless odds, the court of Xụ̄kfí bowed to Nǔfīukò — keeping its throne at the price of tribute.
   19837  polity.seceded         from=137 fromName=Lárụ́lǐā
          └ Broke away from Lárụ́lǐā in a war of secession.
   19837  polity.seceded         from=93 fromName=Lákòlǐ
          └ Broke away from Lákòlǐ in a war of secession.
   19837  settlement.annexed     s=32 sName=Tisgiv from=25 fromName=Fevvon to=105 toName=Nyaočfax
          └ Peacefully absorbed Tisgiv from Fevvon.
   19848  famine.struck          
          └ A famine gripped the land.
   19850  settlement.founded     s=212 sName=Kùlìükú city=1
          └ The city of Kùlìükú arose.
   19850  war.began              from=105 to=25 name=Nyaočfax
          └ Renewed the old war against Fevvon under the banner of the faith.
   19850  war.began              from=22 to=79 name=Sùlhụ̌lěā
          └ Renewed the old war against Nǔfīukò.
   19850  war.began              from=2 to=79 name=Fùlpūlěā
          └ Marched to war against Nǔfīukò.
   19850  war.began              from=163 to=79 name=Tìlǐā
          └ Marched to war against Nǔfīukò.
   19872  polity.receded         s=153 n=1 sName=Tórā name=Tórā
          └ The grip of Tórā failed, and the marches beyond Tórā were left to their own devices.
   19873  settlement.tier        s=101 sName=Yūnglì
          └ Yūnglì grew into a metropolis (1,173,000 souls).
   19875  settlement.founded     s=214 sName=Fị̀trụ̄ị city=1
          └ The city of Fị̀trụ̄ị arose.
   19892  famine.struck          
          └ A famine gripped the land.
   19894  settlement.dissolved   s=106 why=core sName=Fụ̀ịtlà
          └ Fụ̀ịtlà faded back into the countryside.
   19897  settlement.dissolved   s=103 why=core sName=Ňǐsī
          └ Ňǐsī faded back into the countryside.
   19898  settlement.dissolved   s=102 why=core sName=Fǒppì
          └ Fǒppì faded back into the countryside.
   19900  settlement.founded     s=215 sName=Pụ́ịrụ́ city=1
          └ The city of Pụ́ịrụ́ arose.
   19900  war.began              from=154 to=25 name=Nyaočfaxa
          └ Marched to war against Fevvon under the banner of the faith.
   19900  war.began              from=137 to=1 name=Lárụ́lǐā
          └ Marched to war against Ňěňnílěā as the succession failed.
   19900  war.began              from=105 to=137 name=Nyaočfax
          └ Marched to war against Lárụ́lǐā as the succession failed.
   19900  war.began              from=153 to=79 name=Tórā
          └ Marched to war against Nǔfīukò.
   19914  famine.struck          
          └ A famine gripped the land.
   19914  famine.struck          
          └ A famine gripped the land.
   19914  famine.struck          
          └ A famine gripped the land.
   19914  famine.struck          
          └ A famine gripped the land.
   19914  famine.struck          
          └ A famine gripped the land.
   19922  market.dearth          s=1 sName=Ňěňní
          └ Dearth in Ňěňní — bread at famine prices in the market.
   19925  settlement.founded     s=219 sName=Súnfǐu city=1
          └ The city of Súnfǐu arose.
   19926  famine.struck          
          └ A famine gripped the land.
   19934  succession.crisis      name=Nyaočfaxa
          └ The royal line failed — an interregnum of rival claimants.
   19950  settlement.founded     s=222 sName=Nātlà city=1
          └ The city of Nātlà arose.
   19950  war.began              from=79 to=137 name=Nǔfīukò
          └ Marched to war against Lárụ́lǐā as the succession failed.
   19950  war.began              from=153 to=205 name=Tórā
          └ Marched to war against Nītrụ̄ị.
   19952  famine.struck          
          └ A famine gripped the land.
   19974  settlement.dissolved   s=26 why=core sName=Vyabozbog
          └ Vyabozbog faded back into the countryside.
   19976  famine.struck          
          └ A famine gripped the land.
   19987  polity.submitted       how=submission to=79 toName=Nǔfīukò name=Ngàịtlàlǐā
          └ Facing hopeless odds, the court of Ngàịtlàlǐā bowed to Nǔfīukò — keeping its throne at the price of tribute.
   19987  polity.seceded         from=105 fromName=Nyaočfax
          └ Broke away from Nyaočfax in a war of secession.
   19987  settlement.annexed     s=32 sName=Tisgiv from=105 fromName=Nyaočfax to=25 toName=Fevvon
          └ Peacefully absorbed Tisgiv from Nyaočfax.
   19987  settlement.annexed     s=110 sName=Vefasixa from=147 fromName=Exanyfax to=25 toName=Fevvon
          └ Peacefully absorbed Vefasixa from Exanyfax.
   19987  polity.ended           how=dissolved name=Vyabozbog
          └ Dissolved — its last cities scattered or fell silent.
   19987  polity.ended           how=dissolved name=Nyaočfax
          └ Dissolved — its last cities scattered or fell silent.
   20000  war.began              from=139 to=148 name=Lárụ́
          └ Marched to war against Fị́kūlǐ.
   20000  war.began              from=25 to=169 name=Fevvon
          └ Marched to war against Neszafax.
   20000  war.began              from=154 to=169 name=Nyaočfaxa
          └ Marched to war against Neszafax to press a claim to its throne.
   20000  war.ended              how=siegeLifted to=105 toName=Nyaočfax name=Fevvon
          └ The war with Fevvon ended; some 2 soldiers never came home.
   20009  succession.crisis      name=Xūkóukúlǐ
          └ The royal line failed — an interregnum of rival claimants.
   20016  settlement.lapsed      s=153 sName=Tórā from=153 fromName=Tórā
          └ Tórā slipped free of Tórā.
   20016  polity.receded         s=153 n=1 sName=Tórā name=Tórā
          └ The grip of Tórā failed, and the marches beyond Tórā were left to their own devices.
   20017  market.dearth          s=2 sName=Fùlpū
          └ Dearth in Fùlpū — bread at famine prices in the market.
   20036  famine.struck          
          └ A famine gripped the land.
   20050  war.began              from=153 to=222 name=Tórā
          └ Marched to war against Nātlàlǐ.
   20050  war.began              from=163 to=222 name=Tìlǐā
          └ Marched to war against Nātlàlǐ.
   20056  famine.struck          
          └ A famine gripped the land.
   20070  settlement.dissolved   s=130 why=core sName=Lākò
          └ Lākò faded back into the countryside.
   20078  settlement.dissolved   s=122 why=core sName=Tị̄lā
          └ Tị̄lā faded back into the countryside.
   20079  settlement.dissolved   s=121 why=core sName=Zyifeefa
          └ Zyifeefa faded back into the countryside.
   20081  settlement.dissolved   s=119 why=core sName=Kǎňtụ̀ịkò
          └ Kǎňtụ̀ịkò faded back into the countryside.
   20082  settlement.dissolved   s=118 why=core sName=Pīüffìrụ́
          └ Pīüffìrụ́ faded back into the countryside.
   20086  famine.struck          
          └ A famine gripped the land.
   20086  famine.struck          
          └ A famine gripped the land.
   20086  famine.struck          
          └ A famine gripped the land.
   20086  famine.struck          
          └ A famine gripped the land.
   20086  famine.struck          
          └ A famine gripped the land.
   20086  famine.struck          
          └ A famine gripped the land.
   20086  famine.struck          
          └ A famine gripped the land.
   20086  famine.struck          
          └ A famine gripped the land.
   20086  famine.struck          
          └ A famine gripped the land.
   20086  famine.struck          
          └ A famine gripped the land.
   20100  settlement.founded     s=230 sName=Dibavyvon kind=crystallized
          └ Dibavyvon was founded.
   20100  settlement.founded     s=230 sName=Dibavyvon city=1
          └ The city of Dibavyvon arose.
   20100  settlement.founded     s=231 sName=Ňǐňní kind=crystallized
          └ Ňǐňní was founded.
   20100  settlement.founded     s=231 sName=Ňǐňní city=1
          └ The city of Ňǐňní arose.
   20100  settlement.founded     s=232 sName=Pụ̄lhụ̀kú city=1
          └ The city of Pụ̄lhụ̀kú arose.
   20100  war.began              from=93 to=222 name=Lákòlǐ
          └ Marched to war against Nātlàlǐ.
   20100  war.began              from=153 to=163 name=Tórā
          └ Marched to war against Tìlǐā.
   20108  famine.struck          
          └ A famine gripped the land.
   20108  famine.struck          
          └ A famine gripped the land.
   20108  famine.struck          
          └ A famine gripped the land.
   20108  famine.struck          
          └ A famine gripped the land.
   20108  famine.struck          
          └ A famine gripped the land.
   20108  famine.struck          
          └ A famine gripped the land.
   20108  settlement.withered    s=142 sName=Fùppīkò
          └ Fùppīkò withered away and was abandoned.
   20124  famine.struck          
          └ A famine gripped the land.
   20124  famine.struck          
          └ A famine gripped the land.
   20124  famine.struck          
          └ A famine gripped the land.
   20124  famine.struck          
          └ A famine gripped the land.
   20124  famine.struck          
          └ A famine gripped the land.
   20124  famine.struck          
          └ A famine gripped the land.
   20124  famine.struck          
          └ A famine gripped the land.
   20124  famine.struck          
          └ A famine gripped the land.
   20124  famine.struck          
          └ A famine gripped the land.
   20124  famine.struck          
          └ A famine gripped the land.
   20124  famine.struck          
          └ A famine gripped the land.
   20124  famine.struck          
          └ A famine gripped the land.
   20124  famine.struck          
          └ A famine gripped the land.
   20124  famine.struck          
          └ A famine gripped the land.
   20124  famine.struck          
          └ A famine gripped the land.
   20124  famine.struck          
          └ A famine gripped the land.
   20124  famine.struck          
          └ A famine gripped the land.
   20124  famine.struck          
          └ A famine gripped the land.
   20124  famine.struck          
          └ A famine gripped the land.
   20125  settlement.founded     s=236 sName=Zyafoxyzeam kind=crystallized
          └ Zyafoxyzeam was founded.
   20125  settlement.founded     s=236 sName=Zyafoxyzeam city=1
          └ The city of Zyafoxyzeam arose.
   20125  settlement.founded     s=237 sName=Pụ́ňní kind=crystallized
          └ Pụ́ňní was founded.
   20125  settlement.founded     s=237 sName=Pụ́ňní city=1
          └ The city of Pụ́ňní arose.
   20130  famine.struck          
          └ A famine gripped the land.
   20132  market.dearth          s=16 sName=Lẹ́fị̌kú
          └ Dearth in Lẹ́fị̌kú — bread at famine prices in the market.
   20137  polity.submitted       how=submission to=79 toName=Nǔfīukò name=Fùlpūlěā
          └ Facing hopeless odds, the court of Fùlpūlěā bowed to Nǔfīukò — keeping its throne at the price of tribute.
   20137  polity.submitted       how=union to=222 toName=Nātlàlǐ name=Xūkóukúlǐ
          └ In the troubles of the succession, the court of Xūkóukúlǐ joined its crown to Nātlàlǐ — one senior throne, two realms.
   20137  polity.seceded         from=54 fromName=Če
          └ Broke away from Če in a war of secession.
   20150  settlement.founded     s=241 sName=Pụ́tlà kind=crystallized
          └ Pụ́tlà was founded.
   20150  settlement.founded     s=241 sName=Pụ́tlà city=1
          └ The city of Pụ́tlà arose.
   20150  war.began              from=36 to=147 name=Dekagkyighaffaxa
          └ Marched to war against Exanyfax.
   20150  war.began              from=1 to=147 name=Ňěňnílěā
          └ Marched to war against Exanyfax.
   20150  war.began              from=148 to=115 name=Fị́kūlǐ
          └ Marched to war against Fị̀ňpìlǐā.
   20150  war.ended              how=sackedIntoTribute to=222 toName=Nātlàlǐ name=Tórā
          └ The war with Tórā ended; some 1 soldiers never came home.
   20150  polity.submitted       how=sackedIntoTribute to=153 toName=Tórā name=Nātlàlǐ
          └ Facing hopeless odds, the court of Nātlàlǐ bowed to Tórā — keeping its throne at the price of tribute.
   20150  polity.shattered       s=222 sName=Nātlà to=163 toName=Tìlǐā
          └ Its capital Nātlà fell to Tìlǐā — the realm collapsed.
   20150  polity.ended           how=conquest byName=Tìlǐā name=Nātlàlǐ
          └ Fell to Tìlǐā and was erased from the map.
   20150  polity.submitted       how=inherited to=163 toName=Tìlǐā name=Xūkóukúlǐ
          └ Facing hopeless odds, the court of Xūkóukúlǐ bowed to Tìlǐā — keeping its throne at the price of tribute.
   20160  settlement.lapsed      s=153 sName=Tórā from=153 fromName=Tórā
          └ Tórā slipped free of Tórā.
   20160  polity.receded         s=153 n=1 sName=Tórā name=Tórā
          └ The grip of Tórā failed, and the marches beyond Tórā were left to their own devices.
   20160  settlement.founded     s=244 sName=Kāňǎtụ̄ị kind=planted
          └ Kāňǎtụ̄ị was founded.
   20160  town.planted           s=244 sName=Kāňǎtụ̄ị
          └ The crown chartered Kāňǎtụ̄ị to govern the countryside.
   20160  settlement.founded     s=246 sName=Lǎüpíkú kind=planted
          └ Lǎüpíkú was founded.
   20160  town.planted           s=246 sName=Lǎüpíkú
          └ The crown planted Lǎüpíkú to hold the march.
   20161  settlement.abandoned   s=22 sName=Sùlhụ̌
          └ Sùlhụ̌ was abandoned.
   20161  settlement.tier        s=147 sName=Exany
          └ Exany grew into a metropolis (834,000 souls).
   20175  settlement.founded     s=250 sName=Xụ̀fsī city=1
          └ The city of Xụ̀fsī arose.
   20175  settlement.founded     s=252 sName=Yùtà city=1
          └ The city of Yùtà arose.
   20184  famine.struck          
          └ A famine gripped the land.
   20193  market.dearth          s=147 sName=Exany
          └ Dearth in Exany — bread at famine prices in the market.
   20196  famine.struck          
          └ A famine gripped the land.
   20196  famine.struck          
          └ A famine gripped the land.
   20196  famine.struck          
          └ A famine gripped the land.
   20196  famine.struck          
          └ A famine gripped the land.
   20196  famine.struck          
          └ A famine gripped the land.
   20200  famine.struck          
          └ A famine gripped the land.
   20200  settlement.founded     s=257 sName=Xụ́ňpì city=1
          └ The city of Xụ́ňpì arose.
   20200  war.began              from=25 to=147 name=Fevvon
          └ Marched to war against Exanyfax.
   20200  war.began              from=1 to=236 name=Ňěňnílěā
          └ Marched to war against Zyafoxyzeamfax.
   20200  war.began              from=93 to=219 name=Lákòlǐ
          └ Marched to war against Súnfǐu.
   20200  war.began              from=153 to=219 name=Tórā
          └ Marched to war against Súnfǐu.
   20200  war.began              from=163 to=219 name=Tìlǐā
          └ Marched to war against Súnfǐu.
   20202  famine.struck          
          └ A famine gripped the land.
   20208  famine.struck          
          └ A famine gripped the land.
   20208  famine.struck          
          └ A famine gripped the land.
   20208  famine.struck          
          └ A famine gripped the land.
   20208  famine.struck          
          └ A famine gripped the land.
   20208  famine.struck          
          └ A famine gripped the land.
   20224  famine.struck          
          └ A famine gripped the land.
   20224  famine.struck          
          └ A famine gripped the land.
   20224  famine.struck          
          └ A famine gripped the land.
   20224  famine.struck          
          └ A famine gripped the land.
   20224  famine.struck          
          └ A famine gripped the land.
   20224  famine.struck          
          └ A famine gripped the land.
   20224  famine.struck          
          └ A famine gripped the land.
   20225  settlement.founded     s=260 sName=Lá city=1
          └ The city of Lá arose.
   20228  famine.struck          
          └ A famine gripped the land.
   20228  famine.struck          
          └ A famine gripped the land.
   20228  famine.struck          
          └ A famine gripped the land.
   20228  famine.struck          
          └ A famine gripped the land.
   20228  famine.struck          
          └ A famine gripped the land.
   20228  famine.struck          
          └ A famine gripped the land.
   20250  war.began              from=147 to=36 name=Exanyfax
          └ Marched to war against Dekagkyighaffaxa.
   20252  famine.struck          
          └ A famine gripped the land.
   20252  famine.struck          
          └ A famine gripped the land.
   20252  famine.struck          
          └ A famine gripped the land.
   20252  famine.struck          
          └ A famine gripped the land.
   20252  famine.struck          
          └ A famine gripped the land.
   20252  famine.struck          
          └ A famine gripped the land.
   20252  famine.struck          
          └ A famine gripped the land.
   20252  famine.struck          
          └ A famine gripped the land.
   20252  famine.struck          
          └ A famine gripped the land.
   20252  famine.struck          
          └ A famine gripped the land.
   20252  famine.struck          
          └ A famine gripped the land.
   20252  famine.struck          
          └ A famine gripped the land.
   20252  settlement.dissolved   s=148 why=core sName=Fị́kū
          └ Fị́kū faded back into the countryside.
   20256  settlement.dissolved   s=144 why=core sName=Pū
          └ Pū faded back into the countryside.
   20261  settlement.dissolved   s=139 why=core sName=Hǐlhụ̌
          └ Hǐlhụ̌ faded back into the countryside.
   20262  famine.struck          
          └ A famine gripped the land.
   20262  settlement.dissolved   s=138 why=core sName=Ňúpī
          └ Ňúpī faded back into the countryside.
   20266  settlement.dissolved   s=134 why=core sName=Hōustù
          └ Hōustù faded back into the countryside.
   20268  settlement.dissolved   s=132 why=core sName=Ňǐňtụ̌ị
          └ Ňǐňtụ̌ị faded back into the countryside.
   20272  famine.struck          
          └ A famine gripped the land.
   20275  settlement.founded     s=264 sName=Pìürụ́ kind=crystallized
          └ Pìürụ́ was founded.
   20275  settlement.founded     s=264 sName=Pìürụ́ city=1
          └ The city of Pìürụ́ arose.
   20276  famine.struck          
          └ A famine gripped the land.
   20276  famine.struck          
          └ A famine gripped the land.
   20290  famine.struck          
          └ A famine gripped the land.
   20290  famine.struck          
          └ A famine gripped the land.
   20290  famine.struck          
          └ A famine gripped the land.
   20290  famine.struck          
          └ A famine gripped the land.
   20290  famine.struck          
          └ A famine gripped the land.
   20290  famine.struck          
          └ A famine gripped the land.
   20300  settlement.founded     s=268 sName=Ínfǐu kind=crystallized
          └ Ínfǐu was founded.
   20300  settlement.founded     s=268 sName=Ínfǐu city=1
          └ The city of Ínfǐu arose.
   20300  settlement.founded     s=269 sName=Ňǐtlà city=1
          └ The city of Ňǐtlà arose.
   20300  settlement.founded     s=271 sName=Nyizax city=1
          └ The city of Nyizax arose.
   20300  war.began              from=151 to=76 name=Divakaxyo
          └ Marched to war against Če.
   20300  polity.shattered       s=236 sName=Zyafoxyzeam to=1 toName=Ňěňnílěā
          └ Its capital Zyafoxyzeam fell to Ňěňnílěā — the realm collapsed.
   20300  polity.ended           how=conquest byName=Ňěňnílěā name=Zyafoxyzeamfax
          └ Fell to Ňěňnílěā and was erased from the map.
   20300  war.ended              how=sackedIntoTribute to=219 toName=Súnfǐu name=Tórā
          └ The war with Tórā ended.
   20300  polity.submitted       how=sackedIntoTribute to=153 toName=Tórā name=Súnfǐu
          └ Facing hopeless odds, the court of Súnfǐu bowed to Tórā — keeping its throne at the price of tribute.
   20300  polity.shattered       s=250 sName=Xụ̀fsī to=163 toName=Tìlǐā
          └ Its capital Xụ̀fsī fell to Tìlǐā — the realm collapsed.
   20300  polity.ended           how=conquest byName=Tìlǐā name=Súnfǐu
          └ Fell to Tìlǐā and was erased from the map.
   20300  war.ended              how=siegeLifted to=137 toName=Lárụ́lǐā name=Lákòlǐ
          └ The war with Lákòlǐ ended.
   20304  settlement.lapsed      s=153 sName=Tórā from=153 fromName=Tórā
          └ Tórā slipped free of Tórā.
   20304  settlement.lapsed      s=246 sName=Lǎüpíkú from=153 fromName=Tórā
          └ Lǎüpíkú slipped free of Tórā.
   20304  polity.receded         s=153 n=2 sName=Tórā name=Tórā
          └ The grip of Tórā failed, and the marches beyond Tórā were left to their own devices.
   20304  settlement.lapsed      s=244 sName=Kāňǎtụ̄ị from=137 fromName=Lárụ́lǐā
          └ Kāňǎtụ̄ị slipped free of Lárụ́lǐā.
   20304  polity.receded         s=244 n=1 sName=Kāňǎtụ̄ị name=Lárụ́lǐā
          └ The grip of Lárụ́lǐā failed, and the marches beyond Kāňǎtụ̄ị were left to their own devices.
   20304  settlement.lapsed      s=252 sName=Yùtà from=163 fromName=Tìlǐā
          └ Yùtà slipped free of Tìlǐā.
   20304  settlement.lapsed      s=257 sName=Xụ́ňpì from=163 fromName=Tìlǐā
          └ Xụ́ňpì slipped free of Tìlǐā.
   20304  settlement.lapsed      s=260 sName=Lá from=163 fromName=Tìlǐā
          └ Lá slipped free of Tìlǐā.
   20304  polity.receded         s=252 n=3 sName=Yùtà name=Tìlǐā
          └ The grip of Tìlǐā failed, and the marches beyond Yùtà were left to their own devices.
   20304  polity.founded         how=frontier from=-1 name=Lǎüpíkúlǐ
          └ Lǎüpíkú declared itself a sovereign realm.
   20305  settlement.tier        s=246 sName=Lǎüpíkú
          └ Lǎüpíkú grew into a city (20,000 souls).
   20312  famine.struck          
          └ A famine gripped the land.
   20325  settlement.founded     s=273 sName=Hímpíü kind=crystallized
          └ Hímpíü was founded.
   20325  settlement.founded     s=273 sName=Hímpíü city=1
          └ The city of Hímpíü arose.
   20325  settlement.founded     s=274 sName=Fāịrụ́ city=1
          └ The city of Fāịrụ́ arose.
   20344  famine.struck          
          └ A famine gripped the land.
   20350  settlement.founded     s=278 sName=Tàthị̀ kind=crystallized
          └ Tàthị̀ was founded.
   20350  settlement.founded     s=278 sName=Tàthị̀ city=1
          └ The city of Tàthị̀ arose.
   20350  war.began              from=76 to=265 name=Če
          └ Marched to war against Dinyaghbogfax.
   20350  war.began              from=52 to=265 name=Mümitaxfaxa
          └ Marched to war against Dinyaghbogfax.
   20350  war.began              from=1 to=230 name=Ňěňnílěā
          └ Marched to war against Dibavyvonfax.
   20350  war.began              from=215 to=22 name=Pụ́ịrụ́
          └ Marched to war against Sùlhụ̌lěā.
   20350  war.began              from=153 to=215 name=Tórā
          └ Marched to war against Pụ́ịrụ́.
   20350  war.began              from=163 to=215 name=Tìlǐā
          └ Marched to war against Pụ́ịrụ́.
   20350  war.began              from=76 to=151 name=Če
          └ Marched to war against Divakaxyo.
   20350  war.ended              how=faded to=105 toName=Nyaočfax name=Yúltùlǐ
          └ The war with Yúltùlǐ ended; some 39 soldiers never came home.
   20375  settlement.founded     s=280 sName=Ínlà kind=crystallized
          └ Ínlà was founded.
   20375  settlement.founded     s=280 sName=Ínlà city=1
          └ The city of Ínlà arose.
   20378  famine.struck          
          └ A famine gripped the land.
   20397  settlement.withered    s=189 sName=Fụ̀ịthị̌
          └ Fụ̀ịthị̌ withered away and was abandoned.
   20400  war.began              from=22 to=215 name=Sùlhụ̌lěā
          └ Marched to war against Pụ́ịrụ́.
   20425  settlement.founded     s=282 sName=Fǒtlà city=1
          └ The city of Fǒtlà arose.
   20436  market.dearth          s=105 sName=Nyaoč
          └ Dearth in Nyaoč — bread at famine prices in the market.
   20437  polity.submitted       how=submission to=215 toName=Pụ́ịrụ́ name=Lǎüpíkúlǐ
          └ Facing hopeless odds, the court of Lǎüpíkúlǐ bowed to Pụ́ịrụ́ — keeping its throne at the price of tribute.
   20437  polity.submitted       how=union to=22 toName=Sùlhụ̌lěā name=Tórā
          └ In the troubles of the succession, the court of Tórā joined its crown to Sùlhụ̌lěā — one senior throne, two realms.
   20437  settlement.annexed     s=78 sName=Tị̄lārụ́ from=153 fromName=Tórā to=22 toName=Sùlhụ̌lěā
          └ Peacefully absorbed Tị̄lārụ́ from Tórā.
   20437  settlement.annexed     s=153 sName=Tórā from=153 fromName=Tórā to=22 toName=Sùlhụ̌lěā
          └ Peacefully absorbed Tórā from Tórā.
   20437  polity.ended           how=integrated byName=Sùlhụ̌lěā name=Tórā
          └ Dissolved — its last cities scattered or fell silent.
   20437  settlement.annexed     s=163 sName=Tì from=163 fromName=Tìlǐā to=252 toName=Yùtà
          └ Peacefully absorbed Tì from Tìlǐā.
   20444  settlement.dissolved   s=156 why=core sName=Kìlpì
          └ Kìlpì faded back into the countryside.
   20445  settlement.dissolved   s=155 why=core sName=Kìükò
          └ Kìükò faded back into the countryside.
   20446  settlement.dissolved   s=154 why=core sName=Givon
          └ Givon faded back into the countryside.
   20448  polity.seceded         how=receded from=22 fromName=Sùlhụ̌lěā
          └ Broke away from Sùlhụ̌lěā in a war of secession.
   20448  polity.receded         s=153 n=1 sName=Tórā name=Sùlhụ̌lěā
          └ The grip of Sùlhụ̌lěā failed, and the marches beyond Tórā were left to their own devices.
   20448  polity.founded         how=frontier from=-1 name=Kāňǎtụ̄ị
          └ Kāňǎtụ̄ị declared itself a sovereign realm.
   20449  settlement.tier        s=198 sName=Xǒumpíü
          └ Xǒumpíü grew into a metropolis (1,466,000 souls).
   20449  settlement.tier        s=215 sName=Pụ́ịrụ́
          └ Pụ́ịrụ́ grew into a metropolis (1,233,000 souls).
   20450  settlement.founded     s=284 sName=Xighany kind=crystallized
          └ Xighany was founded.
   20450  settlement.founded     s=284 sName=Xighany city=1
          └ The city of Xighany arose.
   20450  settlement.founded     s=285 sName=Lǐfpú kind=crystallized
          └ Lǐfpú was founded.
   20450  settlement.founded     s=285 sName=Lǐfpú city=1
          └ The city of Lǐfpú arose.
   20450  war.began              from=25 to=230 name=Fevvon
          └ Marched to war against Dibavyvonfax.
   20450  war.began              from=154 to=230 name=Nyaočfaxa
          └ Marched to war against Dibavyvonfax.
   20450  war.began              from=169 to=230 name=Neszafax
          └ Marched to war against Dibavyvonfax.
   20450  war.began              from=22 to=214 name=Sùlhụ̌lěā
          └ Marched to war against Fị̀trụ̄ị.
   20450  war.began              from=246 to=214 name=Lǎüpíkúlǐ
          └ Marched to war against Fị̀trụ̄ị.
   20450  war.began              from=163 to=214 name=Tìlǐā
          └ Marched to war against Fị̀trụ̄ị.
   20450  war.began              from=153 to=191 name=Tórā
          └ Marched to war against Nukyudusyus as the succession failed.
   20450  polity.shattered       s=276 sName=Nyizaxbog to=76 toName=Če
          └ Its capital Nyizaxbog fell to Če — the realm collapsed.
   20450  polity.shattered       s=276 sName=Nyizaxbog to=52 toName=Mümitaxfaxa
          └ Its capital Nyizaxbog fell to Mümitaxfaxa — the realm collapsed.
   20451  settlement.dissolved   s=149 why=core sName=Xòunkū
          └ Xòunkū faded back into the countryside.
   20462  famine.struck          
          └ A famine gripped the land.
   20462  famine.struck          
          └ A famine gripped the land.
   20464  famine.struck          
          └ A famine gripped the land.
   20464  famine.struck          
          └ A famine gripped the land.
   20464  famine.struck          
          └ A famine gripped the land.
   20464  famine.struck          
          └ A famine gripped the land.
   20464  famine.struck          
          └ A famine gripped the land.
   20464  famine.struck          
          └ A famine gripped the land.
   20464  famine.struck          
          └ A famine gripped the land.
   20464  famine.struck          
          └ A famine gripped the land.
   20464  famine.struck          
          └ A famine gripped the land.
   20464  famine.struck          
          └ A famine gripped the land.
   20464  famine.struck          
          └ A famine gripped the land.
   20464  famine.struck          
          └ A famine gripped the land.
   20464  famine.struck          
          └ A famine gripped the land.
   20464  famine.struck          
          └ A famine gripped the land.
   20464  famine.struck          
          └ A famine gripped the land.
   20464  famine.struck          
          └ A famine gripped the land.
   20464  famine.struck          
          └ A famine gripped the land.
   20475  settlement.founded     s=287 sName=Yùnlà kind=crystallized
          └ Yùnlà was founded.
   20475  settlement.founded     s=287 sName=Yùnlà city=1
          └ The city of Yùnlà arose.
   20475  settlement.founded     s=288 sName=Tǐuríukú city=1
          └ The city of Tǐuríukú arose.
   20476  market.dearth          s=230 sName=Dibavyvon
          └ Dearth in Dibavyvon — bread at famine prices in the market.
   20479  market.dearth          s=185 sName=Xụ́thị̌
          └ Dearth in Xụ́thị̌ — bread at famine prices in the market.
   20482  famine.struck          
          └ A famine gripped the land.
   20487  market.dearth          s=36 sName=Dekagkyighaf
          └ Dearth in Dekagkyighaf — bread at famine prices in the market.
   20500  settlement.founded     s=290 sName=Sǔkfí city=1
          └ The city of Sǔkfí arose.
   20500  war.began              from=137 to=214 name=Lárụ́lǐā
          └ Marched to war against Fị̀trụ̄ị.
   20500  war.began              from=22 to=163 name=Sùlhụ̌lěā
          └ Marched to war against Tìlǐā.
   20500  polity.shattered       s=36 sName=Dekagkyighaf to=147 toName=Exanyfax
          └ Its capital Dekagkyighaf fell to Exanyfax — the realm collapsed.
   20500  polity.ended           how=conquest byName=Exanyfax name=Dekagkyighaffaxa
          └ Fell to Exanyfax and was erased from the map.
   20534  famine.struck          
          └ A famine gripped the land.
   20534  famine.struck          
          └ A famine gripped the land.
   20534  famine.struck          
          └ A famine gripped the land.
   20534  famine.struck          
          └ A famine gripped the land.
   20534  famine.struck          
          └ A famine gripped the land.
   20534  famine.struck          
          └ A famine gripped the land.
   20550  settlement.founded     s=294 sName=Mǐupíükò city=1
          └ The city of Mǐupíükò arose.
   20550  war.began              from=214 to=22 name=Fị̀trụ̄ị
          └ Marched to war against Sùlhụ̌lěā.
   20550  war.began              from=22 to=199 name=Sùlhụ̌lěā
          └ Marched to war against Xụ̄kfí.
   20562  famine.struck          
          └ A famine gripped the land.
   20562  famine.struck          
          └ A famine gripped the land.
   20562  famine.struck          
          └ A famine gripped the land.
   20562  famine.struck          
          └ A famine gripped the land.
   20562  famine.struck          
          └ A famine gripped the land.
   20562  famine.struck          
          └ A famine gripped the land.
   20562  famine.struck          
          └ A famine gripped the land.
   20562  famine.struck          
          └ A famine gripped the land.
   20566  famine.struck          
          └ A famine gripped the land.
   20587  polity.submitted       how=submission to=215 toName=Pụ́ịrụ́ name=Xụ́ňpìlǐ
          └ Facing hopeless odds, the court of Xụ́ňpìlǐ bowed to Pụ́ịrụ́ — keeping its throne at the price of tribute.
   20587  polity.submitted       how=union to=82 toName=Puusofaxfaxa name=Če
          └ In the troubles of the succession, the court of Če joined its crown to Puusofaxfaxa — one senior throne, two realms.
   20587  war.ended              how=union to=153 toName=Tórā name=Fị̀ňpìlǐā
          └ The war with Fị̀ňpìlǐā ended; some 1 soldiers never came home.
   20587  polity.submitted       how=union to=115 toName=Fị̀ňpìlǐā name=Tórā
          └ In the troubles of the succession, the court of Tórā joined its crown to Fị̀ňpìlǐā — one senior throne, two realms.
   20587  polity.seceded         from=25 fromName=Fevvon
          └ Broke away from Fevvon in a war of secession.
   20587  settlement.annexed     s=113 sName=Fị̀ňpì from=115 fromName=Fị̀ňpìlǐā to=22 toName=Sùlhụ̌lěā
          └ Peacefully absorbed Fị̀ňpì from Fị̀ňpìlǐā.
   20587  settlement.annexed     s=78 sName=Tị̄lārụ́ from=22 fromName=Sùlhụ̌lěā to=153 toName=Tórā
          └ Peacefully absorbed Tị̄lārụ́ from Sùlhụ̌lěā.
   20600  war.began              from=76 to=52 name=Če
          └ Marched to war against Mümitaxfaxa under the banner of the faith.
   20600  war.began              from=230 to=244 name=Dibavyvonfax
          └ Marched to war against Kāňǎtụ̄ị.
   20600  war.began              from=22 to=25 name=Sùlhụ̌lěā
          └ Marched to war against Fevvon.
   20600  war.began              from=93 to=22 name=Lákòlǐ
          └ Renewed the old war against Sùlhụ̌lěā.
   20600  war.began              from=153 to=193 name=Tórā
          └ Marched to war against Mummobingysyus.
   20600  war.ended              how=siegeLifted to=230 toName=Dibavyvonfax name=Ňěňnílěā
          └ The war with Ňěňnílěā ended; some 1 soldiers never came home.
   20610  famine.struck          
          └ A famine gripped the land.
   20610  famine.struck          
          └ A famine gripped the land.
   20610  famine.struck          
          └ A famine gripped the land.
   20610  famine.struck          
          └ A famine gripped the land.
   20610  famine.struck          
          └ A famine gripped the land.
   20610  famine.struck          
          └ A famine gripped the land.
   20626  famine.struck          
          └ A famine gripped the land.
   20626  famine.struck          
          └ A famine gripped the land.
   20642  settlement.dissolved   s=158 why=core sName=Tị̄lākò
          └ Tị̄lākò faded back into the countryside.
   20643  settlement.dissolved   s=157 why=core sName=Sǎkò
          └ Sǎkò faded back into the countryside.
   20650  settlement.founded     s=301 sName=Sākú city=1
          └ The city of Sākú arose.
   20650  war.began              from=22 to=1 name=Sùlhụ̌lěā
          └ Marched to war against Ňěňnílěā.
   20650  war.began              from=163 to=93 name=Tìlǐā
          └ Marched to war against Lákòlǐ.
   20650  war.began              from=1 to=153 name=Ňěňnílěā
          └ Marched to war against Tórā as the succession failed.
   20650  war.began              from=24 to=153 name=Sogyoepa
          └ Marched to war against Tórā as the succession failed.
   20650  war.began              from=57 to=153 name=Pomponsomsyusa
          └ Marched to war against Tórā as the succession failed.
   20650  war.began              from=164 to=153 name=Pa
          └ Marched to war against Tórā as the succession failed.
   20675  settlement.founded     s=302 sName=Mǐupíü kind=crystallized
          └ Mǐupíü was founded.
   20675  settlement.founded     s=302 sName=Mǐupíü city=1
          └ The city of Mǐupíü arose.
   20676  settlement.tier        s=244 sName=Kāňǎtụ̄ị
          └ Kāňǎtụ̄ị grew into a city (10,000 souls).
   20684  famine.struck          
          └ A famine gripped the land.
   20684  famine.struck          
          └ A famine gripped the land.
   20684  famine.struck          
          └ A famine gripped the land.
   20685  settlement.withered    s=201 sName=Tị̄lārụ́
          └ Tị̄lārụ́ withered away and was abandoned.
   20688  famine.struck          
          └ A famine gripped the land.
   20700  settlement.founded     s=304 sName=Pụ́thị̌ kind=crystallized
          └ Pụ́thị̌ was founded.
   20700  settlement.founded     s=304 sName=Pụ́thị̌ city=1
          └ The city of Pụ́thị̌ arose.
   20700  settlement.founded     s=305 sName=Tị̄lākò city=1
          └ The city of Tị̄lākò arose.
   20700  settlement.founded     s=306 sName=Lụ̄nlākú city=1
          └ The city of Lụ̄nlākú arose.
   20700  war.ended              how=siegeLifted to=214 toName=Fị̀trụ̄ị name=Sùlhụ̌lěā
          └ The war with Sùlhụ̌lěā ended.
   20700  war.ended              how=siegeLifted to=230 toName=Dibavyvonfax name=Fevvon
          └ The war with Fevvon ended.
   20700  war.indemnity          to=25 toName=Fevvon name=Dibavyvonfax
          └ Dibavyvonfax paid a heavy indemnity to Fevvon at the peace.
   20700  war.ended              how=siegeLifted to=230 toName=Dibavyvonfax name=Neszafax
          └ The war with Neszafax ended.
   20700  war.indemnity          to=169 toName=Neszafax name=Dibavyvonfax
          └ Dibavyvonfax paid a heavy indemnity to Neszafax at the peace.
   20704  famine.struck          
          └ A famine gripped the land.
   20730  famine.struck          
          └ A famine gripped the land.
   20737  market.dearth          s=32 sName=Tisgiv
          └ Dearth in Tisgiv — bread at famine prices in the market.
   20737  settlement.tier        s=204 sName=Tǎ
          └ Tǎ grew into a metropolis (1,620,000 souls).
   20737  polity.seceded         from=76 fromName=Če
          └ Broke away from Če in a war of secession.
   20737  polity.seceded         from=153 fromName=Tórā
          └ Broke away from Tórā in a war of secession.
   20737  settlement.annexed     s=32 sName=Tisgiv from=32 fromName=Tisgivfaxa to=25 toName=Fevvon
          └ Peacefully absorbed Tisgiv from Tisgivfaxa.
   20738  famine.struck          
          └ A famine gripped the land.
   20738  famine.struck          
          └ A famine gripped the land.
   20738  famine.struck          
          └ A famine gripped the land.
   20738  famine.struck          
          └ A famine gripped the land.
   20738  famine.struck          
          └ A famine gripped the land.
   20738  famine.struck          
          └ A famine gripped the land.
   20738  famine.struck          
          └ A famine gripped the land.
   20738  famine.struck          
          └ A famine gripped the land.
   20750  war.began              from=230 to=52 name=Dibavyvonfax
          └ Marched to war against Mümitaxfaxa.
   20750  war.began              from=25 to=32 name=Fevvon
          └ Marched to war against Tisgivfaxa.
   20750  war.began              from=22 to=32 name=Sùlhụ̌lěā
          └ Marched to war against Tisgivfaxa.
   20750  war.began              from=1 to=32 name=Ňěňnílěā
          └ Renewed the old war against Tisgivfaxa under the banner of the faith.
   20750  war.began              from=32 to=230 name=Tisgivfaxa
          └ Marched to war against Dibavyvonfax.
   20750  war.began              from=214 to=163 name=Fị̀trụ̄ị
          └ Marched to war against Tìlǐā.
   20750  war.began              from=205 to=163 name=Nītrụ̄ị
          └ Marched to war against Tìlǐā.
   20753  market.dearth          s=127 sName=Ǐkfí
          └ Dearth in Ǐkfí — bread at famine prices in the market.
   20756  market.dearth          s=1 sName=Ňěňní
          └ Dearth in Ňěňní — bread at famine prices in the market.
   20796  famine.struck          
          └ A famine gripped the land.
   20800  famine.struck          
          └ A famine gripped the land.
   20800  famine.struck          
          └ A famine gripped the land.
   20800  famine.struck          
          └ A famine gripped the land.
   20800  settlement.founded     s=310 sName=Tóupị̄rụ́ kind=crystallized
          └ Tóupị̄rụ́ was founded.
   20800  settlement.founded     s=310 sName=Tóupị̄rụ́ city=1
          └ The city of Tóupị̄rụ́ arose.
   20818  famine.struck          
          └ A famine gripped the land.
   20818  famine.struck          
          └ A famine gripped the land.
   20822  famine.struck          
          └ A famine gripped the land.
   20840  settlement.dissolved   s=160 why=core sName=Hóutsī
          └ Hóutsī faded back into the countryside.
   20850  war.began              from=244 to=230 name=Kāňǎtụ̄ị
          └ Marched to war against Dibavyvonfax.
   20850  war.began              from=230 to=32 name=Dibavyvonfax
          └ Marched to war against Tisgivfaxa.
   20850  war.ended              how=truce to=244 toName=Kāňǎtụ̄ị name=Dibavyvonfax
          └ The war with Dibavyvonfax ended.
   20850  war.indemnity          to=244 toName=Kāňǎtụ̄ị name=Dibavyvonfax
          └ Dibavyvonfax paid a heavy indemnity to Kāňǎtụ̄ị at the peace.
   20850  war.ended              how=truce to=230 toName=Dibavyvonfax name=Mümitaxfaxa
          └ The war with Mümitaxfaxa ended.
   20850  war.indemnity          to=52 toName=Mümitaxfaxa name=Dibavyvonfax
          └ Dibavyvonfax paid a heavy indemnity to Mümitaxfaxa at the peace.
   20850  war.ended              how=truce to=230 toName=Dibavyvonfax name=Tisgivfaxa
          └ The war with Tisgivfaxa ended.
   20850  war.indemnity          to=32 toName=Tisgivfaxa name=Dibavyvonfax
          └ Dibavyvonfax paid a heavy indemnity to Tisgivfaxa at the peace.
   20850  polity.submitted       how=capitulation to=52 toName=Mümitaxfaxa name=Dibavyvonfax
          └ Beaten in the field, the court of Dibavyvonfax bent the knee to Mümitaxfaxa — a client crown under the conqueror's peace.
   20850  polity.shattered       s=127 sName=Ǐkfí to=163 toName=Tìlǐā
          └ Its capital Ǐkfí fell to Tìlǐā — the realm collapsed.
   20850  polity.ended           how=conquest byName=Tìlǐā name=Lákòlǐ
          └ Fell to Tìlǐā and was erased from the map.
   20866  famine.struck          
          └ A famine gripped the land.
   20866  famine.struck          
          └ A famine gripped the land.
   20866  famine.struck          
          └ A famine gripped the land.
   20866  famine.struck          
          └ A famine gripped the land.
   20866  famine.struck          
          └ A famine gripped the land.
   20866  famine.struck          
          └ A famine gripped the land.
   20866  famine.struck          
          └ A famine gripped the land.
   20866  famine.struck          
          └ A famine gripped the land.
   20872  settlement.tier        s=185 sName=Xụ́thị̌
          └ Xụ́thị̌ grew into a metropolis (962,000 souls).
   20875  settlement.founded     s=314 sName=Lụ́lhụ̌ kind=crystallized
          └ Lụ́lhụ̌ was founded.
   20875  settlement.founded     s=314 sName=Lụ́lhụ̌ city=1
          └ The city of Lụ́lhụ̌ arose.
   20881  market.dearth          s=110 sName=Vefasixa
          └ Dearth in Vefasixa — bread at famine prices in the market.
   20881  settlement.tier        s=314 sName=Lụ́lhụ̌
          └ Lụ́lhụ̌ grew into a metropolis (977,000 souls).
   20887  polity.seceded         from=54 fromName=Če
          └ Broke away from Če in a war of secession.
   20887  polity.seceded         from=163 fromName=Tìlǐā
          └ Broke away from Tìlǐā in a war of secession.
   20887  settlement.annexed     s=192 sName=Xụ̄kfí from=199 fromName=Xụ̄kfí to=22 toName=Sùlhụ̌lěā
          └ Peacefully absorbed Xụ̄kfí from Xụ̄kfí.
   20887  polity.restored        from=-1 name=Lákòlǐ
          └ The old nation rose again.
   20900  war.began              from=52 to=76 name=Mümitaxfaxa
          └ Marched to war against Če under the banner of the faith.
   20900  war.began              from=154 to=32 name=Nyaočfaxa
          └ Marched to war against Tisgivfaxa under the banner of the faith.
   20900  war.began              from=230 to=154 name=Dibavyvonfax
          └ Marched to war against Nyaočfaxa.
   20900  war.began              from=25 to=154 name=Fevvon
          └ Marched to war against Nyaočfaxa under the banner of the faith.
   20900  war.began              from=169 to=154 name=Neszafax
          └ Marched to war against Nyaočfaxa under the banner of the faith.
   20900  war.began              from=137 to=230 name=Lárụ́lǐā
          └ Marched to war against Dibavyvonfax.
   20900  war.began              from=1 to=137 name=Ňěňnílěā
          └ Marched to war against Lárụ́lǐā under the banner of the faith.
   20900  war.began              from=215 to=93 name=Pụ́ịrụ́
          └ Marched to war against Lákòlǐ.
   20900  war.ended              how=truce to=230 toName=Dibavyvonfax name=Nyaočfaxa
          └ The war with Nyaočfaxa ended.
   20900  war.indemnity          to=154 toName=Nyaočfaxa name=Dibavyvonfax
          └ Dibavyvonfax paid a heavy indemnity to Nyaočfaxa at the peace.
   20900  war.ended              how=truce to=230 toName=Dibavyvonfax name=Lárụ́lǐā
          └ The war with Lárụ́lǐā ended.
   20900  war.indemnity          to=137 toName=Lárụ́lǐā name=Dibavyvonfax
          └ Dibavyvonfax paid a heavy indemnity to Lárụ́lǐā at the peace.
   20900  war.ended              how=siegeLifted to=22 toName=Sùlhụ̌lěā name=Ňěňnílěā
          └ The war with Ňěňnílěā ended.
   20914  famine.struck          
          └ A famine gripped the land.
   20914  famine.struck          
          └ A famine gripped the land.
   20914  famine.struck          
          └ A famine gripped the land.
   20914  famine.struck          
          └ A famine gripped the land.
   20914  famine.struck          
          └ A famine gripped the land.
   20914  market.dearth          s=314 sName=Lụ́lhụ̌
          └ Dearth in Lụ́lhụ̌ — bread at famine prices in the market.
   20916  famine.struck          
          └ A famine gripped the land.
   20916  famine.struck          
          └ A famine gripped the land.
   20917  market.dearth          s=2 sName=Fùlpū
          └ Dearth in Fùlpū — bread at famine prices in the market.
   20918  famine.struck          
          └ A famine gripped the land.
   20918  famine.struck          
          └ A famine gripped the land.
   20918  famine.struck          
          └ A famine gripped the land.
   20918  famine.struck          
          └ A famine gripped the land.
   20918  famine.struck          
          └ A famine gripped the land.
   20918  famine.struck          
          └ A famine gripped the land.
   20918  famine.struck          
          └ A famine gripped the land.
   20918  famine.struck          
          └ A famine gripped the land.
   20918  famine.struck          
          └ A famine gripped the land.
   20918  famine.struck          
          └ A famine gripped the land.
   20918  famine.struck          
          └ A famine gripped the land.
   20918  famine.struck          
          └ A famine gripped the land.
   20918  famine.struck          
          └ A famine gripped the land.
   20950  famine.struck          
          └ A famine gripped the land.
   20950  war.began              from=32 to=154 name=Tisgivfaxa
          └ Marched to war against Nyaočfaxa under the banner of the faith.
   20950  war.began              from=151 to=244 name=Divakaxyo
          └ Marched to war against Kāňǎtụ̄ị.
   20950  war.began              from=137 to=244 name=Lárụ́lǐā
          └ Marched to war against Kāňǎtụ̄ị.
   20962  famine.struck          
          └ A famine gripped the land.
   20968  famine.struck          
          └ A famine gripped the land.
   20996  famine.struck          
          └ A famine gripped the land.
   20996  famine.struck          
          └ A famine gripped the land.
   20996  famine.struck          
          └ A famine gripped the land.
   20996  famine.struck          
          └ A famine gripped the land.
   20996  famine.struck          
          └ A famine gripped the land.
   20996  famine.struck          
          └ A famine gripped the land.
   20996  famine.struck          
          └ A famine gripped the land.
   20996  famine.struck          
          └ A famine gripped the land.
   20998  famine.struck          
          └ A famine gripped the land.
   20998  famine.struck          
          └ A famine gripped the land.
   20998  famine.struck          
          └ A famine gripped the land.
   20998  famine.struck          
          └ A famine gripped the land.
   20998  famine.struck          
          └ A famine gripped the land.
   20998  famine.struck          
          └ A famine gripped the land.
   20998  famine.struck          
          └ A famine gripped the land.
   20998  famine.struck          
          └ A famine gripped the land.
   20998  famine.struck          
          └ A famine gripped the land.
   20998  famine.struck          
          └ A famine gripped the land.
   20998  famine.struck          
          └ A famine gripped the land.
   20998  famine.struck          
          └ A famine gripped the land.
   21000  plague.outbreak        s=153 sName=Tórā
          └ Plague broke out in Tórā and swept through the realm.
   21000  plague.outbreak        s=170 sName=Ňǐtlà
          └ Plague broke out in Ňǐtlà and swept through the realm.
   21000  plague.outbreak        s=185 sName=Xụ́thị̌
          └ Plague broke out in Xụ́thị̌ and swept through the realm.
   21000  plague.outbreak        s=187 sName=Īmlà
          └ Plague broke out in Īmlà and swept through the realm.
   21000  plague.outbreak        s=197 sName=Līütlàkò
          └ Plague broke out in Līütlàkò and swept through the realm.
   21000  plague.outbreak        s=204 sName=Tǎ
          └ Plague broke out in Tǎ and swept through the realm.
   21000  plague.outbreak        s=208 sName=Lāffí
          └ Plague broke out in Lāffí and swept through the realm.
   21000  plague.outbreak        s=214 sName=Fị̀trụ̄ị
          └ Plague broke out in Fị̀trụ̄ị and swept through the realm.
   21000  plague.outbreak        s=215 sName=Pụ́ịrụ́
          └ Plague broke out in Pụ́ịrụ́ and swept through the realm.
   21000  plague.outbreak        s=230 sName=Dibavyvon
          └ Plague broke out in Dibavyvon and swept through the realm.
   21000  plague.outbreak        s=236 sName=Zyafoxyzeam
          └ Plague broke out in Zyafoxyzeam and swept through the realm.
   21000  plague.outbreak        s=244 sName=Kāňǎtụ̄ị
          └ Plague broke out in Kāňǎtụ̄ị and swept through the realm.
   21000  plague.outbreak        s=246 sName=Lǎüpíkú
          └ Plague broke out in Lǎüpíkú and swept through the realm.
   21000  plague.outbreak        s=265 sName=Dinyaghbog
          └ Plague broke out in Dinyaghbog and swept through the realm.
   21000  plague.outbreak        s=276 sName=Nyizaxbog
          └ Plague broke out in Nyizaxbog and swept through the realm.
   21000  plague.outbreak        s=314 sName=Lụ́lhụ̌
          └ Plague broke out in Lụ́lhụ̌ and swept through the realm.
   21000  plague.virginSoil      s=153 sName=Tórā mortality=0.6
          └ A pestilence unknown to Tórā came ashore with the strangers, and they had no defence against it.
   21000  war.began              from=22 to=93 name=Sùlhụ̌lěā
          └ Renewed the old war against Lákòlǐ.
   21000  war.began              from=260 to=215 name=Lá
          └ Marched to war against Pụ́ịrụ́.
   21000  war.ended              how=siegeLifted to=32 toName=Tisgivfaxa name=Fevvon
          └ The war with Fevvon ended.
   21010  famine.struck          
          └ A famine gripped the land.
   21010  famine.struck          
          └ A famine gripped the land.
   21010  famine.struck          
          └ A famine gripped the land.
   21010  famine.struck          
          └ A famine gripped the land.
   21010  famine.struck          
          └ A famine gripped the land.
   21022  slave.revolt           s=32 sName=Tisgiv
          └ The unfree of Tisgiv rose in revolt, and the labour was lost.
   21022  settlement.dissolved   s=178 why=core sName=Xezufa
          └ Xezufa faded back into the countryside.
   21027  market.dearth          s=147 sName=Exany
          └ Dearth in Exany — bread at famine prices in the market.
   21027  settlement.dissolved   s=173 why=core sName=Yúxkòu
          └ Yúxkòu faded back into the countryside.
   21030  settlement.dissolved   s=170 why=core sName=Ňǐtlà
          └ Ňǐtlà faded back into the countryside.
   21032  plague.outbreak        s=147 sName=Exany
          └ Plague broke out in Exany and swept through the realm.
   21034  famine.struck          
          └ A famine gripped the land.
   21034  famine.struck          
          └ A famine gripped the land.
   21034  famine.struck          
          └ A famine gripped the land.
   21034  famine.struck          
          └ A famine gripped the land.
   21034  famine.struck          
          └ A famine gripped the land.
   21037  settlement.annexed     s=163 sName=Tì from=163 fromName=Tìlǐā to=249 toName=Pīüffìkú
          └ Peacefully absorbed Tì from Tìlǐā.
   21050  settlement.founded     s=319 sName=Tàịňnī kind=crystallized
          └ Tàịňnī was founded.
   21050  settlement.founded     s=319 sName=Tàịňnī city=1
          └ The city of Tàịňnī arose.
   21050  war.began              from=169 to=76 name=Neszafax
          └ Marched to war against Če under the banner of the faith.
   21050  war.began              from=32 to=147 name=Tisgivfaxa
          └ Marched to war against Exanyfax.
   21050  war.began              from=204 to=93 name=Tǎ
          └ Marched to war against Lákòlǐ as the succession failed.
   21050  war.began              from=93 to=246 name=Lákòlǐ
          └ Marched to war against Lǎüpíkúlǐ.
   21050  war.began              from=230 to=283 name=Dibavyvonfax
          └ Marched to war against Nyahočfax.
   21050  war.ended              how=siegeLifted to=32 toName=Tisgivfaxa name=Ňěňnílěā
          └ The war with Ňěňnílěā ended.
   21058  famine.struck          
          └ A famine gripped the land.
   21059  succession.crisis      name=Dibavyvonfax
          └ The royal line failed — an interregnum of rival claimants.
   21066  famine.struck          
          └ A famine gripped the land.
   21066  famine.struck          
          └ A famine gripped the land.
   21066  famine.struck          
          └ A famine gripped the land.
   21066  famine.struck          
          └ A famine gripped the land.
   21066  famine.struck          
          └ A famine gripped the land.
   21066  famine.struck          
          └ A famine gripped the land.
   21066  famine.struck          
          └ A famine gripped the land.
   21066  famine.struck          
          └ A famine gripped the land.
   21066  famine.struck          
          └ A famine gripped the land.
   21066  famine.struck          
          └ A famine gripped the land.
   21066  famine.struck          
          └ A famine gripped the land.
   21066  famine.struck          
          └ A famine gripped the land.
   21066  famine.struck          
          └ A famine gripped the land.
   21066  famine.struck          
          └ A famine gripped the land.
   21082  famine.struck          
          └ A famine gripped the land.
   21098  famine.struck          
          └ A famine gripped the land.
   21109  succession.crisis      name=Tǎ
          └ The royal line failed — an interregnum of rival claimants.
   21130  famine.struck          
          └ A famine gripped the land.
   21134  succession.crisis      name=Pụ́ịrụ́
          └ The royal line failed — an interregnum of rival claimants.
   21150  war.began              from=76 to=169 name=Če
          └ Marched to war against Neszafax under the banner of the faith.
   21150  war.began              from=246 to=93 name=Lǎüpíkúlǐ
          └ Marched to war against Lákòlǐ as the succession failed.
   21150  war.ended              how=siegeLifted to=76 toName=Če name=Mümitaxfaxa
          └ The war with Mümitaxfaxa ended.
   21159  succession.crisis      name=Lárụ́lǐā
          └ The royal line failed — an interregnum of rival claimants.
   21159  succession.crisis      name=Tǎ
          └ The royal line failed — an interregnum of rival claimants.
   21170  famine.struck          
          └ A famine gripped the land.
   21170  famine.struck          
          └ A famine gripped the land.
   21170  famine.struck          
          └ A famine gripped the land.
   21170  famine.struck          
          └ A famine gripped the land.
   21170  famine.struck          
          └ A famine gripped the land.
   21170  famine.struck          
          └ A famine gripped the land.
   21170  famine.struck          
          └ A famine gripped the land.
   21170  famine.struck          
          └ A famine gripped the land.
   21170  famine.struck          
          └ A famine gripped the land.
   21170  famine.struck          
          └ A famine gripped the land.
   21170  famine.struck          
          └ A famine gripped the land.
   21170  famine.struck          
          └ A famine gripped the land.
   21170  famine.struck          
          └ A famine gripped the land.
   21175  plague.outbreak        s=105 sName=Nyaoč
          └ Plague broke out in Nyaoč and swept through the realm.
   21178  famine.struck          
          └ A famine gripped the land.
   21180  famine.struck          
          └ A famine gripped the land.
   21187  polity.submitted       how=submission to=204 toName=Tǎ name=Tìlǐā
          └ Facing hopeless odds, the court of Tìlǐā bowed to Tǎ — keeping its throne at the price of tribute.
   21187  polity.submitted       how=union to=153 toName=Tórā name=Xụ̄kfí
          └ In the troubles of the succession, the court of Xụ̄kfí joined its crown to Tórā — one senior throne, two realms.
   21187  polity.seceded         from=22 fromName=Sùlhụ̌lěā
          └ Broke away from Sùlhụ̌lěā in a war of secession.
   21187  polity.seceded         from=215 fromName=Pụ́ịrụ́
          └ Broke away from Pụ́ịrụ́ in a war of secession.
   21188  famine.struck          
          └ A famine gripped the land.
   21188  famine.struck          
          └ A famine gripped the land.
   21188  famine.struck          
          └ A famine gripped the land.
   21188  settlement.abandoned   s=276 sName=Nyizaxbog
          └ Nyizaxbog was abandoned.
   21200  settlement.founded     s=327 sName=Ghevaxnahovy city=1
          └ The city of Ghevaxnahovy arose.
   21200  war.began              from=93 to=1 name=Lákòlǐ
          └ Marched to war against Ňěňnílěā.
   21200  war.began              from=214 to=93 name=Fị̀trụ̄ị
          └ Marched to war against Lákòlǐ as the succession failed.
   21200  war.began              from=154 to=283 name=Nyaočfaxa
          └ Marched to war against Nyahočfax.
   21200  war.ended              how=siegeLifted to=137 toName=Lárụ́lǐā name=Ňěňnílěā
          └ The war with Ňěňnílěā ended.
   21200  war.indemnity          to=137 toName=Lárụ́lǐā name=Ňěňnílěā
          └ Ňěňnílěā paid a heavy indemnity to Lárụ́lǐā at the peace.
   21200  war.ended              how=siegeLifted to=244 toName=Kāňǎtụ̄ị name=Divakaxyo
          └ The war with Divakaxyo ended.
   21200  war.ended              how=siegeLifted to=215 toName=Pụ́ịrụ́ name=Tórā
          └ The war with Tórā ended.
   21201  market.dearth          s=273 sName=Hímpíü
          └ Dearth in Hímpíü — bread at famine prices in the market.
   21209  succession.crisis      name=Lárụ́lǐā
          └ The royal line failed — an interregnum of rival claimants.
   21212  settlement.abandoned   s=236 sName=Zyafoxyzeam
          └ Zyafoxyzeam was abandoned.
   21212  settlement.dissolved   s=188 why=core sName=Kǒkú
          └ Kǒkú faded back into the countryside.
   21213  settlement.abandoned   s=222 sName=Nātlà
          └ Nātlà was abandoned.
   21213  settlement.dissolved   s=187 why=core sName=Īmlà
          └ Īmlà faded back into the countryside.
   21214  settlement.dissolved   s=186 why=core sName=Pụ́xkòu
          └ Pụ́xkòu faded back into the countryside.
   21219  settlement.abandoned   s=268 sName=Ínfǐu
          └ Ínfǐu was abandoned.
   21219  settlement.abandoned   s=269 sName=Ňǐtlà
          └ Ňǐtlà was abandoned.
   21220  settlement.dissolved   s=180 why=core sName=Xyavonfa
          └ Xyavonfa faded back into the countryside.
   21221  settlement.abandoned   s=232 sName=Pụ̄lhụ̀kú
          └ Pụ̄lhụ̀kú was abandoned.
   21225  settlement.founded     s=329 sName=Fisnofa city=1
          └ The city of Fisnofa arose.
   21226  settlement.abandoned   s=231 sName=Ňǐňní
          └ Ňǐňní was abandoned.
   21226  settlement.abandoned   s=237 sName=Pụ́ňní
          └ Pụ́ňní was abandoned.
   21229  settlement.abandoned   s=250 sName=Xụ̀fsī
          └ Xụ̀fsī was abandoned.
   21230  settlement.abandoned   s=212 sName=Kùlìükú
          └ Kùlìükú was abandoned.
   21234  succession.crisis      name=Če
          └ The royal line failed — an interregnum of rival claimants.
   21234  succession.crisis      name=Tǎ
          └ The royal line failed — an interregnum of rival claimants.
   21234  succession.crisis      name=Pụ́ịrụ́
          └ The royal line failed — an interregnum of rival claimants.
   21236  settlement.abandoned   s=197 sName=Līütlàkò
          └ Līütlàkò was abandoned.
   21236  settlement.abandoned   s=210 sName=Ňīffí
          └ Ňīffí was abandoned.
   21241  settlement.abandoned   s=264 sName=Pìürụ́
          └ Pìürụ́ was abandoned.
   21242  settlement.abandoned   s=241 sName=Pụ́tlà
          └ Pụ́tlà was abandoned.
   21245  settlement.abandoned   s=208 sName=Lāffí
          └ Lāffí was abandoned.
   21245  settlement.abandoned   s=280 sName=Ínlà
          └ Ínlà was abandoned.
   21248  famine.struck          
          └ A famine gripped the land.
   21248  famine.struck          
          └ A famine gripped the land.
   21248  famine.struck          
          └ A famine gripped the land.
   21250  settlement.founded     s=330 sName=Ňǐkū kind=crystallized
          └ Ňǐkū was founded.
   21250  settlement.founded     s=330 sName=Ňǐkū city=1
          └ The city of Ňǐkū arose.
   21250  settlement.founded     s=331 sName=Hóuttīu city=1
          └ The city of Hóuttīu arose.
   21250  settlement.founded     s=333 sName=Zyexyafa city=1
          └ The city of Zyexyafa arose.
   21250  war.began              from=76 to=244 name=Če
          └ Marched to war against Kāňǎtụ̄ị as the succession failed.
   21250  war.began              from=163 to=260 name=Tìlǐā
          └ Marched to war against Lá as the succession failed.
   21250  war.began              from=169 to=25 name=Neszafax
          └ Marched to war against Fevvon under the banner of the faith.
   21250  polity.shattered       s=36 sName=Dekagkyighaf to=32 toName=Tisgivfaxa
          └ Its capital Dekagkyighaf fell to Tisgivfaxa — the realm collapsed.
   21250  polity.ended           how=conquest byName=Tisgivfaxa name=Exanyfax
          └ Fell to Tisgivfaxa and was erased from the map.
   21252  famine.struck          
          └ A famine gripped the land.
   21270  market.dearth          s=105 sName=Nyaoč
          └ Dearth in Nyaoč — bread at famine prices in the market.
   21275  settlement.founded     s=334 sName=Fị̀tlà kind=crystallized
          └ Fị̀tlà was founded.
   21275  settlement.founded     s=334 sName=Fị̀tlà city=1
          └ The city of Fị̀tlà arose.
   21275  settlement.founded     s=335 sName=Sīuňní city=1
          └ The city of Sīuňní arose.
   21275  settlement.founded     s=337 sName=Devamo city=1
          └ The city of Devamo arose.
   21300  settlement.founded     s=338 sName=Tị̄ kind=crystallized
          └ Tị̄ was founded.
   21300  settlement.founded     s=338 sName=Tị̄ city=1
          └ The city of Tị̄ arose.
   21300  settlement.founded     s=339 sName=Fị̀lpù city=1
          └ The city of Fị̀lpù arose.
   21300  settlement.founded     s=340 sName=Xighanfa city=1
          └ The city of Xighanfa arose.
   21300  war.began              from=1 to=93 name=Ňěňnílěā
          └ Marched to war against Lákòlǐ as the succession failed.
   21300  war.began              from=93 to=214 name=Lákòlǐ
          └ Marched to war against Fị̀trụ̄ị.
   21300  war.ended              how=faded to=222 toName=Nātlàlǐ name=Lákòlǐ
          └ The war with Lákòlǐ ended.
   21300  war.ended              how=siegeLifted to=169 toName=Neszafax name=Če
          └ The war with Če ended.
   21300  war.ended              how=siegeLifted to=246 toName=Lǎüpíkúlǐ name=Lákòlǐ
          └ The war with Lákòlǐ ended; some 1 soldiers never came home.
   21300  war.ended              how=siegeLifted to=283 toName=Nyahočfax name=Dibavyvonfax
          └ The war with Dibavyvonfax ended; some 1 soldiers never came home.
   21312  polity.seceded         how=receded from=249 fromName=Pīüffìkú
          └ Broke away from Pīüffìkú in a war of secession.
   21313  market.dearth          s=185 sName=Xụ́thị̌
          └ Dearth in Xụ́thị̌ — bread at famine prices in the market.
   21321  market.dearth          s=36 sName=Dekagkyighaf
          └ Dearth in Dekagkyighaf — bread at famine prices in the market.
   21325  settlement.founded     s=341 sName=Tǔkò kind=crystallized
          └ Tǔkò was founded.
   21325  settlement.founded     s=341 sName=Tǔkò city=1
          └ The city of Tǔkò arose.
   21325  settlement.founded     s=342 sName=Ìlpù city=1
          └ The city of Ìlpù arose.
   21326  famine.struck          
          └ A famine gripped the land.
   21337  polity.submitted       how=submission to=22 toName=Sùlhụ̌lěā name=Xōulǐā
          └ Facing hopeless odds, the court of Xōulǐā bowed to Sùlhụ̌lěā — keeping its throne at the price of tribute.
   21337  polity.submitted       how=submission to=204 toName=Tǎ name=Lárụ́
          └ Facing hopeless odds, the court of Lárụ́ bowed to Tǎ — keeping its throne at the price of tribute.
   21337  polity.submitted       how=union to=153 toName=Tórā name=Tǎ
          └ In the troubles of the succession, the court of Tǎ joined its crown to Tórā — one senior throne, two realms.
   21337  polity.submitted       how=union to=215 toName=Pụ́ịrụ́ name=Kāňǎtụ̄ị
          └ In the troubles of the succession, the court of Kāňǎtụ̄ị joined its crown to Pụ́ịrụ́ — one senior throne, two realms.
   21337  settlement.annexed     s=244 sName=Kāňǎtụ̄ị from=244 fromName=Kāňǎtụ̄ị to=215 toName=Pụ́ịrụ́
          └ Peacefully absorbed Kāňǎtụ̄ị from Kāňǎtụ̄ị.
   21337  polity.ended           how=integrated byName=Pụ́ịrụ́ name=Kāňǎtụ̄ị
          └ Dissolved — its last cities scattered or fell silent.
   21337  settlement.annexed     s=246 sName=Lǎüpíkú from=246 fromName=Lǎüpíkúlǐ to=215 toName=Pụ́ịrụ́
          └ Peacefully absorbed Lǎüpíkú from Lǎüpíkúlǐ.
   21337  polity.ended           how=integrated byName=Pụ́ịrụ́ name=Lǎüpíkúlǐ
          └ Dissolved — its last cities scattered or fell silent.
   21337  polity.seceded         from=25 fromName=Fevvon
          └ Broke away from Fevvon in a war of secession.
   21337  polity.seceded         from=215 fromName=Pụ́ịrụ́
          └ Broke away from Pụ́ịrụ́ in a war of secession.
   21337  polity.seceded         from=93 fromName=Lákòlǐ
          └ Broke away from Lákòlǐ in a war of secession.
   21337  settlement.annexed     s=32 sName=Tisgiv from=32 fromName=Tisgivfaxa to=25 toName=Fevvon
          └ Peacefully absorbed Tisgiv from Tisgivfaxa.
   21337  settlement.annexed     s=163 sName=Tì from=163 fromName=Tìlǐā to=249 toName=Pīüffìkú
          └ Peacefully absorbed Tì from Tìlǐā.
   21350  settlement.founded     s=343 sName=Líụňākú kind=crystallized
          └ Líụňākú was founded.
   21350  settlement.founded     s=343 sName=Líụňākú city=1
          └ The city of Líụňākú arose.
   21350  settlement.founded     s=344 sName=Kǎňtụ̀ịrụ́ city=1
          └ The city of Kǎňtụ̀ịrụ́ arose.
   21350  war.began              from=76 to=54 name=Če
          └ Marched to war against Če as the succession failed.
   21350  war.began              from=169 to=52 name=Neszafax
          └ Renewed the old war against Mümitaxfaxa under the banner of the faith.
   21350  war.began              from=215 to=76 name=Pụ́ịrụ́
          └ Marched to war against Če as the succession failed.
   21350  war.began              from=153 to=274 name=Tórā
          └ Marched to war against Fāịrụ́lǐā.
   21350  war.began              from=153 to=113 name=Tórā
          └ Marched to war against Fị̀ňpìlǐā.
   21350  war.ended              how=faded to=222 toName=Nātlàlǐ name=Tìlǐā
          └ The war with Tìlǐā ended; some 31 soldiers never came home.
   21350  war.ended              how=faded to=222 toName=Nātlàlǐ name=Tórā
          └ The war with Tórā ended; some 17 soldiers never came home.
   21351  market.dearth          s=330 sName=Ňǐkū
          └ Dearth in Ňǐkū — bread at famine prices in the market.
   21375  settlement.founded     s=347 sName=Píkfìrụ́ kind=crystallized
          └ Píkfìrụ́ was founded.
   21375  settlement.founded     s=347 sName=Píkfìrụ́ city=1
          └ The city of Píkfìrụ́ arose.
   21375  settlement.founded     s=348 sName=Sītōkò city=1
          └ The city of Sītōkò arose.
   21396  famine.struck          
          └ A famine gripped the land.
   21400  war.began              from=93 to=274 name=Lákòlǐ
          └ Marched to war against Fāịrụ́lǐā.
   21400  war.began              from=153 to=205 name=Tórā
          └ Renewed the old war against Nītrụ̄ị as the succession failed.
   21424  settlement.dissolved   s=176 why=core sName=Nidukyvo
          └ Nidukyvo faded back into the countryside.
   21436  famine.struck          
          └ A famine gripped the land.
   21446  famine.struck          
          └ A famine gripped the land.
   21446  famine.struck          
          └ A famine gripped the land.
   21446  famine.struck          
          └ A famine gripped the land.
   21446  famine.struck          
          └ A famine gripped the land.
   21446  famine.struck          
          └ A famine gripped the land.
   21446  famine.struck          
          └ A famine gripped the land.
   21446  famine.struck          
          └ A famine gripped the land.
   21446  famine.struck          
          └ A famine gripped the land.
   21446  famine.struck          
          └ A famine gripped the land.
   21446  famine.struck          
          └ A famine gripped the land.
   21446  famine.struck          
          └ A famine gripped the land.
   21446  famine.struck          
          └ A famine gripped the land.
   21446  famine.struck          
          └ A famine gripped the land.
   21446  famine.struck          
          └ A famine gripped the land.
   21446  famine.struck          
          └ A famine gripped the land.
   21446  famine.struck          
          └ A famine gripped the land.
   21446  famine.struck          
          └ A famine gripped the land.
   21446  famine.struck          
          └ A famine gripped the land.
   21450  settlement.founded     s=361 sName=Tafaavo city=1
          └ The city of Tafaavo arose.
   21450  war.ended              how=faded to=219 toName=Súnfǐu name=Lákòlǐ
          └ The war with Lákòlǐ ended; some 1 soldiers never came home.
   21456  polity.seceded         how=receded from=215 fromName=Pụ́ịrụ́
          └ Broke away from Pụ́ịrụ́ in a war of secession.
   21456  settlement.lapsed      s=244 sName=Kāňǎtụ̄ị from=215 fromName=Pụ́ịrụ́
          └ Kāňǎtụ̄ị slipped free of Pụ́ịrụ́.
   21456  polity.receded         s=244 n=2 sName=Kāňǎtụ̄ị name=Pụ́ịrụ́
          └ The grip of Pụ́ịrụ́ failed, and the marches beyond Kāňǎtụ̄ị were left to their own devices.
   21457  settlement.abandoned   s=215 sName=Pụ́ịrụ́
          └ Pụ́ịrụ́ was abandoned.
   21457  settlement.tier        s=274 sName=Fāịrụ́
          └ Fāịrụ́ grew into a metropolis (1,125,000 souls).
   21464  settlement.dissolved   s=136 why=core sName=Xūkóukú
          └ Xūkóukú faded back into the countryside.
   21472  famine.struck          
          └ A famine gripped the land.
   21472  famine.struck          
          └ A famine gripped the land.
   21472  famine.struck          
          └ A famine gripped the land.
   21472  famine.struck          
          └ A famine gripped the land.
   21472  famine.struck          
          └ A famine gripped the land.
   21472  famine.struck          
          └ A famine gripped the land.
   21472  famine.struck          
          └ A famine gripped the land.
   21472  famine.struck          
          └ A famine gripped the land.
   21472  famine.struck          
          └ A famine gripped the land.
   21472  famine.struck          
          └ A famine gripped the land.
   21472  famine.struck          
          └ A famine gripped the land.
   21472  famine.struck          
          └ A famine gripped the land.
   21472  famine.struck          
          └ A famine gripped the land.
   21472  famine.struck          
          └ A famine gripped the land.
   21472  famine.struck          
          └ A famine gripped the land.
   21472  famine.struck          
          └ A famine gripped the land.
   21472  famine.struck          
          └ A famine gripped the land.
   21472  famine.struck          
          └ A famine gripped the land.
   21475  settlement.founded     s=362 sName=Hị̀kò city=1
          └ The city of Hị̀kò arose.
   21487  polity.submitted       how=union to=331 toName=Hóuttīulǐ name=Lákòlǐ
          └ In the troubles of the succession, the court of Lákòlǐ joined its crown to Hóuttīulǐ — one senior throne, two realms.
   21487  settlement.annexed     s=314 sName=Lụ́lhụ̌ from=93 fromName=Lákòlǐ to=331 toName=Hóuttīulǐ
          └ Peacefully absorbed Lụ́lhụ̌ from Lákòlǐ.
   21487  settlement.annexed     s=334 sName=Fị̀tlà from=93 fromName=Lákòlǐ to=331 toName=Hóuttīulǐ
          └ Peacefully absorbed Fị̀tlà from Lákòlǐ.
   21487  polity.ended           how=integrated byName=Hóuttīulǐ name=Lákòlǐ
          └ Dissolved — its last cities scattered or fell silent.
   21487  polity.restored        from=-1 name=Kāňǎtụ̄ị
          └ The old nation rose again.
   21487  polity.ended           how=dissolved name=Xūkóukúlǐ
          └ Dissolved — its last cities scattered or fell silent.
   21488  settlement.abandoned   s=285 sName=Lǐfpú
          └ Lǐfpú was abandoned.
   21488  settlement.abandoned   s=287 sName=Yùnlà
          └ Yùnlà was abandoned.
   21488  settlement.abandoned   s=294 sName=Mǐupíükò
          └ Mǐupíükò was abandoned.
   21500  war.began              from=54 to=76 name=Če
          └ Marched to war against Če as the succession failed.
   21500  war.began              from=1 to=154 name=Ňěňnílěā
          └ Renewed the old war against Nyaočfaxa as the succession failed.
   21500  war.began              from=331 to=1 name=Hóuttīulǐ
          └ Marched to war against Ňěňnílěā as the succession failed.
   21500  war.began              from=137 to=331 name=Lárụ́lǐā
          └ Marched to war against Hóuttīulǐ.
   21500  war.ended              how=faded to=236 toName=Zyafoxyzeamfax name=Ňěňnílěā
          └ The war with Ňěňnílěā ended; some 27 soldiers never came home.
   21500  war.ended              how=faded to=219 toName=Súnfǐu name=Tìlǐā
          └ The war with Tìlǐā ended; some 20 soldiers never came home.
   21500  war.ended              how=faded to=219 toName=Súnfǐu name=Tórā
          └ The war with Tórā ended; some 15 soldiers never came home.
   21525  settlement.founded     s=367 sName=Píkfìrụ́ kind=crystallized
          └ Píkfìrụ́ was founded.
   21525  settlement.founded     s=367 sName=Píkfìrụ́ city=1
          └ The city of Píkfìrụ́ arose.
   21525  settlement.founded     s=368 sName=Ǎịmràkú city=1
          └ The city of Ǎịmràkú arose.
   21526  famine.struck          
          └ A famine gripped the land.
   21526  famine.struck          
          └ A famine gripped the land.
   21526  famine.struck          
          └ A famine gripped the land.
   21526  famine.struck          
          └ A famine gripped the land.
   21526  famine.struck          
          └ A famine gripped the land.
   21526  famine.struck          
          └ A famine gripped the land.
   21526  famine.struck          
          └ A famine gripped the land.
   21526  famine.struck          
          └ A famine gripped the land.
   21526  famine.struck          
          └ A famine gripped the land.
   21526  famine.struck          
          └ A famine gripped the land.
   21526  famine.struck          
          └ A famine gripped the land.
   21526  famine.struck          
          └ A famine gripped the land.
   21536  famine.struck          
          └ A famine gripped the land.
   21538  famine.struck          
          └ A famine gripped the land.
   21538  famine.struck          
          └ A famine gripped the land.
   21538  famine.struck          
          └ A famine gripped the land.
   21538  famine.struck          
          └ A famine gripped the land.
   21538  famine.struck          
          └ A famine gripped the land.
   21538  famine.struck          
          └ A famine gripped the land.
   21538  famine.struck          
          └ A famine gripped the land.
   21538  famine.struck          
          └ A famine gripped the land.
   21538  famine.struck          
          └ A famine gripped the land.
   21538  famine.struck          
          └ A famine gripped the land.
   21538  famine.struck          
          └ A famine gripped the land.
   21538  famine.struck          
          └ A famine gripped the land.
   21538  famine.struck          
          └ A famine gripped the land.
   21538  famine.struck          
          └ A famine gripped the land.
   21538  famine.struck          
          └ A famine gripped the land.
   21538  famine.struck          
          └ A famine gripped the land.
   21538  famine.struck          
          └ A famine gripped the land.
   21538  famine.struck          
          └ A famine gripped the land.
   21550  settlement.founded     s=369 sName=Sǐufpù kind=crystallized
          └ Sǐufpù was founded.
   21550  settlement.founded     s=369 sName=Sǐufpù city=1
          └ The city of Sǐufpù arose.
   21550  war.began              from=1 to=331 name=Ňěňnílěā
          └ Marched to war against Hóuttīulǐ.
   21586  settlement.dissolved   s=214 why=core sName=Fị̀trụ̄ị
          └ Fị̀trụ̄ị faded back into the countryside.
   21590  market.dearth          s=1 sName=Ňěňní
          └ Dearth in Ňěňní — bread at famine prices in the market.
   21598  famine.struck          
          └ A famine gripped the land.
   21600  settlement.founded     s=372 sName=Híunfǐu kind=crystallized
          └ Híunfǐu was founded.
   21600  settlement.founded     s=372 sName=Híunfǐu city=1
          └ The city of Híunfǐu arose.
   21600  settlement.founded     s=374 sName=Xóulpì kind=planted
          └ Xóulpì was founded.
   21600  town.planted           s=374 sName=Xóulpì
          └ The crown chartered Xóulpì to govern the countryside.
   21600  war.began              from=137 to=154 name=Lárụ́lǐā
          └ Marched to war against Nyaočfaxa as the succession failed.
   21600  war.began              from=283 to=154 name=Nyahočfax
          └ Marched to war against Nyaočfaxa as the succession failed.
   21600  war.began              from=246 to=362 name=Lǎüpíkúlǐ
          └ Marched to war against Hị̀kòlǐā.
   21600  war.began              from=204 to=362 name=Tǎ
          └ Marched to war against Hị̀kòlǐā.
   21600  war.began              from=153 to=362 name=Tórā
          └ Marched to war against Hị̀kòlǐā.
   21600  war.began              from=249 to=362 name=Pīüffìkú
          └ Marched to war against Hị̀kòlǐā.
   21600  war.ended              how=siegeLifted to=76 toName=Če name=Če
          └ The war with Če ended.
   21600  war.indemnity          to=54 toName=Če name=Če
          └ Če paid a heavy indemnity to Če at the peace.
   21600  war.ended              how=siegeLifted to=169 toName=Neszafax name=Mümitaxfaxa
          └ The war with Mümitaxfaxa ended.
   21600  war.indemnity          to=52 toName=Mümitaxfaxa name=Neszafax
          └ Neszafax paid a heavy indemnity to Mümitaxfaxa at the peace.
   21609  succession.crisis      name=Kāňǎtụ̄ị
          └ The royal line failed — an interregnum of rival claimants.
   21625  settlement.founded     s=378 sName=Hǐňkū city=1
          └ The city of Hǐňkū arose.
   21637  polity.submitted       how=submission to=362 toName=Hị̀kòlǐā name=Ňǐkūlǐ
          └ Facing hopeless odds, the court of Ňǐkūlǐ bowed to Hị̀kòlǐā — keeping its throne at the price of tribute.
   21637  polity.submitted       how=submission to=76 toName=Če name=Vyabüzzyiganfaxa
          └ Facing hopeless odds, the court of Vyabüzzyiganfaxa bowed to Če — keeping its throne at the price of tribute.
   21637  settlement.annexed     s=199 sName=Hǔxkòu from=199 fromName=Xụ̄kfí to=153 toName=Tórā
          └ Peacefully absorbed Hǔxkòu from Xụ̄kfí.
   21644  famine.struck          
          └ A famine gripped the land.
   21644  famine.struck          
          └ A famine gripped the land.
   21650  war.began              from=153 to=154 name=Tórā
          └ Marched to war against Nyaočfaxa as the succession failed.
   21650  war.began              from=25 to=321 name=Fevvon
          └ Marched to war against Nyifaxzizagfaxa.
   21650  war.began              from=153 to=321 name=Tórā
          └ Marched to war against Nyifaxzizagfaxa.
   21650  war.began              from=154 to=321 name=Nyaočfaxa
          └ Marched to war against Nyifaxzizagfaxa.
   21650  war.began              from=230 to=321 name=Dibavyvonfax
          └ Marched to war against Nyifaxzizagfaxa.
   21650  war.began              from=153 to=283 name=Tórā
          └ Marched to war against Nyahočfax.
   21650  war.began              from=25 to=320 name=Fevvon
          └ Marched to war against Hǔthị̌.
   21650  war.began              from=154 to=320 name=Nyaočfaxa
          └ Marched to war against Hǔthị̌.
   21650  war.began              from=230 to=320 name=Dibavyvonfax
          └ Marched to war against Hǔthị̌.
   21650  war.began              from=153 to=230 name=Tórā
          └ Marched to war against Dibavyvonfax.
   21650  war.began              from=25 to=323 name=Fevvon
          └ Marched to war against Fičufax.
   21650  war.began              from=153 to=323 name=Tórā
          └ Marched to war against Fičufax.
   21650  war.began              from=154 to=323 name=Nyaočfaxa
          └ Marched to war against Fičufax.
   21650  war.began              from=230 to=323 name=Dibavyvonfax
          └ Marched to war against Fičufax.
   21650  war.began              from=153 to=300 name=Tórā
          └ Marched to war against Hìlǐkòlǐā as the succession failed.
   21650  war.began              from=154 to=300 name=Nyaočfaxa
          └ Marched to war against Hìlǐkòlǐā as the succession failed.
   21650  war.began              from=230 to=300 name=Dibavyvonfax
          └ Marched to war against Hìlǐkòlǐā as the succession failed.
   21650  war.ended              how=truce to=321 toName=Nyifaxzizagfaxa name=Nyaočfaxa
          └ The war with Nyaočfaxa ended.
   21650  war.ended              how=truce to=154 toName=Nyaočfaxa name=Tisgivfaxa
          └ The war with Tisgivfaxa ended.
   21650  war.ended              how=truce to=154 toName=Nyaočfaxa name=Ňěňnílěā
          └ The war with Ňěňnílěā ended.
   21650  war.ended              how=truce to=154 toName=Nyaočfaxa name=Fevvon
          └ The war with Fevvon ended; some 4 soldiers never came home.
   21650  war.ended              how=truce to=154 toName=Nyaočfaxa name=Lárụ́lǐā
          └ The war with Lárụ́lǐā ended.
   21650  war.ended              how=truce to=283 toName=Nyahočfax name=Nyaočfaxa
          └ The war with Nyaočfaxa ended.
   21650  war.ended              how=truce to=320 toName=Hǔthị̌ name=Nyaočfaxa
          └ The war with Nyaočfaxa ended.
   21650  war.ended              how=truce to=323 toName=Fičufax name=Nyaočfaxa
          └ The war with Nyaočfaxa ended.
   21650  war.ended              how=truce to=154 toName=Nyaočfaxa name=Tórā
          └ The war with Tórā ended.
   21650  war.ended              how=truce to=169 toName=Neszafax name=Nyaočfaxa
          └ The war with Nyaočfaxa ended; some 1 soldiers never came home.
   21650  war.ended              how=truce to=300 toName=Hìlǐkòlǐā name=Nyaočfaxa
          └ The war with Nyaočfaxa ended.
   21650  war.ended              how=truce to=321 toName=Nyifaxzizagfaxa name=Tórā
          └ The war with Tórā ended.
   21650  polity.submitted       how=capitulation to=137 toName=Lárụ́lǐā name=Nyaočfaxa
          └ Beaten in the field, the court of Nyaočfaxa bent the knee to Lárụ́lǐā — a client crown under the conqueror's peace.
   21654  famine.struck          
          └ A famine gripped the land.
   21668  famine.struck          
          └ A famine gripped the land.
   21682  famine.struck          
          └ A famine gripped the land.
   21682  market.dearth          s=230 sName=Dibavyvon
          └ Dearth in Dibavyvon — bread at famine prices in the market.
   21700  war.began              from=24 to=154 name=Sogyoepa
          └ Marched to war against Nyaočfaxa as the succession failed.
   21700  war.began              from=25 to=300 name=Fevvon
          └ Marched to war against Hìlǐkòlǐā as the succession failed.
   21700  war.ended              how=faded to=205 toName=Nītrụ̄ị name=Sùlhụ̌lěā
          └ The war with Sùlhụ̌lěā ended; some 3 soldiers never came home.
   21700  war.ended              how=faded to=214 toName=Fị̀trụ̄ị name=Lárụ́lǐā
          └ The war with Lárụ́lǐā ended.
   21700  war.ended              how=truce to=321 toName=Nyifaxzizagfaxa name=Fevvon
          └ The war with Fevvon ended.
   21700  war.indemnity          to=25 toName=Fevvon name=Nyifaxzizagfaxa
          └ Nyifaxzizagfaxa paid a heavy indemnity to Fevvon at the peace.
   21700  war.ended              how=truce to=321 toName=Nyifaxzizagfaxa name=Dibavyvonfax
          └ The war with Dibavyvonfax ended.
   21700  war.ended              how=truce to=283 toName=Nyahočfax name=Tórā
          └ The war with Tórā ended.
   21700  war.ended              how=truce to=230 toName=Dibavyvonfax name=Tórā
          └ The war with Tórā ended.
   21700  war.ended              how=truce to=323 toName=Fičufax name=Tórā
          └ The war with Tórā ended.
   21700  war.indemnity          to=153 toName=Tórā name=Fičufax
          └ Fičufax paid a heavy indemnity to Tórā at the peace.
   21700  war.ended              how=truce to=300 toName=Hìlǐkòlǐā name=Tórā
          └ The war with Tórā ended.
   21700  war.ended              how=truce to=154 toName=Nyaočfaxa name=Sogyoepa
          └ The war with Sogyoepa ended.
   21700  war.ended              how=truce to=320 toName=Hǔthị̌ name=Fevvon
          └ The war with Fevvon ended.
   21700  war.indemnity          to=25 toName=Fevvon name=Hǔthị̌
          └ Hǔthị̌ paid a heavy indemnity to Fevvon at the peace.
   21700  war.ended              how=truce to=320 toName=Hǔthị̌ name=Dibavyvonfax
          └ The war with Dibavyvonfax ended.
   21700  war.indemnity          to=230 toName=Dibavyvonfax name=Hǔthị̌
          └ Hǔthị̌ paid a heavy indemnity to Dibavyvonfax at the peace.
   21700  war.ended              how=truce to=323 toName=Fičufax name=Fevvon
          └ The war with Fevvon ended.
   21700  war.indemnity          to=25 toName=Fevvon name=Fičufax
          └ Fičufax paid a heavy indemnity to Fevvon at the peace.
   21700  war.ended              how=truce to=300 toName=Hìlǐkòlǐā name=Fevvon
          └ The war with Fevvon ended.
   21700  war.ended              how=truce to=323 toName=Fičufax name=Dibavyvonfax
          └ The war with Dibavyvonfax ended.
   21700  war.indemnity          to=230 toName=Dibavyvonfax name=Fičufax
          └ Fičufax paid a heavy indemnity to Dibavyvonfax at the peace.
   21700  war.ended              how=truce to=300 toName=Hìlǐkòlǐā name=Dibavyvonfax
          └ The war with Dibavyvonfax ended.
   21700  polity.shattered       s=378 sName=Hǐňkū to=246 toName=Lǎüpíkúlǐ
          └ Its capital Hǐňkū fell to Lǎüpíkúlǐ — the realm collapsed.
   21700  polity.ended           how=conquest byName=Lǎüpíkúlǐ name=Hị̀kòlǐā
          └ Fell to Lǎüpíkúlǐ and was erased from the map.
   21700  polity.submitted       how=inherited to=246 toName=Lǎüpíkúlǐ name=Ňǐkūlǐ
          └ Facing hopeless odds, the court of Ňǐkūlǐ bowed to Lǎüpíkúlǐ — keeping its throne at the price of tribute.
   21700  polity.shattered       s=378 sName=Hǐňkū to=204 toName=Tǎ
          └ Its capital Hǐňkū fell to Tǎ — the realm collapsed.
   21700  polity.shattered       s=378 sName=Hǐňkū to=153 toName=Tórā
          └ Its capital Hǐňkū fell to Tórā — the realm collapsed.
   21700  war.ended              how=sackedIntoTribute to=362 toName=Hị̀kòlǐā name=Pīüffìkú
          └ The war with Pīüffìkú ended.
   21700  polity.submitted       how=sackedIntoTribute to=249 toName=Pīüffìkú name=Hị̀kòlǐā
          └ Facing hopeless odds, the court of Hị̀kòlǐā bowed to Pīüffìkú — keeping its throne at the price of tribute.
   21724  famine.struck          
          └ A famine gripped the land.
   21724  famine.struck          
          └ A famine gripped the land.
   21724  famine.struck          
          └ A famine gripped the land.
   21724  famine.struck          
          └ A famine gripped the land.
   21724  famine.struck          
          └ A famine gripped the land.
   21724  famine.struck          
          └ A famine gripped the land.
   21724  famine.struck          
          └ A famine gripped the land.
   21724  famine.struck          
          └ A famine gripped the land.
   21724  famine.struck          
          └ A famine gripped the land.
   21724  famine.struck          
          └ A famine gripped the land.
   21724  famine.struck          
          └ A famine gripped the land.
   21724  famine.struck          
          └ A famine gripped the land.
   21736  settlement.withered    s=305 sName=Tị̄lākò
          └ Tị̄lākò withered away and was abandoned.
   21738  famine.struck          
          └ A famine gripped the land.
   21738  famine.struck          
          └ A famine gripped the land.
   21738  famine.struck          
          └ A famine gripped the land.
   21738  famine.struck          
          └ A famine gripped the land.
   21738  famine.struck          
          └ A famine gripped the land.
   21738  famine.struck          
          └ A famine gripped the land.
   21738  famine.struck          
          └ A famine gripped the land.
   21738  famine.struck          
          └ A famine gripped the land.
   21738  famine.struck          
          └ A famine gripped the land.
   21738  famine.struck          
          └ A famine gripped the land.
   21738  famine.struck          
          └ A famine gripped the land.
   21738  famine.struck          
          └ A famine gripped the land.
   21738  famine.struck          
          └ A famine gripped the land.
   21742  settlement.withered    s=302 sName=Mǐupíü
          └ Mǐupíü withered away and was abandoned.
   21743  settlement.withered    s=271 sName=Nyizax
          └ Nyizax withered away and was abandoned.
   21744  polity.seceded         how=receded from=249 fromName=Pīüffìkú
          └ Broke away from Pīüffìkú in a war of secession.
   21744  settlement.lapsed      s=374 sName=Xóulpì from=246 fromName=Lǎüpíkúlǐ
          └ Xóulpì slipped free of Lǎüpíkúlǐ.
   21744  polity.receded         s=374 n=1 sName=Xóulpì name=Lǎüpíkúlǐ
          └ The grip of Lǎüpíkúlǐ failed, and the marches beyond Xóulpì were left to their own devices.
   21744  settlement.withered    s=282 sName=Fǒtlà
          └ Fǒtlà withered away and was abandoned.
   21744  settlement.withered    s=288 sName=Tǐuríukú
          └ Tǐuríukú withered away and was abandoned.
   21745  settlement.withered    s=278 sName=Tàthị̀
          └ Tàthị̀ withered away and was abandoned.
   21745  settlement.withered    s=284 sName=Xighany
          └ Xighany withered away and was abandoned.
   21745  settlement.withered    s=290 sName=Sǔkfí
          └ Sǔkfí withered away and was abandoned.
   21746  settlement.withered    s=310 sName=Tóupị̄rụ́
          └ Tóupị̄rụ́ withered away and was abandoned.
   21749  settlement.withered    s=301 sName=Sākú
          └ Sākú withered away and was abandoned.
   21749  settlement.withered    s=304 sName=Pụ́thị̌
          └ Pụ́thị̌ withered away and was abandoned.
   21750  settlement.founded     s=396 sName=Zyafoxy kind=crystallized
          └ Zyafoxy was founded.
   21750  settlement.founded     s=396 sName=Zyafoxy city=1
          └ The city of Zyafoxy arose.
   21750  settlement.founded     s=397 sName=Fòutlà kind=crystallized
          └ Fòutlà was founded.
   21750  settlement.founded     s=397 sName=Fòutlà city=1
          └ The city of Fòutlà arose.
   21750  settlement.founded     s=398 sName=Mīnglìkú city=1
          └ The city of Mīnglìkú arose.
   21750  settlement.founded     s=400 sName=Yateytfax city=1
          └ The city of Yateytfax arose.
   21750  war.began              from=331 to=137 name=Hóuttīulǐ
          └ Marched to war against Lárụ́lǐā.
   21750  war.began              from=246 to=342 name=Lǎüpíkúlǐ
          └ Marched to war against Ìlpù.
   21750  war.began              from=204 to=342 name=Tǎ
          └ Marched to war against Ìlpù.
   21750  war.began              from=153 to=342 name=Tórā
          └ Marched to war against Ìlpù.
   21750  war.began              from=131 to=154 name=Moibompa
          └ Marched to war against Nyaočfaxa.
   21750  war.ended              how=faded to=265 toName=Dinyaghbogfax name=Če
          └ The war with Če ended; some 26 soldiers never came home.
   21750  war.ended              how=faded to=265 toName=Dinyaghbogfax name=Mümitaxfaxa
          └ The war with Mümitaxfaxa ended; some 5 soldiers never came home.
   21750  war.ended              how=faded to=147 toName=Exanyfax name=Dekagkyighaffaxa
          └ The war with Dekagkyighaffaxa ended; some 43 soldiers never came home.
   21750  war.ended              how=truce to=154 toName=Nyaočfaxa name=Moibompa
          └ The war with Moibompa ended.
   21769  market.dearth          s=2 sName=Fùlpū
          └ Dearth in Fùlpū — bread at famine prices in the market.
   21775  settlement.founded     s=401 sName=Ǔltǔrụ́ kind=crystallized
          └ Ǔltǔrụ́ was founded.
   21775  settlement.founded     s=401 sName=Ǔltǔrụ́ city=1
          └ The city of Ǔltǔrụ́ arose.
   21775  settlement.founded     s=402 sName=Ngị̀ city=1
          └ The city of Ngị̀ arose.
   21778  market.dearth          s=314 sName=Lụ́lhụ̌
          └ Dearth in Lụ́lhụ̌ — bread at famine prices in the market.
   21783  settlement.tier        s=341 sName=Tǔkò
          └ Tǔkò grew into a metropolis (873,000 souls).
   21787  settlement.annexed     s=137 sName=Lárụ́ from=139 fromName=Lárụ́ to=204 toName=Tǎ
          └ Peacefully absorbed Lárụ́ from Lárụ́.
   21787  polity.ended           how=integrated byName=Tǎ name=Lárụ́
          └ Dissolved — its last cities scattered or fell silent.
   21787  settlement.annexed     s=330 sName=Ňǐkū from=330 fromName=Ňǐkūlǐ to=246 toName=Lǎüpíkúlǐ
          └ Peacefully absorbed Ňǐkū from Ňǐkūlǐ.
   21787  settlement.annexed     s=338 sName=Tị̄ from=330 fromName=Ňǐkūlǐ to=246 toName=Lǎüpíkúlǐ
          └ Peacefully absorbed Tị̄ from Ňǐkūlǐ.
   21787  polity.ended           how=integrated byName=Lǎüpíkúlǐ name=Ňǐkūlǐ
          └ Dissolved — its last cities scattered or fell silent.
   21787  settlement.annexed     s=199 sName=Hǔxkòu from=153 fromName=Tórā to=205 toName=Nītrụ̄ị
          └ Peacefully absorbed Hǔxkòu from Tórā.
   21787  settlement.annexed     s=163 sName=Tì from=163 fromName=Tìlǐā to=249 toName=Pīüffìkú
          └ Peacefully absorbed Tì from Tìlǐā.
   21800  settlement.founded     s=408 sName=Lụ́xkòu kind=crystallized
          └ Lụ́xkòu was founded.
   21800  settlement.founded     s=408 sName=Lụ́xkòu city=1
          └ The city of Lụ́xkòu arose.
   21800  settlement.founded     s=409 sName=Lụ̄nlākò city=1
          └ The city of Lụ̄nlākò arose.
   21800  settlement.founded     s=414 sName=Nidukyvon city=1
          └ The city of Nidukyvon arose.
   21825  settlement.founded     s=415 sName=Līpí city=1
          └ The city of Līpí arose.
   21842  famine.struck          
          └ A famine gripped the land.
   21850  settlement.founded     s=419 sName=Híunlà city=1
          └ The city of Híunlà arose.
   21850  war.began              from=137 to=342 name=Lárụ́lǐā
          └ Marched to war against Ìlpù.
   21850  war.began              from=246 to=395 name=Lǎüpíkúlǐ
          └ Marched to war against Tàrụ́lǐā.
   21850  war.began              from=153 to=341 name=Tórā
          └ Marched to war against Tǔkòlǐā.
   21850  war.began              from=153 to=25 name=Tórā
          └ Marched to war against Fevvon under the banner of the faith.
   21850  war.began              from=153 to=354 name=Tórā
          └ Marched to war against Òsphé.
   21850  war.began              from=153 to=174 name=Tórā
          └ Marched to war against Umopumpunsusyua.
   21850  war.began              from=153 to=191 name=Tórā
          └ Renewed the old war against Nukyudusyus.
   21850  war.ended              how=truce to=342 toName=Ìlpù name=Tórā
          └ The war with Tórā ended.
   21850  war.indemnity          to=342 toName=Ìlpù name=Tórā
          └ Tórā paid a heavy indemnity to Ìlpù at the peace.
   21850  war.ended              how=truce to=341 toName=Tǔkòlǐā name=Tórā
          └ The war with Tórā ended.
   21850  war.indemnity          to=341 toName=Tǔkòlǐā name=Tórā
          └ Tórā paid a heavy indemnity to Tǔkòlǐā at the peace.
   21850  war.ended              how=truce to=153 toName=Tórā name=Fevvon
          └ The war with Fevvon ended.
   21850  war.indemnity          to=25 toName=Fevvon name=Tórā
          └ Tórā paid a heavy indemnity to Fevvon at the peace.
   21850  war.ended              how=truce to=354 toName=Òsphé name=Tórā
          └ The war with Tórā ended.
   21850  war.indemnity          to=354 toName=Òsphé name=Tórā
          └ Tórā paid a heavy indemnity to Òsphé at the peace.
   21850  war.ended              how=truce to=174 toName=Umopumpunsusyua name=Tórā
          └ The war with Tórā ended.
   21850  war.indemnity          to=174 toName=Umopumpunsusyua name=Tórā
          └ Tórā paid a heavy indemnity to Umopumpunsusyua at the peace.
   21850  war.ended              how=truce to=191 toName=Nukyudusyus name=Tórā
          └ The war with Tórā ended.
   21850  war.indemnity          to=191 toName=Nukyudusyus name=Tórā
          └ Tórā paid a heavy indemnity to Nukyudusyus at the peace.
   21850  polity.shattered       s=2 sName=Fùlpū to=331 toName=Hóuttīulǐ
          └ Its capital Fùlpū fell to Hóuttīulǐ — the realm collapsed.
   21850  polity.ended           how=conquest byName=Hóuttīulǐ name=Lárụ́lǐā
          └ Fell to Hóuttīulǐ and was erased from the map.
   21850  polity.submitted       how=inherited to=331 toName=Hóuttīulǐ name=Nyaočfaxa
          └ Facing hopeless odds, the court of Nyaočfaxa bowed to Hóuttīulǐ — keeping its throne at the price of tribute.
   21850  polity.shattered       s=342 sName=Ìlpù to=204 toName=Tǎ
          └ Its capital Ìlpù fell to Tǎ — the realm collapsed.
   21850  polity.ended           how=conquest byName=Tǎ name=Ìlpù
          └ Fell to Tǎ and was erased from the map.
   21850  polity.shattered       s=342 sName=Ìlpù to=153 toName=Tórā
          └ Its capital Ìlpù fell to Tórā — the realm collapsed.
   21864  plague.outbreak        s=36 sName=Dekagkyighaf
          └ Plague broke out in Dekagkyighaf and swept through the realm.
   21877  market.dearth          s=341 sName=Tǔkò
          └ Dearth in Tǔkò — bread at famine prices in the market.
   21888  settlement.lapsed      s=153 sName=Tórā from=153 fromName=Tórā
          └ Tórā slipped free of Tórā.
   21888  polity.receded         s=153 n=1 sName=Tórā name=Tórā
          └ The grip of Tórā failed, and the marches beyond Tórā were left to their own devices.
   21890  famine.struck          
          └ A famine gripped the land.
   21890  famine.struck          
          └ A famine gripped the land.
   21890  famine.struck          
          └ A famine gripped the land.
   21890  famine.struck          
          └ A famine gripped the land.
   21890  famine.struck          
          └ A famine gripped the land.
   21890  famine.struck          
          └ A famine gripped the land.
   21890  famine.struck          
          └ A famine gripped the land.
   21890  famine.struck          
          └ A famine gripped the land.
   21890  famine.struck          
          └ A famine gripped the land.
   21890  famine.struck          
          └ A famine gripped the land.
   21900  war.began              from=25 to=377 name=Fevvon
          └ Marched to war against Nyifaxnahovyfaxa.
   21900  war.began              from=153 to=377 name=Tórā
          └ Marched to war against Nyifaxnahovyfaxa.
   21900  war.began              from=154 to=377 name=Nyaočfaxa
          └ Marched to war against Nyifaxnahovyfaxa.
   21900  war.began              from=230 to=377 name=Dibavyvonfax
          └ Marched to war against Nyifaxnahovyfaxa.
   21900  war.began              from=230 to=76 name=Dibavyvonfax
          └ Marched to war against Če.
   21900  war.began              from=246 to=341 name=Lǎüpíkúlǐ
          └ Marched to war against Tǔkòlǐā.
   21900  war.began              from=204 to=341 name=Tǎ
          └ Marched to war against Tǔkòlǐā.
   21900  war.began              from=274 to=341 name=Fāịrụ́lǐā
          └ Marched to war against Tǔkòlǐā.
   21900  war.began              from=260 to=163 name=Lá
          └ Marched to war against Tìlǐā.
   21900  war.began              from=332 to=22 name=Púlǐ
          └ Marched to war against Sùlhụ̌lěā.
   21902  famine.struck          
          └ A famine gripped the land.
   21902  famine.struck          
          └ A famine gripped the land.
   21902  famine.struck          
          └ A famine gripped the land.
   21911  plague.outbreak        s=25 sName=Fevvon
          └ Plague broke out in Fevvon and swept through the realm.
   21914  famine.struck          
          └ A famine gripped the land.
   21914  famine.struck          
          └ A famine gripped the land.
   21920  famine.struck          
          └ A famine gripped the land.
   21920  famine.struck          
          └ A famine gripped the land.
   21920  famine.struck          
          └ A famine gripped the land.
   21920  famine.struck          
          └ A famine gripped the land.
   21920  famine.struck          
          └ A famine gripped the land.
   21920  famine.struck          
          └ A famine gripped the land.
   21920  famine.struck          
          └ A famine gripped the land.
   21920  famine.struck          
          └ A famine gripped the land.
   21920  famine.struck          
          └ A famine gripped the land.
   21920  famine.struck          
          └ A famine gripped the land.
   21920  famine.struck          
          └ A famine gripped the land.
   21924  settlement.abandoned   s=127 sName=Ǐkfí
          └ Ǐkfí was abandoned.
   21928  famine.struck          
          └ A famine gripped the land.
   21928  famine.struck          
          └ A famine gripped the land.
   21928  famine.struck          
          └ A famine gripped the land.
   21928  famine.struck          
          └ A famine gripped the land.
   21928  famine.struck          
          └ A famine gripped the land.
   21928  famine.struck          
          └ A famine gripped the land.
   21928  famine.struck          
          └ A famine gripped the land.
   21928  famine.struck          
          └ A famine gripped the land.
   21928  famine.struck          
          └ A famine gripped the land.
   21928  famine.struck          
          └ A famine gripped the land.
   21928  famine.struck          
          └ A famine gripped the land.
   21928  famine.struck          
          └ A famine gripped the land.
   21928  famine.struck          
          └ A famine gripped the land.
   21937  polity.seceded         from=76 fromName=Če
          └ Broke away from Če in a war of secession.
   21937  settlement.annexed     s=2 sName=Fùlpū from=331 fromName=Hóuttīulǐ to=341 toName=Tǔkòlǐā
          └ Peacefully absorbed Fùlpū from Hóuttīulǐ.
   21937  settlement.annexed     s=137 sName=Lárụ́ from=204 fromName=Tǎ to=341 toName=Tǔkòlǐā
          └ Peacefully absorbed Lárụ́ from Tǎ.
   21942  famine.struck          
          └ A famine gripped the land.
   21946  famine.struck          
          └ A famine gripped the land.
   21946  famine.struck          
          └ A famine gripped the land.
   21950  settlement.founded     s=424 sName=Kùkú kind=crystallized
          └ Kùkú was founded.
   21950  settlement.founded     s=424 sName=Kùkú city=1
          └ The city of Kùkú arose.
   21950  war.began              from=244 to=76 name=Kāňǎtụ̄ị
          └ Marched to war against Če.
   21950  war.began              from=341 to=331 name=Tǔkòlǐā
          └ Marched to war against Hóuttīulǐ.
   21950  war.ended              how=faded to=153 toName=Tórā name=Sogyoepa
          └ The war with Sogyoepa ended; some 1 soldiers never came home.
   21968  famine.struck          
          └ A famine gripped the land.
   21968  famine.struck          
          └ A famine gripped the land.
   21970  famine.struck          
          └ A famine gripped the land.
   21970  famine.struck          
          └ A famine gripped the land.
   21970  famine.struck          
          └ A famine gripped the land.
   21970  famine.struck          
          └ A famine gripped the land.
   21970  famine.struck          
          └ A famine gripped the land.
   21970  famine.struck          
          └ A famine gripped the land.
   21970  famine.struck          
          └ A famine gripped the land.
   21970  famine.struck          
          └ A famine gripped the land.
   21970  famine.struck          
          └ A famine gripped the land.
   21978  famine.struck          
          └ A famine gripped the land.
   21978  famine.struck          
          └ A famine gripped the land.
   21988  famine.struck          
          └ A famine gripped the land.
   21988  famine.struck          
          └ A famine gripped the land.
   22033  settlement.tier        s=273 sName=Hímpíü
          └ Hímpíü grew into a metropolis (760,000 souls).
   22035  market.dearth          s=273 sName=Hímpíü
          └ Dearth in Hímpíü — bread at famine prices in the market.
   22038  famine.struck          
          └ A famine gripped the land.
   22038  famine.struck          
          └ A famine gripped the land.
   22038  famine.struck          
          └ A famine gripped the land.
   22038  famine.struck          
          └ A famine gripped the land.
   22038  famine.struck          
          └ A famine gripped the land.
   22038  famine.struck          
          └ A famine gripped the land.
   22038  famine.struck          
          └ A famine gripped the land.
   22038  famine.struck          
          └ A famine gripped the land.
   22038  famine.struck          
          └ A famine gripped the land.
   22040  famine.struck          
          └ A famine gripped the land.
   22050  war.began              from=1 to=244 name=Ňěňnílěā
          └ Marched to war against Kāňǎtụ̄ị.
   22050  war.began              from=341 to=214 name=Tǔkòlǐā
          └ Marched to war against Fị̀trụ̄ị.
   22050  war.ended              how=faded to=153 toName=Tórā name=Ňěňnílěā
          └ The war with Ňěňnílěā ended; some 3 soldiers never came home.
   22050  polity.shattered       s=314 sName=Lụ́lhụ̌ to=341 toName=Tǔkòlǐā
          └ Its capital Lụ́lhụ̌ fell to Tǔkòlǐā — the realm collapsed.
   22050  polity.ended           how=conquest byName=Tǔkòlǐā name=Hóuttīulǐ
          └ Fell to Tǔkòlǐā and was erased from the map.
   22050  polity.submitted       how=inherited to=341 toName=Tǔkòlǐā name=Nyaočfaxa
          └ Facing hopeless odds, the court of Nyaočfaxa bowed to Tǔkòlǐā — keeping its throne at the price of tribute.
   22050  polity.restored        from=331 fromName=Hóuttīulǐ name=Nātlàlǐ
          └ The old nation rose again, casting off Hóuttīulǐ.
   22054  famine.struck          
          └ A famine gripped the land.
   22056  famine.struck          
          └ A famine gripped the land.
   22068  famine.struck          
          └ A famine gripped the land.
   22068  famine.struck          
          └ A famine gripped the land.
   22068  famine.struck          
          └ A famine gripped the land.
   22075  settlement.founded     s=434 sName=Ǔltǔrụ́ kind=crystallized
          └ Ǔltǔrụ́ was founded.
   22075  settlement.founded     s=434 sName=Ǔltǔrụ́ city=1
          └ The city of Ǔltǔrụ́ arose.
   22080  settlement.founded     s=438 sName=Nītlà kind=planted
          └ Nītlà was founded.
   22080  town.planted           s=438 sName=Nītlà
          └ The crown planted Nītlà to hold the march.
   22087  settlement.annexed     s=163 sName=Tì from=163 fromName=Tìlǐā to=249 toName=Pīüffìkú
          └ Peacefully absorbed Tì from Tìlǐā.
   22094  famine.struck          
          └ A famine gripped the land.
   22100  war.began              from=341 to=1 name=Tǔkòlǐā
          └ Marched to war against Ňěňnílěā.
   22100  war.began              from=153 to=214 name=Tórā
          └ Marched to war against Fị̀trụ̄ị.
   22100  war.began              from=153 to=115 name=Tórā
          └ Renewed the old war against Fị̀ňpìlǐā as the succession failed.
   22100  war.ended              how=faded to=249 toName=Pīüffìkú name=Sùlhụ̌lěā
          └ The war with Sùlhụ̌lěā ended; some 2 soldiers never came home.
   22110  famine.struck          
          └ A famine gripped the land.
   22120  famine.struck          
          └ A famine gripped the land.
   22125  settlement.founded     s=444 sName=Xóutlà city=1
          └ The city of Xóutlà arose.
   22130  famine.struck          
          └ A famine gripped the land.
   22138  famine.struck          
          └ A famine gripped the land.
   22150  war.ended              how=sackedIntoTribute to=341 toName=Tǔkòlǐā name=Fị̀trụ̄ị
          └ The war with Fị̀trụ̄ị ended; some 1 soldiers never came home.
   22150  polity.submitted       how=sackedIntoTribute to=341 toName=Tǔkòlǐā name=Fị̀trụ̄ị
          └ Facing hopeless odds, the court of Fị̀trụ̄ị bowed to Tǔkòlǐā — keeping its throne at the price of tribute.
   22150  war.ended              how=siegeLifted to=332 toName=Púlǐ name=Sùlhụ̌lěā
          └ The war with Sùlhụ̌lěā ended.
   22156  famine.struck          
          └ A famine gripped the land.
   22156  famine.struck          
          └ A famine gripped the land.
   22156  famine.struck          
          └ A famine gripped the land.
   22156  famine.struck          
          └ A famine gripped the land.
   22156  famine.struck          
          └ A famine gripped the land.
   22156  famine.struck          
          └ A famine gripped the land.
   22156  famine.struck          
          └ A famine gripped the land.
   22156  famine.struck          
          └ A famine gripped the land.
   22159  succession.crisis      name=Fevvon
          └ The royal line failed — an interregnum of rival claimants.
   22176  settlement.lapsed      s=438 sName=Nītlà from=341 fromName=Tǔkòlǐā
          └ Nītlà slipped free of Tǔkòlǐā.
   22176  polity.receded         s=438 n=1 sName=Nītlà name=Tǔkòlǐā
          └ The grip of Tǔkòlǐā failed, and the marches beyond Nītlà were left to their own devices.
   22200  plague.outbreak        s=319 sName=Tàịňnī
          └ Plague broke out in Tàịňnī and swept through the realm.
   22200  plague.outbreak        s=330 sName=Ňǐkū
          └ Plague broke out in Ňǐkū and swept through the realm.
   22200  plague.outbreak        s=331 sName=Hóuttīu
          └ Plague broke out in Hóuttīu and swept through the realm.
   22200  plague.outbreak        s=334 sName=Fị̀tlà
          └ Plague broke out in Fị̀tlà and swept through the realm.
   22200  plague.outbreak        s=335 sName=Sīuňní
          └ Plague broke out in Sīuňní and swept through the realm.
   22200  plague.outbreak        s=342 sName=Ìlpù
          └ Plague broke out in Ìlpù and swept through the realm.
   22200  plague.outbreak        s=343 sName=Líụňākú
          └ Plague broke out in Líụňākú and swept through the realm.
   22200  plague.outbreak        s=396 sName=Zyafoxy
          └ Plague broke out in Zyafoxy and swept through the realm.
   22200  plague.outbreak        s=424 sName=Kùkú
          └ Plague broke out in Kùkú and swept through the realm.
   22200  plague.outbreak        s=327 sName=Ghevaxnahovy
          └ Plague broke out in Ghevaxnahovy and swept through the realm.
   22200  war.began              from=341 to=222 name=Tǔkòlǐā
          └ Marched to war against Nātlàlǐ.
   22200  war.began              from=204 to=222 name=Tǎ
          └ Marched to war against Nātlàlǐ.
   22200  war.began              from=274 to=222 name=Fāịrụ́lǐā
          └ Marched to war against Nātlàlǐ.
   22200  war.ended              how=faded to=260 toName=Lá name=Pụ́ịrụ́
          └ The war with Pụ́ịrụ́ ended; some 1 soldiers never came home.
   22200  war.ended              how=faded to=215 toName=Pụ́ịrụ́ name=Tìlǐā
          └ The war with Tìlǐā ended; some 1 soldiers never came home.
   22208  famine.struck          
          └ A famine gripped the land.
   22225  settlement.founded     s=455 sName=Mǐupíü city=1
          └ The city of Mǐupíü arose.
   22237  polity.submitted       how=submission to=222 toName=Nātlàlǐ name=Pụ́lpùlǐā
          └ Facing hopeless odds, the court of Pụ́lpùlǐā bowed to Nātlàlǐ — keeping its throne at the price of tribute.
   22237  polity.submitted       how=union to=76 toName=Če name=Fičufax
          └ In the troubles of the succession, the court of Fičufax joined its crown to Če — one senior throne, two realms.
   22237  settlement.annexed     s=204 sName=Tǎ from=204 fromName=Tǎ to=153 toName=Tórā
          └ Peacefully absorbed Tǎ from Tǎ.
   22237  settlement.annexed     s=319 sName=Tàịňnī from=204 fromName=Tǎ to=153 toName=Tórā
          └ Peacefully absorbed Tàịňnī from Tǎ.
   22237  settlement.annexed     s=397 sName=Fòutlà from=204 fromName=Tǎ to=153 toName=Tórā
          └ Peacefully absorbed Fòutlà from Tǎ.
   22237  settlement.annexed     s=398 sName=Mīnglìkú from=204 fromName=Tǎ to=153 toName=Tórā
          └ Peacefully absorbed Mīnglìkú from Tǎ.
   22237  settlement.annexed     s=401 sName=Ǔltǔrụ́ from=204 fromName=Tǎ to=153 toName=Tórā
          └ Peacefully absorbed Ǔltǔrụ́ from Tǎ.
   22237  settlement.annexed     s=402 sName=Ngị̀ from=204 fromName=Tǎ to=153 toName=Tórā
          └ Peacefully absorbed Ngị̀ from Tǎ.
   22237  settlement.annexed     s=409 sName=Lụ̄nlākò from=204 fromName=Tǎ to=153 toName=Tórā
          └ Peacefully absorbed Lụ̄nlākò from Tǎ.
   22237  settlement.annexed     s=415 sName=Līpí from=204 fromName=Tǎ to=153 toName=Tórā
          └ Peacefully absorbed Līpí from Tǎ.
   22237  settlement.annexed     s=419 sName=Híunlà from=204 fromName=Tǎ to=153 toName=Tórā
          └ Peacefully absorbed Híunlà from Tǎ.
   22237  polity.ended           how=integrated byName=Tórā name=Tǎ
          └ Dissolved — its last cities scattered or fell silent.
   22250  war.began              from=54 to=52 name=Če
          └ Renewed the old war against Mümitaxfaxa under the banner of the faith.
   22250  war.began              from=153 to=222 name=Tórā
          └ Renewed the old war against Nātlàlǐ as the succession failed.
   22250  war.began              from=25 to=432 name=Fevvon
          └ Marched to war against Hímfìülǐ.
   22250  war.began              from=153 to=432 name=Tórā
          └ Marched to war against Hímfìülǐ.
   22250  war.began              from=154 to=432 name=Nyaočfaxa
          └ Marched to war against Hímfìülǐ.
   22250  war.began              from=230 to=432 name=Dibavyvonfax
          └ Marched to war against Hímfìülǐ.
   22250  war.began              from=25 to=384 name=Fevvon
          └ Marched to war against Zexadbogfax.
   22250  war.began              from=153 to=384 name=Tórā
          └ Marched to war against Zexadbogfax.
   22250  war.began              from=154 to=384 name=Nyaočfaxa
          └ Marched to war against Zexadbogfax.
   22250  war.began              from=230 to=384 name=Dibavyvonfax
          └ Marched to war against Zexadbogfax.
   22250  war.began              from=25 to=385 name=Fevvon
          └ Marched to war against Fụ̀ịppìlǐā to press a claim to its throne.
   22250  war.began              from=153 to=385 name=Tórā
          └ Marched to war against Fụ̀ịppìlǐā as the succession failed.
   22250  war.began              from=154 to=385 name=Nyaočfaxa
          └ Marched to war against Fụ̀ịppìlǐā as the succession failed.
   22250  war.began              from=230 to=385 name=Dibavyvonfax
          └ Marched to war against Fụ̀ịppìlǐā as the succession failed.
   22250  war.began              from=153 to=389 name=Tórā
          └ Marched to war against Zipabogfaxa.
   22250  war.began              from=230 to=389 name=Dibavyvonfax
          └ Marched to war against Zipabogfaxa.
   22250  war.began              from=25 to=449 name=Fevvon
          └ Marched to war against Kyimmogyumasyu.
   22250  war.began              from=153 to=449 name=Tórā
          └ Marched to war against Kyimmogyumasyu.
   22250  war.began              from=154 to=449 name=Nyaočfaxa
          └ Marched to war against Kyimmogyumasyu.
   22250  war.began              from=230 to=449 name=Dibavyvonfax
          └ Marched to war against Kyimmogyumasyu.
   22250  war.began              from=25 to=383 name=Fevvon
          └ Marched to war against Ìňtàlǐā as the succession failed.
   22250  war.began              from=153 to=383 name=Tórā
          └ Marched to war against Ìňtàlǐā as the succession failed.
   22250  war.began              from=154 to=383 name=Nyaočfaxa
          └ Marched to war against Ìňtàlǐā as the succession failed.
   22250  war.began              from=230 to=383 name=Dibavyvonfax
          └ Marched to war against Ìňtàlǐā as the succession failed.
   22250  war.began              from=153 to=425 name=Tórā
          └ Marched to war against Zyexyadvonfax as the succession failed.
   22250  war.ended              how=truce to=385 toName=Fụ̀ịppìlǐā name=Fevvon
          └ The war with Fevvon ended.
   22250  war.indemnity          to=25 toName=Fevvon name=Fụ̀ịppìlǐā
          └ Fụ̀ịppìlǐā paid a heavy indemnity to Fevvon at the peace.
   22250  war.ended              how=truce to=385 toName=Fụ̀ịppìlǐā name=Tórā
          └ The war with Tórā ended.
   22250  war.ended              how=truce to=385 toName=Fụ̀ịppìlǐā name=Nyaočfaxa
          └ The war with Nyaočfaxa ended.
   22250  war.indemnity          to=154 toName=Nyaočfaxa name=Fụ̀ịppìlǐā
          └ Fụ̀ịppìlǐā paid a heavy indemnity to Nyaočfaxa at the peace.
   22250  war.ended              how=truce to=385 toName=Fụ̀ịppìlǐā name=Dibavyvonfax
          └ The war with Dibavyvonfax ended.
   22250  war.indemnity          to=230 toName=Dibavyvonfax name=Fụ̀ịppìlǐā
          └ Fụ̀ịppìlǐā paid a heavy indemnity to Dibavyvonfax at the peace.
   22250  war.ended              how=truce to=383 toName=Ìňtàlǐā name=Fevvon
          └ The war with Fevvon ended.
   22250  war.indemnity          to=25 toName=Fevvon name=Ìňtàlǐā
          └ Ìňtàlǐā paid a heavy indemnity to Fevvon at the peace.
   22250  war.ended              how=truce to=383 toName=Ìňtàlǐā name=Tórā
          └ The war with Tórā ended.
   22250  war.ended              how=truce to=383 toName=Ìňtàlǐā name=Nyaočfaxa
          └ The war with Nyaočfaxa ended.
   22250  war.indemnity          to=154 toName=Nyaočfaxa name=Ìňtàlǐā
          └ Ìňtàlǐā paid a heavy indemnity to Nyaočfaxa at the peace.
   22250  war.ended              how=truce to=383 toName=Ìňtàlǐā name=Dibavyvonfax
          └ The war with Dibavyvonfax ended.
   22250  war.indemnity          to=230 toName=Dibavyvonfax name=Ìňtàlǐā
          └ Ìňtàlǐā paid a heavy indemnity to Dibavyvonfax at the peace.
   22250  war.ended              how=truce to=222 toName=Nātlàlǐ name=Tórā
          └ The war with Tórā ended.
   22250  war.indemnity          to=222 toName=Nātlàlǐ name=Tórā
          └ Tórā paid a heavy indemnity to Nātlàlǐ at the peace.
   22250  war.ended              how=truce to=384 toName=Zexadbogfax name=Tórā
          └ The war with Tórā ended.
   22250  war.ended              how=truce to=389 toName=Zipabogfaxa name=Tórā
          └ The war with Tórā ended.
   22250  war.ended              how=truce to=449 toName=Kyimmogyumasyu name=Tórā
          └ The war with Tórā ended.
   22250  war.indemnity          to=449 toName=Kyimmogyumasyu name=Tórā
          └ Tórā paid a heavy indemnity to Kyimmogyumasyu at the peace.
   22250  war.ended              how=truce to=425 toName=Zyexyadvonfax name=Tórā
          └ The war with Tórā ended.
   22250  war.indemnity          to=425 toName=Zyexyadvonfax name=Tórā
          └ Tórā paid a heavy indemnity to Zyexyadvonfax at the peace.
   22250  war.ended              how=truce to=432 toName=Hímfìülǐ name=Tórā
          └ The war with Tórā ended.
   22250  war.ended              how=truce to=432 toName=Hímfìülǐ name=Fevvon
          └ The war with Fevvon ended.
   22250  war.ended              how=truce to=432 toName=Hímfìülǐ name=Nyaočfaxa
          └ The war with Nyaočfaxa ended.
   22250  war.ended              how=truce to=432 toName=Hímfìülǐ name=Dibavyvonfax
          └ The war with Dibavyvonfax ended.
   22298  famine.struck          
          └ A famine gripped the land.
   22298  famine.struck          
          └ A famine gripped the land.
   22299  settlement.dissolved   s=101 why=core sName=Yūnglì
          └ Yūnglì faded back into the countryside.
   22300  war.ended              how=truce to=449 toName=Kyimmogyumasyu name=Fevvon
          └ The war with Fevvon ended.
   22300  war.indemnity          to=25 toName=Fevvon name=Kyimmogyumasyu
          └ Kyimmogyumasyu paid a heavy indemnity to Fevvon at the peace.
   22300  war.ended              how=truce to=449 toName=Kyimmogyumasyu name=Nyaočfaxa
          └ The war with Nyaočfaxa ended.
   22300  war.indemnity          to=154 toName=Nyaočfaxa name=Kyimmogyumasyu
          └ Kyimmogyumasyu paid a heavy indemnity to Nyaočfaxa at the peace.
   22300  war.ended              how=truce to=449 toName=Kyimmogyumasyu name=Dibavyvonfax
          └ The war with Dibavyvonfax ended.
   22300  war.indemnity          to=230 toName=Dibavyvonfax name=Kyimmogyumasyu
          └ Kyimmogyumasyu paid a heavy indemnity to Dibavyvonfax at the peace.
   22300  war.ended              how=truce to=384 toName=Zexadbogfax name=Fevvon
          └ The war with Fevvon ended.
   22300  war.indemnity          to=25 toName=Fevvon name=Zexadbogfax
          └ Zexadbogfax paid a heavy indemnity to Fevvon at the peace.
   22300  war.ended              how=truce to=384 toName=Zexadbogfax name=Nyaočfaxa
          └ The war with Nyaočfaxa ended.
   22300  war.indemnity          to=154 toName=Nyaočfaxa name=Zexadbogfax
          └ Zexadbogfax paid a heavy indemnity to Nyaočfaxa at the peace.
   22300  war.ended              how=truce to=384 toName=Zexadbogfax name=Dibavyvonfax
          └ The war with Dibavyvonfax ended.
   22300  war.indemnity          to=230 toName=Dibavyvonfax name=Zexadbogfax
          └ Zexadbogfax paid a heavy indemnity to Dibavyvonfax at the peace.
   22300  war.ended              how=truce to=389 toName=Zipabogfaxa name=Dibavyvonfax
          └ The war with Dibavyvonfax ended.
   22300  war.indemnity          to=230 toName=Dibavyvonfax name=Zipabogfaxa
          └ Zipabogfaxa paid a heavy indemnity to Dibavyvonfax at the peace.
   22320  polity.seceded         how=receded from=249 fromName=Pīüffìkú
          └ Broke away from Pīüffìkú in a war of secession.
   22321  slave.revolt           s=314 sName=Lụ́lhụ̌
          └ The unfree of Lụ́lhụ̌ rose in revolt, and the labour was lost.
   22350  war.began              from=230 to=244 name=Dibavyvonfax
          └ Renewed the old war against Kāňǎtụ̄ị.
   22350  war.began              from=341 to=244 name=Tǔkòlǐā
          └ Marched to war against Kāňǎtụ̄ị.
   22350  war.began              from=246 to=215 name=Lǎüpíkúlǐ
          └ Marched to war against Pụ́ịrụ́.
   22350  war.began              from=222 to=214 name=Nātlàlǐ
          └ Marched to war against Fị̀trụ̄ị.
   22350  war.began              from=153 to=435 name=Tórā
          └ Marched to war against Dudusyu as the succession failed.
   22350  war.began              from=230 to=435 name=Dibavyvonfax
          └ Marched to war against Dudusyu as the succession failed.
   22350  war.began              from=25 to=439 name=Fevvon
          └ Marched to war against Xighankakyop as the succession failed.
   22350  war.began              from=153 to=439 name=Tórā
          └ Marched to war against Xighankakyop as the succession failed.
   22350  war.began              from=154 to=439 name=Nyaočfaxa
          └ Marched to war against Xighankakyop as the succession failed.
   22350  war.began              from=230 to=439 name=Dibavyvonfax
          └ Marched to war against Xighankakyop as the succession failed.
   22350  war.began              from=25 to=376 name=Fevvon
          └ Marched to war against Tụ̌kò as the succession failed.
   22350  war.began              from=153 to=376 name=Tórā
          └ Marched to war against Tụ̌kò as the succession failed.
   22350  war.began              from=154 to=376 name=Nyaočfaxa
          └ Marched to war against Tụ̌kò as the succession failed.
   22350  war.began              from=230 to=376 name=Dibavyvonfax
          └ Marched to war against Tụ̌kò as the succession failed.
   22350  war.began              from=153 to=164 name=Tórā
          └ Marched to war against Pa.
   22350  war.began              from=153 to=193 name=Tórā
          └ Renewed the old war against Mummobingysyus.
   22350  war.ended              how=truce to=214 toName=Fị̀trụ̄ị name=Tórā
          └ The war with Tórā ended.
   22350  war.indemnity          to=214 toName=Fị̀trụ̄ị name=Tórā
          └ Tórā paid a heavy indemnity to Fị̀trụ̄ị at the peace.
   22350  war.ended              how=truce to=435 toName=Dudusyu name=Tórā
          └ The war with Tórā ended.
   22350  war.indemnity          to=435 toName=Dudusyu name=Tórā
          └ Tórā paid a heavy indemnity to Dudusyu at the peace.
   22350  war.ended              how=truce to=439 toName=Xighankakyop name=Tórā
          └ The war with Tórā ended.
   22350  war.ended              how=truce to=376 toName=Tụ̌kò name=Tórā
          └ The war with Tórā ended.
   22350  war.indemnity          to=376 toName=Tụ̌kò name=Tórā
          └ Tórā paid a heavy indemnity to Tụ̌kò at the peace.
   22350  war.ended              how=truce to=164 toName=Pa name=Tórā
          └ The war with Tórā ended.
   22350  war.indemnity          to=164 toName=Pa name=Tórā
          └ Tórā paid a heavy indemnity to Pa at the peace.
   22350  war.ended              how=truce to=193 toName=Mummobingysyus name=Tórā
          └ The war with Tórā ended.
   22350  war.indemnity          to=193 toName=Mummobingysyus name=Tórā
          └ Tórā paid a heavy indemnity to Mummobingysyus at the peace.
   22350  war.ended              how=truce to=435 toName=Dudusyu name=Dibavyvonfax
          └ The war with Dibavyvonfax ended.
   22350  war.ended              how=truce to=376 toName=Tụ̌kò name=Nyaočfaxa
          └ The war with Nyaočfaxa ended.
   22350  war.ended              how=truce to=376 toName=Tụ̌kò name=Dibavyvonfax
          └ The war with Dibavyvonfax ended.
   22352  market.dearth          s=334 sName=Fị̀tlà
          └ Dearth in Fị̀tlà — bread at famine prices in the market.
   22362  famine.struck          
          └ A famine gripped the land.
   22378  famine.struck          
          └ A famine gripped the land.
   22387  settlement.annexed     s=298 sName=Xōu from=298 fromName=Xōulǐā to=22 toName=Sùlhụ̌lěā
          └ Peacefully absorbed Xōu from Xōulǐā.
   22387  settlement.annexed     s=163 sName=Tì from=163 fromName=Tìlǐā to=249 toName=Pīüffìkú
          └ Peacefully absorbed Tì from Tìlǐā.
   22387  polity.ended           how=dissolved name=Nǔfīukò
          └ Dissolved — its last cities scattered or fell silent.
   22392  famine.struck          
          └ A famine gripped the land.
   22397  settlement.abandoned   s=378 sName=Hǐňkū
          └ Hǐňkū was abandoned.
   22400  war.began              from=22 to=439 name=Sùlhụ̌lěā
          └ Marched to war against Xighankakyop as the succession failed.
   22400  war.began              from=22 to=383 name=Sùlhụ̌lěā
          └ Marched to war against Ìňtàlǐā as the succession failed.
   22400  war.ended              how=faded to=163 toName=Tìlǐā name=Lákòlǐ
          └ The war with Lákòlǐ ended; some 81 soldiers never came home.
   22400  war.ended              how=truce to=439 toName=Xighankakyop name=Fevvon
          └ The war with Fevvon ended.
  … 1695 more events elided

=== SETTLEMENT LIFE TABLE (everything ever settled in the box) ===
  id     name           first   last    peak   tier  death (type @ step)
      1  Ňěňní        14800   25000   11989    3   (alive at end)
      2  Fùlpū        14800   25000    8027    3   (alive at end)
      3  Kèňtọ̄ị     14800   16300      15    2   dissolved(core) @ 16397
      4  Fōnfǐu       14800   16500      15    2   dissolved(core) @ 16596
      5  Nāthị̌       14900   16500      15    2   dissolved(core) @ 16595
      6  Lǎxkòu       14900   16500      15    2   dissolved(core) @ 16594
      7  Sǔsfá        14900   16500      15    2   dissolved(core) @ 16593
      8  Fǒptàị      14900   16500      15    2   dissolved(core) @ 16592
      9  Ňúpīkò      15000   16500      15    2   dissolved(core) @ 16591
     10  Ňǐlňà        15000   16500      15    2   dissolved(core) @ 16590
     11  Xòufpù       15000   16500      15    2   dissolved(core) @ 16589
     12  Lǎlpù        15000   16700      15    2   dissolved(core) @ 16788
     13  Tàstù        15100   16700      15    2   dissolved(core) @ 16787
     14  Ňěxkòu       15100   16700      15    2   dissolved(core) @ 16786
     15  Nīpsē        15400   17100      15    2   dissolved(core) @ 17185
     16  Lẹ́fị̌kú    15700   25000    4553    3   (alive at end)
     19  Fōnfǐu       16000   17500      15    2   dissolved(core) @ 17581
     21  Họ̄ịkú      16400   18100      15    2   dissolved(core) @ 18179
     22  Sùlhụ̌       16500   20100    7835    3   abandoned @ 20161
     26  Vyabozbog      16500   19900      48    2   dissolved(core) @ 19974
     28  Fiigh          16500   18100      15    2   dissolved(core) @ 18172
     30  Nyizax         16600   18100      15    2   dissolved(core) @ 18170
     32  Tisgiv         16600   22500    3903    3   abandoned @ 22600
     34  Nyahočfadyon   16600   18300      15    2   dissolved(core) @ 18366
     36  Dekagkyighaf   16600   25000    1956    3   (alive at end)
     39  Lóupí        16700   18300      15    2   dissolved(core) @ 18361
     41  Nǐfpù        16700   18300      15    2   dissolved(core) @ 18359
     43  Tị̄lā        16700   18300      15    2   dissolved(core) @ 18357
     45  Èňkū         16700   18300      15    2   dissolved(core) @ 18355
     47  Làkfé        16800   18300      15    2   dissolved(core) @ 18353
     49  Sǎfǎrọ̀     16800   18300      16    2   dissolved(core) @ 18351
     50  Lụ́ltù       16800   18500      15    2   dissolved(core) @ 18550
     51  Kóňpì        16800   18500      15    2   dissolved(core) @ 18549
     53  Fōntà        16900   18500      15    2   dissolved(core) @ 18547
     55  Xóultù       16900   18500      15    2   dissolved(core) @ 18545
     58  Nị́nfǐu      16900   18500      15    2   dissolved(core) @ 18542
     61  Pékfèkú     16900   18500      15    2   dissolved(core) @ 18539
     65  Xighanynefač   17000   18700      15    2   dissolved(core) @ 18735
     68  Fụ̌           17100   18700      15    2   dissolved(core) @ 18732
     70  Lǎlpì        17200   18900      15    2   dissolved(core) @ 18930
     72  Xụ́ňpì       17400   19100      15    2   dissolved(core) @ 19128
     75  Ìtlà         17600   19300      15    2   dissolved(core) @ 19325
     77  Kǎňtụ̀ịrú  17700   19300      15    2   dissolved(core) @ 19323
    105  Nyaoč          18200   25000    3085    3   (alive at end)
    106  Fụ̀ịtlà     18200   19800      15    2   dissolved(core) @ 19894
    110  Vefasixa       18300   25000    3683    3   (alive at end)
    119  Kǎňtụ̀ịkò  18400   20000      15    2   dissolved(core) @ 20081
    121  Zyifeefa       18400   20000      15    2   dissolved(core) @ 20079
    122  Tị̄lā        18400   20000      15    2   dissolved(core) @ 20078
    127  Ǐkfí         18500   21900    7669    3   abandoned @ 21924
    130  Lākò         18500   20000      15    2   dissolved(core) @ 20070
    132  Ňǐňtụ̌ị     18500   20200      15    2   dissolved(core) @ 20268
    134  Hōustù       18500   20200      15    2   dissolved(core) @ 20266
    138  Ňúpī         18600   20200      15    2   dissolved(core) @ 20262
    142  Fùppīkò     18600   20100      15    2   withered @ 20108
    144  Pū            18700   20200      16    2   dissolved(core) @ 20256
    147  Exany          18700   23200    3173    3   abandoned @ 23212
    148  Fị́kū        18700   20200      15    2   dissolved(core) @ 20252
    154  Givon          18800   20400      15    2   dissolved(core) @ 20446
    155  Kìükò        18800   20400      15    2   dissolved(core) @ 20445
    156  Kìlpì        18800   20400      16    2   dissolved(core) @ 20444
    157  Sǎkò         18900   20600      15    2   dissolved(core) @ 20643
    158  Tị̄lākò     19000   20600      15    2   dissolved(core) @ 20642
    160  Hóutsī       19200   20800      15    2   dissolved(core) @ 20840
    170  Ňǐtlà        19400   21000      15    2   dissolved(core) @ 21030
    173  Yúxkòu       19400   21000      16    2   dissolved(core) @ 21027
    185  Xụ́thị̌      19600   24300    3676    3   abandoned @ 24325
    186  Pụ́xkòu      19600   21200      15    2   dissolved(core) @ 21214
    197  Līütlàkò    19800   21200      15    2   abandoned @ 21236
    230  Dibavyvon      20100   25000    2480    2   (alive at end)
    231  Ňǐňní        20100   21200      15    2   abandoned @ 21226
    236  Zyafoxyzeam    20200   21200      15    2   abandoned @ 21212
    237  Pụ́ňní       20200   21200      13    2   abandoned @ 21226
    241  Pụ́tlà       20200   21200      16    2   abandoned @ 21242
    244  Kāňǎtụ̄ị   20200   23300      74    2   dissolved(core) @ 23356
    264  Pìürụ́       20300   21200      16    2   abandoned @ 21241
    268  Ínfǐu        20300   21200      15    2   abandoned @ 21219
    273  Hímpíü       20400   24500    3630    3   abandoned @ 24537
    278  Tàthị̀       20400   21700      15    2   withered @ 21745
    280  Ínlà         20400   21200      15    2   abandoned @ 21245
    284  Xighany        20500   21700      15    2   withered @ 21745
    285  Lǐfpú        20500   21400      15    2   abandoned @ 21488
    287  Yùnlà        20500   21400      15    2   abandoned @ 21488
    302  Mǐupíü       20700   21700      15    2   withered @ 21742
    304  Pụ́thị̌      20700   21700      15    2   withered @ 21749
    310  Tóupị̄rụ́   20800   21700      16    2   withered @ 21746
    314  Lụ́lhụ̌      20900   24400    8326    3   abandoned @ 24475
    319  Tàịňnī      21100   22400      15    2   abandoned @ 22447
    330  Ňǐkū         21300   23100     326    2   withered @ 23109
    334  Fị̀tlà       21300   25000    6428    3   (alive at end)
    338  Tị̄           21300   22900      15    2   withered @ 22945
    341  Tǔkò         21400   25000    1320    3   (alive at end)
    343  Líụňākú    21400   22600      15    2   abandoned @ 22688
    347  Píkfìrụ́    21400   22600      15    2   abandoned @ 22688
    367  Píkfìrụ́    21600   22400      15    2   abandoned @ 22439
    369  Sǐufpù       21600   22400      15    2   abandoned @ 22439
    372  Híunfǐu      21600   22400      16    2   abandoned @ 22446
    396  Zyafoxy        21800   22900      15    2   withered @ 22944
    397  Fòutlà       21800   22400      13    2   abandoned @ 22426
    401  Ǔltǔrụ́     21800   22400      13    2   abandoned @ 22413
    408  Lụ́xkòu      21800   22900      15    2   withered @ 22956
    424  Kùkú         22000   22900      15    2   withered @ 22943
    434  Ǔltǔrụ́     22100   22600      14    2   abandoned @ 22688
    464  Kíffí        22500   23200      15    2   abandoned @ 23288
    467  Hǔthị̌       22500   23200      15    2   abandoned @ 23288
    475  Mǐupíükò    22500   23500      15    2   withered @ 23543
    480  Ňǐlpì        22500   23500      15    2   withered @ 23544
    485  Kǐstù        22600   23500      15    2   withered @ 23545
    506  Ǐstù         22800   23500      15    2   withered @ 23545
    509  Sǎtīkú      22800   24100      15    2   withered @ 24145
    514  Ňǐlhụ̌       22900   25000    4657    3   (alive at end)
    526  Fǐulpūkò    23000   25000    2959    2   (alive at end)
    536  Tǎkú         23000   24000      13    2   abandoned @ 24038
    542  Fụ̀ịtlà     23000   24100      15    2   withered @ 24145
    584  Tārtụ̌ị     23400   24100      15    2   withered @ 24145
    589  Niz            23400   25000      15    2   (alive at end)
    590  Wùptàị      23400   24200      15    2   abandoned @ 24213
    617  Wùlpù        23600   25000     261    2   (alive at end)
    623  Fụ́ịrpì     23600   24700      15    2   withered @ 24754
    632  Ňǐlpù        23600   25000    3742    3   (alive at end)
    654  Diniighbog     23800   25000    1831    2   (alive at end)
    677  Sǎfǎ         24100   25000      15    2   (alive at end)
    680  Lārfú        24200   25000    1027    3   (alive at end)
    685  Tāịyňǐ      24200   25000      15    2   (alive at end)
    692  Tǎptàị      24200   24800      15    2   abandoned @ 24839
    697  Mīngpà       24300   24800      16    2   abandoned @ 24841
    711  Pǐükụ̌       24400   25000      15    2   (alive at end)
    715  Kǐxóuxō     24500   25000      15    2   (alive at end)
    730  Kīutlà       24500   25000      15    2   (alive at end)
    785  Yíppì        24800   25000      73    2   (alive at end)
    797  Lụ̌ňpāxǔ    24900   25000      16    2   (alive at end)
    802  Míppì        24900   25000      15    2   (alive at end)

=== REALM LIFE TABLE (everything that ever owned a box tile) ===
  id     name             firstSeen  peakBoxT  peakWorldT  peakMem  born(how)          end(how @ step)
      1  Ňěňnílěā        16300        32          32       17                     (alive at end)
      2  Fùlpūlěā        16500        18          19        4                     (alive at end)
     16  ?                   16500         6           0        0                     integrated by Lákòlǐ @ 19237
     32  ?                   16600         9           0        0                     dissolved @ 18337
     22  Sùlhụ̌lěā       16600        14          15        3                     (alive at end)
     36  ?                   16800         8           0        0                     conquest by Exanyfax @ 20500
     79  ?                   18000         4           0        0                     dissolved @ 22387
     81  ?                   18200         9           0        0  frontier           dissolved @ 19537
     96  ?                   18200         2           0        0                     conquest by Sùlhụ̌lěā @ 18250
     25  ?                   18300         3           0        0                     dissolved @ 17587
     93  Lákòlǐ           18300        21          30        4                     integrated by Hóuttīulǐ @ 21487
    105  Nyaočfax            18500        17          17        4                     dissolved @ 19987
    136  ?                   19100         2           0        0                     dissolved @ 21487
    137  Lárụ́lǐā        19200        18          18        3                     integrated by Tórā @ 24487
    154  ?                   19500        11           0        0                     (alive at end)
    148  ?                   19900         6           0        0                     (alive at end)
    139  ?                   19900         3           0        0                     integrated by Tǎ @ 21787
    147  ?                   20100        10           0        0                     conquest by Tisgivfaxa @ 21250
    222  ?                   20100         6           0        0                     dissolved @ 24487
    236  ?                   20200        10           0        0                     conquest by Ňěňnílěā @ 20300
    219  ?                   20200         8           0        0                     conquest by Tìlǐā @ 20300
    230  Dibavyvonfax        20400        17          14        2                     conquest by Dibavyvonfaxa @ 23200
    215  ?                   20400         7           0        0                     dissolved @ 24637
    246  ?                   20500         1           0        0  frontier           integrated by Ňǐlhụ̌lǐ @ 23737
    214  ?                   20500         4           0        0                     dissolved @ 23287
    244  ?                   20600         7           0        0  frontier           dissolved @ 23437
    163  ?                   20600         3           0        0  frontier           dissolved @ 23287
     52  ?                   20800         1           0        0  frontier           (alive at end)
    204  ?                   21100         4           0        0                     dissolved @ 23137
    274  ?                   21400         2           0        0                     dissolved @ 24787
    331  Hóuttīulǐ        21500        20          30        2                     conquest by Tǔkòlǐā @ 22050
    362  ?                   21600         9           0        0                     shattered by Tórā @ 21700
    341  Tǔkòlǐā         21600        21          40       10                     (alive at end)
    342  ?                   21800         8           0        0                     shattered by Tórā @ 21850
     76  ?                   21900         2           0        0                     (alive at end)
    153  ?                   22300         2           0        0  frontier           integrated by Sùlhụ̌lěā @ 20437
    396  Dibavyvonfaxa       22700        16          18        3                     (alive at end)
    455  ?                   22700         3           0        0                     (alive at end)
    334  ?                   22800         3           0        0                     (alive at end)
    465  ?                   22800         3           0        0                     (alive at end)
    514  Ňǐlhụ̌lǐ         22900        17          29        7                     (alive at end)
    527  ?                   23100         4           0        0                     (alive at end)
    576  ?                   23400         2           0        0                     conquest by Tǎtàlǐā @ 23750
    617  ?                   23800         5           0        0                     (alive at end)
    584  ?                   24000         8           0        0                     (alive at end)
    654  Diniighbog          24100        14          15        1                     (alive at end)
    605  ?                   24100         3           0        0  frontier           (alive at end)
    526  ?                   24100         9           0        0                     (alive at end)
    677  Sǎfǎ              24200        17          17        1                     conquest by Tǎtàlǐā @ 24300
    685  ?                   24200        13           0        0                     conquest by Ìttīulǐ @ 24300
    680  ?                   24500         8           0        0                     (alive at end)
    708  ?                   25000         2           0        0                     (alive at end)

