id,born,x,y,seatKind,insideRealm,alive,nCity,nStateless,nRealms,freeShare,km2,blocKm2,members,lived
35,14400,277,84,land,0,0,15,15,0,1.0000,0,0,0,15600
48,14600,275,82,land,0,0,12,12,0,1.0000,0,0,0,15400
60,14800,276,80,land,0,0,11,11,0,1.0000,0,0,0,15200
66,15000,281,95,land,0,0,23,23,0,1.0000,0,0,0,15000
70,15200,280,93,land,0,0,25,25,0,1.0000,0,0,0,14800
78,15400,279,86,land,0,0,22,22,0,1.0000,0,0,0,14600
1,16237,278,79,seat,0,0,14,14,0,1.0000,0,0,0,10950
112,16300,295,74,land,0,0,9,8,1,1.0000,0,0,0,13700
128,16500,297,74,land,0,0,8,8,0,1.0000,0,0,0,13500
5,16537,278,85,seat,0,0,18,8,4,0.4971,0,0,0,1050
9,16537,288,76,seat,0,0,9,7,2,0.9085,0,0,0,6600
14,16537,272,80,seat,0,0,9,0,3,0.3465,0,0,0,8250
121,16537,278,83,seat,0,0,17,5,5,0.3924,0,0,0,4350
133,16687,278,86,seat,0,0,19,10,4,0.5480,0,0,0,10650
140,16700,297,76,land,0,0,11,10,1,0.9833,0,0,0,13300
13,16837,273,70,seat,0,0,5,3,2,0.7653,0,0,0,7263
24,16837,280,71,seat,0,1,6,4,2,0.8889,11453,133618,1,13163
141,16837,280,85,seat,0,0,21,4,6,0.3681,0,0,0,2113
144,16837,289,76,seat,0,0,9,8,1,0.9342,0,0,0,300
148,16837,280,87,seat,1,0,20,6,8,0.4706,0,0,0,11400
155,16987,283,89,seat,0,1,20,9,5,0.5909,3818,3818,1,13013
7,17137,277,69,seat,0,1,6,4,2,0.8099,3818,3818,1,12863
50,17137,287,89,seat,0,0,13,7,2,0.7899,0,0,0,9750
156,17137,289,76,seat,1,0,9,8,1,0.9342,0,0,0,150
163,17287,273,84,seat,1,0,23,6,10,0.3757,0,0,0,2850
3,17287,276,83,seat,0,0,24,4,11,0.2112,0,0,0,450
17,17287,280,91,seat,0,1,33,9,7,0.3029,15271,15271,1,12713
170,17437,276,79,seat,1,0,16,1,8,0.0531,0,0,0,4650
171,17437,280,87,seat,1,0,29,6,11,0.2059,0,0,0,9150
173,17437,289,76,seat,1,0,12,9,3,0.8684,0,0,0,150
186,17500,331,82,land,0,1,5,5,0,1.0000,53447,106895,1,12500
187,17500,282,98,land,0,0,15,6,1,0.7225,0,0,0,12500
165,17587,285,89,seat,1,0,18,2,8,0.2867,0,0,0,600
184,17587,288,75,seat,1,0,15,11,4,0.8367,0,0,0,3600
188,17587,277,71,seat,1,0,10,3,5,0.3021,0,0,0,163
194,17587,289,76,seat,1,0,16,13,3,0.8684,0,0,0,300
209,17700,333,81,land,0,0,6,6,0,1.0000,0,0,0,10237
196,17737,284,79,seat,1,0,13,2,8,0.4959,0,0,0,150
198,17737,276,83,seat,1,0,16,0,9,0.1925,0,0,0,313
200,17737,276,79,seat,1,0,15,0,9,0.0619,0,0,0,313
202,17737,275,71,seat,1,0,8,0,5,0.2021,0,11453,0,12150
211,17737,282,91,seat,1,0,25,2,8,0.1265,0,0,0,2463
215,17887,277,65,seat,1,1,17,8,8,0.6795,30541,30541,1,12113
218,17887,275,65,seat,1,0,16,7,8,0.7055,0,0,0,9213
220,17887,276,67,seat,1,1,16,6,9,0.6301,26724,26724,2,12113
222,17887,279,65,seat,1,0,21,12,8,0.6623,0,0,0,300
224,17887,278,85,seat,1,1,20,0,14,0.1053,61083,255783,3,12113
228,17887,289,76,seat,1,0,16,13,3,0.8553,0,0,0,300
6,17887,274,82,seat,0,0,14,0,12,0.1935,0,0,0,450
235,17900,343,80,land,0,0,5,5,0,1.0000,0,0,0,10037
230,18037,276,81,seat,1,0,17,0,14,0.0942,0,0,0,900
241,18037,269,81,seat,1,0,12,3,8,0.5070,0,0,0,7500
242,18037,278,68,seat,1,0,18,5,8,0.3985,0,0,0,313
245,18037,270,79,seat,1,1,14,3,9,0.3929,30541,30541,2,11963
64,18037,272,78,seat,0,0,14,2,11,0.2268,0,0,0,3963
39,18187,293,58,seat,0,0,10,10,0,1.0000,0,0,0,11400
116,18187,293,73,seat,0,1,20,16,4,0.9185,15271,15271,1,11813
119,18187,303,80,seat,0,0,6,6,0,1.0000,0,0,0,4950
137,18187,291,74,seat,0,0,21,16,5,0.8772,0,0,0,4800
246,18187,285,84,seat,0,0,15,3,11,0.3129,0,0,0,8250
252,18187,274,82,seat,1,1,16,0,13,0.2387,76353,133618,1,11813
254,18187,289,76,seat,1,0,17,11,6,0.7632,0,0,0,300
256,18187,284,79,seat,1,0,14,2,10,0.3140,0,0,0,300
257,18337,281,80,seat,1,0,18,1,15,0.1639,0,0,0,313
262,18337,286,82,seat,1,0,14,2,11,0.4138,0,0,0,2700
10,18337,284,73,seat,0,1,18,9,7,0.6504,22906,22906,2,11663
22,18337,280,93,seat,0,1,28,3,16,0.3295,7635,248148,1,11663
271,18400,271,65,land,0,0,19,7,7,0.6039,0,0,0,11600
27,18432,282,98,seat,0,0,15,2,6,0.6416,0,0,0,5755
31,18432,275,92,seat,0,0,25,5,14,0.5086,0,0,0,5305
214,18432,278,97,seat,0,0,21,3,11,0.6127,0,0,0,8968
217,18432,276,97,seat,1,0,20,4,10,0.6821,0,0,0,8155
219,18432,275,95,seat,0,1,21,5,10,0.6474,15271,988774,1,11568
221,18432,277,95,seat,1,0,26,5,12,0.5434,0,0,0,7255
42,18487,273,95,seat,0,0,19,6,8,0.7746,0,0,0,7413
51,18487,273,93,seat,0,0,20,6,10,0.6994,0,0,0,5100
80,18487,332,84,seat,0,0,6,3,3,1.0000,0,0,0,9900
81,18487,331,84,seat,0,1,6,3,3,1.0000,45812,45812,1,11513
107,18487,274,78,seat,0,0,16,1,12,0.1837,0,0,0,5100
110,18487,299,76,seat,0,0,13,3,8,0.8400,0,0,0,1500
111,18487,298,76,seat,0,0,13,3,8,0.8034,0,0,0,4113
177,18487,296,78,seat,0,1,13,2,10,0.7528,61083,61083,1,11513
180,18487,296,76,seat,0,0,17,4,11,0.7582,0,0,0,9363
182,18487,289,72,seat,0,1,23,14,7,0.7317,30541,30541,1,11513
239,18487,265,80,seat,0,1,8,4,4,0.7786,83989,248148,2,11513
272,18487,282,87,seat,1,0,26,2,17,0.1384,0,0,0,4413
275,18487,284,79,seat,1,0,15,2,12,0.2810,0,0,0,450
279,18487,289,76,seat,1,0,18,6,10,0.5592,0,0,0,300
282,18487,277,89,seat,1,0,28,3,18,0.2712,0,0,0,513
286,18487,299,78,seat,0,0,11,3,7,0.8817,0,0,0,10950
63,18487,284,86,seat,0,0,21,2,16,0.2143,0,0,0,300
265,18487,271,66,seat,1,1,19,8,6,0.5468,34359,34359,1,11513
302,18600,297,72,land,0,0,17,6,8,0.5744,0,0,0,11400
290,18637,301,79,seat,0,0,9,1,7,0.6563,0,0,0,2850
291,18637,276,86,seat,1,0,27,3,20,0.2203,0,0,0,2550
299,18637,278,69,seat,1,0,23,4,12,0.4215,0,0,0,300
269,18720,272,87,seat,1,0,21,3,14,0.4633,0,0,0,2467
76,18787,270,89,seat,0,0,15,4,11,0.6667,0,0,0,8550
87,18787,336,77,seat,0,1,8,4,4,0.8901,57265,57265,1,11213
89,18787,335,74,seat,0,1,8,6,2,0.9594,41994,41994,1,11213
97,18787,333,87,seat,0,1,6,1,5,0.7500,7635,7635,1,11213
158,18787,333,89,seat,0,1,4,1,3,0.8202,11453,248148,1,11213
191,18787,281,70,seat,1,0,22,6,15,0.5299,0,0,0,9450
276,18787,271,91,seat,0,0,17,5,11,0.6514,0,0,0,7200
307,18787,288,83,seat,0,0,11,3,8,0.5000,0,0,0,6000
312,18787,334,76,seat,0,0,9,5,4,0.8912,0,0,0,300
313,18787,286,78,seat,1,0,10,1,9,0.3150,0,0,0,1500
314,18787,272,89,seat,0,0,21,4,15,0.5198,0,0,0,1200
190,18787,286,70,seat,0,0,22,10,11,0.6081,0,0,0,4413
315,18937,284,86,seat,1,0,22,3,15,0.1429,0,0,0,7200
317,18937,278,68,seat,1,0,25,7,14,0.4586,0,0,0,313
319,18937,288,70,seat,1,1,22,11,9,0.6111,26724,423760,1,11063
320,18937,267,77,seat,0,0,9,2,7,0.3690,0,0,0,8850
322,18937,278,69,seat,1,0,23,5,14,0.4215,0,0,0,5413
25,18937,283,96,seat,0,1,17,1,10,0.1744,30541,988774,6,11063
28,18937,279,89,seat,0,0,36,6,21,0.1299,0,0,0,6300
57,18937,279,99,seat,0,1,16,3,9,0.4393,30541,80171,1,11063
85,19087,339,77,seat,0,1,8,3,5,0.8377,34359,34359,1,10913
90,19087,331,70,seat,0,1,6,0,6,0.9512,15271,106895,1,10913
91,19087,333,66,seat,0,1,4,0,4,1.0000,22906,41994,1,10913
93,19087,335,65,seat,0,1,4,0,4,1.0000,11453,11453,1,10913
102,19087,298,57,seat,0,0,6,2,2,0.8105,0,0,0,5400
120,19087,299,59,seat,0,1,6,2,2,0.7803,7635,7635,2,10913
122,19087,295,69,seat,0,0,14,4,7,0.6053,0,0,0,5613
157,19087,286,86,seat,0,0,19,1,15,0.1544,0,0,0,300
160,19087,304,73,seat,0,1,7,0,6,0.7848,61083,61083,1,10913
178,19087,287,65,seat,0,1,16,10,6,0.6794,19088,22906,1,10913
183,19087,294,69,seat,0,1,15,4,8,0.5806,7635,7635,2,10913
243,19087,335,86,seat,0,0,6,0,6,0.7259,0,0,0,1413
333,19087,275,90,seat,0,0,32,2,21,0.1543,0,0,0,163
330,19087,276,83,seat,1,0,30,1,21,0.1242,0,0,0,6600
331,19087,282,85,seat,1,0,31,2,24,0.0645,0,0,0,1950
332,19087,277,71,seat,1,0,18,3,12,0.2813,0,0,0,6450
335,19087,280,81,seat,1,0,25,0,20,0.0385,0,0,0,900
336,19087,286,91,seat,1,0,22,1,17,0.1250,0,0,0,2400
337,19087,341,78,seat,0,1,8,4,4,0.8691,61083,61083,2,10913
338,19087,333,69,seat,0,0,6,0,6,0.9565,0,0,0,300
339,19087,334,76,seat,0,0,9,1,8,0.7824,0,0,0,300
43,19087,280,97,seat,0,0,27,3,19,0.1965,0,0,0,8700
44,19087,285,93,seat,0,0,26,1,19,0.0276,0,0,0,8400
352,19200,276,78,land,0,0,21,0,18,0.0388,0,0,0,10800
342,19237,329,70,seat,0,0,5,0,5,0.9659,0,0,0,6150
344,19237,284,79,seat,1,0,17,1,15,0.1322,0,0,0,1500
347,19237,283,98,seat,1,0,21,2,15,0.1850,0,0,0,7200
348,19237,274,80,seat,1,0,23,0,17,0.1484,0,0,0,163
349,19237,291,72,seat,1,0,21,6,12,0.4213,0,0,0,163
350,19237,285,95,seat,1,1,24,1,17,0.0455,45812,80171,2,10763
351,19237,284,100,seat,1,0,15,2,12,0.3642,0,0,0,6900
356,19237,286,97,seat,1,1,17,1,13,0.1753,22906,248148,2,10763
357,19237,267,81,seat,0,0,14,3,10,0.5319,0,0,0,3300
306,19296,369,62,seat,0,0,5,5,0,1.0000,0,0,0,9004
41,19387,274,97,seat,0,0,19,1,14,0.5260,0,0,0,6150
59,19387,275,99,seat,0,0,15,1,13,0.5954,0,0,0,8100
92,19387,344,82,seat,0,1,4,0,4,0.9454,34359,893333,1,10613
109,19387,344,84,seat,0,1,3,0,3,0.9777,22906,22906,1,10613
210,19387,278,59,seat,0,0,19,12,4,0.8171,0,0,0,4950
238,19387,280,58,seat,0,1,16,11,3,0.8929,38177,38177,1,10613
244,19387,260,78,seat,0,0,5,1,3,0.8909,0,0,0,2550
248,19387,259,80,seat,0,0,4,0,3,0.9197,0,0,0,3450
261,19387,298,55,seat,0,1,6,0,4,0.7966,83989,110712,2,10613
359,19387,282,80,seat,1,0,24,0,21,0.0320,0,0,0,1800
361,19387,287,99,seat,0,0,15,4,10,0.4645,0,0,0,1800
362,19387,272,82,seat,1,0,26,1,16,0.1911,0,0,0,1713
364,19387,280,84,seat,1,0,29,0,25,0.0191,0,0,0,6450
365,19387,333,69,seat,0,0,7,1,6,0.8068,0,0,0,300
367,19387,334,76,seat,1,0,10,2,8,0.6321,0,0,0,300
372,19387,288,97,seat,1,0,16,4,11,0.3942,0,0,0,7050
266,19387,271,69,seat,1,0,19,4,9,0.3398,0,0,0,750
30,19387,277,91,seat,0,1,35,0,25,0.0229,30541,64900,3,10613
378,19400,276,60,land,0,0,21,10,7,0.7541,0,0,0,10600
379,19400,281,83,land,0,0,29,0,25,0.0204,0,0,0,10600
394,19500,303,67,land,0,0,6,2,4,0.7714,0,0,0,10500
376,19537,297,74,seat,1,0,19,2,13,0.4785,0,0,0,6750
382,19537,287,67,seat,0,1,20,3,13,0.3688,22906,988774,1,10463
383,19537,295,68,seat,0,1,20,5,9,0.5503,45812,45812,1,10463
387,19537,286,86,seat,0,0,20,0,18,0.1544,0,0,0,1800
389,19537,300,60,seat,0,0,10,4,5,0.6587,0,0,0,7050
395,19537,285,89,seat,1,0,25,0,21,0.0909,0,0,0,3600
58,19537,296,57,seat,0,0,9,3,6,0.7296,0,0,0,5100
297,19537,284,91,seat,1,0,28,0,23,0.0405,0,0,0,6900
405,19600,275,71,land,0,0,18,0,14,0.0957,0,0,0,10400
62,19687,277,99,seat,0,0,19,0,18,0.3237,0,0,0,8163
199,19687,291,68,seat,0,1,20,3,9,0.4070,34359,34359,1,10313
274,19687,272,61,seat,0,1,24,7,8,0.5842,41994,41994,3,10313
360,19687,367,62,seat,0,1,7,5,2,0.9686,22906,137436,2,10313
402,19687,333,69,seat,1,0,7,1,6,0.8068,0,0,0,300
403,19687,274,66,seat,1,0,29,4,15,0.3179,0,0,0,450
406,19687,334,76,seat,1,0,10,2,8,0.6062,0,0,0,300
434,19800,335,73,land,0,0,11,1,9,0.6482,0,0,0,10200
435,19800,277,99,land,0,0,21,0,20,0.3873,0,0,0,10200
412,19837,372,62,seat,0,0,10,7,3,0.8789,0,0,0,2713
414,19837,308,73,seat,0,1,7,6,1,0.9167,19088,19088,1,10163
417,19837,268,92,seat,0,0,16,4,10,0.6057,0,0,0,10050
422,19837,272,98,seat,0,0,21,5,15,0.5607,0,0,0,8550
303,19837,274,63,seat,1,0,31,5,18,0.4327,0,0,0,2550
270,19837,269,69,seat,1,1,19,2,15,0.2717,19088,19088,3,10163
278,19837,268,67,seat,1,0,19,3,14,0.4261,0,0,0,4800
225,19872,274,61,seat,1,0,24,5,12,0.5556,0,0,0,8665
181,19987,286,55,seat,0,0,11,4,5,0.8579,0,0,0,5400
197,19987,285,67,seat,0,0,21,2,16,0.3235,0,0,0,4650
237,19987,285,55,seat,0,1,10,4,5,0.8680,53447,80171,2,10013
264,19987,268,61,seat,0,0,19,6,10,0.7092,0,0,0,8100
284,19987,266,65,seat,0,0,19,6,11,0.6115,0,0,0,8850
305,19987,285,65,seat,0,0,21,4,15,0.3750,0,0,0,150
318,19987,270,61,seat,0,0,23,6,11,0.6327,0,0,0,150
323,19987,263,79,seat,0,0,7,0,6,0.5299,0,0,0,150
327,19987,284,71,seat,1,0,22,2,18,0.2761,0,0,0,5550
343,19987,290,96,seat,0,1,13,1,11,0.4400,19088,68718,1,10013
439,19987,346,84,seat,1,1,10,7,3,0.6648,3818,22906,1,10013
444,19987,333,69,seat,1,0,7,1,6,0.8068,0,0,0,300
446,19987,269,90,seat,1,0,14,2,10,0.4971,0,0,0,1363
449,19987,334,76,seat,1,0,10,1,8,0.5959,0,0,0,300
452,19987,273,96,seat,1,0,25,3,19,0.3699,0,0,0,9813
453,19987,371,62,seat,0,0,10,7,3,0.8789,0,0,0,300
455,19987,274,98,seat,1,0,19,2,15,0.4682,0,0,0,3450
368,19987,289,103,seat,0,0,7,1,5,0.6768,0,0,0,4800
467,20137,284,57,seat,0,0,13,3,8,0.6364,0,0,0,6150
468,20137,269,64,seat,1,0,21,3,13,0.3494,0,0,0,163
472,20137,271,77,seat,1,0,16,0,11,0.0465,0,0,0,163
474,20137,278,68,seat,1,1,22,1,18,0.1729,22906,22906,1,9863
475,20137,270,61,seat,0,1,19,3,11,0.4541,30541,30541,1,9863
479,20137,286,57,seat,0,1,13,3,8,0.5843,30541,30541,1,9863
411,20160,378,66,seat,0,1,8,6,2,0.9581,7635,64900,1,9840
502,20200,339,74,land,0,0,8,1,6,0.6853,0,0,0,9800
384,20287,283,54,seat,0,1,10,2,7,0.7453,61083,61083,2,9713
410,20287,265,97,seat,0,1,9,5,3,0.8150,11453,988774,1,9713
489,20287,282,99,seat,1,1,30,2,25,0.1908,49630,988774,1,9713
495,20287,263,79,seat,0,1,9,0,7,0.4359,15271,423760,1,9713
498,20287,288,104,seat,1,1,15,2,12,0.6279,19088,19088,1,9713
508,20287,284,103,seat,1,0,23,4,17,0.4798,0,0,0,6000
511,20287,340,94,seat,0,1,5,1,3,0.6641,34359,91624,1,9713
513,20287,284,101,seat,1,1,27,3,21,0.3237,15271,988774,3,9713
515,20287,276,63,seat,1,0,23,4,14,0.2500,0,0,0,450
517,20287,341,97,seat,0,0,4,1,3,0.7642,0,0,0,5850
117,20287,293,73,seat,0,1,23,1,17,0.2446,41994,41994,2,9713
518,20437,282,102,seat,0,0,25,4,19,0.4046,0,0,0,8850
521,20437,337,94,seat,0,1,6,1,3,0.4787,19088,19088,1,9563
526,20437,261,80,seat,1,0,7,0,6,0.5940,0,0,0,4350
531,20437,286,102,seat,1,0,22,2,18,0.4393,0,0,0,3963
536,20437,336,65,seat,0,0,5,2,3,0.8643,0,0,0,4050
538,20437,286,104,seat,1,0,17,2,13,0.5780,0,0,0,5400
540,20437,279,65,seat,1,0,25,2,20,0.1656,0,0,0,163
77,20437,293,56,seat,0,0,15,4,11,0.5591,0,0,0,5850
267,20437,293,67,seat,0,1,21,5,13,0.4033,15271,255783,2,9563
298,20437,265,63,seat,0,1,15,3,9,0.5370,19088,110712,1,9563
557,20500,269,64,land,0,0,22,2,15,0.3133,0,0,0,9500
558,20500,269,83,land,0,0,19,1,12,0.3133,0,0,0,9500
326,20587,339,75,seat,0,1,7,2,5,0.7157,34359,893333,1,9413
366,20587,293,100,seat,0,1,7,0,7,0.5420,41994,41994,2,9413
419,20587,373,64,seat,0,1,15,5,6,0.7285,22906,45812,1,9413
503,20587,284,105,seat,0,1,23,4,15,0.4335,3818,30541,1,9413
543,20587,276,79,seat,1,1,17,0,16,0.0177,19088,53447,3,9413
548,20587,310,73,seat,0,0,8,5,3,0.9398,0,0,0,150
556,20587,289,76,seat,1,0,16,0,14,0.0855,0,0,0,150
565,20587,278,61,seat,1,1,22,2,17,0.2988,15271,122165,1,9413
240,20587,277,57,seat,0,1,18,1,16,0.5528,80171,122165,2,9413
363,20587,287,102,seat,0,0,23,0,18,0.2249,0,0,0,1050
591,20700,266,58,land,0,0,11,1,7,0.6605,0,0,0,9300
592,20700,258,81,land,0,0,5,0,5,0.5882,0,0,0,9300
380,20737,302,65,seat,0,0,12,4,7,0.6250,0,0,0,7800
393,20737,305,70,seat,0,0,13,6,6,0.6859,0,0,0,7500
425,20737,382,64,seat,0,1,10,4,2,0.8145,11453,68718,1,9263
427,20737,268,95,seat,0,1,16,1,11,0.5549,7635,248148,1,9263
445,20737,271,57,seat,0,1,14,0,10,0.5991,30541,30541,1,9263
486,20737,278,107,seat,0,1,15,8,4,0.7692,3818,988774,1,9263
581,20737,297,68,seat,0,0,15,2,12,0.4127,0,0,0,3300
576,20737,276,63,seat,1,0,24,1,17,0.1707,0,0,0,163
579,20737,345,94,seat,0,0,9,4,4,0.4528,0,0,0,7200
580,20737,292,70,seat,1,0,23,0,20,0.1124,0,0,0,6600
586,20737,284,79,seat,1,0,16,0,15,0.0661,0,0,0,1950
587,20737,280,106,seat,0,0,20,7,9,0.6154,0,0,0,5850
590,20737,285,65,seat,1,0,21,3,16,0.2031,0,0,0,163
594,20737,347,97,seat,0,0,7,4,2,0.4050,0,0,0,3900
114,20737,295,74,seat,0,0,22,0,18,0.2074,0,0,0,300
612,20800,290,87,land,0,0,10,0,10,0.3000,0,0,0,9200
595,20887,371,62,seat,1,0,13,5,5,0.7848,0,0,0,150
599,20887,289,76,seat,1,0,18,0,16,0.0855,0,0,0,150
600,20887,310,73,seat,0,0,8,5,3,0.9398,0,0,0,150
603,20887,288,83,seat,1,0,13,0,13,0.1579,0,0,0,2400
607,20887,343,95,seat,1,0,14,3,10,0.4631,0,0,0,4050
608,20887,379,68,seat,1,1,12,5,3,0.8057,7635,68718,1,9113
609,20887,272,78,seat,1,0,15,0,13,0.0412,0,0,0,450
611,20887,346,92,seat,1,0,22,8,10,0.4524,0,0,0,313
613,20887,273,84,seat,1,0,22,0,17,0.1098,0,0,0,450
617,20887,349,82,seat,1,0,18,4,5,0.5628,0,0,0,150
619,20887,266,95,seat,1,1,13,1,9,0.6821,68718,68718,3,9113
621,20887,333,69,seat,0,0,9,3,6,0.8647,0,0,0,150
623,20887,348,91,seat,1,0,20,8,7,0.4601,0,0,0,450
627,20900,263,62,land,0,0,10,1,6,0.5854,0,0,0,5387
628,20900,267,79,land,0,0,13,0,11,0.1239,0,0,0,9100
487,21024,379,55,seat,0,0,2,1,1,0.9919,0,0,0,913
301,21037,262,69,seat,0,1,6,0,6,0.4407,26724,26724,1,8963
370,21037,339,72,seat,0,1,13,5,8,0.7512,19088,19088,1,8963
396,21037,320,69,seat,0,1,12,11,1,0.9950,68718,68718,2,8963
401,21037,296,63,seat,0,0,17,2,14,0.2895,0,0,0,8400
408,21037,312,72,seat,0,1,12,7,5,0.8631,53447,64900,3,8963
413,21037,255,96,seat,0,1,2,2,0,1.0000,22906,988774,1,8963
431,21037,269,59,seat,0,0,16,0,13,0.5339,0,0,0,4050
522,21037,375,63,seat,0,1,13,1,8,0.6323,26724,129800,2,8963
574,21037,345,106,seat,0,1,2,1,1,0.9464,22906,22906,1,8963
630,21037,346,99,seat,0,1,8,1,6,0.4483,3818,3818,1,8963
624,21037,347,80,seat,1,1,14,1,6,0.5401,15271,22906,1,8963
631,21037,286,78,seat,0,0,15,0,13,0.1181,0,0,0,300
635,21037,293,71,seat,1,1,23,1,18,0.1304,38177,255783,1,8963
637,21037,286,82,seat,1,0,19,0,18,0.1172,0,0,0,3600
638,21037,371,62,seat,1,0,13,4,6,0.7713,0,0,0,300
641,21037,333,69,seat,0,0,10,2,8,0.8116,0,0,0,300
643,21037,295,74,seat,1,0,23,0,19,0.2340,0,0,0,463
644,21037,269,90,seat,1,0,10,0,10,0.4686,0,0,0,2850
645,21037,310,73,seat,1,0,7,3,4,0.8494,0,0,0,300
657,21100,306,72,land,0,0,11,4,7,0.6688,0,0,0,700
646,21187,274,80,seat,1,0,21,0,17,0.1094,0,0,0,313
647,21187,349,82,seat,1,1,16,3,5,0.5301,11453,41994,1,8813
649,21187,289,76,seat,1,0,20,0,17,0.1184,0,0,0,150
652,21187,280,80,seat,0,0,24,0,20,0.0000,0,0,0,313
655,21187,282,80,seat,1,0,24,0,19,0.0160,0,0,0,3150
664,21187,248,77,seat,0,0,5,2,3,0.8547,0,0,0,5400
668,21187,259,77,seat,1,0,7,1,6,0.3524,0,0,0,7200
669,21187,294,101,seat,1,0,12,2,9,0.6077,0,0,0,7713
671,21187,333,74,seat,0,0,9,0,9,0.6548,0,0,0,150
583,21187,284,59,seat,0,0,18,4,13,0.4345,0,0,0,3300
681,21200,285,65,land,0,0,20,3,15,0.2422,0,0,0,8800
707,21300,303,74,land,0,0,17,0,14,0.4759,0,0,0,8700
484,21312,290,46,seat,0,0,0,0,0,1.0000,0,0,0,625
388,21337,314,73,seat,0,1,11,6,5,0.8729,30541,133618,1,8663
440,21337,387,66,seat,0,0,19,12,5,0.7476,0,0,0,3663
457,21337,261,102,seat,0,1,6,3,2,0.8497,11453,988774,1,8663
545,21337,277,103,seat,0,1,23,2,17,0.3699,45812,45812,1,8663
563,21337,301,68,seat,0,1,15,0,13,0.3659,45812,255783,1,8663
680,21337,297,104,seat,0,1,7,1,5,0.6493,41994,41994,1,8663
685,21337,296,109,seat,0,0,5,1,3,0.7908,0,0,0,5250
674,21337,388,58,seat,0,1,12,9,3,0.9072,15271,778803,1,8663
679,21337,295,63,seat,0,0,17,1,16,0.2179,0,0,0,900
682,21337,385,65,seat,0,1,19,10,5,0.6968,11453,45812,1,8663
683,21337,284,81,seat,1,0,23,0,16,0.0597,0,0,0,1050
684,21337,248,79,seat,0,0,8,4,3,0.8333,0,0,0,6150
688,21337,272,78,seat,1,0,16,0,13,0.0722,0,0,0,163
690,21337,279,65,seat,1,1,27,1,22,0.0596,30541,423760,2,8663
691,21337,246,78,seat,0,1,8,4,3,0.8377,57265,57265,1,8663
695,21337,273,84,seat,1,1,20,0,15,0.1561,53447,423760,1,8663
697,21337,276,63,seat,1,0,25,1,20,0.1280,0,0,0,163
698,21337,269,63,seat,1,1,22,0,17,0.1788,38177,49630,1,8663
700,21337,346,92,seat,1,1,22,9,10,0.4821,34359,34359,1,8663
702,21337,281,82,seat,1,0,24,0,16,0.0143,0,0,0,1500
704,21337,279,51,seat,0,1,6,0,6,0.8654,15271,15271,1,8663
706,21337,342,97,seat,1,0,13,3,8,0.4091,0,0,0,6300
709,21337,272,86,seat,1,0,17,0,13,0.2159,0,0,0,300
710,21337,371,62,seat,1,0,14,5,7,0.7489,0,0,0,300
713,21337,333,69,seat,1,0,10,2,8,0.7440,0,0,0,300
716,21337,289,76,seat,1,0,20,0,14,0.1250,0,0,0,300
717,21337,310,73,seat,1,0,8,2,6,0.7952,0,0,0,300
436,21337,346,84,seat,1,0,15,1,7,0.4637,0,0,0,1963
673,21337,294,106,seat,0,1,10,1,6,0.5811,49630,49630,1,8663
738,21400,282,66,land,0,0,22,0,18,0.0752,0,0,0,8600
719,21487,390,56,seat,0,1,10,9,1,0.9835,15271,778803,1,8513
720,21487,283,83,seat,1,0,26,0,19,0.0207,0,0,0,450
723,21487,333,74,seat,0,0,9,0,9,0.5787,0,0,0,150
726,21487,348,91,seat,1,0,20,9,7,0.5092,0,0,0,7200
731,21487,249,75,seat,0,1,11,7,3,0.7933,22906,83989,1,8513
732,21487,345,104,seat,0,1,4,1,2,0.5857,49630,49630,1,8513
736,21487,258,79,seat,1,0,9,2,7,0.7939,0,0,0,150
295,21487,267,59,seat,0,1,13,0,11,0.5094,57265,110712,3,8513
415,21487,376,65,seat,0,1,15,2,10,0.5611,15271,64900,1,8513
755,21500,295,79,land,0,0,14,0,10,0.2626,0,0,0,8500
659,21600,298,107,seat,0,0,6,0,5,0.8112,0,0,0,1237
658,21637,246,80,seat,0,0,8,2,4,0.7701,0,0,0,6900
660,21637,390,58,seat,0,1,11,8,3,0.9283,3818,778803,1,8363
712,21637,385,67,seat,0,0,22,12,6,0.7217,0,22906,1,8363
757,21637,334,76,seat,1,0,12,0,12,0.4663,0,0,0,6600
759,21637,373,66,seat,0,1,18,5,10,0.6140,11453,129800,1,8363
760,21637,335,79,seat,1,0,12,0,11,0.4309,0,0,0,300
764,21637,276,83,seat,1,0,24,0,18,0.0870,0,0,0,463
765,21637,371,62,seat,1,0,15,5,8,0.6996,0,0,0,300
767,21637,333,69,seat,1,0,11,2,9,0.7150,0,0,0,300
770,21637,289,76,seat,1,0,20,0,17,0.2039,0,0,0,300
771,21637,310,73,seat,1,0,8,2,6,0.7289,0,0,0,300
772,21637,287,99,seat,1,0,25,0,22,0.1613,0,0,0,7500
534,21637,288,106,seat,0,1,19,2,12,0.5030,11453,988774,1,8363
693,21637,296,109,seat,0,0,5,0,4,0.8366,0,0,0,4200
787,21700,357,66,land,0,0,31,31,0,1.0000,0,0,0,8300
788,21700,287,75,land,0,0,20,0,18,0.2000,0,0,0,8300
774,21787,276,81,seat,1,0,21,0,17,0.0435,0,0,0,4200
783,21787,286,78,seat,1,0,14,0,14,0.0709,0,0,0,2550
786,21787,346,101,seat,0,1,12,1,9,0.4330,38177,38177,1,8213
793,21787,347,95,seat,0,1,19,4,13,0.5000,15271,15271,1,8213
433,21787,265,99,seat,0,1,9,1,7,0.5318,22906,22906,1,8213
812,21900,359,66,land,0,0,28,28,0,0.9953,0,0,0,8100
369,21937,313,68,seat,0,1,20,13,7,0.8012,3818,3818,1,8063
456,21937,351,91,seat,0,0,21,8,10,0.5735,0,0,0,2100
473,21937,353,92,seat,0,0,17,8,8,0.6538,0,0,0,6450
507,21937,341,90,seat,0,1,12,0,11,0.5669,38177,106895,1,8063
718,21937,351,93,seat,0,0,16,7,9,0.5913,0,0,0,600
746,21937,314,70,seat,0,1,17,10,7,0.8284,57265,57265,1,8063
763,21937,252,109,seat,0,1,3,2,1,1.0000,7635,164159,1,8063
798,21937,276,63,seat,1,0,26,0,24,0.0976,0,0,0,163
799,21937,346,85,seat,1,0,19,3,12,0.4689,0,0,0,6900
800,21937,288,75,seat,1,0,16,0,15,0.0612,0,0,0,5400
801,21937,300,65,seat,0,1,15,1,13,0.3400,41994,255783,2,8063
804,21937,371,62,seat,1,0,15,5,8,0.6861,0,0,0,300
806,21937,333,69,seat,1,0,10,1,9,0.7295,0,0,0,300
807,21937,269,65,seat,1,0,23,0,20,0.0261,0,0,0,600
809,21937,295,74,seat,1,1,21,0,18,0.2128,38177,38177,3,8063
810,21937,310,73,seat,1,0,8,1,7,0.7651,0,0,0,300
813,21937,250,109,seat,0,1,3,2,1,1.0000,15271,49630,2,8063
817,21937,333,74,seat,1,0,11,0,11,0.5482,0,0,0,300
205,21937,282,66,seat,0,1,22,0,22,0.0451,26724,122165,1,8063
458,21937,352,85,seat,0,1,24,9,10,0.5833,7635,38177,1,8063
447,21937,350,86,seat,0,0,27,8,13,0.5341,0,0,0,6000
822,22087,293,60,seat,0,0,19,1,16,0.2403,0,0,0,6900
823,22087,285,65,seat,1,1,21,1,17,0.0703,22906,53447,1,7913
824,22087,272,78,seat,1,0,16,0,14,0.0515,0,0,0,450
829,22087,296,102,seat,1,0,8,0,8,0.5625,0,0,0,7350
831,22087,283,83,seat,1,0,28,0,25,0.0207,0,0,0,1050
832,22087,348,88,seat,1,0,27,1,19,0.2938,0,0,0,450
835,22087,276,85,seat,1,0,29,0,26,0.0457,0,0,0,213
836,22087,347,82,seat,0,0,19,0,15,0.4918,0,0,0,213
839,22087,258,79,seat,1,0,9,1,7,0.6641,0,0,0,3150
840,22087,274,80,seat,1,0,23,0,20,0.0547,0,0,0,213
843,22087,271,69,seat,1,0,19,0,17,0.0291,0,0,0,450
386,22087,303,67,seat,0,0,14,4,10,0.3714,0,0,0,3513
855,22100,275,51,land,0,0,4,0,4,0.6992,0,0,0,7900
794,22176,354,85,seat,1,0,25,8,10,0.5096,0,0,0,361
727,22176,411,69,seat,0,0,0,0,0,1.0000,0,0,0,961
11,22237,274,73,seat,0,0,18,0,17,0.0253,0,0,0,4800
311,22237,364,65,seat,0,1,26,20,6,0.8552,11453,61083,1,7763
450,22237,269,106,seat,0,1,6,2,2,0.8994,3818,988774,1,7763
550,22237,274,107,seat,0,1,10,2,4,0.7101,30541,423760,1,7763
564,22237,284,112,seat,0,0,8,1,6,0.7607,0,0,0,4200
571,22237,282,112,seat,0,1,10,2,7,0.7178,26724,248148,1,7763
596,22237,285,110,seat,0,0,13,0,12,0.6242,0,0,0,5100
606,22237,318,69,seat,0,0,13,4,5,0.6911,0,0,0,300
677,22237,253,73,seat,0,0,12,2,5,0.4381,0,0,0,6750
748,22237,286,112,seat,0,0,7,0,6,0.8098,0,0,0,4363
854,22237,245,72,seat,0,0,11,2,5,0.5285,0,0,0,1063
848,22237,276,88,seat,1,0,31,0,28,0.0508,0,0,0,163
849,22237,282,105,seat,1,0,25,0,21,0.2312,0,0,0,300
857,22237,280,87,seat,1,1,30,0,27,0.0118,15271,26724,1,7763
859,22237,281,89,seat,1,0,31,0,29,0.0179,0,0,0,163
863,22237,272,82,seat,1,0,22,0,19,0.1847,0,0,0,300
864,22237,283,94,seat,1,0,30,0,29,0.0238,0,0,0,163
867,22237,342,99,seat,0,1,13,0,11,0.2051,15271,15271,1,7763
868,22237,259,78,seat,1,0,10,1,9,0.6087,0,0,0,163
869,22237,272,86,seat,1,0,22,0,20,0.2216,0,0,0,300
870,22237,277,91,seat,1,0,32,0,31,0.0286,0,0,0,363
871,22237,371,62,seat,1,0,15,4,9,0.6682,0,0,0,300
873,22237,333,69,seat,1,0,10,1,9,0.7150,0,0,0,300
876,22237,289,76,seat,1,0,20,0,20,0.0461,0,0,0,300
877,22237,310,73,seat,1,0,9,2,7,0.6325,0,0,0,300
879,22237,279,95,seat,1,0,33,0,32,0.0405,0,0,0,450
881,22237,349,80,seat,1,0,17,0,13,0.5615,0,0,0,3900
883,22237,333,74,seat,1,0,11,0,11,0.5279,0,0,0,300
885,22237,289,57,seat,0,0,15,1,12,0.3588,0,0,0,363
696,22237,352,87,seat,1,1,26,5,13,0.3418,15271,53447,1,7763
527,22237,282,107,seat,0,0,22,1,18,0.3491,0,0,0,4350
900,22300,344,79,land,0,0,14,0,13,0.5026,0,0,0,7700
901,22300,286,86,seat,0,0,21,0,20,0.1342,0,0,0,4587
887,22387,272,87,seat,1,0,21,0,20,0.2655,0,0,0,750
889,22387,286,106,seat,1,0,19,0,17,0.2781,0,0,0,1200
893,22387,280,80,seat,1,0,25,0,22,0.0000,0,0,0,3600
894,22387,282,91,seat,1,0,32,0,30,0.0482,0,0,0,213
907,22387,276,86,seat,1,0,30,0,27,0.0734,0,0,0,4500
908,22387,306,72,seat,0,1,12,1,11,0.3442,3818,3818,1,7613
909,22387,291,72,seat,1,1,24,0,22,0.0899,11453,11453,1,7613
542,22387,256,98,seat,0,1,4,0,3,0.5087,38177,38177,1,7613
462,22387,380,65,seat,0,1,26,5,15,0.4932,7635,64900,1,7613
661,22387,387,60,seat,0,0,23,4,9,0.5150,0,0,0,5313
845,22464,375,54,seat,0,0,0,0,0,0.9960,0,0,0,1423
943,22500,333,89,land,0,0,5,0,4,0.4944,0,0,0,1650
944,22500,277,89,land,0,0,33,0,31,0.0339,0,0,0,7500
353,22537,361,83,seat,0,0,17,12,5,0.8957,0,0,0,4650
448,22537,386,70,seat,0,1,18,9,8,0.7921,7635,22906,1,7463
464,22537,265,101,seat,0,0,10,0,8,0.4624,0,0,0,6450
651,22537,380,70,seat,0,1,17,4,12,0.7024,19088,893333,1,7463
773,22537,250,113,seat,0,1,4,1,2,0.7921,19088,19088,1,7463
846,22537,404,60,seat,0,1,9,7,2,0.9690,7635,83989,1,7463
847,22537,237,73,seat,0,0,2,0,1,0.9324,0,0,1,7463
875,22537,255,77,seat,0,0,12,0,9,0.4338,0,0,0,300
882,22537,406,60,seat,0,1,11,10,1,1.0000,22906,22906,1,7463
910,22537,276,105,seat,1,0,17,2,13,0.3179,0,0,0,3900
912,22537,278,105,seat,1,0,20,1,16,0.2312,0,0,0,4950
913,22537,302,71,seat,0,0,19,1,16,0.2024,0,0,0,163
915,22537,276,83,seat,1,0,31,0,27,0.0621,0,0,0,163
916,22537,274,86,seat,1,0,26,0,23,0.1525,0,0,0,163
917,22537,282,105,seat,1,0,26,0,24,0.0925,0,0,0,163
918,22537,356,85,seat,0,1,21,7,11,0.5570,15271,49630,1,7463
919,22537,284,59,seat,1,0,21,1,17,0.2000,0,0,0,2550
920,22537,271,69,seat,1,1,20,0,16,0.0194,57265,57265,2,7463
923,22537,350,91,seat,1,0,23,1,20,0.2449,0,0,0,7050
924,22537,272,78,seat,1,0,16,0,14,0.0928,0,0,0,363
925,22537,283,94,seat,1,0,30,0,26,0.0357,0,0,0,363
926,22537,371,62,seat,1,0,15,0,9,0.5964,0,0,0,300
927,22537,276,107,seat,1,1,14,3,9,0.4083,15271,38177,1,7463
928,22537,353,90,seat,1,0,23,2,17,0.1951,0,0,0,600
929,22537,333,69,seat,1,0,11,2,9,0.7295,0,0,0,300
930,22537,269,65,seat,1,0,24,0,21,0.0196,0,0,0,600
932,22537,289,76,seat,1,0,22,0,22,0.1118,0,0,0,300
933,22537,351,93,seat,1,1,17,1,15,0.2000,3818,26724,1,7463
935,22537,272,86,seat,1,0,22,0,19,0.2557,0,0,0,600
936,22537,277,89,seat,1,0,34,0,27,0.0339,0,0,0,600
938,22537,354,86,seat,0,0,25,4,16,0.3533,0,0,0,3750
939,22537,333,74,seat,1,0,11,0,11,0.5482,0,0,0,300
941,22537,349,96,seat,1,0,18,0,16,0.1402,0,0,0,600
942,22537,297,66,seat,1,0,19,0,17,0.1477,0,0,0,363
945,22537,275,85,seat,1,0,32,0,26,0.1073,0,0,0,2550
947,22537,356,87,seat,1,0,25,7,14,0.4436,0,0,0,600
948,22537,335,79,seat,1,0,13,0,12,0.3936,0,0,0,300
98,22537,278,81,seat,0,0,30,0,27,0.0074,0,0,0,563
554,22537,274,105,seat,0,1,13,1,11,0.4335,38177,38177,1,7463
950,22687,274,80,seat,1,0,25,0,22,0.0859,0,0,0,213
951,22687,349,89,seat,1,0,27,1,22,0.2456,0,0,0,450
953,22687,335,86,seat,1,0,10,0,8,0.5037,0,0,0,150
955,22687,263,100,seat,1,0,10,0,7,0.4277,0,0,0,213
958,22687,284,79,seat,1,0,23,0,22,0.0661,0,0,0,450
959,22687,356,83,seat,0,1,19,6,10,0.6506,38177,893333,1,7313
960,22687,273,63,seat,1,0,31,0,25,0.0575,0,0,0,213
962,22687,292,53,seat,0,1,13,1,10,0.5746,87806,129800,2,7313
966,22687,354,88,seat,0,0,25,4,16,0.2556,0,0,0,450
967,22687,336,88,seat,1,0,9,0,7,0.5714,0,0,0,150
969,22687,301,79,seat,1,0,8,0,7,0.5500,0,0,0,150
970,22687,285,113,seat,1,0,12,3,8,0.5890,0,0,1,7313
972,22687,284,81,seat,1,0,26,0,25,0.0299,0,0,0,450
975,22687,247,72,seat,1,0,12,0,7,0.3362,0,0,0,2250
982,22687,377,68,seat,0,1,17,1,11,0.6114,22906,22906,1,7313
985,22687,287,114,seat,1,1,9,3,6,0.7019,3818,3818,1,7313
346,22687,265,59,seat,0,1,13,0,13,0.3671,34359,34359,1,7313
373,22687,317,67,seat,0,1,14,2,5,0.6216,26724,87806,1,7313
756,22687,387,65,seat,0,0,25,8,12,0.5622,0,26724,1,7313
725,22687,246,76,seat,0,1,12,0,9,0.5029,15271,15271,1,7313
989,22700,332,65,land,0,0,7,1,6,0.8507,0,0,0,7300
990,22700,274,90,land,0,0,27,0,23,0.1543,0,0,0,7300
385,22752,319,67,seat,0,1,10,0,6,0.6784,26724,26724,1,7248
1011,22800,272,59,land,0,0,23,0,18,0.1422,0,0,0,7200
392,22837,318,64,seat,0,0,14,2,7,0.6784,0,0,0,5763
398,22837,318,62,seat,0,1,14,3,6,0.7214,41994,41994,1,7163
459,22837,265,99,seat,0,1,11,0,9,0.4509,45812,423760,2,7163
569,22837,273,111,seat,0,1,12,1,11,0.7091,7635,7635,1,7163
575,22837,277,114,seat,0,0,11,2,9,0.7702,0,0,0,4200
841,22837,275,109,seat,1,0,15,1,14,0.5629,0,0,0,3750
853,22837,295,34,seat,0,1,1,1,0,1.0000,72536,72536,1,7163
988,22837,282,115,seat,1,1,14,5,9,0.6894,30541,988774,1,7163
991,22837,286,80,seat,1,0,19,0,18,0.1037,0,0,0,300
992,22837,355,91,seat,1,0,17,1,14,0.0638,0,0,0,300
998,22837,371,62,seat,1,1,16,0,11,0.5561,7635,7635,3,7163
999,22837,333,69,seat,1,0,11,2,9,0.7150,0,0,0,300
1001,22837,255,76,seat,0,0,12,0,8,0.2362,0,0,0,300
1003,22837,269,104,seat,1,1,8,0,8,0.6069,41994,41994,1,7163
1004,22837,310,73,seat,1,0,10,2,8,0.6325,0,0,0,300
1005,22837,289,114,seat,0,1,7,1,6,0.7640,3818,30541,1,7163
1006,22837,290,105,seat,1,0,20,0,19,0.3373,0,0,0,6900
1007,22837,366,66,seat,1,0,23,4,6,0.5116,0,0,0,313
1008,22837,333,74,seat,1,0,11,0,11,0.5279,0,0,0,300
1010,22837,288,94,seat,1,0,18,0,15,0.1969,0,0,0,1500
1014,22837,388,70,seat,0,1,16,8,7,0.7282,15271,22906,1,7163
1015,22837,335,79,seat,1,0,13,0,12,0.3723,0,0,0,300
1017,22837,344,100,seat,1,1,15,0,13,0.2768,22906,22906,1,7163
1018,22837,289,91,seat,0,1,15,0,15,0.3125,15271,53447,1,7163
400,22837,311,62,seat,0,1,13,4,4,0.5130,34359,133618,1,7163
1030,22900,289,91,land,0,0,15,0,15,0.3125,0,0,0,3087
1020,22987,277,112,seat,0,0,17,2,15,0.6442,0,0,0,4050
1021,22987,359,83,seat,0,0,20,5,8,0.4540,0,0,0,6600
1022,22987,335,86,seat,1,0,10,0,9,0.4444,0,0,0,150
1024,22987,245,71,seat,1,0,11,0,8,0.4483,0,0,0,4350
1025,22987,275,111,seat,0,1,14,1,13,0.6424,15271,248148,1,7013
1026,22987,336,88,seat,1,0,9,0,8,0.4921,0,0,0,150
1029,22987,275,50,seat,1,0,7,3,4,0.7109,0,0,0,1800
1032,22987,378,60,seat,0,1,22,3,12,0.4464,22906,22906,1,7013
1033,22987,360,85,seat,0,1,19,6,8,0.4110,30541,30541,1,7013
1035,22987,301,107,seat,1,1,4,0,4,0.7442,99259,99259,1,7013
1037,22987,277,109,seat,1,1,17,1,15,0.4731,22906,80171,1,7013
232,22987,274,63,seat,1,0,31,0,23,0.0292,0,0,0,5013
776,22987,354,83,seat,1,0,22,1,17,0.3006,0,0,0,5613
1040,23000,262,56,land,0,0,6,0,6,0.6372,0,0,0,7000
957,23040,283,123,seat,0,1,4,4,0,1.0000,26724,95442,1,6960
1083,23100,292,99,land,0,0,15,0,12,0.2901,0,0,0,6900
423,23137,313,60,seat,0,0,11,1,8,0.6573,0,0,0,3600
532,23137,369,84,seat,0,1,9,4,1,0.7528,11453,57265,1,6863
751,23137,310,64,seat,0,1,18,1,14,0.2288,3818,3818,1,6863
886,23137,308,71,seat,0,1,16,0,13,0.4551,26724,26724,1,6863
1041,23137,389,66,seat,0,1,27,8,13,0.4335,7635,7635,1,6863
1046,23137,381,67,seat,1,1,28,2,20,0.2911,30541,68718,1,6863
1047,23137,276,83,seat,1,0,27,0,20,0.0621,0,0,0,313
1048,23137,347,82,seat,1,0,17,0,15,0.4098,0,0,0,313
1049,23137,276,63,seat,1,0,28,0,22,0.0732,0,0,0,1050
1051,23137,333,69,seat,1,0,12,2,10,0.7198,0,0,0,300
1052,23137,269,65,seat,1,0,25,0,23,0.0065,0,0,0,2100
1054,23137,255,76,seat,1,0,13,0,11,0.3937,0,0,0,300
1055,23137,289,76,seat,1,0,20,0,19,0.0855,0,0,0,300
1056,23137,289,57,seat,0,0,16,0,14,0.3118,0,0,0,1200
1057,23137,269,90,seat,1,0,12,0,10,0.4457,0,0,0,1563
1058,23137,311,66,seat,1,1,20,0,16,0.1773,11453,64900,1,6863
1059,23137,349,96,seat,1,0,20,0,18,0.0841,0,0,0,6750
1061,23137,272,78,seat,1,0,15,0,12,0.1340,0,0,0,4263
1062,23137,280,111,seat,0,1,24,1,20,0.2182,19088,19088,1,6863
1063,23137,353,90,seat,1,0,23,1,19,0.1463,0,0,0,6150
1065,23137,333,74,seat,1,0,12,0,12,0.5381,0,0,0,300
1066,23137,273,63,seat,1,0,32,0,26,0.0345,0,0,0,2100
1069,23137,302,71,seat,0,1,19,0,15,0.2976,34359,34359,1,6863
1070,23137,309,61,seat,0,0,11,1,9,0.4184,0,0,0,1800
1071,23137,345,96,seat,1,0,19,0,17,0.2517,0,568831,0,6750
1072,23137,308,61,seat,0,0,13,1,11,0.3789,0,0,0,6450
1075,23137,284,79,seat,1,0,20,0,18,0.0496,0,0,0,1500
1077,23137,349,89,seat,1,0,28,1,24,0.1988,0,0,0,4950
1079,23137,335,86,seat,1,0,11,0,10,0.4593,0,0,0,300
1081,23137,302,73,seat,0,0,18,0,14,0.3155,0,0,0,4650
1082,23137,339,89,seat,0,1,12,0,12,0.5000,26724,26724,1,6863
1085,23137,356,87,seat,1,1,25,3,18,0.2180,3818,41994,1,6863
1087,23137,335,79,seat,1,0,14,0,13,0.3777,0,0,0,300
795,23137,382,62,seat,1,0,30,0,21,0.2152,0,0,0,6663
666,23137,392,57,seat,0,1,12,0,5,0.5523,11453,57265,1,6863
699,23137,252,75,seat,1,1,17,0,15,0.2391,45812,83989,3,6863
851,23137,404,64,seat,0,1,14,8,2,0.6554,41994,41994,2,6863
1107,23200,260,79,land,0,0,8,0,7,0.6967,0,0,0,6800
1091,23287,355,91,seat,1,1,19,0,16,0.0319,7635,893333,1,6713
1093,23287,335,72,seat,1,0,16,2,14,0.5075,0,0,0,4500
1095,23287,251,73,seat,1,1,15,0,11,0.2522,45812,45812,1,6713
1099,23287,354,84,seat,1,1,26,0,22,0.2289,34359,34359,1,6713
1101,23287,273,65,seat,1,1,30,0,27,0.0316,41994,41994,2,6713
1104,23287,354,88,seat,1,0,26,0,21,0.0301,0,0,0,2850
1109,23287,384,67,seat,1,1,29,3,21,0.3615,22906,22906,1,6713
1110,23287,272,86,seat,1,0,23,0,20,0.2386,0,0,0,600
1114,23287,288,76,seat,1,0,22,0,21,0.1338,0,0,0,5550
1115,23287,244,104,seat,0,1,7,4,3,0.8779,34359,34359,1,6713
1118,23287,253,115,seat,0,1,13,9,4,0.7105,30541,30541,1,6713
1119,23287,248,107,seat,0,0,8,1,7,0.6090,0,0,0,6213
1121,23287,312,64,seat,1,1,17,0,14,0.2481,22906,133618,1,6713
1122,23287,290,70,seat,1,0,27,0,23,0.0471,0,0,0,900
537,23287,380,65,seat,0,1,32,2,23,0.2353,19088,68718,1,6713
1154,23400,306,72,land,0,0,15,0,14,0.3701,0,0,0,6600
231,23437,386,72,seat,0,1,21,8,12,0.7100,3818,3818,1,6563
451,23437,366,85,seat,0,1,13,2,6,0.5732,30541,49630,2,6563
551,23437,365,87,seat,0,1,14,2,7,0.5625,240513,893333,1,6563
754,23437,315,59,seat,0,0,10,0,8,0.6977,0,0,1,6263
816,23437,363,88,seat,0,1,16,2,9,0.5040,19088,95442,1,6563
934,23437,378,71,seat,0,1,13,1,12,0.6766,3818,76353,1,6563
964,23437,277,42,seat,0,1,6,6,0,1.0000,45812,114530,1,6563
994,23437,282,117,seat,0,1,14,3,10,0.5714,26724,45812,1,6563
1123,23437,408,49,seat,0,1,6,6,0,0.9963,15271,15271,1,6563
1124,23437,273,89,seat,1,0,25,0,22,0.1864,0,0,0,1500
1125,23437,246,105,seat,0,1,7,2,5,0.7811,11453,164159,1,6563
1126,23437,283,94,seat,1,0,32,0,29,0.0357,0,0,0,163
1127,23437,282,109,seat,1,1,26,0,25,0.0838,22906,988774,1,6563
1129,23437,267,106,seat,1,1,7,0,6,0.5799,22906,988774,1,6563
1130,23437,281,89,seat,1,1,32,0,29,0.0179,38177,38177,3,6563
1131,23437,366,66,seat,1,1,22,3,7,0.4140,15271,15271,1,6563
1132,23437,246,107,seat,0,1,7,1,6,0.7039,41994,41994,1,6563
1133,23437,333,74,seat,1,0,12,0,12,0.4619,0,0,0,300
1135,23437,255,77,seat,1,1,13,0,10,0.2794,34359,34359,1,6563
1136,23437,289,76,seat,1,0,22,0,21,0.1447,0,0,0,300
1140,23437,288,83,seat,1,0,15,0,14,0.3092,0,0,0,3600
1141,23437,282,91,seat,1,0,34,0,32,0.0301,0,0,0,4363
1143,23437,351,89,seat,0,0,26,0,22,0.0195,0,0,0,363
1145,23437,333,69,seat,1,1,12,2,10,0.6522,30541,87806,1,6563
1148,23437,306,66,seat,1,0,19,0,16,0.1077,0,0,0,1200
1150,23437,277,91,seat,1,0,34,0,31,0.0400,0,0,0,363
1151,23437,335,86,seat,1,0,11,0,10,0.3704,0,0,0,300
1156,23437,286,91,seat,1,0,24,0,22,0.1324,0,0,0,900
1158,23437,284,107,seat,1,1,25,0,23,0.0947,22906,22906,1,6563
1159,23437,335,79,seat,1,0,14,0,13,0.3245,0,0,0,1800
616,23437,364,67,seat,0,1,23,6,6,0.4742,15271,15271,1,6563
1175,23500,311,73,land,0,0,12,0,10,0.5848,0,0,0,6500
1176,23500,282,68,land,0,0,24,0,22,0.0238,0,0,0,6500
1162,23587,284,81,seat,1,0,25,1,22,0.0373,0,0,0,1200
1163,23587,282,85,seat,1,1,33,1,29,0.0065,19088,988774,1,6413
1166,23587,232,44,seat,0,0,0,0,0,0.8136,0,0,0,1650
1167,23587,251,111,seat,1,1,8,2,6,0.4729,30541,30541,1,6413
1169,23587,274,80,seat,1,1,25,0,20,0.0469,15271,30541,1,6413
1170,23587,277,89,seat,1,0,36,0,31,0.0056,0,0,0,2250
1171,23587,357,81,seat,0,0,17,0,15,0.4045,0,0,0,6000
1173,23587,244,73,seat,1,1,14,0,12,0.2868,61083,61083,3,6413
1178,23587,279,109,seat,1,0,26,0,24,0.0359,0,0,0,3750
1179,23587,362,69,seat,1,0,19,4,4,0.5072,0,0,0,450
1181,23587,282,127,seat,0,1,2,1,1,0.8466,41994,95442,1,6413
1184,23587,263,102,seat,1,0,11,0,9,0.3526,0,0,0,4413
826,23587,363,86,seat,0,1,18,0,16,0.2238,19088,95442,2,6413
381,23587,313,66,seat,0,1,21,0,19,0.2185,19088,133618,2,6413
715,23587,253,71,seat,0,1,11,0,8,0.0909,34359,34359,1,6413
1043,23616,244,101,seat,0,1,12,7,5,0.8439,30541,30541,1,6384
1210,23700,315,62,land,0,0,16,0,13,0.5000,0,0,0,6300
1211,23700,280,66,land,0,0,28,0,27,0.0074,0,0,0,6300
437,23737,394,71,seat,0,1,14,3,6,0.6299,7635,7635,1,6263
963,23737,284,120,seat,0,1,7,2,5,0.7391,15271,988774,1,6263
971,23737,272,46,seat,0,1,8,2,5,0.8732,3818,114530,1,6263
980,23737,291,34,seat,0,1,2,1,1,0.9586,34359,34359,1,6263
1050,23737,248,96,seat,0,1,7,5,2,0.9480,15271,164159,1,6263
1188,23737,363,83,seat,1,1,18,0,15,0.2952,22906,57265,1,6263
1191,23737,274,86,seat,1,0,30,0,25,0.0847,0,0,0,1350
1192,23737,362,68,seat,1,0,24,5,5,0.4692,0,0,0,1050
1193,23737,277,51,seat,1,1,10,0,10,0.7538,3818,3818,1,6263
1194,23737,333,74,seat,1,0,12,0,12,0.4721,0,0,0,300
1196,23737,289,76,seat,1,0,23,0,21,0.0921,0,0,0,300
1197,23737,391,60,seat,1,1,28,5,14,0.3391,22906,778803,1,6263
1198,23737,273,91,seat,1,0,30,0,28,0.1029,0,0,0,750
1199,23737,335,86,seat,1,0,11,0,10,0.3481,0,0,0,450
1202,23737,289,81,seat,1,0,15,1,14,0.1818,0,0,0,1050
1203,23737,360,78,seat,0,0,8,0,8,0.6702,0,0,0,5100
1204,23737,336,88,seat,1,0,10,0,9,0.3730,0,0,0,300
1206,23737,272,86,seat,1,0,26,0,22,0.1989,0,0,0,4050
1207,23737,390,71,seat,0,1,19,2,10,0.4835,19088,19088,1,6263
1213,23737,272,82,seat,1,0,24,0,19,0.1783,0,0,0,5063
442,23737,365,83,seat,0,0,14,0,12,0.4046,0,0,0,5163
749,23737,368,86,seat,0,1,11,0,9,0.5906,76353,76353,2,6263
670,23737,385,60,seat,0,0,31,2,20,0.2833,0,0,0,450
729,23737,389,61,seat,0,1,32,5,16,0.2844,11453,38177,1,6263
734,23737,391,62,seat,0,1,31,6,15,0.3349,3818,3818,1,6263
973,23737,363,90,seat,0,1,10,0,10,0.4175,30541,95442,1,6263
1220,23887,301,32,seat,0,1,2,0,2,0.9313,45812,45812,2,6113
1223,23887,351,81,seat,1,1,21,1,16,0.3568,26724,568831,1,6113
1225,23887,296,55,seat,1,0,13,0,11,0.4263,0,0,0,163
1228,23887,288,79,seat,1,0,18,1,16,0.1620,0,0,0,450
1229,23887,361,67,seat,1,0,27,3,6,0.2911,0,0,1,6113
1230,23887,297,70,seat,1,1,29,0,24,0.0714,34359,255783,1,6113
509,23887,367,82,seat,0,1,13,0,12,0.5165,3818,49630,1,6113
753,23887,261,100,seat,0,0,12,0,10,0.3584,0,0,0,2100
976,23887,278,115,seat,0,0,13,0,13,0.3727,0,0,0,2700
701,23887,394,57,seat,0,1,17,3,9,0.5230,374131,778803,2,6113
860,23887,406,58,seat,0,0,16,7,4,0.7342,0,0,0,4763
1236,23900,316,71,land,0,0,14,0,12,0.5333,0,0,0,6100
1237,23900,290,66,land,0,0,24,0,21,0.0828,0,0,0,6100
878,23904,381,60,seat,0,1,27,1,19,0.3562,11453,91624,1,6096
1265,24000,282,53,land,0,0,16,0,16,0.5957,0,0,0,6000
1266,24000,283,83,land,0,1,31,0,28,0.0207,11453,11453,1,6000
890,24037,400,65,seat,0,1,10,1,7,0.5412,22906,22906,1,5963
904,24037,407,67,seat,0,1,9,3,4,0.6508,38177,38177,2,5963
977,24037,273,43,seat,0,1,13,4,8,0.7376,30541,80171,1,5963
979,24037,284,117,seat,0,1,13,0,12,0.4596,26724,30541,1,5963
1153,24037,281,39,seat,0,1,6,1,4,0.8537,41994,41994,1,5963
1232,24037,286,102,seat,1,0,28,0,27,0.0694,0,0,0,5163
1235,24037,262,98,seat,1,1,14,0,12,0.3526,34359,423760,1,5963
1240,24037,286,108,seat,0,0,26,1,25,0.1976,0,0,0,2550
1244,24037,289,76,seat,1,0,22,0,19,0.1382,0,0,0,2400
1245,24037,271,44,seat,0,0,16,7,8,0.7225,0,0,0,300
1248,24037,383,63,seat,1,0,32,0,28,0.1076,0,0,0,313
1249,24037,275,88,seat,1,0,33,0,28,0.0508,0,0,0,750
1250,24037,362,68,seat,1,0,28,2,12,0.3460,0,0,0,1950
1254,24037,342,105,seat,0,1,6,0,6,0.3333,22906,22906,1,5963
1256,24037,273,93,seat,1,0,33,0,31,0.0809,0,0,0,300
1261,24037,285,89,seat,1,0,27,1,25,0.0699,0,0,0,1213
1262,24037,362,77,seat,0,1,9,1,8,0.5654,15271,61083,1,5963
1272,24037,275,90,seat,1,0,34,0,29,0.0457,0,0,0,2250
1273,24037,274,121,seat,0,1,7,3,2,0.6522,3818,988774,1,5963
1277,24037,246,76,seat,1,1,16,0,14,0.3353,15271,83989,1,5963
1278,24037,297,118,seat,0,1,3,2,1,0.8571,57265,57265,2,5963
308,24037,362,66,seat,0,0,30,1,13,0.2605,0,0,0,1350
316,24037,366,64,seat,0,1,29,1,17,0.2760,3818,137436,1,5963
391,24037,364,63,seat,0,1,30,3,15,0.3229,19088,61083,1,5963
1149,24037,382,59,seat,1,1,22,0,19,0.3702,11453,91624,1,5963
1019,24037,384,58,seat,0,1,23,0,19,0.4008,7635,83989,1,5963
752,24037,245,72,seat,0,0,16,0,14,0.2276,0,0,0,1650
858,24037,402,61,seat,0,1,13,0,9,0.5213,11453,778803,1,5963
1303,24100,295,65,land,0,0,25,0,18,0.0805,0,0,0,5900
1281,24187,383,69,seat,1,1,28,0,21,0.2126,7635,7635,1,5813
1286,24187,244,78,seat,1,1,12,0,12,0.5026,15271,15271,2,5813
1287,24187,295,120,seat,0,0,3,2,1,0.9100,0,0,0,4800
1288,24187,293,65,seat,0,1,25,0,21,0.0747,22906,133618,1,5813
1291,24187,366,68,seat,1,1,24,1,16,0.3839,22906,61083,1,5813
1292,24187,276,128,seat,0,1,5,2,3,0.6000,7635,7635,1,5813
1297,24187,282,104,seat,1,1,32,0,32,0.0173,57265,988774,1,5813
1299,24187,360,69,seat,1,1,29,3,11,0.3913,45812,68718,1,5813
1302,24187,271,45,seat,1,0,18,8,9,0.7067,0,0,0,4200
1304,24187,161,56,seat,0,0,0,0,0,0.9570,0,0,0,1800
1311,24187,274,50,seat,1,0,18,8,10,0.6905,0,0,0,5613
1312,24187,159,161,seat,0,1,1,1,0,0.8989,7635,38177,1,5813
1313,24187,280,100,seat,1,0,33,0,31,0.0520,0,0,0,5700
1315,24187,276,126,seat,0,1,6,1,3,0.5153,11453,41994,1,5813
481,24187,357,66,seat,0,1,37,12,11,0.4465,3818,49630,1,5813
1042,24192,382,50,seat,0,0,2,1,1,0.9625,0,0,0,595
1044,24192,405,50,seat,0,0,8,6,2,0.9401,0,0,0,595
1330,24200,280,51,land,0,0,17,2,15,0.6873,0,0,0,5800
1370,24300,298,66,land,0,0,23,0,17,0.0824,0,0,0,5700
986,24337,273,41,seat,0,0,9,1,7,0.7389,0,0,1,5400
1036,24337,257,114,seat,0,1,20,8,9,0.5132,11453,11453,1,5663
1208,24337,249,100,seat,0,1,10,0,8,0.5723,19088,164159,1,5663
1320,24337,282,98,seat,1,0,32,0,31,0.0173,0,0,0,313
1323,24337,333,74,seat,1,0,12,0,12,0.4619,0,0,0,150
1326,24337,258,79,seat,1,0,9,0,8,0.4733,0,0,0,150
1328,24337,272,47,seat,1,1,22,10,11,0.6528,26724,38177,1,5663
1329,24337,344,84,seat,0,0,17,0,15,0.2346,0,0,0,2463
1332,24337,273,113,seat,1,1,20,4,15,0.3497,7635,988774,1,5663
1333,24337,336,88,seat,1,0,9,0,9,0.3571,0,0,0,150
1336,24337,267,99,seat,0,0,19,0,18,0.2717,0,0,0,2700
1338,24337,289,93,seat,1,0,15,1,12,0.2258,0,0,0,2850
1341,24337,383,61,seat,1,1,31,0,28,0.2178,41994,91624,1,5663
1343,24337,277,91,seat,1,0,38,0,35,0.0229,0,0,0,4200
1344,24337,271,112,seat,1,1,17,3,14,0.4110,7635,164159,1,5663
1348,24337,289,57,seat,0,0,16,0,13,0.2529,0,0,0,1200
1349,24337,246,61,seat,0,1,2,1,1,0.8506,15271,34359,1,5663
1352,24337,408,58,seat,1,0,27,14,8,0.6398,0,0,0,4200
1353,24337,387,62,seat,1,1,31,0,27,0.2197,26724,38177,2,5663
1355,24337,283,94,seat,1,0,34,1,30,0.0238,0,0,0,3600
1356,24337,270,131,seat,0,1,5,1,3,0.8443,3818,3818,1,5663
1360,24337,275,41,seat,1,0,9,1,7,0.7532,0,0,0,3600
1361,24337,260,78,seat,1,1,8,0,7,0.3909,53447,53447,2,5663
1362,24337,256,113,seat,0,1,17,5,9,0.4211,3818,3818,1,5663
1363,24337,386,58,seat,1,1,26,0,22,0.3544,26724,83989,1,5663
1364,24337,255,116,seat,0,0,20,7,8,0.4231,0,0,0,5550
1365,24337,273,93,seat,1,0,33,0,32,0.0809,0,0,0,313
1369,24337,282,119,seat,1,0,12,1,10,0.4845,0,0,0,313
1371,24337,389,63,seat,1,1,31,0,28,0.2511,22906,778803,1,5663
1374,24337,276,114,seat,1,1,21,3,17,0.2609,3818,22906,1,5663
1378,24337,353,93,seat,1,1,18,0,16,0.0215,3818,22906,2,5663
1379,24337,299,32,seat,0,0,3,0,3,0.8939,0,0,0,150
653,24337,364,67,seat,0,1,28,0,18,0.3005,3818,61083,1,5663
501,24337,337,89,seat,1,0,7,0,7,0.3780,0,0,0,5100
1076,24337,362,64,seat,1,1,32,1,19,0.2670,19088,19088,1,5663
485,24337,342,95,seat,0,1,20,0,18,0.1806,57265,80171,3,5663
1385,24487,253,121,seat,0,1,14,2,5,0.2152,11453,45812,2,5513
492,24487,344,68,seat,0,0,17,13,3,0.9052,0,0,0,4350
782,24487,257,116,seat,0,1,21,10,6,0.5510,11453,68718,1,5513
789,24487,395,66,seat,0,1,15,0,13,0.4530,19088,778803,2,5513
1233,24487,411,72,seat,0,0,2,1,1,0.9077,0,83989,1,5513
1267,24487,393,82,seat,0,1,12,11,1,0.9943,11453,190883,1,5513
1268,24487,299,117,seat,0,1,3,1,2,0.9000,187065,187065,1,5513
1269,24487,274,126,seat,0,1,10,1,4,0.5521,7635,7635,1,5513
1381,24487,353,78,seat,0,0,14,1,12,0.3613,0,0,0,1650
1384,24487,407,55,seat,0,0,22,9,8,0.6721,0,0,0,4213
1387,24487,347,82,seat,1,0,19,0,16,0.2568,0,0,0,163
1389,24487,294,101,seat,1,0,12,0,12,0.3846,0,0,0,163
1392,24487,351,89,seat,1,1,26,0,22,0.0325,15271,15271,1,5513
1397,24487,360,76,seat,0,0,9,1,8,0.4767,0,0,0,4650
1398,24487,271,114,seat,0,1,19,6,11,0.4845,11453,11453,1,5513
1399,24487,282,68,seat,1,0,24,0,20,0.0000,0,0,0,2713
1403,24487,370,60,seat,1,1,21,2,15,0.4464,15271,137436,1,5513
151,24487,258,121,seat,0,1,28,16,4,0.5594,3818,68718,1,5513
686,24487,393,55,seat,0,1,13,0,12,0.5709,83989,778803,1,5513
1180,24487,251,71,seat,1,0,15,1,13,0.0930,0,0,0,4050
865,24487,408,59,seat,0,0,24,11,7,0.6087,0,0,0,4350
1426,24500,299,64,land,0,0,18,0,12,0.0884,0,0,0,5500
1458,24600,335,86,land,0,1,11,0,8,0.2963,15271,15271,1,5400
1459,24600,285,88,land,0,0,28,1,24,0.0685,0,0,0,5400
1412,24637,273,91,seat,1,0,32,0,28,0.1143,0,0,0,2250
1413,24637,280,102,seat,1,0,35,0,32,0.0751,0,0,0,1950
1414,24637,269,112,seat,0,1,14,4,10,0.5399,3818,988774,1,5363
1415,24637,244,98,seat,0,1,10,4,5,0.6821,38177,164159,1,5363
1416,24637,333,74,seat,1,0,12,0,11,0.4619,0,0,0,150
1418,24637,258,79,seat,1,0,9,0,8,0.4733,0,0,0,150
1420,24637,269,90,seat,1,0,17,0,14,0.3486,0,0,0,1650
1421,24637,310,73,seat,0,0,12,0,12,0.4699,0,0,0,150
1422,24637,299,32,seat,0,0,3,0,3,0.8939,0,0,0,150
1425,24637,338,97,seat,0,1,10,0,10,0.2667,22906,53447,1,5363
1428,24637,385,62,seat,1,1,35,0,31,0.1883,7635,778803,2,5363
1429,24637,362,79,seat,0,0,16,0,15,0.3492,0,0,0,1650
1432,24637,335,86,seat,0,0,11,0,8,0.2963,0,0,0,4800
1437,24637,393,62,seat,0,0,28,0,26,0.3551,0,778803,1,5363
1439,24637,336,88,seat,1,0,10,0,9,0.3175,0,0,0,150
1441,24637,271,100,seat,1,1,23,0,23,0.2370,49630,49630,1,5363
1442,24637,280,118,seat,0,1,19,3,13,0.3851,30541,248148,2,5363
1443,24637,260,60,seat,0,1,19,9,10,0.4780,38177,38177,1,5363
1445,24637,271,116,seat,1,1,23,10,10,0.5217,15271,164159,1,5363
1446,24637,402,64,seat,1,0,18,0,15,0.5311,0,0,0,313
1450,24637,276,83,seat,1,0,33,0,29,0.0124,0,0,0,313
1451,24637,365,61,seat,1,0,29,7,16,0.4000,0,0,0,1800
1453,24637,250,96,seat,1,0,6,0,5,0.7514,0,0,0,1950
1460,24637,248,108,seat,1,1,8,0,8,0.3750,34359,34359,3,5363
1461,24637,395,61,seat,0,1,26,0,23,0.3721,11453,57265,1,5363
1465,24637,244,76,seat,1,1,16,0,14,0.3158,45812,45812,1,5363
1466,24637,259,65,seat,1,1,10,3,6,0.2551,45812,133618,1,5363
1144,24637,388,74,seat,0,1,19,6,8,0.5464,7635,893333,1,5363
255,24637,253,121,seat,0,1,14,2,5,0.2152,11453,26724,1,5363
742,24637,313,66,seat,0,1,21,0,21,0.1192,80171,80171,2,5363
872,24637,406,62,seat,0,1,19,3,11,0.5152,30541,30541,1,5363
1310,24768,389,76,seat,1,1,22,6,7,0.5105,11453,11453,1,5232
424,24787,253,119,seat,0,1,17,2,10,0.1556,15271,15271,1,5213
469,24787,346,69,seat,0,1,22,15,4,0.8647,3818,3818,1,5213
553,24787,259,117,seat,0,1,26,11,9,0.5380,7635,7635,1,5213
902,24787,266,114,seat,0,1,18,9,9,0.7516,15271,164159,1,5213
965,24787,259,115,seat,0,1,22,8,9,0.5500,19088,164159,1,5213
1218,24787,376,47,seat,0,1,1,0,1,1.0000,72536,72536,1,5213
1295,24787,294,122,seat,0,1,3,0,3,0.8710,99259,99259,2,5213
1308,24787,270,121,seat,0,1,21,12,4,0.6149,15271,988774,1,5213
1309,24787,357,73,seat,0,1,18,3,10,0.4121,34359,57265,1,5213
1350,24787,275,39,seat,0,1,10,1,8,0.7729,53447,53447,1,5213
1468,24787,284,79,seat,1,0,19,0,19,0.0826,0,0,0,2400
1469,24787,155,159,seat,0,1,5,3,1,0.7582,15271,15271,1,5213
1476,24787,405,48,seat,0,1,6,4,2,0.9350,64900,64900,1,5213
1478,24787,286,82,seat,1,0,19,0,19,0.0966,0,0,0,1650
1482,24787,179,125,seat,0,1,0,0,0,0.9636,3818,3818,1,5213
1483,24787,275,103,seat,0,0,27,0,27,0.1329,0,0,0,3000
1486,24787,388,56,seat,1,1,25,2,21,0.4897,15271,778803,1,5213
1487,24787,282,80,seat,1,0,24,0,21,0.0640,0,0,0,300
1490,24787,362,81,seat,1,1,20,0,18,0.1685,22906,57265,1,5213
1491,24787,397,66,seat,0,1,15,1,12,0.3728,38177,72536,1,5213
1492,24787,275,130,seat,0,1,19,8,7,0.5210,15271,15271,1,5213
1495,24787,385,60,seat,1,0,36,1,33,0.2446,0,0,0,463
1496,24787,280,126,seat,1,0,12,1,10,0.4663,0,0,0,463
1497,24787,376,49,seat,0,1,1,0,1,1.0000,26724,137436,1,5213
1499,24787,258,79,seat,1,0,8,0,7,0.4656,0,0,0,300
1500,24787,310,73,seat,1,0,12,0,12,0.4639,0,0,0,300
1501,24787,299,32,seat,1,0,3,0,3,0.8902,0,0,0,300
83,24787,333,81,seat,0,0,9,0,8,0.4114,0,0,0,4713
1395,24787,254,61,seat,1,1,15,9,5,0.6528,38177,38177,1,5213
572,24787,393,69,seat,0,1,21,0,15,0.2674,7635,7635,1,5213
1357,24787,408,61,seat,1,1,27,11,12,0.5490,34359,83989,1,5213
995,24787,282,121,seat,0,1,12,1,11,0.4410,34359,34359,1,5213
981,24787,278,44,seat,0,1,15,1,12,0.6813,83989,83989,2,5213
1510,24800,330,70,land,0,0,9,0,8,0.7463,0,0,0,5200
1511,24800,271,88,land,0,0,21,0,18,0.2599,0,0,0,2687
1503,24937,383,63,seat,1,1,37,0,34,0.0987,26724,26724,2,5063
1504,24937,286,78,seat,1,0,14,0,12,0.0945,0,0,0,4800
1505,24937,272,87,seat,1,0,25,0,22,0.1977,0,0,0,300
1507,24937,348,70,seat,0,1,22,15,3,0.8244,19088,41994,1,5063
1513,24937,277,130,seat,0,1,16,6,8,0.5629,15271,15271,1,5063
1518,24937,375,59,seat,0,1,23,0,20,0.4298,15271,129800,1,5063
1520,24937,296,57,seat,1,0,14,0,10,0.3019,0,0,0,313
1522,24937,284,126,seat,0,1,5,0,5,0.6687,68718,68718,1,5063
1523,24937,294,101,seat,1,0,12,0,12,0.3385,0,0,0,313
1530,24937,297,74,seat,1,0,22,0,17,0.1505,0,0,0,313
1532,24937,269,108,seat,1,1,14,0,14,0.4311,3818,3818,1,5063
1533,24937,411,71,seat,0,1,3,0,3,0.8194,61083,83989,3,5063
1534,24937,273,70,seat,1,1,19,0,17,0.0000,3818,988774,1,5063
1535,24937,346,84,seat,1,0,19,0,16,0.2067,0,0,0,313
1536,24937,404,58,seat,1,1,22,5,13,0.5489,19088,45812,1,5063
1540,24937,286,106,seat,1,0,25,1,23,0.1598,0,0,0,3150
1410,25056,152,166,seat,0,1,0,0,0,0.9175,26724,26724,2,4944
640,25087,385,74,seat,0,1,21,2,15,0.5279,22906,22906,1,4913
733,25087,415,62,seat,0,0,19,12,6,0.8138,0,45812,1,4913
1012,25087,413,63,seat,0,1,24,11,12,0.6429,61083,118347,2,4913
1086,25087,237,99,seat,0,0,8,5,3,0.8786,0,0,0,4350
1307,25087,269,49,seat,0,0,24,13,9,0.7339,0,0,0,4013
1382,25087,275,117,seat,0,1,21,1,15,0.3230,7635,988774,1,4913
1388,25087,273,117,seat,0,1,21,1,16,0.3478,7635,99259,1,4913
1463,25087,271,123,seat,1,1,21,2,9,0.3913,19088,19088,1,4913
1543,25087,249,111,seat,1,1,10,0,10,0.2137,38177,38177,2,4913
1544,25087,278,100,seat,1,1,35,0,33,0.0578,22906,38177,2,4913
1547,25087,341,103,seat,0,0,12,0,11,0.0658,0,0,0,163
1551,25087,409,69,seat,0,0,5,0,5,0.4598,0,0,0,4650
1555,25087,376,61,seat,1,0,30,2,25,0.2800,0,0,0,163
1557,25087,287,116,seat,0,1,12,0,12,0.4845,19088,45812,1,4913
1558,25087,269,45,seat,0,1,22,8,12,0.6517,3818,248148,1,4913
1559,25087,308,51,seat,0,1,1,0,1,0.9122,26724,110712,1,4913
1560,25087,243,110,seat,0,1,7,0,7,0.3913,34359,34359,1,4913
1563,25087,312,55,seat,0,1,7,0,6,0.7836,19088,19088,1,4913
1564,25087,408,51,seat,0,1,15,9,5,0.8352,30541,30541,1,4913
1568,25087,314,58,seat,1,0,11,0,10,0.6196,0,0,1,4500
1572,25087,284,82,seat,1,0,26,0,21,0.1143,0,0,0,1500
1573,25087,362,68,seat,1,0,30,2,18,0.2749,0,0,0,4050
1575,25087,242,99,seat,0,0,13,5,7,0.6358,0,0,0,463
1577,25087,258,79,seat,1,0,8,0,6,0.4580,0,0,0,300
1579,25087,296,55,seat,1,1,13,0,8,0.4368,34359,34359,1,4913
1580,25087,310,73,seat,1,0,12,0,12,0.4759,0,0,0,300
1581,25087,299,32,seat,1,0,3,0,3,0.8864,0,0,0,300
1582,25087,298,110,seat,0,1,6,0,6,0.5099,41994,41994,1,4913
1214,25087,353,67,seat,0,1,35,9,12,0.2958,15271,15271,1,4913
1215,25087,391,54,seat,0,1,16,1,13,0.5992,15271,778803,1,4913
834,25087,395,59,seat,0,0,28,1,26,0.2894,0,0,0,4413
1562,25087,251,66,seat,0,1,13,1,10,0.3721,11453,53447,1,4913
983,25087,402,61,seat,0,1,22,0,18,0.3602,22906,22906,2,4913
1294,25087,396,83,seat,0,1,8,2,1,0.6940,22906,568831,2,4913
1583,25237,379,63,seat,1,0,38,2,32,0.1166,0,0,0,313
1584,25237,361,62,seat,1,0,34,7,19,0.3946,0,0,0,313
1587,25237,267,77,seat,1,0,12,0,11,0.1310,0,0,0,313
1590,25237,373,99,seat,0,0,1,1,0,1.0000,0,0,0,4500
1591,25237,286,71,seat,1,0,27,0,23,0.0067,0,0,0,2400
1592,25237,287,80,seat,1,0,16,0,15,0.2786,0,0,0,150
1593,25237,357,68,seat,1,1,30,2,15,0.2038,45812,45812,1,4763
1594,25237,340,100,seat,1,1,16,0,14,0.0306,30541,61083,1,4763
1596,25237,373,59,seat,1,1,22,2,16,0.4809,22906,45812,1,4763
1597,25237,365,81,seat,1,1,17,0,16,0.2022,57265,893333,1,4763
1601,25237,387,76,seat,0,1,20,3,10,0.5803,7635,7635,1,4763
1602,25237,296,78,seat,1,1,11,0,10,0.4045,49630,49630,1,4763
1604,25237,276,85,seat,1,1,31,0,24,0.0400,11453,988774,1,4763
1606,25237,392,75,seat,1,1,22,3,11,0.4509,19088,893333,1,4763
1608,25237,278,69,seat,1,0,26,0,22,0.0000,0,0,0,1050
1617,25300,261,64,land,0,0,16,0,12,0.1639,0,0,0,4700
1618,25300,270,77,land,0,0,15,0,14,0.0235,0,0,0,4700
147,25387,290,60,seat,0,1,20,0,16,0.0658,3818,22906,1,4613
570,25387,354,60,seat,0,1,22,3,12,0.6609,11453,68718,1,4613
584,25387,352,60,seat,0,1,21,3,10,0.7082,30541,76353,1,4613
1264,25387,269,51,seat,0,1,25,10,13,0.6371,15271,148889,1,4613
1376,25387,389,78,seat,0,1,20,4,8,0.4737,11453,11453,1,4613
1380,25387,258,124,seat,0,1,21,1,5,0.2713,30541,68718,1,4613
1423,25387,258,55,seat,0,0,25,19,4,0.7696,0,0,0,4050
1548,25387,114,73,seat,0,0,0,0,0,1.0000,0,0,0,3600
1549,25387,375,93,seat,0,1,1,0,1,0.9632,251966,568831,1,4613
1550,25387,270,125,seat,0,1,23,0,11,0.2298,11453,11453,1,4613
1609,25387,253,117,seat,0,1,18,0,13,0.0971,11453,988774,1,4613
1611,25387,270,96,seat,1,1,23,0,21,0.1792,26724,988774,1,4613
1612,25387,274,33,seat,0,0,2,0,2,0.9292,0,0,1,4350
1613,25387,356,89,seat,1,1,25,0,22,0.0000,22906,80171,1,4613
1615,25387,282,119,seat,1,1,14,1,13,0.3975,57265,988774,1,4613
1616,25387,269,47,seat,0,1,26,8,16,0.6010,11453,38177,1,4613
1620,25387,368,66,seat,1,1,33,1,24,0.1721,15271,137436,1,4613
1622,25387,287,80,seat,1,0,16,0,15,0.1357,0,0,0,1650
1623,25387,275,113,seat,1,1,24,1,23,0.1104,19088,22906,1,4613
1624,25387,405,66,seat,1,0,14,0,13,0.3958,0,0,0,3900
1625,25387,246,97,seat,1,0,8,2,6,0.5665,0,0,0,300
1627,25387,258,79,seat,1,1,9,0,7,0.4962,7635,7635,1,4613
1628,25387,270,94,seat,1,1,23,0,21,0.1676,34359,988774,1,4613
1629,25387,317,71,seat,1,0,12,0,10,0.5269,0,0,0,2100
1630,25387,299,32,seat,1,0,3,0,3,0.8902,0,0,0,300
1633,25387,356,60,seat,0,0,24,4,13,0.6266,0,0,0,300
1635,25387,338,91,seat,1,1,13,0,11,0.2400,26724,26724,1,4613
203,25387,289,84,seat,0,0,13,0,13,0.3487,0,0,0,3150
1473,25387,256,62,seat,1,1,13,2,8,0.3759,22906,76353,1,4613
1242,25387,359,66,seat,1,1,36,0,24,0.1953,11453,49630,1,4613
1377,25387,258,70,seat,1,0,9,0,9,0.0755,0,0,0,2250
1298,25387,272,121,seat,0,1,19,1,14,0.2857,11453,99259,1,4613
1640,25400,290,103,land,0,0,25,1,21,0.1783,0,0,0,4600
1670,25500,263,60,land,0,0,20,2,13,0.3333,0,0,0,4500
1671,25500,264,82,land,0,0,11,0,10,0.4805,0,0,0,4500
1636,25537,410,58,seat,0,0,33,13,16,0.5923,0,41994,1,4463
1637,25537,348,86,seat,1,1,25,0,23,0.0734,15271,26724,1,4463
1638,25537,396,73,seat,0,1,19,3,12,0.2222,3818,80171,1,4463
1639,25537,349,94,seat,1,1,20,0,17,0.0000,30541,30541,1,4463
1641,25537,374,61,seat,1,0,32,1,25,0.2756,0,0,0,313
1643,25537,298,78,seat,1,0,11,0,11,0.3895,0,0,0,1500
1644,25537,295,111,seat,0,1,7,1,6,0.4630,41994,76353,1,4463
1648,25537,360,64,seat,1,1,36,2,25,0.1719,7635,7635,1,4463
1649,25537,346,84,seat,1,0,19,0,18,0.2235,0,0,1,4463
1650,25537,272,126,seat,1,1,22,0,15,0.2270,30541,30541,1,4463
1651,25537,234,101,seat,0,0,6,1,3,0.6994,0,0,0,1813
1652,25537,355,66,seat,1,1,36,2,21,0.1767,30541,103077,1,4463
1654,25537,297,74,seat,1,0,23,0,18,0.1613,0,0,0,313
1655,25537,296,57,seat,1,1,14,0,9,0.2516,103077,103077,2,4463
1656,25537,341,103,seat,1,1,12,0,11,0.0000,30541,61083,1,4463
1657,25537,269,49,seat,0,1,26,7,14,0.5367,41994,91624,1,4463
1659,25537,261,80,seat,1,1,9,0,8,0.4962,34359,34359,1,4463
1660,25537,347,82,seat,1,1,19,0,18,0.2568,30541,30541,1,4463
1661,25537,350,70,seat,1,1,24,1,11,0.3707,22906,57265,2,4463
1662,25537,290,57,seat,1,0,17,0,12,0.2353,0,0,0,4350
1666,25537,336,65,seat,1,1,10,2,6,0.8054,22906,87806,1,4463
1667,25537,269,53,seat,0,1,25,8,13,0.5388,26724,26724,1,4463
1669,25537,150,163,seat,0,1,2,0,2,0.8023,30541,30541,1,4463
1672,25537,384,56,seat,1,1,27,3,22,0.4691,15271,83989,1,4463
1673,25537,359,81,seat,1,1,23,0,21,0.0400,26724,95442,1,4463
1103,25537,405,56,seat,0,1,24,10,13,0.5021,26724,45812,1,4463
1448,25537,247,61,seat,1,1,10,3,5,0.5909,41994,41994,1,4463
1068,25687,278,134,seat,0,1,17,11,6,0.8208,7635,95442,1,4313
1260,25687,259,126,seat,0,1,16,0,4,0.4122,19088,19088,1,4313
1401,25687,254,54,seat,0,0,23,16,4,0.8164,0,91624,1,4313
1408,25687,256,55,seat,0,0,25,16,6,0.7522,0,0,0,4050
1484,25687,273,132,seat,0,1,19,4,12,0.5799,19088,19088,1,4313
1488,25687,277,134,seat,0,1,17,11,6,0.7977,30541,30541,1,4313
1509,25687,240,61,seat,0,1,3,1,2,0.8224,19088,118347,1,4313
1664,25687,255,54,seat,0,1,24,16,5,0.8152,34359,91624,2,4313
1677,25687,394,74,seat,1,0,23,3,14,0.1892,0,0,0,2463
1681,25687,279,46,seat,0,1,18,0,16,0.4751,26724,80171,1,4313
1682,25687,412,65,seat,0,1,20,2,15,0.3609,22906,118347,1,4313
1684,25687,275,88,seat,1,0,33,0,25,0.0395,0,0,0,450
1686,25687,246,97,seat,1,0,9,2,7,0.5665,0,0,0,300
1687,25687,348,70,seat,1,0,21,2,7,0.4878,0,0,0,300
1688,25687,299,32,seat,1,0,3,0,3,0.8674,0,0,0,300
1689,25687,375,67,seat,1,1,28,1,22,0.2535,19088,26724,1,4313
1690,25687,280,87,seat,1,0,32,0,26,0.0000,0,0,0,513
1691,25687,368,60,seat,1,1,31,4,22,0.3948,45812,137436,1,4313
1319,25687,373,64,seat,0,1,36,1,30,0.1584,7635,26724,1,4313
555,25687,355,64,seat,0,1,34,4,18,0.2670,11453,68718,1,4313
850,25687,390,73,seat,0,1,27,4,20,0.2186,7635,7635,1,4313
1424,25687,230,76,seat,0,1,3,2,1,0.9455,64900,68718,2,4313
1430,25687,272,128,seat,0,1,18,1,13,0.3394,3818,68718,1,4313
1393,25687,268,130,seat,0,0,13,0,9,0.5509,0,179430,1,4313
1700,25700,266,84,land,0,0,13,0,11,0.4491,0,0,0,4300
1720,25800,313,70,land,0,0,20,1,15,0.3212,0,0,0,4200
1698,25837,274,97,seat,1,1,33,0,28,0.0231,11453,57265,1,4163
1699,25837,246,103,seat,1,0,13,0,10,0.2139,0,0,0,3063
1701,25837,275,92,seat,1,0,39,0,30,0.0229,0,0,0,213
1702,25837,116,67,seat,0,0,1,0,1,0.9953,0,0,1,4163
1703,25837,277,132,seat,0,1,20,5,13,0.4970,30541,183248,1,4163
1705,25837,279,95,seat,1,0,40,0,32,0.0000,0,0,0,313
1706,25837,398,73,seat,0,1,15,1,12,0.2079,7635,568831,1,4163
1707,25837,238,97,seat,1,0,11,0,7,0.4335,0,0,0,313
1711,25837,382,57,seat,0,0,31,1,28,0.4226,0,0,0,1500
1712,25837,276,101,seat,0,0,31,0,29,0.0173,0,0,0,4050
1714,25837,401,70,seat,0,0,14,0,13,0.1485,0,778803,1,4163
1716,25837,240,59,seat,0,1,4,0,4,0.6624,15271,15271,1,4163
1717,25837,276,124,seat,1,1,23,1,19,0.2236,34359,34359,1,4163
1719,25837,303,67,seat,1,1,19,0,17,0.1643,64900,64900,2,4163
1723,25837,355,77,seat,1,0,14,0,14,0.2513,0,0,0,2550
1724,25837,274,98,seat,1,1,30,0,26,0.0289,45812,57265,1,4163
1726,25837,237,74,seat,1,1,7,1,5,0.7712,61083,61083,1,4163
101,25837,262,121,seat,0,1,26,0,12,0.0745,7635,988774,1,4163
461,25837,256,125,seat,0,1,14,0,8,0.1939,22906,22906,1,4163
1239,25837,358,62,seat,0,1,33,2,24,0.3004,3818,893333,1,4163
1493,25837,351,66,seat,0,1,31,4,18,0.2884,11453,11453,1,4163
1276,25837,387,82,seat,0,1,11,2,6,0.5027,11453,568831,1,4163
1746,25900,300,79,land,0,0,9,0,8,0.4444,0,0,0,4100
1747,25900,284,151,land,0,0,10,10,0,1.0000,0,0,0,4100
1231,25920,291,108,seat,1,1,17,0,16,0.2994,19088,19088,1,4080
1402,25920,265,126,seat,0,1,20,1,10,0.3313,3818,179430,1,4080
758,25987,280,135,seat,0,1,20,13,6,0.7746,15271,15271,1,4013
1455,25987,391,77,seat,0,0,26,3,16,0.2802,0,0,0,150
1736,25987,279,132,seat,0,1,17,5,11,0.5621,34359,34359,2,4013
1614,25987,240,65,seat,0,1,5,0,5,0.6850,72536,118347,1,4013
1663,25987,262,55,seat,0,0,30,7,14,0.3489,0,0,0,150
1680,25987,381,53,seat,0,1,15,2,13,0.7251,26724,26724,1,4013
1727,25987,273,89,seat,1,0,31,0,21,0.1186,0,0,0,1350
1728,25987,352,85,seat,1,1,32,0,30,0.0000,30541,38177,2,4013
1729,25987,393,67,seat,1,1,30,0,26,0.1359,11453,11453,1,4013
1730,25987,238,101,seat,1,1,12,0,7,0.3353,26724,26724,2,4013
1731,25987,263,100,seat,1,0,15,0,13,0.1908,0,0,0,3900
1732,25987,311,53,seat,0,0,5,0,5,0.8407,0,0,0,900
1733,25987,415,60,seat,1,1,24,10,10,0.5932,26724,26724,1,4013
1735,25987,380,72,seat,0,1,20,1,19,0.4428,26724,26724,1,4013
1740,25987,274,86,seat,1,0,32,0,22,0.0734,0,0,0,1200
1742,25987,267,121,seat,1,1,26,1,12,0.1366,7635,7635,1,4013
1743,25987,394,75,seat,1,1,23,2,16,0.1974,41994,80171,2,4013
1744,25987,377,93,seat,1,1,2,0,2,0.6710,95442,568831,1,4013
1745,25987,259,58,seat,0,1,24,1,15,0.2802,26724,26724,1,4013
1752,25987,386,56,seat,1,0,29,2,25,0.4074,0,0,0,300
1753,25987,282,98,seat,1,1,34,0,28,0.0000,11453,26724,3,4013
1754,25987,358,60,seat,0,0,27,4,18,0.4592,0,0,0,300
1755,25987,246,97,seat,1,0,9,0,7,0.4798,0,0,0,1800
1756,25987,353,69,seat,1,0,28,1,18,0.1981,0,0,0,2463
1758,25987,299,78,seat,1,0,10,0,9,0.3432,0,0,0,300
1759,25987,232,112,seat,0,1,1,0,1,1.0000,53447,53447,1,4013
1760,25987,306,105,seat,1,1,2,0,1,0.6154,68718,68718,1,4013
1761,25987,271,91,seat,1,0,27,0,22,0.1943,0,0,0,3750
1762,25987,348,70,seat,1,1,21,4,10,0.4732,49630,61083,1,4013
1763,25987,240,111,seat,0,1,3,0,3,0.6471,41994,41994,1,4013
1764,25987,285,89,seat,1,0,27,0,24,0.0769,0,0,0,2850
1766,25987,233,101,seat,1,1,8,1,4,0.6590,15271,15271,2,4013
1391,25987,261,126,seat,0,1,14,0,6,0.3986,19088,19088,1,4013
1605,25987,353,65,seat,1,1,35,4,21,0.2715,45812,76353,1,4013
665,25987,297,104,seat,0,1,10,0,9,0.3134,53447,53447,2,4013
1282,25987,274,123,seat,0,1,19,1,16,0.2484,19088,99259,1,4013
1770,26000,250,56,land,0,0,19,3,8,0.4216,0,0,0,4000
1771,26000,318,64,land,0,0,17,0,14,0.4874,0,0,0,4000
1799,26100,305,77,land,0,0,10,0,10,0.4720,0,0,0,3900
1800,26100,284,149,land,0,0,12,12,0,1.0000,0,0,0,3900
1769,26137,351,95,seat,1,1,18,0,17,0.0106,26724,568831,1,3863
1774,26137,383,71,seat,0,1,27,0,25,0.2537,7635,7635,1,3863
1777,26137,277,116,seat,1,1,26,0,24,0.1056,30541,988774,1,3863
1780,26137,262,95,seat,0,1,16,0,14,0.3757,22906,22906,1,3863
1782,26137,286,91,seat,1,0,25,1,20,0.1103,0,0,0,313
1783,26137,157,160,seat,1,1,11,2,5,0.5580,22906,57265,1,3863
1784,26137,392,71,seat,1,1,27,0,24,0.1000,15271,15271,1,3863
1786,26137,346,65,seat,0,1,23,5,16,0.5656,15271,15271,1,3863
1787,26137,391,78,seat,0,1,25,2,15,0.3607,30541,893333,1,3863
1788,26137,294,101,seat,1,0,12,0,11,0.2923,0,0,0,313
1790,26137,271,44,seat,1,0,20,0,15,0.4115,0,114530,1,3863
1791,26137,408,58,seat,1,1,35,6,25,0.4873,41994,83989,3,3863
1792,26137,256,122,seat,1,1,21,0,13,0.0000,19088,248148,1,3863
1793,26137,378,57,seat,0,1,27,0,24,0.4561,26724,129800,1,3863
1794,26137,273,93,seat,1,1,35,0,29,0.0636,34359,80171,1,3863
1795,26137,272,106,seat,1,0,22,0,22,0.1302,0,0,0,2700
1796,26137,354,79,seat,1,0,22,0,21,0.2116,0,0,0,1650
1798,26137,272,87,seat,1,0,26,0,21,0.1921,0,0,0,2400
1801,26137,271,106,seat,1,1,21,0,21,0.1538,38177,988774,1,3863
19,26137,280,93,seat,0,1,38,0,29,0.0058,22906,164159,1,3863
476,26137,349,68,seat,0,1,24,4,18,0.4597,7635,7635,1,3863
1813,26200,261,57,land,0,0,26,2,16,0.3607,0,0,0,3800
1814,26200,268,83,land,0,0,18,0,13,0.3636,0,0,0,3800
1552,26208,349,64,seat,0,1,26,3,19,0.4299,26724,26724,1,3792
1645,26208,139,114,seat,0,0,0,0,0,1.0000,0,0,0,3229
739,26287,414,57,seat,0,1,30,1,20,0.2379,7635,41994,1,3713
1045,26287,412,53,seat,0,1,25,1,17,0.3625,3818,3818,1,3713
1436,26287,232,70,seat,0,1,5,0,5,0.5833,68718,68718,2,3713
1502,26287,412,57,seat,0,0,33,1,23,0.1864,0,0,0,300
1734,26287,410,53,seat,0,1,25,1,18,0.3068,3818,3818,1,3713
1773,26287,415,56,seat,0,1,28,1,19,0.2991,11453,45812,1,3713
1802,26287,265,118,seat,1,1,23,0,9,0.0683,30541,30541,1,3713
1803,26287,275,88,seat,1,0,32,0,24,0.0621,0,0,0,163
1806,26287,297,68,seat,1,0,23,0,20,0.0582,0,0,0,163
1807,26287,362,79,seat,1,1,19,0,19,0.2963,26724,41994,1,3713
1809,26287,242,99,seat,1,1,15,1,10,0.2890,53447,164159,1,3713
1810,26287,348,66,seat,1,1,27,2,20,0.3535,26724,26724,1,3713
1812,26287,238,63,seat,0,1,5,0,5,0.4653,26724,118347,1,3713
1816,26287,275,90,seat,1,0,36,0,26,0.0286,0,0,0,1650
1818,26287,157,157,seat,0,1,13,4,4,0.6056,26724,57265,1,3713
1819,26287,349,80,seat,1,1,23,0,23,0.1979,34359,893333,1,3713
1820,26287,384,72,seat,1,1,27,0,24,0.2637,26724,26724,1,3713
1821,26287,277,118,seat,0,0,23,0,21,0.1118,0,0,0,450
1823,26287,299,78,seat,0,0,10,0,8,0.3550,0,0,0,300
1824,26287,290,114,seat,1,1,11,0,11,0.4907,11453,164159,1,3713
1825,26287,235,73,seat,0,1,5,0,5,0.6014,45812,45812,1,3713
1827,26287,380,58,seat,0,1,31,0,27,0.2996,26724,91624,1,3713
1828,26287,368,64,seat,1,0,42,1,29,0.1810,0,0,0,313
1829,26287,121,70,seat,0,0,2,0,2,0.9268,0,0,0,1500
1830,26287,278,128,seat,1,0,21,0,19,0.2667,0,0,0,450
1831,26287,402,59,seat,0,1,24,1,23,0.2251,57265,778803,1,3713
1832,26287,356,60,seat,0,0,23,3,17,0.5064,0,0,0,300
1833,26287,350,91,seat,1,0,27,0,26,0.0000,0,0,0,313
1834,26287,352,78,seat,1,0,19,0,19,0.2199,0,0,0,1500
1835,26287,238,112,seat,0,1,5,0,5,0.6966,26724,179430,1,3713
18,26287,281,95,seat,0,1,39,0,23,0.0000,15271,15271,4,3713
1498,26287,351,68,seat,0,1,28,1,22,0.2133,83989,83989,1,3713
1525,26287,415,62,seat,0,1,20,1,14,0.2414,7635,7635,1,3713
1247,26287,265,48,seat,0,1,24,0,14,0.3632,7635,7635,1,3713
1524,26287,250,51,seat,0,1,19,0,7,0.2778,19088,19088,1,3713
1840,26300,273,145,land,0,1,10,10,0,1.0000,19088,19088,1,3700
1856,26400,304,65,land,0,0,20,0,19,0.0775,0,0,0,3600
1836,26437,358,60,seat,0,0,28,3,21,0.4635,0,0,0,150
1837,26437,269,114,seat,0,0,20,0,16,0.1242,0,0,0,300
1838,26437,344,76,seat,0,0,14,0,14,0.3368,0,0,0,1950
1839,26437,233,73,seat,0,0,5,0,5,0.6136,0,0,0,1650
1841,26437,406,53,seat,0,0,25,0,20,0.2271,0,0,0,150
1843,26437,409,56,seat,1,1,33,1,24,0.2099,34359,45812,1,3563
1844,26437,276,63,seat,1,1,29,0,22,0.0305,34359,133618,1,3563
1845,26437,267,77,seat,1,0,12,0,10,0.1310,0,0,0,163
1847,26437,284,112,seat,1,1,22,0,22,0.0920,11453,11453,1,3563
1849,26437,288,112,seat,1,1,18,0,18,0.3190,34359,34359,1,3563
1850,26437,389,68,seat,1,0,33,0,30,0.0561,0,0,0,163
1851,26437,275,119,seat,1,0,23,0,21,0.1118,0,0,0,163
1852,26437,402,64,seat,1,1,22,0,22,0.2260,30541,30541,1,3563
1853,26437,244,106,seat,1,0,13,0,12,0.3228,0,0,0,3063
1854,26437,347,97,seat,1,1,21,0,19,0.0000,34359,34359,1,3563
1855,26437,288,72,seat,1,1,25,0,21,0.0253,38177,38177,1,3563
1489,26437,359,64,seat,1,0,36,0,28,0.1584,0,0,1,3563
1255,26437,264,48,seat,0,1,25,0,15,0.3586,38177,148889,1,3563
1368,26437,394,84,seat,0,1,11,2,6,0.4832,26724,190883,1,3563
1694,26496,394,78,seat,1,0,22,2,17,0.3272,0,0,0,241
1749,26496,305,99,seat,0,0,1,0,1,0.8926,0,0,0,1291
1751,26496,383,100,seat,0,0,0,0,0,0.9775,0,0,0,1291
1870,26500,275,55,land,0,0,23,0,19,0.4052,0,0,0,3500
1871,26500,273,78,land,0,0,16,0,11,0.1031,0,0,0,3500
1002,26587,278,136,seat,0,1,23,13,9,0.7399,22906,22906,1,3413
1226,26587,365,56,seat,0,1,14,3,8,0.7407,7635,137436,1,3413
1300,26587,396,78,seat,0,1,19,1,15,0.3077,41994,61083,1,3413
1479,26587,279,132,seat,0,1,19,5,13,0.4970,22906,22906,1,3413
1678,26587,275,133,seat,0,1,21,4,16,0.4734,34359,34359,1,3413
1748,26587,295,43,seat,0,1,0,0,0,0.9902,11453,129800,1,3413
1750,26587,234,111,seat,0,1,3,0,3,0.8158,45812,45812,1,3413
1860,26587,400,61,seat,0,1,26,0,26,0.1896,19088,778803,2,3413
1861,26587,344,70,seat,0,1,18,0,16,0.4293,26724,26724,1,3413
1862,26587,251,58,seat,1,1,19,0,13,0.1480,34359,34359,1,3413
1863,26587,296,66,seat,1,1,23,0,21,0.0556,30541,30541,1,3413
1864,26587,412,51,seat,0,1,20,1,12,0.4636,22906,68718,1,3413
1865,26587,243,111,seat,1,0,11,0,10,0.2059,0,0,1,3413
1866,26587,366,58,seat,1,0,26,3,16,0.5612,0,0,0,300
1868,26587,340,67,seat,0,0,17,0,15,0.4789,0,0,0,300
1873,26587,276,83,seat,1,0,30,0,25,0.0807,0,0,0,313
1874,26587,358,60,seat,1,0,30,4,23,0.4635,0,0,0,300
1877,26587,356,60,seat,1,0,25,4,19,0.5064,0,0,0,300
1878,26587,150,165,seat,1,1,2,0,2,0.7039,30541,30541,1,3413
1879,26587,276,81,seat,1,1,25,0,22,0.0652,11453,49630,1,3413
1880,26587,275,92,seat,1,0,39,0,29,0.0057,0,0,0,3300
1881,26587,363,71,seat,1,0,19,0,16,0.3930,0,0,0,2550
1882,26587,271,110,seat,1,1,24,0,23,0.1273,26724,26724,1,3413
1883,26587,357,77,seat,1,1,15,0,15,0.2880,26724,26724,1,3413
1884,26587,238,97,seat,1,1,11,1,9,0.4451,38177,38177,1,3413
1885,26587,393,88,seat,1,1,5,2,3,0.4571,91624,190883,1,3413
1886,26587,259,119,seat,1,1,30,0,20,0.0253,30541,53447,1,3413
1887,26587,274,78,seat,1,0,17,0,14,0.0816,0,0,0,313
1888,26587,280,87,seat,1,0,34,0,26,0.0000,0,0,0,463
1889,26587,249,102,seat,0,1,15,0,14,0.2023,11453,11453,1,3413
1890,26587,298,78,seat,1,0,11,0,10,0.3256,0,0,0,300
1891,26587,294,109,seat,0,0,14,0,12,0.3250,0,0,0,313
1695,26587,259,72,seat,1,0,10,0,10,0.0182,0,0,0,2700
1105,26587,236,101,seat,0,1,10,1,9,0.4798,49630,49630,2,3413
1279,26587,267,50,seat,0,1,24,0,17,0.4253,34359,34359,1,3413
1679,26587,162,160,seat,1,1,14,4,4,0.5287,19088,19088,1,3413
1434,26587,251,60,seat,0,1,18,0,13,0.0904,19088,156524,1,3413
1902,26600,299,68,land,0,0,27,0,24,0.0556,0,0,0,3400
1922,26700,273,55,land,0,0,26,0,20,0.3750,0,0,0,3300
1923,26700,340,67,land,0,0,17,0,15,0.4789,0,0,0,3300
1892,26737,279,95,seat,1,0,40,0,29,0.0000,0,0,0,163
1893,26737,359,62,seat,1,1,35,1,29,0.2870,11453,893333,1,3263
1894,26737,119,68,seat,0,1,3,0,3,0.9289,15271,53447,2,3263
1895,26737,288,108,seat,1,1,29,0,20,0.1617,15271,15271,1,3263
1896,26737,396,71,seat,1,1,20,0,18,0.1866,15271,80171,1,3263
1898,26737,297,74,seat,1,1,21,0,18,0.0968,53447,53447,1,3263
1900,26737,254,61,seat,1,1,18,0,14,0.0972,34359,34359,2,3263
1901,26737,300,61,seat,1,1,17,0,16,0.0726,45812,45812,1,3263
1903,26737,273,119,seat,1,0,26,0,24,0.0807,0,0,0,163
1904,26737,394,78,seat,1,1,22,2,17,0.3272,38177,38177,1,3263
1906,26737,289,110,seat,0,1,25,0,20,0.2364,34359,34359,1,3263
1907,26737,277,118,seat,1,0,23,0,21,0.1118,0,0,0,2700
1909,26737,295,63,seat,1,1,23,0,22,0.0577,19088,255783,1,3263
1911,26737,254,123,seat,1,1,14,0,12,0.0000,30541,179430,1,3263
1912,26737,268,128,seat,1,1,15,0,11,0.2182,7635,30541,1,3263
1913,26737,342,69,seat,1,1,19,0,17,0.4444,30541,30541,1,3263
1915,26737,285,67,seat,1,1,23,0,19,0.0074,45812,45812,1,3263
1916,26737,297,68,seat,1,0,24,0,21,0.0529,0,0,0,163
1919,26737,278,128,seat,1,0,21,1,19,0.2667,0,0,0,2763
1921,26737,286,120,seat,1,1,14,0,14,0.4286,34359,64900,1,3263
1924,26737,376,61,seat,1,1,38,1,29,0.1778,34359,64900,1,3263
1926,26737,269,114,seat,1,1,22,0,19,0.1242,15271,988774,1,3263
1927,26737,267,52,seat,1,0,28,0,19,0.3966,0,0,0,163
358,26737,266,121,seat,0,1,24,0,13,0.0248,11453,179430,1,3263
573,26737,351,64,seat,0,1,31,2,27,0.3032,7635,893333,1,3263
1452,26784,270,127,seat,0,1,20,0,19,0.0736,3818,3818,1,3216
1506,26784,241,101,seat,0,1,17,0,15,0.3410,26724,26724,1,3216
375,26887,277,139,seat,0,1,20,12,7,0.7977,26724,26724,1,3113
1642,26887,281,138,seat,0,0,21,13,7,0.8092,0,0,0,300
1646,26887,143,170,seat,0,1,0,0,0,0.8839,45812,45812,1,3113
1768,26887,229,105,seat,0,1,2,0,2,0.8655,7635,7635,1,3113
1928,26887,255,118,seat,1,1,23,0,20,0.0413,22906,53447,1,3113
1929,26887,267,116,seat,1,1,25,0,16,0.0807,19088,179430,1,3113
1930,26887,242,104,seat,1,1,19,0,16,0.3815,26724,164159,1,3113
1931,26887,258,121,seat,1,1,29,0,20,0.0000,34359,45812,2,3113
1933,26887,272,78,seat,0,0,16,0,13,0.0928,0,0,0,163
1934,26887,387,68,seat,1,0,39,1,35,0.0493,0,0,0,163
1935,26887,273,115,seat,1,1,27,0,25,0.0248,34359,34359,1,3113
1936,26887,273,84,seat,1,0,30,0,25,0.0925,0,0,0,2313
1937,26887,280,85,seat,1,0,31,0,24,0.0429,0,0,0,3000
1939,26887,407,69,seat,0,0,11,0,11,0.1563,0,0,0,450
1940,26887,340,67,seat,0,0,17,0,16,0.5305,0,0,0,300
1941,26887,248,77,seat,1,1,17,0,14,0.2961,22906,22906,1,3113
1942,26887,289,76,seat,1,0,19,0,19,0.1316,0,0,0,300
1943,26887,344,98,seat,1,0,20,0,19,0.0000,0,0,0,313
1944,26887,303,105,seat,1,1,5,0,5,0.3818,15271,15271,1,3113
1945,26887,273,91,seat,1,0,34,0,25,0.0114,0,0,0,313
1947,26887,391,66,seat,0,0,35,0,33,0.1020,0,0,0,450
1948,26887,346,67,seat,1,1,22,1,20,0.4319,26724,26724,1,3113
1949,26887,252,75,seat,1,0,20,0,17,0.1522,0,0,0,313
1950,26887,242,60,seat,1,0,13,1,12,0.2609,0,0,0,450
1951,26887,417,61,seat,1,0,18,1,13,0.2446,0,0,0,450
1952,26887,379,63,seat,1,1,43,1,38,0.0359,38177,38177,1,3113
1953,26887,277,89,seat,1,0,37,0,28,0.0056,0,0,0,1350
1956,26887,299,32,seat,1,0,3,0,3,0.8788,0,0,0,300
1957,26887,244,53,seat,0,1,18,1,11,0.3413,3818,156524,1,3113
1958,26887,279,139,seat,0,1,22,14,7,0.8092,26724,26724,1,3113
1959,26887,245,53,seat,0,0,18,1,11,0.3006,0,0,0,450
1960,26887,289,116,seat,0,1,15,0,14,0.4099,15271,164159,1,3113
802,26887,417,59,seat,0,1,22,1,17,0.2849,34359,34359,1,3113
1296,26887,262,51,seat,0,1,25,0,14,0.2477,30541,61083,1,3113
1359,26887,387,82,seat,0,1,11,0,7,0.6175,103077,893333,1,3113
1785,26887,271,119,seat,1,1,27,0,23,0.0559,22906,57265,1,3113
1969,26900,273,58,land,0,0,21,0,19,0.2347,0,0,0,3100
1970,26900,285,84,land,0,0,20,0,19,0.0952,0,0,0,3100
1988,27000,243,55,land,0,0,18,0,14,0.3006,0,0,0,3000
1964,27037,117,77,seat,0,0,1,0,1,0.5461,0,0,0,1500
1965,27037,250,96,seat,1,0,8,0,8,0.4393,0,0,0,900
1966,27037,247,54,seat,1,0,30,2,23,0.0684,0,0,0,300
1967,27037,140,131,seat,0,1,5,1,3,0.6933,76353,106895,1,2963
1968,27037,253,49,seat,1,1,20,1,13,0.1096,30541,156524,2,2963
1972,27037,247,101,seat,0,1,18,0,18,0.1503,34359,34359,1,2963
1973,27037,238,56,seat,0,1,14,2,11,0.2556,49630,99259,3,2963
1974,27037,138,126,seat,0,1,5,0,4,0.5839,15271,15271,1,2963
1975,27037,295,118,seat,1,0,7,0,7,0.5043,0,0,0,163
1976,27037,346,89,seat,1,0,30,0,29,0.1017,0,0,0,300
1980,27037,141,120,seat,0,1,4,0,3,0.6835,255783,255783,2,2963
1981,27037,344,86,seat,1,0,22,0,21,0.2147,0,0,0,300
1983,27037,250,54,seat,1,0,27,3,18,0.0306,0,0,0,300
1984,27037,140,127,seat,0,1,5,0,5,0.5590,15271,80171,1,2963
1985,27037,393,65,seat,1,1,31,0,30,0.0619,15271,778803,1,2963
1986,27037,248,56,seat,1,1,28,2,22,0.0303,11453,156524,1,2963
1987,27037,140,125,seat,0,1,5,0,4,0.4969,34359,80171,1,2963
1991,27037,245,55,seat,0,1,25,2,19,0.1070,19088,34359,1,2963
1992,27037,347,89,seat,1,1,30,0,28,0.0847,7635,26724,1,2963
1993,27037,346,87,seat,1,1,26,0,25,0.1299,11453,893333,1,2963
520,27037,342,67,seat,0,0,19,0,19,0.4930,0,0,0,2400
1858,27072,411,49,seat,0,1,12,0,10,0.6045,15271,68718,1,2928
1697,27072,81,58,seat,0,0,1,0,1,1.0000,0,0,0,1165
2008,27100,334,66,land,0,0,10,0,9,0.7721,0,0,0,2900
1253,27187,283,136,seat,0,1,20,10,10,0.6705,7635,49630,1,2813
1738,27187,256,42,seat,0,1,1,0,1,0.8742,30541,45812,1,2813
1994,27187,411,69,seat,0,1,8,0,8,0.2442,22906,83989,1,2813
1995,27187,158,164,seat,1,1,12,0,10,0.2670,15271,72536,1,2813
1996,27187,247,72,seat,1,1,18,0,17,0.1552,45812,45812,2,2813
1997,27187,247,58,seat,1,1,27,2,21,0.0638,45812,156524,1,2813
1998,27187,343,95,seat,1,0,25,0,23,0.0604,0,0,0,1950
1999,27187,371,66,seat,1,1,36,2,29,0.1721,7635,7635,1,2813
2000,27187,240,99,seat,1,0,17,0,16,0.3179,0,0,0,313
2001,27187,340,67,seat,1,0,17,0,16,0.5399,0,0,0,300
2002,27187,246,60,seat,1,0,23,1,21,0.0714,0,0,0,1950
2003,27187,289,76,seat,1,0,19,0,15,0.2632,0,0,0,300
2004,27187,299,32,seat,1,0,3,0,3,0.8598,0,0,0,300
2007,27187,240,57,seat,1,0,16,2,13,0.1935,0,0,0,1950
2011,27187,356,60,seat,1,1,27,2,21,0.4979,15271,15271,1,2813
2013,27187,274,50,seat,1,1,23,0,20,0.3968,34359,34359,1,2813
2014,27187,215,35,seat,0,0,0,0,0,1.0000,0,0,0,1650
2015,27187,370,66,seat,1,1,35,2,26,0.1674,22906,22906,1,2813
2016,27187,123,69,seat,0,1,3,0,3,0.7343,19088,19088,2,2813
2017,27187,74,55,seat,0,1,1,0,1,1.0000,34359,57265,1,2813
2018,27187,356,58,seat,0,1,20,2,14,0.6498,19088,19088,1,2813
2020,27187,237,108,seat,0,1,10,0,10,0.5238,41994,41994,1,2813
2021,27187,300,59,seat,1,0,15,0,12,0.1406,0,0,0,313
2022,27187,258,107,seat,1,0,9,0,9,0.1183,0,0,0,600
2023,27187,374,61,seat,1,0,39,3,32,0.2089,0,0,0,313
2024,27187,258,108,seat,1,1,9,0,9,0.1257,30541,30541,1,2813
2025,27187,269,123,seat,1,1,24,0,19,0.0186,34359,34359,1,2813
2026,27187,236,103,seat,1,1,13,0,12,0.4162,30541,30541,1,2813
2027,27187,389,80,seat,1,0,20,0,17,0.4118,0,0,0,313
2028,27187,281,138,seat,0,1,21,12,9,0.6994,22906,183248,1,2813
223,27187,276,60,seat,0,1,24,0,18,0.1202,38177,38177,1,2813
1685,27187,363,61,seat,1,1,36,0,26,0.3200,19088,893333,1,2813
1435,27187,260,49,seat,0,1,26,1,19,0.1958,11453,164159,1,2813
1306,27187,393,80,seat,0,1,19,0,17,0.2874,22906,893333,2,2813
1456,27187,251,56,seat,0,1,28,2,22,0.0383,19088,76353,2,2813
2068,27300,341,75,land,0,0,15,0,14,0.2132,0,0,0,2700
2029,27337,260,107,seat,1,1,13,0,13,0.1657,26724,988774,1,2663
2032,27337,286,125,seat,1,1,9,0,6,0.3924,68718,68718,1,2663
2033,27337,277,71,seat,1,0,20,0,16,0.0104,0,0,0,163
2034,27337,260,105,seat,1,1,16,0,16,0.1387,15271,988774,1,2663
2035,27337,396,64,seat,0,0,30,0,30,0.0688,0,0,0,163
2036,27337,248,79,seat,1,0,14,0,12,0.4892,0,0,0,450
2038,27337,417,61,seat,1,1,20,0,16,0.1151,64900,64900,1,2663
2039,27337,274,78,seat,1,1,17,0,14,0.0408,15271,30541,1,2663
2040,27337,256,107,seat,1,1,16,0,16,0.1302,19088,19088,1,2663
2041,27337,157,162,seat,1,1,15,0,15,0.2247,45812,72536,2,2663
2042,27337,391,66,seat,0,1,35,0,32,0.0153,19088,45812,1,2663
2043,27337,270,129,seat,1,1,21,0,21,0.1939,22906,30541,1,2663
2044,27337,407,69,seat,0,1,13,1,11,0.1146,15271,15271,1,2663
2045,27337,246,53,seat,1,1,27,0,20,0.1648,80171,80171,1,2663
2046,27337,298,78,seat,1,1,11,0,10,0.3837,15271,15271,1,2663
2047,27337,350,91,seat,1,1,30,0,29,0.0272,11453,11453,1,2663
2048,27337,267,52,seat,1,1,28,0,22,0.2405,34359,34359,1,2663
2049,27337,253,56,seat,1,0,36,0,28,0.0737,0,0,0,163
2050,27337,242,60,seat,1,1,18,0,15,0.1615,41994,41994,1,2663
2052,27337,345,90,seat,1,1,27,0,27,0.0914,26724,26724,1,2663
2053,27337,412,58,seat,1,0,35,0,30,0.0705,0,118347,1,2663
2054,27337,272,78,seat,1,0,15,0,11,0.1134,0,0,0,163
2055,27337,254,108,seat,1,1,18,0,18,0.1265,34359,34359,2,2663
2056,27337,268,118,seat,1,1,34,0,24,0.0186,26724,26724,1,2663
2057,27337,409,71,seat,0,0,10,2,8,0.2639,0,0,0,1950
2058,27337,248,54,seat,1,1,33,0,25,0.0829,19088,156524,1,2663
2059,27337,258,45,seat,0,1,16,0,13,0.2975,22906,148889,1,2663
2060,27337,149,161,seat,1,1,6,0,6,0.5287,19088,57265,1,2663
2061,27337,410,61,seat,0,0,35,0,32,0.0408,0,0,0,2550
2063,27337,254,106,seat,1,1,15,0,15,0.1420,19088,19088,1,2663
2064,27337,266,124,seat,1,1,26,0,20,0.0373,30541,30541,1,2663
2065,27337,279,65,seat,1,0,28,0,22,0.0132,0,0,0,1050
2066,27337,250,54,seat,1,1,31,0,22,0.0459,3818,38177,1,2663
2067,27337,257,54,seat,1,1,30,0,21,0.0826,57265,164159,2,2663
2069,27337,284,79,seat,1,0,16,0,16,0.1570,0,0,0,1050
2070,27337,261,103,seat,1,1,18,0,17,0.0751,34359,34359,2,2663
2071,27337,144,124,seat,1,0,5,0,5,0.5839,0,0,0,1800
2072,27337,254,51,seat,1,0,30,0,23,0.0447,0,0,0,163
1721,27337,411,55,seat,0,1,31,0,27,0.2105,11453,11453,1,2663
1848,27337,163,163,seat,1,0,11,2,8,0.3472,0,0,0,2400
1713,27337,162,158,seat,0,1,16,2,13,0.5141,3818,22906,1,2663
1631,27337,256,51,seat,0,1,30,0,21,0.0681,15271,45812,1,2663
1875,27360,158,155,seat,0,1,15,2,11,0.6497,19088,19088,2,2640
227,27487,277,141,seat,0,1,20,11,9,0.7746,3818,3818,1,2513
285,27487,286,137,seat,0,1,18,14,4,0.8382,41994,183248,1,2513
304,27487,279,141,seat,0,1,21,12,9,0.7572,7635,183248,1,2513
421,27487,274,142,seat,0,1,14,9,5,0.8902,19088,87806,1,2513
1314,27487,155,152,seat,0,0,7,0,7,0.8531,0,34359,0,2413
1331,27487,162,154,seat,0,0,11,2,7,0.7401,0,0,0,2400
1396,27487,157,153,seat,0,0,11,1,8,0.7627,0,0,0,1963
2073,27487,286,82,seat,1,1,16,0,15,0.2690,41994,41994,1,2513
2074,27487,262,108,seat,1,1,16,0,15,0.2096,11453,988774,1,2513
2075,27487,268,67,seat,1,0,20,0,18,0.0261,0,0,0,1500
2076,27487,249,52,seat,1,1,28,0,20,0.0872,30541,30541,1,2513
2077,27487,290,117,seat,0,1,16,0,14,0.2956,26724,26724,1,2513
2084,27487,288,76,seat,1,0,19,0,18,0.1690,0,0,0,300
2086,27487,267,110,seat,0,1,20,0,17,0.1879,3818,19088,1,2513
2087,27487,340,67,seat,1,0,17,0,17,0.5070,0,0,0,300
2088,27487,400,80,seat,0,1,8,0,7,0.3293,22906,57265,1,2513
2089,27487,289,76,seat,1,0,19,0,18,0.1645,0,0,0,300
2090,27487,112,64,seat,0,1,6,0,6,0.6968,49630,49630,2,2513
2091,27487,299,32,seat,1,0,3,0,3,0.8674,0,0,0,300
2092,27487,270,36,seat,0,1,10,0,6,0.6406,11453,11453,1,2513
2093,27487,258,132,seat,0,1,5,0,4,0.6327,11453,11453,2,2513
2094,27487,275,88,seat,1,0,30,0,26,0.1186,0,0,0,1200
2095,27487,254,97,seat,1,1,8,0,6,0.3757,72536,72536,1,2513
2097,27487,113,66,seat,0,1,7,0,7,0.5302,11453,11453,1,2513
2098,27487,262,41,seat,0,1,14,0,13,0.6198,41994,148889,1,2513
2099,27487,293,108,seat,1,1,18,0,14,0.2062,34359,76353,1,2513
2100,27487,257,128,seat,1,0,11,0,10,0.2500,0,0,0,1200
2101,27487,282,80,seat,1,1,21,0,18,0.0560,26724,26724,1,2513
2102,27487,277,95,seat,1,1,36,0,29,0.0000,26724,423760,1,2513
2103,27487,358,60,seat,0,1,32,3,24,0.4292,34359,34359,1,2513
2104,27487,268,108,seat,1,1,20,0,19,0.2036,26724,26724,1,2513
2105,27487,156,166,seat,1,1,9,0,9,0.3333,15271,15271,1,2513
2106,27487,274,128,seat,1,1,29,0,28,0.0848,30541,41994,1,2513
2107,27487,115,66,seat,1,1,9,0,9,0.5070,19088,19088,1,2513
2108,27487,270,38,seat,0,1,13,0,9,0.5542,15271,125983,1,2513
2110,27487,285,93,seat,1,0,28,0,21,0.0000,0,0,0,313
2111,27487,256,112,seat,1,1,24,0,23,0.0833,34359,34359,1,2513
2112,27487,111,67,seat,1,1,7,0,7,0.5164,26724,26724,1,2513
2113,27487,268,131,seat,1,1,14,1,13,0.4012,61083,91624,1,2513
2114,27487,272,86,seat,1,0,25,0,22,0.2784,0,0,0,1200
2115,27487,282,85,seat,1,0,29,0,21,0.0129,0,0,0,1950
2116,27487,253,104,seat,1,1,17,0,17,0.1272,45812,988774,1,2513
2118,27487,99,57,seat,0,1,0,0,0,1.0000,26724,26724,1,2513
636,27487,263,125,seat,0,1,23,0,18,0.1056,15271,988774,1,2513
1905,27487,285,59,seat,1,1,18,0,13,0.0915,15271,15271,1,2513
416,27487,263,62,seat,0,1,18,0,14,0.1220,34359,110712,1,2513
906,27487,418,57,seat,0,1,22,0,18,0.2708,152706,167977,2,2513
1347,27487,390,84,seat,0,1,13,0,10,0.4885,80171,80171,1,2513
2126,27500,337,86,land,0,0,11,0,9,0.2800,0,0,0,2500
2127,27500,270,89,land,0,0,19,0,16,0.3785,0,0,0,2500
2154,27600,262,69,land,0,1,10,0,9,0.0000,11453,11453,1,2400
2155,27600,268,85,land,0,0,16,0,13,0.4186,0,0,0,2400
2121,27637,268,112,seat,0,1,27,0,26,0.1288,15271,19088,1,2363
2122,27637,288,54,seat,1,1,17,0,12,0.4673,30541,129800,1,2363
2123,27637,113,68,seat,0,1,10,0,10,0.3081,7635,57265,1,2363
2125,27637,263,131,seat,0,1,19,2,16,0.4103,30541,30541,1,2363
2128,27637,273,89,seat,1,0,30,0,24,0.1243,0,0,0,1050
2129,27637,259,103,seat,1,0,24,0,22,0.0289,0,0,0,1200
2130,27637,160,159,seat,1,0,19,0,15,0.2179,0,0,0,300
2131,27637,392,73,seat,1,1,30,0,27,0.0536,34359,34359,1,2363
2132,27637,344,66,seat,1,1,23,1,22,0.4744,3818,3818,1,2363
2133,27637,117,64,seat,1,1,10,0,10,0.5656,38177,53447,1,2363
2136,27637,253,40,seat,0,1,5,0,5,0.6867,15271,80171,1,2363
2137,27637,281,89,seat,1,1,35,1,29,0.0714,53447,423760,3,2363
2138,27637,256,99,seat,1,1,20,0,19,0.2428,41994,41994,2,2363
2139,27637,278,126,seat,1,1,22,0,19,0.0736,26724,26724,1,2363
2140,27637,398,62,seat,1,0,29,0,28,0.0900,0,0,0,163
2142,27637,108,66,seat,0,1,8,0,8,0.6140,19088,19088,1,2363
2143,27637,78,70,seat,0,1,0,0,0,0.9492,22906,22906,1,2363
2145,27637,274,86,seat,1,0,30,0,26,0.0960,0,0,0,1050
2146,27637,252,107,seat,1,1,21,0,20,0.0719,15271,15271,2,2363
2147,27637,155,156,seat,0,1,14,0,12,0.4246,45812,45812,2,2363
2148,27637,384,69,seat,1,1,36,1,32,0.1014,34359,34359,1,2363
2149,27637,251,103,seat,0,1,25,0,25,0.0867,30541,988774,1,2363
2151,27637,262,106,seat,1,1,21,0,20,0.1420,53447,53447,1,2363
2152,27637,263,134,seat,0,1,13,4,8,0.6456,22906,22906,1,2363
2153,27637,260,49,seat,1,1,31,0,24,0.0794,15271,91624,2,2363
2156,27637,415,56,seat,1,0,30,0,28,0.2735,0,0,0,163
2157,27637,255,101,seat,1,1,23,0,22,0.1329,19088,19088,1,2363
2158,27637,379,54,seat,0,1,14,1,13,0.5870,30541,129800,1,2363
2159,27637,269,90,seat,0,1,19,0,15,0.3371,22906,57265,2,2363
2160,27637,262,55,seat,0,1,31,0,24,0.1915,30541,61083,1,2363
2161,27637,236,63,seat,1,1,7,0,7,0.4155,45812,45812,1,2363
2162,27637,262,129,seat,1,1,23,1,19,0.2568,19088,179430,1,2363
1918,27637,364,59,seat,1,1,32,2,24,0.3745,15271,15271,1,2363
1406,27637,419,59,seat,0,0,18,0,16,0.2549,0,0,0,2100
1097,27637,414,53,seat,0,1,25,0,24,0.4223,11453,45812,1,2363
2019,27637,242,53,seat,0,1,20,1,14,0.2635,49630,49630,1,2363
814,27648,264,114,seat,0,1,23,0,19,0.1677,22906,988774,1,2352
1961,27648,411,40,seat,0,0,0,0,0,1.0000,0,0,0,1039
2193,27700,264,54,land,0,0,29,0,24,0.2375,0,0,0,2300
2194,27700,287,90,land,1,0,23,1,20,0.2556,0,0,0,237
903,27787,286,86,seat,0,1,20,0,17,0.1745,7635,7635,1,2213
1554,27787,391,52,seat,0,1,11,0,11,0.4826,22906,778803,1,2213
1696,27787,272,139,seat,0,1,17,2,10,0.5318,22906,87806,1,2213
1979,27787,378,101,seat,0,1,4,0,4,0.6475,61083,568831,2,2213
2009,27787,108,47,seat,0,1,1,0,1,0.7007,167977,167977,2,2213
2163,27787,410,53,seat,1,0,27,0,26,0.3068,0,0,0,313
2165,27787,257,101,seat,1,1,26,0,23,0.0809,15271,988774,1,2213
2166,27787,331,82,seat,1,1,7,0,5,0.4658,7635,87806,1,2213
2170,27787,381,98,seat,0,0,3,0,3,0.6303,0,0,0,1350
2173,27787,257,41,seat,1,1,7,0,7,0.6125,11453,133618,1,2213
2174,27787,266,128,seat,1,1,28,0,25,0.1212,7635,91624,1,2213
2175,27787,179,125,seat,0,1,0,0,0,0.7273,3818,68718,1,2213
2176,27787,263,125,seat,1,1,30,0,26,0.0124,15271,179430,1,2213
2177,27787,256,103,seat,1,1,28,0,25,0.0462,22906,22906,1,2213
2178,27787,121,72,seat,0,1,9,0,8,0.7150,34359,34359,1,2213
2179,27787,160,166,seat,1,1,10,0,10,0.2657,15271,72536,1,2213
2180,27787,329,70,seat,0,0,5,0,5,0.6537,0,0,0,450
2182,27787,283,140,seat,0,1,21,5,10,0.3095,19088,183248,1,2213
2183,27787,106,61,seat,0,1,4,0,4,0.9067,19088,19088,1,2213
2185,27787,259,101,seat,1,1,28,0,25,0.0694,26724,26724,1,2213
2186,27787,266,127,seat,1,1,28,0,24,0.0798,22906,91624,1,2213
2187,27787,362,71,seat,1,1,22,0,20,0.3085,22906,22906,2,2213
2188,27787,393,80,seat,1,1,21,0,20,0.1264,34359,57265,1,2213
2189,27787,282,134,seat,1,1,23,1,18,0.2370,34359,34359,1,2213
2190,27787,111,52,seat,0,1,2,0,2,0.7761,91624,91624,2,2213
2191,27787,264,129,seat,0,1,25,1,21,0.1951,30541,30541,1,2213
2192,27787,308,99,seat,0,1,1,0,1,0.8515,22906,99259,1,2213
2196,27787,265,108,seat,0,1,27,0,25,0.0479,22906,988774,1,2213
2197,27787,264,57,seat,1,1,23,0,21,0.0783,34359,34359,1,2213
2198,27787,262,127,seat,1,1,27,0,23,0.0592,34359,34359,1,2213
2199,27787,258,42,seat,1,1,10,0,10,0.5316,30541,148889,2,2213
2200,27787,258,112,seat,1,1,27,0,26,0.0245,26724,26724,1,2213
2201,27787,356,85,seat,1,1,27,0,26,0.0403,34359,893333,1,2213
2202,27787,251,98,seat,1,1,17,0,16,0.2428,22906,22906,1,2213
2203,27787,249,62,seat,1,1,17,0,16,0.0741,19088,248148,1,2213
2204,27787,257,126,seat,1,0,19,0,17,0.0093,0,0,0,1650
2206,27787,302,53,seat,0,1,10,0,6,0.5449,26724,133618,1,2213
2207,27787,266,112,seat,0,1,29,0,29,0.0245,26724,26724,1,2213
2208,27787,75,59,seat,0,1,2,0,2,0.9007,41994,41994,2,2213
2209,27787,361,67,seat,1,1,38,1,32,0.1784,26724,103077,1,2213
2210,27787,295,118,seat,1,0,9,0,9,0.2735,0,0,0,313
123,27787,263,118,seat,0,1,27,0,23,0.0248,11453,11453,1,2213
229,27787,261,117,seat,0,1,33,0,30,0.0248,11453,988774,1,2213
280,27787,263,116,seat,0,1,29,0,27,0.0248,11453,988774,1,2213
512,27787,265,116,seat,0,1,29,0,28,0.0248,7635,7635,1,2213
602,27787,261,115,seat,0,1,30,0,30,0.0248,22906,22906,1,2213
1289,27787,265,50,seat,0,1,30,0,28,0.1468,15271,15271,1,2213
2215,27800,264,58,land,0,0,23,0,21,0.0664,0,0,0,2200
2216,27800,264,86,land,0,0,7,0,6,0.6936,0,0,0,2200
2248,27900,271,53,land,0,0,24,0,22,0.2267,0,0,0,2100
2249,27900,287,90,land,0,0,23,0,18,0.1805,0,0,0,2100
2078,27936,423,48,seat,0,0,0,0,0,0.9375,0,0,0,1201
2080,27936,261,138,seat,0,0,6,2,3,0.8881,0,0,0,1201
2081,27936,144,179,seat,0,0,0,0,0,0.9804,0,0,0,1201
2083,27937,113,54,seat,0,0,1,0,1,0.8664,0,0,0,1500
2117,27937,376,101,seat,0,1,3,0,3,0.5882,41994,41994,2,2063
2135,27937,258,137,seat,0,1,5,1,3,0.8137,57265,91624,1,2063
2211,27937,255,115,seat,1,1,24,0,24,0.0299,11453,11453,1,2063
2212,27937,262,110,seat,1,1,28,0,27,0.0303,45812,45812,1,2063
2214,27937,268,126,seat,0,1,31,0,28,0.0368,34359,34359,1,2063
2217,27937,412,57,seat,1,0,35,0,32,0.1314,0,0,0,163
2218,27937,258,105,seat,1,1,27,0,25,0.0058,30541,988774,1,2063
2219,27937,119,71,seat,1,1,13,0,12,0.6300,38177,38177,1,2063
2220,27937,161,162,seat,1,1,17,0,15,0.2216,53447,53447,2,2063
2221,27937,253,75,seat,1,0,19,0,18,0.1439,0,0,0,1950
2240,27937,375,84,seat,0,1,5,0,4,0.2402,41994,893333,1,2063
2224,27937,286,91,seat,0,0,25,0,19,0.0882,0,0,0,900
2225,27937,265,110,seat,0,1,26,0,26,0.0364,34359,34359,1,2063
2226,27937,160,159,seat,1,1,22,0,20,0.2682,34359,57265,1,2063
2227,27937,162,149,seat,0,1,11,1,10,0.7600,3818,3818,1,2063
2228,27937,398,85,seat,0,1,8,0,8,0.2371,26724,190883,1,2063
2229,27937,368,82,seat,1,1,14,0,13,0.1475,38177,38177,1,2063
2230,27937,281,125,seat,1,1,19,0,17,0.0870,19088,95442,1,2063
2231,27937,253,56,seat,1,0,38,0,32,0.0276,0,0,0,1050
2232,27937,254,51,seat,1,0,31,0,26,0.0112,0,0,0,163
2234,27937,269,110,seat,1,1,30,0,30,0.0121,34359,988774,1,2063
2235,27937,162,156,seat,1,1,20,0,18,0.3799,19088,22906,1,2063
2236,27937,354,86,seat,1,0,31,0,30,0.0333,0,0,0,1350
2237,27937,162,151,seat,1,1,13,0,12,0.6497,7635,34359,1,2063
2239,27937,316,71,seat,1,0,15,0,13,0.3556,0,0,0,1800
2241,27937,256,105,seat,1,1,26,0,24,0.0347,34359,34359,1,2063
2242,27937,239,107,seat,0,1,15,0,15,0.2548,26724,164159,1,2063
2243,27937,162,153,seat,1,1,17,0,15,0.5254,3818,3818,1,2063
2244,27937,143,120,seat,1,0,4,0,4,0.5776,0,0,0,1200
2245,27937,318,69,seat,0,0,15,0,12,0.3613,0,0,0,1950
2246,27937,370,84,seat,1,1,11,0,10,0.1061,41994,41994,1,2063
2247,27937,288,118,seat,1,1,18,0,17,0.1491,34359,988774,1,2063
2250,27937,171,148,seat,0,1,2,2,0,0.8743,26724,61083,1,2063
2251,27937,395,81,seat,1,0,20,0,19,0.1111,0,0,0,163
2252,27937,117,66,seat,1,1,14,0,13,0.5581,26724,26724,1,2063
2253,27937,366,71,seat,1,1,20,0,18,0.4129,15271,568831,1,2063
1859,27937,373,68,seat,0,1,32,1,28,0.2607,19088,19088,1,2063
1610,27937,236,101,seat,0,0,13,0,11,0.2890,0,0,0,1413
1373,27937,363,55,seat,0,1,16,4,11,0.7287,11453,45812,1,2063
2051,27937,258,50,seat,1,1,30,0,26,0.0316,38177,38177,1,2063
1621,27937,164,156,seat,0,1,16,0,14,0.4778,3818,19088,1,2063
1978,27937,243,55,seat,0,1,27,0,23,0.1561,7635,7635,1,2063
2141,27937,239,52,seat,0,1,14,0,13,0.3810,91624,91624,1,2063
2280,28000,265,55,land,0,0,29,0,27,0.1148,0,0,0,2000
2281,28000,267,77,land,0,0,13,0,9,0.1905,0,0,0,2000
2254,28087,287,89,seat,0,0,20,0,16,0.2174,0,0,0,450
2256,28087,354,79,seat,1,0,25,0,25,0.2381,0,0,0,150
2257,28087,246,97,seat,1,1,12,0,10,0.3179,80171,80171,1,1913
2258,28087,155,151,seat,1,1,13,0,13,0.6045,11453,72536,1,1913
2259,28087,340,67,seat,1,0,17,0,17,0.5399,0,0,0,150
2260,28087,396,87,seat,0,1,8,0,7,0.1900,30541,164159,1,1913
2261,28087,289,76,seat,1,0,17,0,15,0.1316,0,0,0,150
2262,28087,377,71,seat,1,1,20,1,18,0.4527,38177,76353,1,1913
2263,28087,299,32,seat,1,0,3,0,3,0.8447,0,0,0,150
2264,28087,287,90,seat,0,1,23,0,19,0.1805,15271,423760,1,1913
2265,28087,275,90,seat,1,1,36,0,30,0.0400,22906,22906,1,1913
2266,28087,371,58,seat,0,1,34,4,24,0.3460,19088,19088,1,1913
2267,28087,114,68,seat,1,1,17,0,15,0.2322,49630,57265,1,1913
2268,28087,153,159,seat,0,0,16,0,15,0.3967,0,0,0,1650
2269,28087,155,149,seat,0,1,9,0,9,0.6914,22906,22906,1,1913
2271,28087,258,79,seat,1,0,11,0,11,0.4809,0,0,0,150
2272,28087,240,55,seat,1,0,18,0,17,0.1399,0,0,0,313
2273,28087,298,78,seat,1,0,10,0,9,0.3605,0,0,0,1650
2274,28087,248,40,seat,0,1,4,0,4,0.5854,30541,164159,1,1913
2275,28087,229,70,seat,1,0,5,0,4,0.3846,0,0,1,1913
2277,28087,368,64,seat,1,1,46,1,38,0.1086,34359,34359,1,1913
2279,28087,383,105,seat,0,1,1,0,1,0.7273,26724,164159,1,1913
2283,28087,164,148,seat,0,1,11,2,8,0.6171,22906,22906,1,1913
2285,28087,358,79,seat,1,1,23,0,23,0.2553,26724,568831,1,1913
2291,28087,359,76,seat,1,1,17,0,17,0.3627,22906,22906,2,1913
2292,28087,231,103,seat,1,0,9,0,8,0.3237,0,0,0,1350
2294,28087,294,101,seat,1,1,13,0,13,0.2077,15271,423760,1,1913
1139,28087,265,124,seat,0,0,31,0,28,0.0062,0,0,1,1913
2304,28100,262,53,land,0,0,33,0,27,0.0873,0,0,0,1900
2327,28200,302,76,land,0,0,14,0,12,0.3077,0,0,0,1800
84,28224,343,80,seat,0,1,16,0,16,0.4171,41994,41994,1,1776
2222,28224,166,143,seat,0,1,4,1,3,0.8786,95442,95442,1,1776
578,28237,275,140,seat,0,1,19,0,15,0.4624,34359,87806,1,1763
1539,28237,275,145,seat,0,1,16,5,9,0.7225,11453,87806,1,1763
1566,28237,289,136,seat,0,1,14,7,4,0.6622,122165,133618,2,1763
1990,28237,275,144,seat,0,1,17,5,9,0.6647,34359,34359,1,1763
2169,28237,288,143,seat,0,1,17,11,3,0.6316,26724,183248,1,1763
2298,28237,123,77,seat,0,0,3,0,3,0.5368,0,0,1,1500
2299,28237,288,104,seat,1,1,27,0,25,0.0174,26724,30541,1,1763
2300,28237,398,71,seat,1,1,20,0,17,0.0185,19088,80171,1,1763
2301,28237,164,151,seat,0,1,18,2,14,0.4407,41994,41994,1,1763
2303,28237,142,174,seat,0,1,2,0,2,0.6271,34359,34359,1,1763
2305,28237,276,83,seat,1,0,31,0,23,0.0683,0,0,0,163
2306,28237,286,102,seat,1,0,30,0,27,0.0058,0,988774,1,1763
2307,28237,152,161,seat,0,1,15,0,14,0.3934,11453,57265,1,1763
2308,28237,354,88,seat,1,1,27,0,25,0.0000,26724,893333,1,1763
2310,28237,357,64,seat,1,0,40,2,36,0.1674,0,0,0,163
2311,28237,398,82,seat,0,1,12,0,11,0.0545,38177,38177,1,1763
2313,28237,299,92,seat,0,1,0,0,0,0.6258,3818,3818,1,1763
2314,28237,286,104,seat,1,1,29,0,26,0.0058,26724,80171,1,1763
2316,28237,276,105,seat,1,1,32,0,25,0.0116,22906,22906,1,1763
2317,28237,389,68,seat,1,1,39,0,35,0.0000,15271,45812,1,1763
2318,28237,275,119,seat,1,1,25,0,23,0.0311,26724,99259,1,1763
2319,28237,76,56,seat,0,1,3,0,3,0.8621,57265,57265,1,1763
2320,28237,160,148,seat,0,1,13,1,12,0.5657,26724,34359,1,1763
2321,28237,150,167,seat,1,1,7,0,7,0.5080,45812,45812,1,1763
2323,28237,284,103,seat,1,1,35,0,30,0.0058,30541,80171,1,1763
2324,28237,270,61,seat,1,0,24,0,18,0.1429,0,0,0,163
2325,28237,107,70,seat,0,1,7,0,7,0.6000,26724,26724,1,1763
2328,28237,222,99,seat,0,1,1,0,1,0.8661,3818,76353,1,1763
2329,28237,406,53,seat,1,0,27,0,25,0.2151,0,0,0,300
2330,28237,285,93,seat,1,0,30,0,22,0.0000,0,0,0,463
2331,28237,365,70,seat,1,1,25,0,24,0.3561,26724,26724,1,1763
2332,28237,286,108,seat,1,1,30,0,27,0.0299,22906,22906,1,1763
2333,28237,354,79,seat,0,0,25,0,25,0.2381,0,0,0,300
2334,28237,240,105,seat,0,1,20,0,19,0.1802,34359,34359,1,1763
2335,28237,335,79,seat,1,0,11,0,10,0.5851,0,0,0,1200
2336,28237,157,152,seat,1,1,16,0,16,0.4181,38177,38177,1,1763
2337,28237,340,67,seat,1,0,17,0,17,0.5399,0,0,0,300
2338,28237,248,79,seat,1,0,15,0,15,0.4032,0,0,0,600
2339,28237,233,100,seat,1,0,11,0,10,0.3988,0,0,0,300
2340,28237,299,32,seat,1,0,3,0,3,0.8447,0,0,0,300
2341,28237,288,97,seat,1,1,24,0,22,0.0219,41994,41994,1,1763
2359,28300,315,73,land,0,0,13,0,12,0.6087,0,0,0,1700
2360,28300,256,63,land,0,0,14,0,13,0.0678,0,0,0,1700
2361,28300,282,70,land,0,0,22,0,19,0.0080,0,0,0,1700
2342,28387,120,66,seat,0,1,15,0,13,0.4558,11453,11453,1,1613
2343,28387,280,106,seat,1,1,33,0,29,0.0000,19088,988774,1,1613
2345,28387,251,75,seat,1,0,21,0,19,0.0851,0,0,0,313
2346,28387,224,99,seat,0,1,7,0,7,0.8092,22906,72536,1,1613
2347,28387,161,168,seat,1,1,6,0,6,0.3636,26724,26724,1,1613
2348,28387,388,74,seat,1,1,31,1,28,0.1598,34359,34359,1,1613
2349,28387,270,133,seat,1,1,20,1,17,0.3787,34359,34359,1,1613
2350,28387,220,99,seat,0,1,6,0,6,0.9293,22906,80171,1,1613
2351,28387,77,68,seat,0,1,1,0,1,0.9435,38177,38177,1,1613
2352,28387,271,45,seat,1,1,24,0,23,0.2837,38177,118347,1,1613
2353,28387,284,86,seat,1,1,26,0,23,0.1039,34359,34359,1,1613
2354,28387,400,70,seat,1,1,21,0,19,0.0194,22906,22906,1,1613
2355,28387,273,119,seat,1,1,29,0,28,0.0248,34359,57265,1,1613
2356,28387,242,57,seat,1,1,26,0,24,0.0655,22906,22906,2,1613
2358,28387,222,97,seat,0,1,6,0,6,0.9389,41994,41994,1,1613
2365,28387,288,76,seat,1,0,17,0,15,0.1408,0,0,0,150
2366,28387,280,87,seat,1,0,34,0,29,0.0294,0,0,0,313
2367,28387,361,60,seat,0,1,35,2,30,0.2961,34359,34359,1,1613
2368,28387,353,92,seat,1,1,22,0,20,0.0000,41994,41994,2,1613
2369,28387,165,122,seat,0,1,1,0,1,1.0000,68718,68718,1,1613
2370,28387,250,96,seat,0,0,13,0,13,0.3931,0,0,0,150
2372,28387,230,99,seat,0,1,13,0,12,0.5202,19088,76353,1,1613
2373,28387,148,186,seat,0,1,2,0,2,0.9695,38177,38177,1,1613
2374,28387,279,95,seat,1,1,40,0,29,0.0000,34359,80171,1,1613
2375,28387,280,126,seat,1,1,20,0,19,0.0920,38177,38177,1,1613
2376,28387,106,57,seat,0,1,4,0,4,0.9121,30541,30541,1,1613
2378,28387,273,96,seat,1,1,31,0,27,0.0347,11453,11453,3,1613
2379,28387,344,98,seat,1,1,19,0,18,0.0000,34359,893333,1,1613
2380,28387,223,108,seat,0,1,4,0,4,0.6279,34359,49630,1,1613
2381,28387,416,53,seat,1,1,25,0,24,0.4360,34359,45812,1,1613
2382,28387,356,76,seat,1,1,16,0,16,0.3472,15271,15271,1,1613
2384,28387,222,106,seat,0,1,6,0,6,0.6739,26724,80171,1,1613
2385,28387,251,41,seat,1,0,8,0,8,0.5182,0,0,0,313
1938,28387,366,59,seat,1,1,40,4,30,0.3362,34359,34359,1,1613
2010,28387,375,69,seat,0,1,27,1,25,0.3237,30541,30541,1,1613
1925,28387,164,158,seat,0,1,19,1,17,0.3523,45812,72536,1,1613
2413,28500,313,73,land,0,0,15,0,14,0.5730,0,0,0,1500
2322,28512,367,56,seat,1,1,22,3,15,0.5679,34359,34359,1,1488
2295,28512,165,55,seat,0,1,2,2,0,1.0000,64900,114530,2,1488
470,28537,290,143,seat,0,1,12,1,8,0.4719,15271,26724,2,1463
530,28537,292,142,seat,0,1,10,1,7,0.4800,15271,53447,1,1463
632,28537,293,138,seat,0,1,8,1,5,0.5341,22906,53447,1,1463
678,28537,286,144,seat,0,1,16,6,6,0.5313,38177,38177,2,1463
2150,28537,268,136,seat,0,1,12,0,10,0.5896,34359,179430,1,1463
2286,28537,168,150,seat,0,1,14,2,10,0.5537,11453,11453,1,1463
2386,28537,293,119,seat,1,1,13,0,12,0.2677,30541,30541,1,1463
2387,28537,226,101,seat,1,1,16,0,16,0.3114,11453,80171,1,1463
2388,28537,255,40,seat,1,1,8,0,7,0.5256,45812,45812,1,1463
2389,28537,149,182,seat,0,1,4,1,3,0.6214,45812,45812,1,1463
2390,28537,409,59,seat,1,1,40,0,36,0.0524,11453,45812,1,1463
2391,28537,164,153,seat,1,1,22,1,20,0.2881,11453,11453,1,1463
2392,28537,344,75,seat,1,0,16,0,16,0.3299,0,0,0,163
2393,28537,145,126,seat,0,1,7,0,7,0.5276,87806,87806,2,1463
2394,28537,222,101,seat,0,1,10,0,10,0.3529,34359,80171,1,1463
2395,28537,281,70,seat,1,1,23,0,19,0.0000,30541,30541,1,1463
2396,28537,288,124,seat,1,1,11,0,11,0.2177,45812,45812,1,1463
2397,28537,412,60,seat,1,1,36,0,32,0.0199,34359,118347,1,1463
2398,28537,415,56,seat,1,1,33,0,30,0.2265,34359,41994,1,1463
2399,28537,289,84,seat,1,0,13,0,12,0.4211,0,99259,1,1350
2400,28537,160,153,seat,1,1,25,1,23,0.1073,7635,41994,1,1463
2401,28537,395,62,seat,1,1,33,0,30,0.0049,22906,778803,1,1463
2402,28537,398,77,seat,1,1,19,0,17,0.0175,19088,61083,1,1463
2403,28537,231,102,seat,1,1,16,0,15,0.3179,19088,72536,1,1463
2404,28537,410,53,seat,1,0,30,0,27,0.2709,0,0,0,163
2405,28537,273,91,seat,1,1,30,0,26,0.0743,15271,80171,1,1463
2406,28537,365,61,seat,1,0,45,1,37,0.1511,0,0,0,163
2407,28537,224,101,seat,0,1,14,0,14,0.3469,30541,30541,1,1463
2408,28537,412,57,seat,1,1,37,0,33,0.0805,34359,34359,1,1463
2409,28537,363,69,seat,1,1,29,0,27,0.2609,11453,103077,1,1463
2410,28537,119,73,seat,0,1,13,0,11,0.2539,61083,61083,2,1463
2411,28537,387,68,seat,1,1,42,0,41,0.0049,34359,34359,1,1463
2412,28537,294,104,seat,1,1,16,0,15,0.0704,38177,38177,1,1463
2415,28537,406,53,seat,1,0,29,0,25,0.1793,0,0,0,300
2416,28537,382,73,seat,0,1,25,0,25,0.3518,34359,76353,1,1463
2417,28537,288,76,seat,1,0,18,0,16,0.2183,0,0,0,300
2418,28537,354,79,seat,1,1,26,0,24,0.2646,34359,893333,1,1463
2419,28537,272,130,seat,1,1,29,0,29,0.1617,34359,34359,1,1463
2420,28537,250,96,seat,0,0,13,0,13,0.3642,0,0,0,600
2421,28537,340,67,seat,1,0,17,0,17,0.5305,0,0,0,300
2422,28537,381,104,seat,0,1,4,0,4,0.6027,19088,893333,1,1463
2423,28537,232,100,seat,1,1,16,0,15,0.3295,53447,76353,1,1463
2424,28537,299,32,seat,1,0,3,0,3,0.8523,0,0,0,300
2425,28537,240,72,seat,1,1,14,0,13,0.2778,22906,22906,1,1463
2005,28537,280,128,seat,1,1,23,0,23,0.1152,22906,22906,1,1463
2426,28687,405,50,seat,0,0,15,0,14,0.4082,0,0,0,150
2427,28687,275,73,seat,1,0,17,0,15,0.0000,0,0,0,600
2428,28687,282,91,seat,1,0,36,0,27,0.0060,0,0,0,213
2430,28687,106,59,seat,0,1,6,0,6,0.9149,34359,34359,1,1313
2431,28687,233,103,seat,1,1,18,0,17,0.2139,30541,72536,1,1313
2432,28687,218,100,seat,0,1,7,0,7,0.2647,19088,80171,1,1313
2433,28687,277,71,seat,1,0,20,0,17,0.0000,0,0,0,213
2434,28687,276,97,seat,1,0,34,0,27,0.0173,0,0,0,213
2435,28687,96,55,seat,0,1,2,0,2,0.9919,22906,22906,1,1313
2436,28687,253,53,seat,1,0,35,0,31,0.0000,0,0,0,450
2437,28687,273,73,seat,1,0,19,0,16,0.0390,0,0,0,450
2438,28687,228,104,seat,1,1,15,0,14,0.3333,19088,61083,1,1313
2439,28687,288,83,seat,1,0,14,0,13,0.3553,0,0,0,150
2440,28687,164,154,seat,1,0,24,1,22,0.2938,0,0,0,450
2441,28687,393,63,seat,1,1,34,0,29,0.0049,26724,26724,1,1313
2445,28687,286,142,seat,1,1,20,4,9,0.3929,34359,34359,1,1313
2446,28687,110,70,seat,1,0,11,0,11,0.3659,0,0,0,450
2447,28687,231,105,seat,1,1,16,0,15,0.3237,26724,26724,1,1313
2448,28687,141,184,seat,0,1,4,1,3,0.6967,26724,26724,1,1313
1826,28687,417,55,seat,0,1,27,0,26,0.3391,15271,167977,1,1313
2451,28700,258,62,land,0,0,19,0,17,0.0504,0,0,0,1300
2364,28800,171,123,seat,0,1,1,0,1,0.8594,26724,26724,1,1200
2467,28800,272,53,land,0,0,23,0,22,0.2540,0,0,0,1200
2468,28800,272,85,land,0,0,23,1,19,0.2686,0,0,0,1200
1542,28837,278,149,seat,0,1,16,12,4,0.8457,26724,26724,1,1163
2109,28837,270,139,seat,0,1,10,0,10,0.6705,19088,179430,1,1163
2120,28837,270,137,seat,0,1,12,0,12,0.5896,30541,30541,1,1163
2287,28837,375,56,seat,0,1,28,2,24,0.4115,19088,129800,1,1163
2309,28837,167,152,seat,0,1,17,0,17,0.3898,11453,72536,1,1163
2315,28837,157,142,seat,0,1,2,0,2,0.9249,64900,64900,1,1163
2449,28837,277,114,seat,1,1,29,0,28,0.0000,22906,164159,1,1163
2450,28837,261,100,seat,1,1,25,0,23,0.1098,30541,30541,1,1163
2452,28837,387,80,seat,1,1,16,0,16,0.3476,19088,19088,1,1163
2453,28837,236,56,seat,1,1,15,0,14,0.0351,26724,99259,1,1163
2455,28837,245,71,seat,1,0,19,0,17,0.0862,0,0,0,113
2456,28837,118,66,seat,1,0,18,0,17,0.3395,0,0,0,163
2457,28837,228,102,seat,1,1,17,0,16,0.3757,26724,26724,1,1163
2458,28837,256,46,seat,1,0,21,0,19,0.0336,0,0,0,300
2459,28837,346,85,seat,1,1,25,0,22,0.1921,91624,91624,1,1163
2460,28837,374,61,seat,1,0,43,3,36,0.1244,0,0,0,363
2461,28837,272,86,seat,1,0,24,1,21,0.2727,0,0,0,300
2462,28837,151,157,seat,0,1,13,0,12,0.5353,38177,38177,2,1163
2463,28837,276,121,seat,1,1,28,0,27,0.0186,34359,99259,1,1163
2464,28837,162,147,seat,1,1,15,0,15,0.4743,61083,61083,1,1163
2465,28837,289,76,seat,1,0,18,0,15,0.1776,0,0,0,300
2466,28837,263,136,seat,0,1,11,0,11,0.5750,19088,19088,1,1163
2472,28837,288,76,seat,1,0,18,0,15,0.1690,0,0,0,750
2473,28837,368,44,seat,0,1,7,2,4,0.8485,11453,11453,1,1163
2474,28837,408,59,seat,1,1,36,1,31,0.0261,34359,45812,1,1163
2475,28837,334,81,seat,1,0,10,0,10,0.3955,0,0,0,300
2476,28837,340,67,seat,1,0,17,0,16,0.5305,0,0,0,300
2477,28837,244,57,seat,1,1,30,0,27,0.0391,38177,38177,1,1163
2478,28837,108,68,seat,1,1,13,0,12,0.4929,34359,34359,1,1163
2479,28837,233,106,seat,1,1,18,0,17,0.2814,34359,34359,2,1163
2480,28837,153,174,seat,0,1,8,0,8,0.7315,57265,57265,2,1163
2481,28837,299,32,seat,1,0,3,0,2,0.6705,0,0,0,450
2482,28837,151,161,seat,0,1,17,0,17,0.3693,38177,38177,1,1163
2030,28837,287,139,seat,0,1,18,0,14,0.0839,41994,49630,2,1163
1400,28837,264,52,seat,0,1,31,0,29,0.1043,34359,34359,1,1163
2144,28837,260,132,seat,0,1,14,0,14,0.2683,22906,22906,1,1163
2501,28900,304,70,land,0,0,16,0,14,0.1783,0,0,0,1100
2502,28900,265,106,land,0,0,29,0,27,0.0533,0,0,0,1100
2483,28987,405,50,seat,0,0,16,1,14,0.3446,0,0,0,150
2484,28987,366,44,seat,0,1,6,2,3,0.8620,30541,30541,1,1013
2487,28987,153,172,seat,0,1,11,0,10,0.5879,7635,7635,1,1013
2488,28987,285,113,seat,1,1,28,0,28,0.0368,41994,41994,1,1013
2489,28987,411,47,seat,0,1,13,1,12,0.5950,19088,19088,1,1013
2490,28987,266,121,seat,1,1,30,0,28,0.0000,34359,34359,1,1013
2491,28987,111,70,seat,1,1,17,0,15,0.2537,26724,26724,1,1013
2492,28987,373,43,seat,1,1,7,2,4,0.8492,26724,26724,1,1013
2493,28987,152,170,seat,1,1,13,0,12,0.5000,26724,26724,1,1013
2494,28987,411,141,seat,0,1,0,0,0,1.0000,22906,568831,1,1013
2496,28987,117,69,seat,1,1,20,0,18,0.1353,38177,38177,1,1013
2500,28987,151,172,seat,0,1,13,0,12,0.5856,11453,11453,1,1013
2503,28987,277,112,seat,1,1,31,0,29,0.0000,34359,34359,2,1013
2505,28987,149,173,seat,0,1,12,0,11,0.6133,30541,30541,1,1013
2506,28987,79,72,seat,0,1,2,0,2,0.8899,30541,106895,1,1013
2508,28987,282,107,seat,1,1,30,0,29,0.0000,34359,423760,1,1013
2509,28987,150,170,seat,1,1,14,0,13,0.5187,26724,26724,1,1013
2510,28987,257,118,seat,1,0,29,0,28,0.0000,0,0,0,313
2511,28987,360,64,seat,1,1,44,0,42,0.0724,34359,103077,1,1013
2513,28987,76,54,seat,0,1,5,1,3,0.8235,22906,57265,1,1013
2514,28987,291,139,seat,0,1,12,0,9,0.0935,15271,53447,1,1013
2515,28987,155,172,seat,0,1,12,0,11,0.5625,49630,83989,1,1013
2516,28987,140,182,seat,0,1,4,0,4,0.7414,22906,22906,1,1013
2521,29000,284,52,land,0,0,16,0,13,0.5344,0,0,0,1000
2522,29000,289,81,land,0,0,12,0,12,0.3896,0,0,0,1000
2558,29100,299,70,land,0,0,25,0,20,0.1053,0,0,0,900
2079,29137,266,35,seat,0,1,6,0,6,0.7956,80171,118347,1,863
2255,29137,363,57,seat,0,1,25,0,22,0.4644,34359,45812,1,863
2442,29137,69,49,seat,0,1,2,0,2,0.9191,22906,22906,1,863
2497,29137,370,42,seat,0,1,6,1,5,0.8317,19088,19088,1,863
2518,29137,398,62,seat,1,1,33,0,32,0.0250,34359,72536,1,863
2519,29137,389,80,seat,1,0,22,0,22,0.1765,0,0,0,163
2520,29137,151,168,seat,1,0,20,0,19,0.2021,0,0,0,163
2523,29137,118,66,seat,1,0,19,0,18,0.3860,0,0,0,163
2524,29137,240,99,seat,1,0,19,0,18,0.2543,0,0,0,163
2525,29137,392,84,seat,1,1,19,0,19,0.0848,34359,190883,1,863
2527,29137,139,129,seat,1,1,7,0,6,0.4295,30541,80171,1,863
2528,29137,157,168,seat,0,1,19,0,18,0.0959,15271,49630,1,863
2529,29137,290,71,seat,1,1,29,0,25,0.0235,26724,26724,1,863
2530,29137,260,51,seat,1,0,35,0,33,0.0385,0,0,0,163
2531,29137,410,53,seat,1,1,31,0,28,0.2390,38177,38177,1,863
2532,29137,110,75,seat,1,1,5,0,5,0.8182,175612,175612,1,863
2533,29137,155,161,seat,1,0,24,0,24,0.1475,0,0,0,163
2534,29137,391,69,seat,1,1,41,0,39,0.0000,34359,34359,1,863
2535,29137,409,73,seat,1,0,11,3,8,0.2727,0,0,0,600
2536,29137,270,61,seat,1,1,23,0,17,0.0714,34359,34359,1,863
2537,29137,395,81,seat,1,0,24,0,23,0.0065,0,0,0,163
2538,29137,240,55,seat,1,0,20,0,18,0.0140,0,0,0,163
2539,29137,110,62,seat,0,0,14,0,14,0.5740,0,0,0,300
2540,29137,148,171,seat,1,1,16,0,15,0.2833,26724,26724,1,863
2541,29137,254,51,seat,1,1,33,1,29,0.0279,26724,156524,1,863
2542,29137,397,60,seat,1,0,35,0,33,0.0352,0,0,0,163
2543,29137,102,56,seat,0,1,6,0,6,0.7778,34359,34359,1,863
2544,29137,149,178,seat,0,1,10,1,8,0.4125,19088,19088,1,863
2545,29137,253,53,seat,1,1,35,0,33,0.0205,34359,38177,1,863
2546,29137,406,53,seat,1,0,30,0,27,0.1514,0,0,0,300
2547,29137,389,51,seat,0,1,14,0,14,0.5709,30541,30541,1,863
2548,29137,272,78,seat,1,0,15,0,12,0.0206,0,0,0,363
2549,29137,370,44,seat,0,0,7,1,6,0.8148,0,0,0,300
2550,29137,76,56,seat,0,0,4,0,4,0.7184,0,0,0,363
2551,29137,169,148,seat,1,1,13,1,11,0.5371,34359,61083,1,863
2552,29137,362,69,seat,1,1,29,0,27,0.2126,34359,49630,1,863
2553,29137,373,97,seat,1,1,5,0,5,0.1630,30541,30541,1,863
2554,29137,289,76,seat,1,0,19,0,18,0.1645,0,0,0,300
2555,29137,160,171,seat,0,1,11,0,10,0.1348,22906,22906,1,863
2556,29137,288,75,seat,1,1,16,0,15,0.1156,38177,38177,1,863
2557,29137,256,46,seat,1,1,22,1,19,0.0268,7635,164159,1,863
2559,29137,405,50,seat,1,0,16,0,16,0.3745,0,0,0,300
2560,29137,385,60,seat,1,0,43,0,42,0.0644,0,0,0,363
2561,29137,272,86,seat,0,0,26,0,23,0.1932,0,0,0,300
2562,29137,275,88,seat,1,0,32,0,27,0.0678,0,0,0,463
2563,29137,237,105,seat,0,0,24,0,23,0.1618,0,0,0,363
2564,29137,340,67,seat,1,0,18,0,17,0.5305,0,0,0,300
263,29137,277,143,seat,0,1,20,3,16,0.4220,26724,26724,1,863
862,29137,283,142,seat,0,1,22,4,15,0.2313,34359,34359,2,863
2583,29200,280,53,land,0,0,15,0,12,0.5021,0,0,0,800
2565,29287,387,65,seat,1,1,49,0,46,0.0000,34359,34359,1,713
2566,29287,272,87,seat,0,1,26,0,24,0.0960,7635,423760,0,713
2567,29287,269,116,seat,1,1,34,0,34,0.0000,34359,34359,1,713
2569,29287,85,62,seat,0,1,2,0,2,0.8700,22906,22906,1,713
2570,29287,146,189,seat,0,1,3,1,2,0.7615,45812,45812,1,713
2571,29287,258,130,seat,1,1,15,0,14,0.0396,34359,34359,1,713
2572,29287,283,98,seat,1,0,31,0,22,0.0058,0,0,0,213
2573,29287,147,173,seat,0,1,16,0,15,0.2890,30541,30541,1,713
2574,29287,393,60,seat,1,1,39,0,34,0.0043,34359,57265,1,713
2576,29287,285,89,seat,1,1,25,0,18,0.0629,34359,34359,1,713
2577,29287,113,71,seat,1,1,21,0,19,0.2139,30541,30541,1,713
2578,29287,341,72,seat,0,1,19,3,15,0.3632,30541,30541,1,713
2579,29287,267,99,seat,1,1,24,0,22,0.0405,38177,38177,1,713
2580,29287,389,54,seat,0,1,24,0,24,0.3279,34359,778803,1,713
2581,29287,360,78,seat,1,1,19,0,18,0.2984,34359,34359,1,713
2582,29287,276,149,seat,0,1,13,7,6,0.7657,22906,22906,1,713
2584,29287,386,56,seat,1,1,33,0,31,0.2140,34359,83989,1,713
2585,29287,164,154,seat,1,1,30,0,28,0.0452,15271,19088,1,713
2586,29287,289,139,seat,1,0,17,0,15,0.0526,0,0,0,213
2589,29287,382,57,seat,0,1,37,0,34,0.2176,34359,34359,1,713
2590,29287,273,89,seat,0,1,30,0,28,0.0452,30541,30541,1,713
2591,29287,110,50,seat,0,1,3,0,2,0.7603,30541,30541,1,713
2592,29287,269,134,seat,1,0,21,0,21,0.2601,0,0,0,450
2593,29287,261,123,seat,1,1,32,0,30,0.0000,22906,22906,1,713
2594,29287,119,65,seat,1,1,24,0,22,0.1131,22906,22906,1,713
2635,29400,248,42,land,0,0,11,0,10,0.4018,0,0,0,600
2636,29400,332,70,land,0,0,9,0,9,0.6341,0,0,0,600
2238,29437,279,147,seat,0,0,22,10,11,0.5838,0,0,0,150
2443,29437,174,146,seat,0,1,6,0,6,0.8035,106895,106895,1,563
2469,29437,364,42,seat,0,1,5,0,5,0.8544,34359,34359,1,563
2613,29437,173,158,seat,0,1,5,0,5,0.3737,76353,133618,2,563
2600,29437,274,86,seat,1,1,30,0,27,0.0113,22906,22906,1,563
2601,29437,114,79,seat,0,1,2,0,2,0.5738,38177,125983,1,563
2602,29437,124,62,seat,0,1,15,1,13,0.4215,34359,34359,1,563
2604,29437,258,63,seat,1,1,16,0,16,0.0157,26724,26724,1,563
2605,29437,166,157,seat,1,1,26,0,24,0.1073,15271,15271,1,563
2606,29437,126,78,seat,0,1,2,0,2,0.5877,41994,125983,1,563
2607,29437,270,39,seat,1,1,19,0,17,0.4661,30541,125983,1,563
2608,29437,275,109,seat,1,0,32,0,32,0.0000,0,0,0,163
2609,29437,123,64,seat,1,1,20,1,17,0.2941,22906,22906,1,563
2610,29437,288,72,seat,1,1,24,0,23,0.0380,22906,22906,1,563
2611,29437,82,62,seat,0,1,4,0,4,0.8104,30541,30541,1,563
2612,29437,260,41,seat,1,1,20,0,19,0.4208,34359,34359,1,563
2614,29437,125,70,seat,1,1,16,1,13,0.4341,11453,11453,1,563
2615,29437,165,163,seat,1,1,16,0,16,0.0640,41994,41994,1,563
2617,29437,124,69,seat,1,1,19,1,16,0.3768,19088,53447,1,563
2619,29437,167,153,seat,1,1,24,0,23,0.1864,30541,38177,1,563
2620,29437,125,75,seat,0,1,12,1,9,0.5000,26724,80171,1,563
2621,29437,123,60,seat,0,0,10,1,9,0.4807,0,0,0,300
2622,29437,250,55,seat,1,1,38,0,34,0.0197,34359,76353,1,563
2623,29437,166,155,seat,1,1,27,0,25,0.1117,38177,38177,1,563
2624,29437,143,178,seat,1,1,8,0,8,0.3830,19088,19088,1,563
2626,29437,406,53,seat,1,0,31,0,29,0.0876,0,0,0,300
2627,29437,272,86,seat,1,1,27,0,25,0.0966,30541,30541,1,563
2628,29437,370,44,seat,0,0,7,0,7,0.8047,0,0,0,300
2629,29437,333,81,seat,1,0,8,0,6,0.4343,0,0,0,300
2630,29437,340,67,seat,1,0,18,1,16,0.4836,0,0,0,300
2631,29437,130,63,seat,0,1,8,1,7,0.7534,175612,175612,3,563
2632,29437,290,76,seat,1,0,20,0,20,0.1250,0,0,0,300
2633,29437,168,159,seat,0,1,18,0,17,0.1361,34359,34359,1,563
2634,29437,337,89,seat,1,0,9,0,9,0.4016,0,0,1,363
2637,29437,228,63,seat,0,0,6,0,6,0.0441,0,0,1,563
2638,29437,405,50,seat,1,0,17,0,17,0.2996,0,0,0,363
2639,29437,263,123,seat,1,1,31,0,31,0.0000,34359,34359,1,563
2640,29437,276,85,seat,1,1,31,0,27,0.0000,34359,423760,1,563
2641,29437,285,110,seat,1,1,29,0,29,0.0242,38177,38177,1,563
2642,29437,329,70,seat,0,1,5,0,5,0.7073,22906,22906,1,563
2644,29437,126,68,seat,1,1,17,1,14,0.4502,38177,38177,1,563
2645,29437,298,78,seat,1,0,11,0,10,0.4070,0,0,0,300
2646,29437,229,63,seat,1,1,7,0,7,0.0519,76353,76353,1,563
2647,29437,170,151,seat,0,1,15,0,15,0.3988,26724,26724,1,563
2648,29437,267,77,seat,1,0,11,0,8,0.1905,0,0,0,363
1955,29437,287,139,seat,0,1,20,0,16,0.0710,19088,19088,1,563
2290,29437,170,150,seat,1,1,15,0,15,0.4343,3818,3818,1,563
2671,29500,245,59,land,0,0,31,0,27,0.0398,0,0,0,500
2672,29500,226,103,land,0,1,19,0,18,0.3648,41994,61083,1,500
2649,29587,414,50,seat,1,1,22,0,22,0.4580,30541,68718,1,413
2650,29587,277,71,seat,1,1,19,0,16,0.0000,19088,19088,1,413
2651,29587,271,91,seat,1,1,27,0,25,0.1257,34359,57265,1,413
2652,29587,278,105,seat,1,1,30,0,27,0.0000,34359,34359,1,413
2653,29587,385,76,seat,1,1,24,0,24,0.3005,30541,30541,1,413
2654,29587,134,62,seat,0,1,9,2,6,0.7682,45812,45812,2,413
2655,29587,109,60,seat,0,1,12,0,11,0.6524,30541,30541,1,413
2656,29587,228,68,seat,1,1,9,0,9,0.1375,26724,26724,1,413
2658,29587,171,160,seat,0,1,7,0,6,0.2685,26724,26724,1,413
2659,29587,284,79,seat,1,1,16,0,15,0.1240,22906,22906,1,413
2660,29587,279,109,seat,1,1,31,0,30,0.0000,34359,34359,1,413
2661,29587,158,167,seat,1,1,23,0,20,0.0270,34359,49630,1,413
2662,29587,243,108,seat,0,0,19,0,17,0.0647,0,0,0,150
2663,29587,131,61,seat,0,1,14,4,9,0.6933,22906,22906,1,413
2664,29587,293,140,seat,1,1,10,0,9,0.0375,30541,30541,1,413
2665,29587,229,66,seat,1,0,9,0,9,0.1444,0,0,0,213
2666,29587,165,145,seat,1,1,12,0,12,0.3584,30541,30541,1,413
2667,29587,121,65,seat,1,1,29,0,26,0.2986,26724,26724,1,413
2668,29587,230,69,seat,1,1,12,0,11,0.1250,22906,22906,1,413
2669,29587,148,179,seat,1,1,12,1,10,0.3500,34359,34359,1,413
2670,29587,251,53,seat,1,0,31,0,28,0.0000,0,38177,0,313
2674,29587,252,113,seat,1,0,20,0,20,0.0000,0,0,0,213
2675,29587,351,91,seat,1,1,28,0,23,0.0000,26724,26724,1,413
2676,29587,391,64,seat,1,1,45,0,42,0.0000,34359,34359,1,413
2677,29587,123,66,seat,1,1,25,0,22,0.2605,34359,53447,1,413
2678,29587,232,69,seat,1,1,14,0,14,0.1074,34359,34359,1,413
2679,29587,286,101,seat,1,1,29,0,24,0.0118,64900,64900,1,413
2680,29587,276,83,seat,1,0,30,0,26,0.0000,0,0,0,213
2681,29587,408,63,seat,1,0,32,0,28,0.0056,0,0,0,213
2683,29587,129,59,seat,0,1,13,4,8,0.7532,26724,26724,1,413
2684,29587,234,63,seat,1,1,14,0,14,0.0909,34359,34359,1,413
2685,29587,282,98,seat,1,0,32,0,26,0.0000,0,0,0,213
2687,29587,279,147,seat,0,1,22,9,12,0.4798,34359,34359,1,413
2688,29587,245,71,seat,1,0,19,0,16,0.0690,0,0,0,213
2693,29600,248,38,land,0,0,8,0,7,0.5691,0,0,0,400
2694,29600,333,89,land,0,0,8,0,7,0.2921,0,0,0,400
2730,29700,221,104,land,0,0,13,0,13,0.2128,0,0,0,300
1962,29737,142,125,seat,0,1,9,0,7,0.2360,11453,11453,1,263
2689,29737,287,89,seat,1,1,20,0,17,0.2101,15271,15271,2,263
2377,29737,285,149,seat,0,1,17,11,6,0.5981,34359,34359,2,263
2706,29737,131,72,seat,0,1,9,0,9,0.3924,122165,122165,2,263
2691,29737,155,168,seat,1,1,24,0,21,0.0427,34359,83989,1,263
2695,29737,282,91,seat,1,0,37,0,28,0.0000,0,0,0,163
2696,29737,156,164,seat,1,0,27,0,24,0.0275,0,26724,1,163
2697,29737,173,124,seat,0,1,1,0,1,0.8678,30541,30541,1,263
2698,29737,160,151,seat,1,1,26,0,25,0.1921,34359,41994,1,263
2701,29737,379,99,seat,1,1,9,0,7,0.2891,45812,45812,1,263
2702,29737,292,114,seat,0,1,19,0,18,0.0688,41994,41994,1,263
2703,29737,276,97,seat,1,0,33,0,29,0.0000,0,57265,0,163
2704,29737,239,99,seat,1,1,18,0,15,0.2486,34359,34359,1,263
2707,29737,289,139,seat,1,1,18,0,16,0.0451,34359,183248,1,263
2708,29737,108,62,seat,0,0,13,0,12,0.6054,0,19088,0,163
2709,29737,231,103,seat,1,0,19,0,16,0.2890,0,26724,0,163
2710,29737,261,134,seat,1,1,12,0,12,0.2681,34359,34359,1,263
2711,29737,126,73,seat,1,1,14,0,11,0.3000,53447,80171,1,263
2712,29737,406,53,seat,1,1,31,0,29,0.0837,30541,30541,1,263
2713,29737,272,78,seat,1,1,16,0,12,0.0000,26724,26724,1,263
2714,29737,275,99,seat,1,1,29,0,26,0.0000,34359,34359,1,263
2715,29737,160,155,seat,1,1,33,0,32,0.0452,26724,26724,1,263
2716,29737,352,87,seat,1,1,32,0,27,0.0000,34359,34359,1,263
2717,29737,370,44,seat,1,1,7,0,7,0.7677,34359,34359,0,263
2718,29737,250,96,seat,1,1,13,0,12,0.3468,38177,38177,0,263
2719,29737,76,56,seat,1,1,5,0,4,0.7011,49630,49630,1,263
2720,29737,340,67,seat,1,1,18,1,17,0.5211,22906,22906,0,263
2721,29737,248,79,seat,1,1,14,0,13,0.4032,57265,57265,1,263
2723,29737,283,138,seat,1,1,24,0,22,0.0636,34359,34359,1,263
2724,29737,290,76,seat,1,1,19,0,18,0.2000,30541,30541,0,263
2725,29737,123,71,seat,1,1,23,0,19,0.2289,34359,34359,1,263
2726,29737,250,106,seat,1,1,25,0,22,0.0120,30541,30541,1,263
2728,29737,258,79,seat,1,1,9,0,9,0.4962,38177,38177,0,263
2729,29737,132,63,seat,0,1,13,2,10,0.6318,34359,34359,1,263
2731,29737,372,57,seat,1,1,31,0,27,0.2887,34359,34359,1,263
2732,29737,344,66,seat,1,1,24,2,22,0.4605,34359,34359,1,263
2288,29737,365,54,seat,1,1,14,0,14,0.6640,26724,26724,1,263
2745,29800,251,38,land,0,0,10,0,9,0.4935,0,0,0,200
2746,29800,335,86,land,0,0,10,1,9,0.6074,0,0,0,200
2733,29887,371,64,seat,1,1,43,0,39,0.0905,34359,34359,1,113
2734,29887,248,104,seat,0,1,25,0,21,0.0173,34359,34359,1,113
2735,29887,387,78,seat,1,1,25,0,23,0.2199,34359,34359,1,113
2736,29887,130,66,seat,0,1,18,0,15,0.2796,30541,30541,1,113
2738,29887,157,124,seat,0,1,7,1,6,0.5886,11453,11453,1,113
2739,29887,375,56,seat,1,1,28,0,27,0.3128,34359,34359,1,113
2740,29887,173,148,seat,1,1,9,0,9,0.4035,34359,34359,1,113
2741,29887,279,143,seat,1,1,27,1,23,0.1329,34359,34359,1,113
2742,29887,153,123,seat,0,1,6,1,5,0.6312,72536,72536,1,113
2743,29887,136,125,seat,1,1,6,0,6,0.4720,26724,26724,1,113
2744,29887,97,58,seat,0,1,6,0,6,0.7975,30541,30541,1,113
2747,29887,155,125,seat,0,1,7,1,6,0.6038,30541,30541,1,113
2748,29887,241,50,seat,1,1,16,0,14,0.0484,7635,7635,1,113
2750,29887,157,126,seat,0,1,7,1,6,0.6149,41994,41994,1,113
2751,29887,260,113,seat,1,1,29,0,29,0.0000,34359,34359,1,113
2752,29887,163,165,seat,0,1,18,0,17,0.1250,15271,15271,1,113
2753,29887,140,188,seat,0,1,4,0,4,0.5960,19088,19088,1,113
2754,29887,409,47,seat,0,1,13,1,12,0.5374,34359,34359,1,113
2755,29887,159,126,seat,0,1,7,1,6,0.6312,19088,19088,1,113
2756,29887,255,116,seat,1,1,27,0,26,0.0000,34359,34359,1,113
2757,29887,118,75,seat,1,1,14,0,13,0.1941,34359,34359,1,113
2759,29887,151,174,seat,1,1,17,0,16,0.2096,38177,38177,1,113
1258,29887,261,49,seat,0,1,33,0,29,0.0205,34359,34359,1,113
2766,29900,224,103,land,0,0,18,0,18,0.2878,0,0,0,100
